{"0": 998.3068525791168, "1": 0.43726402521133423, "2": 0.00028079748153686523, "3": 0.08826199173927307, "4": 0.010431289672851562, "5": 0.004299551248550415, "6": 0.0036115050315856934, "7": 0.003158852458000183, "8": 0.0027706921100616455, "9": 0.0024522989988327026, "10": 0.00216028094291687, "11": 0.001915961503982544, "12": 0.0017119646072387695, "13": 0.0014630407094955444, "14": 0.0012975186109542847, "15": 0.0012381970882415771, "16": 0.0011767596006393433, "17": 0.0011307001113891602, "18": 0.0010863840579986572, "19": 0.0010408908128738403, "20": 0.000998571515083313, "21": 0.0009557679295539856, "22": 0.0009225457906723022, "23": 0.000887654721736908, "24": 0.0008574724197387695, "25": 0.0008289217948913574, "26": 0.000799126923084259, "27": 0.0007824450731277466, "28": 0.0007586032152175903, "29": 0.0007396340370178223, "30": 0.0007148757576942444, "31": 0.000701412558555603, "32": 0.000684104859828949, "33": 0.0006679445505142212, "34": 0.0006507933139801025, "35": 0.0006343051791191101, "36": 0.0006196051836013794, "37": 0.0006043165922164917, "38": 0.0005886256694793701, "39": 0.0005777180194854736, "40": 0.0005676150321960449, "41": 0.0005546212196350098, "42": 0.0005455166101455688, "43": 0.0005329698324203491, "44": 0.0005222633481025696, "45": 0.0005125254392623901, "46": 0.0005035847425460815, "47": 0.0004918277263641357, "48": 0.00048176199197769165, "49": 0.0004755258560180664, "50": 0.0004665255546569824, "51": 0.000458545982837677, "52": 0.0004494711756706238, "53": 0.00044260174036026, "54": 0.00043236464262008667, "55": 0.00042553991079330444, "56": 0.00041756778955459595, "57": 0.00040796399116516113, "58": 0.00040165334939956665, "59": 0.0003926604986190796, "60": 0.00038457661867141724, "61": 0.000379711389541626, "62": 0.0003731474280357361, "63": 0.0003684684634208679, "64": 0.0003640800714492798, "65": 0.0003598406910896301, "66": 0.0003546476364135742, "67": 0.00035056471824645996, "68": 0.00034690648317337036, "69": 0.00034312903881073, "70": 0.0003391057252883911, "71": 0.0003340616822242737, "72": 0.00033298879861831665, "73": 0.00033415108919143677, "74": 0.00033286213874816895, "75": 0.0003313794732093811, "76": 0.0003316923975944519, "77": 0.0003323182463645935, "78": 0.0003320649266242981, "79": 0.00033099204301834106, "80": 0.00033248215913772583, "81": 0.00033564120531082153, "82": 0.00034111738204956055, "83": 0.00034502893686294556, "84": 0.00035221874713897705, "85": 0.0003646761178970337, "86": 0.00037597864866256714, "87": 0.00040127336978912354, "88": 0.0004632994532585144, "89": 0.0005224868655204773, "90": 0.0005574747920036316, "91": 0.0006129816174507141, "92": 0.00068645179271698, "93": 0.0004197657108306885, "94": 0.0004710182547569275, "95": 0.0004980266094207764, "96": 0.0005344226956367493, "97": 0.0005105584859848022, "98": 0.0005534663796424866, "99": 0.0004811286926269531, "100": 0.0004932805895805359, "101": 0.0004283785820007324, "102": 0.0004547238349914551, "103": 0.00046575814485549927, "104": 0.00041916966438293457, "105": 0.0003634318709373474, "106": 0.0003811866044998169, "107": 0.00031722337007522583, "108": 0.0004041716456413269, "109": 0.00031842291355133057, "110": 0.0003926381468772888, "111": 0.0003186240792274475, "112": 0.00037961453199386597, "113": 0.00033996254205703735, "114": 0.0003713741898536682, "115": 0.00034433603286743164, "116": 0.0003271028399467468, "117": 0.00029781460762023926, "118": 0.0002900436520576477, "119": 0.00028219074010849, "120": 0.0002886652946472168, "121": 0.00028473883867263794, "122": 0.00031041353940963745, "123": 0.0003119558095932007, "124": 0.000311240553855896, "125": 0.00027908384799957275, "126": 0.0003383755683898926, "127": 0.0003140270709991455, "128": 0.0003275573253631592, "129": 0.0002980530261993408, "130": 0.00030056387186050415, "131": 0.0003003999590873718, "132": 0.00028634071350097656, "133": 0.0002734437584877014, "134": 0.0003010481595993042, "135": 0.00032208114862442017, "136": 0.00030650198459625244, "137": 0.00028452277183532715, "138": 0.0002909749746322632, "139": 0.0002814158797264099, "140": 0.0002756640315055847, "141": 0.00023032724857330322, "142": 0.0002384483814239502, "143": 0.00027283281087875366, "144": 0.00025100260972976685, "145": 0.0002244412899017334, "146": 0.00023593753576278687, "147": 0.00025647878646850586, "148": 0.00024940818548202515, "149": 0.00021351128816604614, "150": 0.00025975704193115234, "151": 0.00025872886180877686, "152": 0.00022342056035995483, "153": 0.00019871443510055542, "154": 0.00026372820138931274, "155": 0.00026614218950271606, "156": 0.00023401528596878052, "157": 0.0001947656273841858, "158": 0.00026560574769973755, "159": 0.0002714022994041443, "160": 0.00027142465114593506, "161": 0.0002431124448776245, "162": 0.0002420470118522644, "163": 0.00022951513528823853, "164": 0.00021858513355255127, "165": 0.000235728919506073, "166": 0.00023137032985687256, "167": 0.0002280399203300476, "168": 0.00017543882131576538, "169": 0.00018009543418884277, "170": 0.00018946826457977295, "171": 0.00019606202840805054, "172": 0.00019682198762893677, "173": 0.00019259750843048096, "174": 0.00019279122352600098, "175": 0.00016739964485168457, "176": 0.00015719980001449585, "177": 0.00018981844186782837, "178": 0.00019294768571853638, "179": 0.00019674748182296753, "180": 0.00017755478620529175, "181": 0.0001548677682876587, "182": 0.0002254396677017212, "183": 0.00015199929475784302, "184": 0.00014832615852355957, "185": 0.00018267333507537842, "186": 0.00023471564054489136, "187": 0.0001939535140991211, "188": 0.00015623122453689575, "189": 0.00014451518654823303, "190": 0.0001551024615764618, "191": 0.00013764575123786926, "192": 0.0001268349587917328, "193": 0.00016977638006210327, "194": 0.0001321658492088318, "195": 0.00020570307970046997, "196": 0.0001686885952949524, "197": 0.00013380125164985657, "198": 0.000200759619474411, "199": 0.00018093734979629517, "200": 0.0001256018877029419, "201": 0.00011236220598220825, "202": 0.00012347474694252014, "203": 9.569898247718811e-05, "204": 9.689107537269592e-05, "205": 0.00011868402361869812, "206": 0.00015985965728759766, "207": 0.00010544061660766602, "208": 0.00015477463603019714, "209": 0.00010407343506813049, "210": 0.00010374188423156738, "211": 0.00010521337389945984, "212": 0.00010064616799354553, "213": 0.0001226365566253662, "214": 0.00010810792446136475, "215": 0.0001364387571811676, "216": 0.00010612607002258301, "217": 0.00012837350368499756, "218": 0.00010877475142478943, "219": 0.00011511147022247314, "220": 9.195879101753235e-05, "221": 9.075179696083069e-05, "222": 0.00010512396693229675, "223": 7.665902376174927e-05, "224": 7.567182183265686e-05, "225": 7.51689076423645e-05, "226": 7.412582635879517e-05, "227": 7.13244080543518e-05, "228": 6.426125764846802e-05, "229": 6.458163261413574e-05, "230": 6.27562403678894e-05, "231": 6.011873483657837e-05, "232": 9.960681200027466e-05, "233": 5.32492995262146e-05, "234": 5.5558979511260986e-05, "235": 7.617101073265076e-05, "236": 6.589293479919434e-05, "237": 6.661191582679749e-05, "238": 6.745383143424988e-05, "239": 6.708875298500061e-05, "240": 6.356090307235718e-05, "241": 6.207823753356934e-05, "242": 5.987286567687988e-05, "243": 6.848946213722229e-05, "244": 6.942451000213623e-05, "245": 6.189942359924316e-05, "246": 7.269158959388733e-05, "247": 6.345659494400024e-05, "248": 5.790591239929199e-05, "249": 5.742907524108887e-05, "250": 5.701929330825806e-05, "251": 5.373358726501465e-05, "252": 7.934868335723877e-05, "253": 4.7072768211364746e-05, "254": 4.9717724323272705e-05, "255": 4.8004090785980225e-05, "256": 6.486475467681885e-05, "257": 6.58184289932251e-05, "258": 5.378946661949158e-05, "259": 5.203858017921448e-05, "260": 5.00604510307312e-05, "261": 4.708394408226013e-05, "262": 4.276260733604431e-05, "263": 3.607943654060364e-05, "264": 3.830716013908386e-05, "265": 4.5571476221084595e-05, "266": 3.754720091819763e-05, "267": 5.064159631729126e-05,