{"0": 998.3068525791168, "1": 0.3175405263900757, "2": 0.0005355477333068848, "3": 0.12320274114608765, "4": 0.017999321222305298, "5": 0.00710846483707428, "6": 0.00568978488445282, "7": 0.004863187670707703, "8": 0.004195764660835266, "9": 0.00357016921043396, "10": 0.0031066834926605225, "11": 0.0027445554733276367, "12": 0.0024539828300476074, "13": 0.0021110177040100098, "14": 0.0018392503261566162, "15": 0.0017241835594177246, "16": 0.0016065090894699097, "17": 0.0015077292919158936, "18": 0.0014159679412841797, "19": 0.001337587833404541, "20": 0.0012686848640441895, "21": 0.0012020021677017212, "22": 0.001137569546699524, "23": 0.0010702162981033325, "24": 0.0010212361812591553, "25": 0.0009752810001373291, "26": 0.000928044319152832, "27": 0.0008882582187652588, "28": 0.000843435525894165, "29": 0.0008080750703811646, "30": 0.0007778704166412354, "31": 0.0007408261299133301, "32": 0.0007055848836898804, "33": 0.0006769895553588867, "34": 0.0006480962038040161, "35": 0.0006227791309356689, "36": 0.0006014257669448853, "37": 0.000574648380279541, "38": 0.0005547404289245605, "39": 0.0005389750003814697, "40": 0.0005217492580413818, "41": 0.0005076676607131958, "42": 0.0004893094301223755, "43": 0.0004738718271255493, "44": 0.0004604607820510864, "45": 0.00044579803943634033, "46": 0.0004313141107559204, "47": 0.00041979551315307617, "48": 0.00040796399116516113, "49": 0.0003984123468399048, "50": 0.00038501620292663574, "51": 0.00037473440170288086, "52": 0.00036670267581939697, "53": 0.00035671889781951904, "54": 0.00034452974796295166, "55": 0.00034117698669433594, "56": 0.00033470988273620605, "57": 0.0003266632556915283, "58": 0.0003195255994796753, "59": 0.0003120899200439453, "60": 0.00030444562435150146, "61": 0.00029753148555755615, "62": 0.00029149651527404785, "63": 0.00028495490550994873, "64": 0.0002830773591995239, "65": 0.0002764463424682617, "66": 0.00026954710483551025, "67": 0.0002662092447280884, "68": 0.00025793910026550293, "69": 0.000257834792137146, "70": 0.0002511739730834961, "71": 0.00024560093879699707, "72": 0.000239640474319458, "73": 0.00023661553859710693, "74": 0.0002336651086807251, "75": 0.00023058056831359863, "76": 0.00022560358047485352, "77": 0.00022014975547790527, "78": 0.00021794438362121582, "79": 0.00021582841873168945, "80": 0.00021319091320037842, "81": 0.00020934641361236572, "82": 0.00020734965801239014, "83": 0.00020588934421539307, "84": 0.00020360946655273438, "85": 0.0002006739377975464, "86": 0.000199243426322937, "87": 0.00019587576389312744, "88": 0.00019404292106628418, "89": 0.00019291043281555176, "90": 0.00019249320030212402, "91": 0.00019153952598571777, "92": 0.00018993020057678223, "93": 0.00018797814846038818, "94": 0.00018574297428131104, "95": 0.00018675625324249268, "96": 0.00018614530563354492, "97": 0.00018641352653503418, "98": 0.00018528103828430176, "99": 0.00018371641635894775, "100": 0.0001827329397201538, "101": 0.00018092989921569824, "102": 0.00017911195755004883, "103": 0.0001808255910873413, "104": 0.00018177926540374756, "105": 0.00018340349197387695, "106": 0.0001858919858932495, "107": 0.00018709897994995117, "108": 0.00019003450870513916, "109": 0.00019976496696472168, "110": 0.00020428001880645752, "111": 0.00021339952945709229, "112": 0.0002234429121017456, "113": 0.00023226439952850342, "114": 0.00024777650833129883, "115": 0.0002568364143371582, "116": 0.0002703070640563965, "117": 0.00028289854526519775, "118": 0.00030909478664398193, "119": 0.00033083558082580566, "120": 0.0003787577152252197, "121": 0.0004708319902420044, "122": 0.0006748735904693604, "123": 0.0005262494087219238, "124": 0.0006935447454452515, "125": 0.0007292330265045166, "126": 0.0007103234529495239, "127": 0.0006537139415740967, "128": 0.0005896538496017456, "129": 0.0006012916564941406, "130": 0.0005808919668197632, "131": 0.0005402863025665283, "132": 0.0006537884473800659, "133": 0.000540614128112793, "134": 0.0005826950073242188, "135": 0.0004897117614746094, "136": 0.0006074905395507812, "137": 0.000484660267829895, "138": 0.0004675537347793579, "139": 0.0004967600107192993, "140": 0.00047422945499420166, "141": 0.0004938989877700806, "142": 0.00046828389167785645, "143": 0.00045603513717651367, "144": 0.0004184991121292114, "145": 0.00042694807052612305, "146": 0.00042816996574401855, "147": 0.00041966140270233154, "148": 0.0004042685031890869, "149": 0.0004026442766189575, "150": 0.0004619508981704712, "151": 0.000384405255317688, "152": 0.0005022883415222168, "153": 0.0003941059112548828, "154": 0.00037379562854766846, "155": 0.0004023313522338867, "156": 0.00037713348865509033, "157": 0.0003669261932373047, "158": 0.0003820061683654785, "159": 0.0003590434789657593, "160": 0.0003404170274734497, "161": 0.0003567934036254883, "162": 0.0003321021795272827, "163": 0.00034530460834503174, "164": 0.00033374130725860596, "165": 0.0003062635660171509, "166": 0.00034661591053009033, "167": 0.00029818713665008545, "168": 0.00028304755687713623, "169": 0.0003064274787902832, "170": 0.00028261542320251465, "171": 0.0002893805503845215, "172": 0.00027740001678466797, "173": 0.0002855658531188965, "174": 0.0002634376287460327, "175": 0.0003103017807006836, "176": 0.00025238096714019775, "177": 0.0003109574317932129, "178": 0.00027086585760116577, "179": 0.00027136504650115967, "180": 0.00026404112577438354, "181": 0.0002524033188819885, "182": 0.00025428086519241333, "183": 0.00023503601551055908, "184": 0.0002742186188697815, "185": 0.00022752583026885986, "186": 0.00021676719188690186, "187": 0.00023398548364639282, "188": 0.00021596252918243408, "189": 0.000233381986618042, "190": 0.0002107769250869751, "191": 0.0002216920256614685, "192": 0.0002170354127883911, "193": 0.00021148473024368286, "194": 0.00019235163927078247, "195": 0.0002209395170211792, "196": 0.00019266456365585327, "197": 0.00020116567611694336, "198": 0.00019628554582595825, "199": 0.00019618123769760132, "200": 0.00019916892051696777, "201": 0.00020319223403930664, "202": 0.00018642842769622803, "203": 0.00021041184663772583, "204": 0.00018503516912460327, "205": 0.00020500272512435913, "206": 0.00018003582954406738, "207": 0.000195428729057312, "208": 0.00016429275274276733, "209": 0.0001942962408065796, "210": 0.0001808255910873413, "211": 0.00017618387937545776, "212": 0.00018203258514404297, "213": 0.0001434534788131714, "214": 0.00017680972814559937, "215": 0.00012600421905517578, "216": 0.00016493350267410278, "217": 0.00012596696615219116, "218": 0.00013266503810882568, "219": 0.00011183321475982666, "220": 0.00013452768325805664, "221": 0.0001468062400817871, "222": 0.00011742860078811646, "223": 0.00015928596258163452, "224": 0.00011511892080307007, "225": 0.00013319402933120728, "226": 0.00013624131679534912, "227": 0.00012271106243133545, "228": 0.00010424107313156128, "229": 0.00011660158634185791, "230": 0.00013417750597000122, "231": 9.47117805480957e-05, "232": 0.00012754648923873901, "233": 0.0001384839415550232, "234": 0.00014475733041763306, "235": 0.00012803822755813599, "236": 0.00011147558689117432, "237": 0.00010921061038970947, "238": 0.00011558085680007935, "239": 0.00010472536087036133, "240": 0.0001261979341506958, "241": 0.00011158734560012817, "242": 8.927285671234131e-05, "243": 0.00011772662401199341, "244": 8.55177640914917e-05, "245": 8.273869752883911e-05, "246": 8.486956357955933e-05, "247": 8.456408977508545e-05, "248": 8.166581392288208e-05, "249": 0.000102214515209198, "250": 8.416920900344849e-05, "251": 8.819997310638428e-05, "252": 0.00010836124420166016, "253": 8.56444239616394e-05, "254": 0.00010517984628677368, "255": 9.616464376449585e-05, "256": 0.00011795014142990112, "257": 9.31471586227417e-05, "258": 9.438395500183105e-05, "259": 7.334351539611816e-05, "260": 7.527321577072144e-05, "261": 7.447600364685059e-05, "262": 7.543712854385376e-05, "263": 8.168816566467285e-05, "264": 6.807595491409302e-05, "265": 7.351487874984741e-05, "266": 7.691234350204468e-05,