{"0": 998.3068525791168, "1": 0.4654166102409363, "2": 0.00033946335315704346, "3": 0.09915189445018768, "4": 0.005015484988689423, "5": 0.0026022717356681824, "6": 0.002288118004798889, "7": 0.0019431859254837036, "8": 0.0017139166593551636, "9": 0.001486063003540039, "10": 0.001329563558101654, "11": 0.00115995854139328, "12": 0.001043565571308136, "13": 0.0007159635424613953, "14": 0.0006225332617759705, "15": 0.0005903467535972595, "16": 0.0005679801106452942, "17": 0.0005426928400993347, "18": 0.0005258321762084961, "19": 0.0005072355270385742, "20": 0.0004884973168373108, "21": 0.00046034902334213257, "22": 0.00044057518243789673, "23": 0.00041775405406951904, "24": 0.0004042908549308777, "25": 0.00038439780473709106, "26": 0.00036782771348953247, "27": 0.00035159289836883545, "28": 0.00034227967262268066, "29": 0.0003288760781288147, "30": 0.0003204345703125, "31": 0.000308208167552948, "32": 0.0002911761403083801, "33": 0.0002722442150115967, "34": 0.00026666373014450073, "35": 0.0002570599317550659, "36": 0.00024496763944625854, "37": 0.00023798644542694092, "38": 0.00022901594638824463, "39": 0.00022114068269729614, "40": 0.00021277368068695068, "41": 0.00020389258861541748, "42": 0.00020051002502441406, "43": 0.00019324570894241333, "44": 0.0001860782504081726, "45": 0.00018116086721420288, "46": 0.00017821043729782104, "47": 0.00017320364713668823, "48": 0.00017010420560836792, "49": 0.00016657263040542603, "50": 0.00016264617443084717, "51": 0.0001595914363861084, "52": 0.00015602260828018188, "53": 0.00015268474817276, "54": 0.0001493990421295166, "55": 0.00014668703079223633, "56": 0.00014331191778182983, "57": 0.00014002621173858643, "58": 0.00013844668865203857, "59": 0.00013555586338043213, "60": 0.00013393908739089966, "61": 0.0001323893666267395, "62": 0.00013208389282226562, "63": 0.00013081729412078857, "64": 0.00012677907943725586, "65": 0.00012499094009399414, "66": 0.00012283027172088623, "67": 0.00011952966451644897, "68": 0.00011763721704483032, "69": 0.00011485069990158081, "70": 0.00011318176984786987, "71": 0.00011314451694488525, "72": 0.00011133402585983276, "73": 0.00011055171489715576, "74": 0.00011035799980163574, "75": 0.00010701268911361694, "76": 0.00010724365711212158, "77": 0.00010769069194793701, "78": 0.00010770559310913086, "79": 0.00010597705841064453, "80": 0.0001044347882270813, "81": 0.00010363012552261353, "82": 0.00010419636964797974, "83": 0.00010260194540023804, "84": 0.00010208040475845337, "85": 0.00010342150926589966, "86": 0.00010377168655395508, "87": 0.00010381639003753662, "88": 0.00010391324758529663, "89": 0.00010317564010620117, "90": 0.00010513514280319214, "91": 0.00010807812213897705, "92": 0.00011137127876281738, "93": 0.00011625140905380249, "94": 0.00012078136205673218, "95": 0.00012393295764923096, "96": 0.00012984126806259155, "97": 0.00013843923807144165, "98": 0.00015181303024291992, "99": 0.00016470998525619507, "100": 0.00018484145402908325, "101": 0.00020705163478851318, "102": 0.00025451183319091797, "103": 0.0002915039658546448, "104": 0.0003129914402961731, "105": 0.00029459595680236816, "106": 0.00035309046506881714, "107": 0.00023780763149261475, "108": 0.00027646124362945557, "109": 0.0002910718321800232, "110": 0.0002759173512458801, "111": 0.0002632513642311096, "112": 0.00030847638845443726, "113": 0.00029659271240234375, "114": 0.00034796446561813354, "115": 0.0002938956022262573, "116": 0.00032372772693634033, "117": 0.0003134235739707947, "118": 0.00027446448802948, "119": 0.0002391412854194641, "120": 0.0002660900354385376, "121": 0.00023644417524337769, "122": 0.00028167665004730225, "123": 0.0002395138144493103, "124": 0.0002961382269859314, "125": 0.0002476498484611511, "126": 0.0002955794334411621, "127": 0.00023955106735229492, "128": 0.00027105212211608887, "129": 0.0002258792519569397, "130": 0.0002615824341773987, "131": 0.00023578107357025146, "132": 0.0002532973885536194, "133": 0.0002111867070198059, "134": 0.0002585947513580322, "135": 0.00024559348821640015, "136": 0.0002468898892402649, "137": 0.00021875649690628052, "138": 0.0002269148826599121, "139": 0.00022939592599868774, "140": 0.0002198442816734314, "141": 0.0002119019627571106, "142": 0.00021045655012130737, "143": 0.00020917505025863647, "144": 0.0001878291368484497, "145": 0.00020013749599456787, "146": 0.0001972690224647522, "147": 0.0001776367425918579, "148": 0.00021319091320037842, "149": 0.00017180293798446655, "150": 0.00017548352479934692, "151": 0.00018262863159179688, "152": 0.00016764551401138306, "153": 0.0001822933554649353, "154": 0.00016395747661590576, "155": 0.00019990652799606323, "156": 0.00016552209854125977, "157": 0.00017279386520385742, "158": 0.0001617521047592163, "159": 0.0001689121127128601, "160": 0.00015281140804290771, "161": 0.00018034130334854126, "162": 0.00015494972467422485, "163": 0.00016044080257415771, "164": 0.00015588104724884033, "165": 0.00013954192399978638, "166": 0.00017585605382919312, "167": 0.00013662874698638916, "168": 0.00017616897821426392, "169": 0.00016336888074874878, "170": 0.0001596212387084961, "171": 0.00013753026723861694, "172": 0.000162564218044281, "173": 0.00013434886932373047, "174": 0.0001514330506324768, "175": 0.0001458302140235901, "176": 0.00013522058725357056, "177": 0.00013215839862823486, "178": 0.00013550370931625366, "179": 0.00012179464101791382, "180": 0.00012345612049102783, "181": 0.00012312829494476318, "182": 0.0001246333122253418, "183": 0.00011123716831207275, "184": 0.00011448562145233154, "185": 0.00011068582534790039, "186": 0.00011004507541656494, "187": 0.0001090019941329956, "188": 0.00011254101991653442, "189": 0.00011471658945083618, "190": 0.00011163204908370972, "191": 0.00012563914060592651, "192": 9.833276271820068e-05, "193": 0.0001085326075553894, "194": 0.00010871142148971558, "195": 0.00010104477405548096, "196": 0.00010336935520172119, "197": 0.0001185983419418335, "198": 9.666383266448975e-05, "199": 0.00011830776929855347, "200": 9.895116090774536e-05, "201": 9.094178676605225e-05, "202": 9.58368182182312e-05, "203": 9.042024612426758e-05, "204": 6.92605972290039e-05, "205": 7.139146327972412e-05, "206": 7.40736722946167e-05, "207": 7.105618715286255e-05, "208": 7.186830043792725e-05, "209": 9.313970804214478e-05, "210": 6.733834743499756e-05, "211": 7.493793964385986e-05, "212": 6.66007399559021e-05, "213": 6.9446861743927e-05, "214": 7.0229172706604e-05, "215": 6.824731826782227e-05, "216": 0.00010406225919723511, "217": 5.683302879333496e-05, "218": 6.045401096343994e-05, "219": 5.762279033660889e-05, "220": 5.519390106201172e-05, "221": 5.3241848945617676e-05, "222": 4.916638135910034e-05, "223": 4.9330294132232666e-05, "224": 7.084012031555176e-05, "225": 4.51505184173584e-05, "226": 4.717707633972168e-05, "227": 4.534423351287842e-05, "228": 4.1604042053222656e-05, "229": 4.478543996810913e-05, "230": 3.7379562854766846e-05, "231": 3.865361213684082e-05, "232": 5.3688883781433105e-05, "233": 3.840029239654541e-05, "234": 3.953278064727783e-05, "235": 4.029273986816406e-05, "236": 4.795193672180176e-05, "237": 3.981590270996094e-05, "238": 4.013627767562866e-05, "239": 4.836916923522949e-05, "240": 4.3936073780059814e-05, "241": 4.1522085666656494e-05, "242": 4.123896360397339e-05, "243": 4.4971704483032227e-05, "244": 4.254281520843506e-05, "245": 4.21181321144104e-05, "246": 3.921240568161011e-05, "247": 3.981590270996094e-05, "248": 3.826618194580078e-05, "249": 3.713369369506836e-05, "250": 3.680586814880371e-05, "251": 5.4620206356048584e-05, "252": 4.1462481021881104e-05, "253": 4.646182060241699e-05, "254": 3.3289194107055664e-05, "255": 3.5114586353302e-05, "256": 3.361701965332031e-05, "257": 3.3952295780181885e-05, "258": 3.2670795917510986e-05, "259": 3.1717121601104736e-05, "260": 3.1366944313049316e-05, "261": 3.032386302947998e-05, "262": 5.19677996635437e-05, "263": 2.7470290660858154e-05, "264": 2.8528273105621338e-05, "265": 2.6777386665344238e-05,