{"0": 0.6931474208831787, "1": 0.7686669826507568, "2": 0.7666182518005371, "3": 0.6123472452163696, "4": 0.5453979969024658, "5": 0.5146914124488831, "6": 0.49368005990982056, "7": 0.47713252902030945, "8": 0.46344849467277527, "9": 0.45204058289527893, "10": 0.4420391619205475, "11": 0.4332749545574188, "12": 0.4254414439201355, "13": 0.41842615604400635, "14": 0.41224849224090576, "15": 0.4066070020198822, "16": 0.4014108180999756, "17": 0.3966192603111267, "18": 0.3921557664871216, "19": 0.3879958391189575, "20": 0.3840920329093933, "21": 0.3804336488246918, "22": 0.3770284354686737, "23": 0.37382441759109497, "24": 0.37080538272857666, "25": 0.3679339289665222, "26": 0.36521345376968384, "27": 0.36264514923095703, "28": 0.36020752787590027, "29": 0.3578839898109436, "30": 0.3556784391403198, "31": 0.35359054803848267, "32": 0.3516148626804352, "33": 0.34970372915267944, "34": 0.3478775918483734, "35": 0.34612488746643066, "36": 0.34445786476135254, "37": 0.3428462743759155, "38": 0.3413029611110687, "39": 0.339816689491272, "40": 0.338387131690979, "41": 0.3370204567909241, "42": 0.33570268750190735, "43": 0.33443328738212585, "44": 0.33321017026901245, "45": 0.33203399181365967, "46": 0.33089423179626465, "47": 0.32979899644851685, "48": 0.3287394046783447, "49": 0.32771727442741394, "50": 0.3267308473587036, "51": 0.32577431201934814, "52": 0.3248579502105713, "53": 0.323969304561615, "54": 0.3231048285961151, "55": 0.32227566838264465, "56": 0.32146307826042175, "57": 0.32067379355430603, "58": 0.31990742683410645, "59": 0.31916436553001404, "60": 0.3184431195259094, "61": 0.31774741411209106, "62": 0.31707704067230225, "63": 0.3164120614528656, "64": 0.31577178835868835, "65": 0.31513652205467224, "66": 0.3145146369934082, "67": 0.3139045238494873, "68": 0.31330808997154236, "69": 0.3127373158931732, "70": 0.31216633319854736, "71": 0.31161394715309143, "72": 0.31105950474739075, "73": 0.3105202317237854, "74": 0.31000006198883057, "75": 0.30948522686958313, "76": 0.3089786171913147, "77": 0.30848070979118347, "78": 0.3079889416694641, "79": 0.3075030744075775, "80": 0.3070243000984192, "81": 0.3065488338470459, "82": 0.3060801029205322, "83": 0.3056129515171051, "84": 0.3051503300666809, "85": 0.30469751358032227, "86": 0.30425170063972473, "87": 0.30379998683929443, "88": 0.3033514618873596, "89": 0.3029060959815979, "90": 0.3024640381336212, "91": 0.30202409625053406, "92": 0.30158448219299316, "93": 0.3011452555656433, "94": 0.3007054924964905, "95": 0.3002614378929138, "96": 0.2998148798942566, "97": 0.2993637025356293, "98": 0.29891011118888855, "99": 0.29844626784324646, "100": 0.29798242449760437, "101": 0.2975177764892578, "102": 0.29703837633132935, "103": 0.29655444622039795, "104": 0.2960633635520935, "105": 0.295559823513031, "106": 0.2950397729873657, "107": 0.29449981451034546, "108": 0.2939353287220001, "109": 0.29334530234336853, "110": 0.2927360236644745, "111": 0.2921070456504822, "112": 0.291454941034317, "113": 0.2907830774784088, "114": 0.2900881767272949, "115": 0.28935909271240234, "116": 0.2885954678058624, "117": 0.2877979874610901, "118": 0.2869664430618286, "119": 0.2860870063304901, "120": 0.2851456105709076, "121": 0.2841225564479828, "122": 0.28303971886634827, "123": 0.28193455934524536, "124": 0.2808266878128052, "125": 0.2793610394001007, "126": 0.2784937620162964, "127": 0.2775128483772278, "128": 0.27632156014442444, "129": 0.2750241160392761, "130": 0.273619681596756, "131": 0.2721415162086487, "132": 0.2707382142543793, "133": 0.26942214369773865, "134": 0.2681710124015808, "135": 0.26690950989723206, "136": 0.26578718423843384, "137": 0.2643725872039795, "138": 0.26358288526535034, "139": 0.26255303621292114, "140": 0.2614656388759613, "141": 0.2604711353778839, "142": 0.25947242975234985, "143": 0.25851720571517944, "144": 0.2575888931751251, "145": 0.2566644847393036, "146": 0.2557302713394165, "147": 0.2548280954360962, "148": 0.2539820075035095, "149": 0.2532556354999542, "150": 0.2526177167892456, "151": 0.2519829571247101, "152": 0.2512577772140503, "153": 0.25057849287986755, "154": 0.24985459446907043, "155": 0.24909265339374542, "156": 0.2483675181865692, "157": 0.24759474396705627, "158": 0.24694930016994476, "159": 0.24620279669761658, "160": 0.245648592710495, "161": 0.24498729407787323, "162": 0.24444815516471863, "163": 0.243827223777771, "164": 0.24327975511550903, "165": 0.24271759390830994, "166": 0.24210196733474731, "167": 0.24147287011146545, "168": 0.24085569381713867, "169": 0.24021166563034058, "170": 0.23960715532302856, "171": 0.23904916644096375, "172": 0.23848550021648407, "173": 0.237955704331398, "174": 0.23740410804748535, "175": 0.23684382438659668, "176": 0.23631685972213745, "177": 0.2357112318277359, "178": 0.235089510679245, "179": 0.23451946675777435, "180": 0.23397952318191528, "181": 0.23347525298595428, "182": 0.2329903542995453, "183": 0.23254039883613586, "184": 0.23206275701522827, "185": 0.23158122599124908, "186": 0.2312091439962387, "187": 0.23077097535133362, "188": 0.23033559322357178, "189": 0.22990505397319794, "190": 0.22952942550182343, "191": 0.2290726602077484, "192": 0.22862493991851807, "193": 0.2281641662120819, "194": 0.2277734875679016, "195": 0.22739815711975098, "196": 0.2269802838563919, "197": 0.22653798758983612, "198": 0.22615265846252441, "199": 0.22574639320373535, "200": 0.22537972033023834, "201": 0.2250555008649826, "202": 0.2247200608253479, "203": 0.22439846396446228, "204": 0.22411486506462097, "205": 0.22381114959716797, "206": 0.22350521385669708, "207": 0.2232513576745987, "208": 0.22296850383281708, "209": 0.22263269126415253, "210": 0.2223498672246933, "211": 0.2220703810453415, "212": 0.2217649519443512, "213": 0.221481591463089, "214": 0.22121983766555786, "215": 0.2209506779909134, "216": 0.22067558765411377, "217": 0.2204051911830902, "218": 0.2201477438211441, "219": 0.2199191451072693, "220": 0.21967017650604248, "221": 0.21942904591560364, "222": 0.21926645934581757, "223": 0.21907523274421692, "224": 0.21883708238601685, "225": 0.2186659276485443, "226": 0.21845942735671997, "227": 0.21822459995746613, "228": 0.21804051101207733, "229": 0.21787147223949432, "230": 0.21771128475666046, "231": 0.21751081943511963, "232": 0.21729795634746552, "233": 0.21705472469329834, "234": 0.21685801446437836, "235": 0.21661704778671265, "236": 0.21641826629638672, "237": 0.21619990468025208, "238": 0.21595874428749084, "239": 0.21572867035865784, "240": 0.21550396084785461, "241": 0.21527479588985443, "242": 0.2150309532880783, "243": 0.2147754430770874, "244": 0.21453027427196503, "245": 0.21427422761917114, "246": 0.2139948159456253, "247": 0.21372467279434204, "248": 0.21349899470806122, "249": 0.2133062481880188, "250": 0.2130843997001648, "251": 0.2129146307706833, "252": 0.21267546713352203, "253": 0.21251073479652405, "254": 0.2123107761144638, "255": 0.2122098207473755, "256": 0.21212714910507202, "257": 0.21204522252082825, "258": 0.21195459365844727, "259": 0.21181416511535645, "260": 0.21170617640018463, "261": 0.2115943282842636, "262": 0.21146291494369507, "263": 0.21136850118637085, "264": 0.2112790048122406, "265": 0.2111985683441162, "266": 0.2111118584871292, "267": 0.2110147923231125, "268": 0.21092985570430756, "269": 0.21082459390163422, "270": 0.21074381470680237, "271": 0.21066445112228394, "272": 0.21057605743408203, "273": 0.21048830449581146, "274": 0.21040070056915283, "275": 0.21029740571975708, "276": 0.2102247178554535, "277": 0.21015670895576477, "278": 0.21008844673633575, "279": 0.2100219577550888, "280": 0.20995178818702698, "281": 0.20988592505455017, "282": 0.2098207324743271, "283": 0.20975153148174286, "284": 0.2096877098083496, "285": 0.20962153375148773, "286": 0.209555983543396, "287": 0.20949393510818481, "288": 0.20943309366703033, "289": 0.209377720952034, "290": 0.20932069420814514, "291": 0.20926812291145325, "292": 0.20921427011489868, "293": 0.20916198194026947,