{"0": 0.6931474208831787, "1": 0.27240073680877686, "2": 0.27210861444473267, "3": 0.18425352871418, "4": 0.1721772849559784, "5": 0.1673421710729599, "6": 0.16344448924064636, "7": 0.16006571054458618, "8": 0.15707914531230927, "9": 0.15444588661193848, "10": 0.152123361825943, "11": 0.15002907812595367, "12": 0.14814907312393188, "13": 0.1465206742286682, "14": 0.145064577460289, "15": 0.1436910629272461, "16": 0.1424115151166916, "17": 0.14120818674564362, "18": 0.1400582194328308, "19": 0.13896457850933075, "20": 0.13791559636592865, "21": 0.13690729439258575, "22": 0.13594067096710205, "23": 0.1350158154964447, "24": 0.13412539660930634, "25": 0.13326790928840637, "26": 0.13243554532527924, "27": 0.13163205981254578, "28": 0.13084881007671356, "29": 0.13008560240268707, "30": 0.1293485164642334, "31": 0.12862911820411682, "32": 0.12792135775089264, "33": 0.12723863124847412, "34": 0.12656785547733307, "35": 0.12591120600700378, "36": 0.12526935338974, "37": 0.12463811784982681, "38": 0.12402110546827316, "39": 0.1234210804104805, "40": 0.12283286452293396, "41": 0.12225750833749771, "42": 0.12169194221496582, "43": 0.12113726884126663, "44": 0.12059367448091507, "45": 0.12005560845136642, "46": 0.11952850967645645, "47": 0.11901184171438217, "48": 0.11850553750991821, "49": 0.11800797283649445, "50": 0.1175229623913765, "51": 0.11704156547784805, "52": 0.11657024174928665, "53": 0.11610694229602814, "54": 0.1156526729464531, "55": 0.11520956456661224, "56": 0.11477001011371613, "57": 0.11433809995651245, "58": 0.11391329020261765, "59": 0.11349610984325409, "60": 0.11308480054140091, "61": 0.11268042027950287, "62": 0.11228257417678833, "63": 0.11189199239015579, "64": 0.11150938272476196, "65": 0.1111321821808815, "66": 0.11075904965400696, "67": 0.11039043217897415, "68": 0.11002662777900696, "69": 0.10966756194829941, "70": 0.10931217670440674, "71": 0.10896094888448715, "72": 0.10861475765705109, "73": 0.10827238112688065, "74": 0.10793382674455643, "75": 0.10759580135345459, "76": 0.10725478827953339, "77": 0.1069096103310585, "78": 0.10655969381332397, "79": 0.10620635747909546, "80": 0.10584670305252075, "81": 0.10547666251659393, "82": 0.10509243607521057, "83": 0.10469136387109756, "84": 0.1042601615190506, "85": 0.10379315167665482, "86": 0.1032581627368927, "87": 0.1026410162448883, "88": 0.10191558301448822, "89": 0.1010235920548439, "90": 0.09985390305519104, "91": 0.09886938333511353, "92": 0.09752039611339569, "93": 0.09610413759946823, "94": 0.09476567059755325, "95": 0.09355564415454865, "96": 0.09226368367671967, "97": 0.09116875380277634, "98": 0.0900716558098793, "99": 0.08911782503128052, "100": 0.08812744170427322, "101": 0.08717101067304611, "102": 0.086310476064682, "103": 0.08539672940969467, "104": 0.08452219516038895, "105": 0.08363780379295349, "106": 0.08287927508354187, "107": 0.0820092111825943, "108": 0.08126594871282578, "109": 0.0804908350110054, "110": 0.07976820319890976, "111": 0.07908566296100616, "112": 0.07832919806241989, "113": 0.07769075781106949, "114": 0.07707446068525314, "115": 0.07640289515256882, "116": 0.07566146552562714, "117": 0.07489605247974396, "118": 0.07414796948432922, "119": 0.07351116836071014, "120": 0.07293707132339478, "121": 0.07231186330318451, "122": 0.07177067548036575, "123": 0.07117609679698944, "124": 0.07063229382038116, "125": 0.07012391835451126, "126": 0.06953766942024231, "127": 0.06906058639287949, "128": 0.06861798465251923, "129": 0.06806868314743042, "130": 0.06757503002882004, "131": 0.06711341440677643, "132": 0.06663843989372253, "133": 0.06619736552238464, "134": 0.0657312422990799, "135": 0.06529831141233444, "136": 0.06486944854259491, "137": 0.06444109976291656, "138": 0.06402020901441574, "139": 0.0636274516582489, "140": 0.06323715299367905, "141": 0.062834233045578, "142": 0.062464892864227295, "143": 0.062088049948215485, "144": 0.06172221899032593, "145": 0.06137298047542572, "146": 0.06099719554185867, "147": 0.060648541897535324, "148": 0.06028307229280472, "149": 0.05995156988501549, "150": 0.05961248278617859, "151": 0.05929200351238251, "152": 0.05896562337875366, "153": 0.058656007051467896, "154": 0.05834197252988815, "155": 0.058031801134347916, "156": 0.05772501975297928, "157": 0.05742374807596207, "158": 0.05712287873029709, "159": 0.05685323104262352, "160": 0.056503407657146454, "161": 0.056143566966056824, "162": 0.0558001771569252, "163": 0.05550740659236908, "164": 0.055206120014190674, "165": 0.05492829903960228, "166": 0.054651062935590744, "167": 0.05437535047531128, "168": 0.05410730838775635, "169": 0.053850121796131134, "170": 0.05359591916203499, "171": 0.053275831043720245, "172": 0.0530257374048233, "173": 0.05273070186376572, "174": 0.05248482525348663, "175": 0.05220421776175499, "176": 0.051949311047792435, "177": 0.051700789481401443, "178": 0.05145774409174919, "179": 0.05120590329170227, "180": 0.050976309925317764, "181": 0.05075153708457947, "182": 0.05052763223648071, "183": 0.05030705779790878, "184": 0.050108879804611206, "185": 0.049849096685647964, "186": 0.04959999769926071, "187": 0.049376145005226135, "188": 0.04915672540664673, "189": 0.048966117203235626, "190": 0.04873652011156082, "191": 0.048498544842004776, "192": 0.04830499738454819, "193": 0.04812369495630264, "194": 0.04792216420173645, "195": 0.04774671792984009, "196": 0.047554776072502136, "197": 0.047363780438899994, "198": 0.047175824642181396, "199": 0.04698973149061203, "200": 0.04680854082107544, "201": 0.04662514105439186, "202": 0.04646085947751999, "203": 0.04630154371261597, "204": 0.04609937593340874, "205": 0.04594004154205322, "206": 0.04577399790287018, "207": 0.04562642052769661, "208": 0.04546527564525604, "209": 0.04527708888053894, "210": 0.04511585086584091, "211": 0.04498053714632988, "212": 0.044825829565525055, "213": 0.04466918110847473, "214": 0.04453489929437637, "215": 0.04438424110412598, "216": 0.0442391112446785, "217": 0.04408259317278862, "218": 0.04394523426890373, "219": 0.04380808398127556, "220": 0.04366561397910118, "221": 0.043545447289943695, "222": 0.043389271944761276, "223": 0.04327044636011124, "224": 0.04314658045768738, "225": 0.043032217770814896, "226": 0.04291260987520218, "227": 0.04278978705406189, "228": 0.0426848828792572, "229": 0.042578328400850296, "230": 0.042447373270988464, "231": 0.04230625182390213, "232": 0.04215676337480545, "233": 0.04202199727296829, "234": 0.041883379220962524, "235": 0.04176964610815048, "236": 0.04167366027832031, "237": 0.0415794663131237, "238": 0.04148431494832039, "239": 0.041374992579221725, "240": 0.04127128794789314, "241": 0.041186749935150146, "242": 0.04110047221183777, "243": 0.04098110646009445, "244": 0.040887556970119476, "245": 0.040759164839982986, "246": 0.040675316005945206, "247": 0.040605880320072174, "248": 0.040533337742090225, "249": 0.04046337306499481, "250": 0.04039660468697548, "251": 0.040327150374650955, "252": 0.040256060659885406, "253": 0.04018890857696533, "254": 0.040125295519828796, "255": 0.04005294293165207, "256": 0.03998179733753204, "257": 0.039900586009025574, "258": 0.039825379848480225, "259": 0.03975527733564377, "260": 0.039690256118774414, "261": 0.0396256260573864, "262": 0.039561279118061066, "263": 0.03947855532169342, "264": 0.039405595511198044, "265": 0.03933153674006462, "266": 0.03925764560699463, "267": 0.03918974846601486, "268": 0.039120763540267944, "269": 0.03905780240893364, "270": 0.03899932652711868, "271": 0.038948580622673035, "272": 0.03889559581875801, "273": 0.03881744295358658, "274": 0.03876323997974396, "275": 0.038709722459316254, "276": 0.038652725517749786, "277": 0.038598835468292236, "278": 0.03854785114526749, "279": 0.03849909454584122, "280": 0.03843402490019798, "281": 0.03836337849497795, "282": 0.038291290402412415, "283": 0.038226209580898285, "284": 0.038157977163791656, "285": 0.03809354454278946, "286": 0.03803292661905289, "287": 0.03797680884599686, "288": 0.0379369743168354,