{"0": 0.6931474208831787, "1": 0.1318824291229248, "2": 0.1317732334136963, "3": 0.08515539020299911, "4": 0.08164238184690475, "5": 0.07989809662103653, "6": 0.07834513485431671, "7": 0.0769447535276413, "8": 0.07572475075721741, "9": 0.07464522123336792, "10": 0.07368148118257523, "11": 0.07282614707946777, "12": 0.0720648393034935, "13": 0.0714455395936966, "14": 0.07088391482830048, "15": 0.07035212218761444, "16": 0.06985273212194443, "17": 0.06937755644321442, "18": 0.06892293691635132, "19": 0.06848779320716858, "20": 0.06807214766740799, "21": 0.06767379492521286, "22": 0.06729406863451004, "23": 0.06692945212125778, "24": 0.0665782019495964, "25": 0.06623898446559906, "26": 0.06591501832008362, "27": 0.06560063362121582, "28": 0.06529788672924042, "29": 0.06500470638275146, "30": 0.0647195354104042, "31": 0.06444407254457474, "32": 0.06417771428823471, "33": 0.0639193132519722, "34": 0.0636681318283081, "35": 0.06342481076717377, "36": 0.0631878674030304, "37": 0.062957264482975, "38": 0.06273201107978821, "39": 0.0625109151005745, "40": 0.06229642033576965, "41": 0.062087900936603546, "42": 0.06188192963600159, "43": 0.061680868268013, "44": 0.06148277595639229, "45": 0.061285775154829025, "46": 0.06109179928898811, "47": 0.0608997568488121, "48": 0.06070926785469055, "49": 0.060520462691783905, "50": 0.060333117842674255, "51": 0.06014689803123474, "52": 0.05996227636933327, "53": 0.05978017300367355, "54": 0.059599339962005615, "55": 0.05941804125905037, "56": 0.05923822522163391, "57": 0.05905935540795326, "58": 0.05887984856963158, "59": 0.05869989097118378, "60": 0.058519866317510605, "61": 0.05833897367119789, "62": 0.058157406747341156, "63": 0.05797266960144043, "64": 0.057785533368587494, "65": 0.057597801089286804, "66": 0.057409726083278656, "67": 0.05721871554851532, "68": 0.05702543258666992, "69": 0.05683084577322006, "70": 0.05663425102829933, "71": 0.05642763897776604, "72": 0.05620506778359413, "73": 0.05596710741519928, "74": 0.055709291249513626, "75": 0.05543392896652222, "76": 0.055143341422080994, "77": 0.05483613535761833, "78": 0.05450745299458504, "79": 0.05415654182434082, "80": 0.05376762896776199, "81": 0.05330011993646622, "82": 0.05259861797094345, "83": 0.051949549466371536, "84": 0.05120689794421196, "85": 0.050352051854133606, "86": 0.04959078133106232, "87": 0.04883429780602455, "88": 0.048160891979932785, "89": 0.047507885843515396, "90": 0.046857431530952454, "91": 0.046276241540908813, "92": 0.045593224465847015, "93": 0.04500613361597061, "94": 0.04437695071101189, "95": 0.043860167264938354, "96": 0.04327694699168205, "97": 0.04277434200048447, "98": 0.042250268161296844, "99": 0.041771095246076584, "100": 0.0412980280816555, "101": 0.04083317518234253, "102": 0.04041526839137077, "103": 0.03997858986258507, "104": 0.03958503529429436, "105": 0.0391739085316658, "106": 0.03881149739027023, "107": 0.038451094180345535, "108": 0.03811754286289215, "109": 0.037790779024362564, "110": 0.037474241107702255, "111": 0.03717877343297005, "112": 0.03684652969241142, "113": 0.03657050058245659, "114": 0.036237914115190506, "115": 0.03593975305557251, "116": 0.03565561771392822, "117": 0.03538239374756813, "118": 0.03511184826493263, "119": 0.034850142896175385, "120": 0.03458825498819351, "121": 0.03433794528245926, "122": 0.034094031900167465, "123": 0.03384802117943764, "124": 0.03361934423446655, "125": 0.0333891287446022, "126": 0.03317009657621384, "127": 0.03294781222939491, "128": 0.03273552656173706, "129": 0.032516054809093475, "130": 0.03231392055749893, "131": 0.03210669755935669, "132": 0.03190834820270538, "133": 0.03171269968152046, "134": 0.03152254968881607, "135": 0.0313359834253788, "136": 0.031156620010733604, "137": 0.03097686916589737, "138": 0.03080674819648266, "139": 0.03064066171646118, "140": 0.030451003462076187, "141": 0.030271140858530998, "142": 0.03010874055325985, "143": 0.02993153966963291, "144": 0.02977033518254757, "145": 0.02960588037967682, "146": 0.02944929338991642, "147": 0.029292253777384758, "148": 0.029134389013051987, "149": 0.02898980677127838, "150": 0.02883443795144558, "151": 0.0286856759339571, "152": 0.028531478717923164, "153": 0.028384916484355927, "154": 0.028234805911779404, "155": 0.02808201313018799, "156": 0.027936803176999092, "157": 0.027780991047620773, "158": 0.027645105496048927, "159": 0.02748848870396614, "160": 0.027328655123710632, "161": 0.027175422757864, "162": 0.0270377267152071, "163": 0.026904892176389694, "164": 0.02675681933760643, "165": 0.026633460074663162, "166": 0.02649364061653614, "167": 0.02636713720858097, "168": 0.026231687515974045, "169": 0.026111729443073273, "170": 0.025993306189775467, "171": 0.025877412408590317, "172": 0.025748472660779953, "173": 0.02562658116221428, "174": 0.02551301196217537, "175": 0.02538970112800598, "176": 0.025273915380239487, "177": 0.025156855583190918, "178": 0.02505701780319214, "179": 0.02495535835623741, "180": 0.024864353239536285, "181": 0.02477678284049034, "182": 0.024674152955412865, "183": 0.024576446041464806, "184": 0.024482186883687973, "185": 0.024390850216150284, "186": 0.024303264915943146, "187": 0.024206697940826416, "188": 0.02412443235516548, "189": 0.024036794900894165, "190": 0.023947838693857193, "191": 0.023857980966567993, "192": 0.023772966116666794, "193": 0.023690450936555862, "194": 0.02360585704445839, "195": 0.023523330688476562, "196": 0.02343600057065487, "197": 0.02335747331380844, "198": 0.02327387034893036, "199": 0.023190516978502274, "200": 0.023111173883080482, "201": 0.02303917706012726, "202": 0.022971268743276596, "203": 0.022900637239217758, "204": 0.022833364084362984, "205": 0.022769246250391006, "206": 0.022705087438225746, "207": 0.02263909950852394, "208": 0.02257150039076805, "209": 0.022503910586237907, "210": 0.022442761808633804, "211": 0.022378692403435707, "212": 0.022319544106721878, "213": 0.022258277982473373, "214": 0.02220088429749012, "215": 0.022140897810459137, "216": 0.022090595215559006, "217": 0.022043121978640556, "218": 0.02199680171906948, "219": 0.02195148542523384, "220": 0.02190755307674408, "221": 0.021863941103219986, "222": 0.021818887442350388, "223": 0.021769950166344643, "224": 0.021728750318288803, "225": 0.02169429510831833, "226": 0.021664412692189217, "227": 0.021636459976434708, "228": 0.021608959883451462, "229": 0.0215818602591753, "230": 0.021536502987146378, "231": 0.02151244878768921, "232": 0.021488705649971962, "233": 0.02146274223923683, "234": 0.02142319083213806, "235": 0.021390767768025398, "236": 0.02134249173104763, "237": 0.021302200853824615, "238": 0.021259650588035583, "239": 0.0212215818464756, "240": 0.021183662116527557, "241": 0.021146094426512718, "242": 0.021109284833073616, "243": 0.02107086218893528, "244": 0.02103300392627716, "245": 0.02099500596523285, "246": 0.0209515243768692, "247": 0.02090056799352169, "248": 0.020861327648162842, "249": 0.020820511505007744, "250": 0.02077893353998661, "251": 0.02074432745575905, "252": 0.020717699080705643, "253": 0.02069234475493431, "254": 0.020667973905801773, "255": 0.02064409852027893, "256": 0.020622868090867996, "257": 0.02060580626130104, "258": 0.020584769546985626, "259": 0.020564887672662735, "260": 0.02052682265639305, "261": 0.020512238144874573, "262": 0.020497780293226242, "263": 0.020483050495386124, "264": 0.020465482026338577, "265": 0.02044377475976944, "266": 0.020431390032172203, "267": 0.020418263971805573, "268": 0.02040538378059864, "269": 0.02039254456758499, "270": 0.020372724160552025, "271": 0.020361168310046196, "272": 0.020349569618701935, "273": 0.0203377828001976, "274": 0.020325908437371254, "275": 0.020311038941144943, "276": 0.02029842883348465, "277": 0.020285945385694504, "278": 0.020272202789783478, "279": 0.02026117593050003, "280": 0.020251439884305, "281": 0.020229555666446686, "282": 0.02022121474146843, "283": 0.020212825387716293, "284": 0.02020427957177162, "285": 0.02019594982266426,