{"0": 998.3068525791168, "1": 0.3962370753288269, "2": 0.0005460977554321289, "3": 0.12644924223423004, "4": 0.007869824767112732, "5": 0.004209309816360474, "6": 0.003501906991004944, "7": 0.002957969903945923, "8": 0.0025170594453811646, "9": 0.002157852053642273, "10": 0.0018851310014724731, "11": 0.001662328839302063, "12": 0.0014601200819015503, "13": 0.0009822547435760498, "14": 0.0008265674114227295, "15": 0.0007850825786590576, "16": 0.0007370561361312866, "17": 0.0006991326808929443, "18": 0.0006600469350814819, "19": 0.0006230175495147705, "20": 0.0005936175584793091, "21": 0.0005647838115692139, "22": 0.0005375593900680542, "23": 0.0005094707012176514, "24": 0.0004840940237045288, "25": 0.0004608631134033203, "26": 0.0004414767026901245, "27": 0.000416487455368042, "28": 0.00039623677730560303, "29": 0.00037901103496551514, "30": 0.0003655850887298584, "31": 0.0003517568111419678, "32": 0.0003400743007659912, "33": 0.0003284066915512085, "34": 0.0003127455711364746, "35": 0.0003023892641067505, "36": 0.0002882331609725952, "37": 0.00027595460414886475, "38": 0.0002630501985549927, "39": 0.00025631487369537354, "40": 0.0002440810203552246, "41": 0.00023153424263000488, "42": 0.00022116303443908691, "43": 0.00021350383758544922, "44": 0.0002038329839706421, "45": 0.00019498169422149658, "46": 0.00019006431102752686, "47": 0.00018249452114105225, "48": 0.00017896294593811035, "49": 0.0001719146966934204, "50": 0.0001668781042098999, "51": 0.00016148388385772705, "52": 0.0001535564661026001, "53": 0.0001477748155593872, "54": 0.00014157593250274658, "55": 0.00013649463653564453, "56": 0.0001309216022491455, "57": 0.0001275092363357544, "58": 0.00012414157390594482, "59": 0.00012221932411193848, "60": 0.00011682510375976562, "61": 0.00011336803436279297, "62": 0.00011020153760910034, "63": 0.00010862946510314941, "64": 0.00010413676500320435, "65": 0.0001017153263092041, "66": 9.828805923461914e-05, "67": 9.454041719436646e-05, "68": 9.254366159439087e-05, "69": 9.170174598693848e-05, "70": 8.965283632278442e-05, "71": 8.787959814071655e-05, "72": 8.621811866760254e-05, "73": 8.357316255569458e-05, "74": 8.307397365570068e-05, "75": 7.94529914855957e-05, "76": 7.868558168411255e-05, "77": 7.775425910949707e-05, "78": 7.668882608413696e-05, "79": 7.58543610572815e-05, "80": 7.397681474685669e-05, "81": 7.284432649612427e-05, "82": 7.160007953643799e-05, "83": 6.96033239364624e-05, "84": 6.831437349319458e-05, "85": 6.809085607528687e-05, "86": 6.661564111709595e-05, "87": 6.701052188873291e-05, "88": 6.558746099472046e-05, "89": 6.373971700668335e-05, "90": 6.249547004699707e-05, "91": 6.125867366790771e-05, "92": 6.00963830947876e-05, "93": 6.029754877090454e-05, "94": 6.058812141418457e-05, "95": 6.143748760223389e-05, "96": 6.256997585296631e-05, "97": 6.285309791564941e-05, "98": 6.413459777832031e-05, "99": 6.54757022857666e-05, "100": 6.581097841262817e-05, "101": 6.696581840515137e-05, "102": 6.892532110214233e-05, "103": 7.016956806182861e-05, "104": 6.972253322601318e-05, "105": 7.127225399017334e-05, "106": 7.238239049911499e-05, "107": 7.563084363937378e-05, "108": 7.984042167663574e-05, "109": 8.143484592437744e-05, "110": 8.533895015716553e-05, "111": 8.780509233474731e-05, "112": 9.090453386306763e-05, "113": 0.0001020282506942749, "114": 0.00010639429092407227, "115": 0.0001149401068687439, "116": 0.00012435764074325562, "117": 0.00013440847396850586, "118": 0.00014025717973709106, "119": 0.0001555904746055603, "120": 0.00017070025205612183, "121": 0.00025456398725509644, "122": 0.00019101053476333618, "123": 0.0002658143639564514, "124": 0.00020571798086166382, "125": 0.0002480819821357727, "126": 0.00025307387113571167, "127": 0.0002649277448654175, "128": 0.00022715330123901367, "129": 0.00023814290761947632, "130": 0.00023117661476135254, "131": 0.00021339952945709229, "132": 0.00023378431797027588, "133": 0.00021504610776901245, "134": 0.00021398812532424927, "135": 0.00023996829986572266, "136": 0.00023615360260009766, "137": 0.00023646652698516846, "138": 0.00021724402904510498, "139": 0.00019906461238861084, "140": 0.00021722912788391113, "141": 0.0002179965376853943, "142": 0.00020556896924972534, "143": 0.00019862502813339233, "144": 0.00016801059246063232, "145": 0.00016435235738754272, "146": 0.00017967820167541504, "147": 0.00018339604139328003, "148": 0.000171564519405365, "149": 0.00015770643949508667, "150": 0.00013665109872817993, "151": 0.00015480071306228638, "152": 0.00017142295837402344, "153": 0.0001751035451889038, "154": 0.00016855448484420776, "155": 0.00017077475786209106, "156": 0.00015363097190856934, "157": 0.00014860183000564575, "158": 0.00015944987535476685, "159": 0.00017484277486801147, "160": 0.0001295134425163269, "161": 0.0001534000039100647, "162": 0.00018133968114852905, "163": 0.00016200542449951172, "164": 0.00018668919801712036, "165": 0.00015425682067871094, "166": 0.00014838576316833496, "167": 0.0001715347170829773, "168": 0.00013118237257003784, "169": 0.0001391768455505371, "170": 0.0001575276255607605, "171": 0.00014143437147140503, "172": 0.00013568997383117676, "173": 0.00013603270053863525, "174": 0.00013966113328933716, "175": 0.00015032291412353516, "176": 0.00012803822755813599, "177": 0.00014103949069976807, "178": 0.00014459341764450073, "179": 0.0001322031021118164, "180": 0.00013680756092071533, "181": 0.00014123320579528809, "182": 0.00013904273509979248, "183": 0.00014413893222808838, "184": 0.00013262778520584106, "185": 0.00016436725854873657, "186": 0.0001868605613708496, "187": 0.00018231570720672607, "188": 0.0001503974199295044, "189": 0.000147208571434021, "190": 0.0001595020294189453, "191": 0.00017512589693069458, "192": 0.00016921758651733398, "193": 0.00014868378639221191, "194": 0.00013875961303710938, "195": 0.0001993998885154724, "196": 0.00015041977167129517, "197": 0.00015335530042648315, "198": 0.00017233192920684814, "199": 0.0001527443528175354, "200": 0.0001511499285697937, "201": 0.00015620142221450806, "202": 0.00013679265975952148, "203": 0.00012880563735961914, "204": 0.00012271106243133545, "205": 0.00012421607971191406, "206": 0.00011785328388214111, "207": 0.00011546909809112549, "208": 0.0001112818717956543, "209": 0.0001117512583732605, "210": 0.00010583549737930298, "211": 0.00010453164577484131, "212": 0.00014090538024902344, "213": 0.00010025501251220703, "214": 9.85264778137207e-05, "215": 0.0001069679856300354, "216": 9.475648403167725e-05, "217": 9.059160947799683e-05, "218": 8.716434240341187e-05, "219": 8.561462163925171e-05, "220": 9.806454181671143e-05, "221": 7.838010787963867e-05, "222": 7.881224155426025e-05, "223": 8.653104305267334e-05, "224": 7.492303848266602e-05, "225": 7.13542103767395e-05, "226": 6.955862045288086e-05, "227": 7.583945989608765e-05, "228": 6.684660911560059e-05, "229": 7.677823305130005e-05, "230": 6.40973448753357e-05, "231": 6.246566772460938e-05, "232": 6.495416164398193e-05, "233": 5.9604644775390625e-05, "234": 7.73891806602478e-05, "235": 6.210058927536011e-05, "236": 6.230920553207397e-05, "237": 5.762279033660889e-05, "238": 7.055699825286865e-05, "239": 6.821006536483765e-05, "240": 5.5149197578430176e-05, "241": 5.380064249038696e-05, "242": 5.254894495010376e-05, "243": 4.9754977226257324e-05, "244": 4.5627355575561523e-05, "245": 4.070252180099487e-05, "246": 3.9361417293548584e-05, "247": 3.9383769035339355e-05, "248": 3.7997961044311523e-05, "249": 3.6522746086120605e-05, "250": 4.062056541442871e-05, "251": 3.602355718612671e-05, "252": 4.589557647705078e-05, "253": 5.653500556945801e-05, "254": 3.876537084579468e-05, "255": 3.7260353565216064e-05, "256": 3.588944673538208e-05, "257": 3.559887409210205e-05, "258": 3.524124622344971e-05, "259": 3.515183925628662e-05, "260": 4.0315091609954834e-05, "261": 4.0724873542785645e-05, "262": 3.845244646072388e-05, "263": 4.653632640838623e-05, "264": 4.643946886062622e-05, "265": 4.424154758453369e-05, "266": 4.4383108615875244e-05,