{"0": 0.6931473016738892, "1": 0.8441279530525208, "2": 0.8419469594955444, "3": 0.6385786533355713, "4": 0.5415750741958618, "5": 0.49774110317230225, "6": 0.47032859921455383, "7": 0.45025378465652466, "8": 0.43422991037368774, "9": 0.4209631383419037, "10": 0.4094604253768921, "11": 0.39966174960136414, "12": 0.3909420669078827, "13": 0.3830982744693756, "14": 0.3764038681983948, "15": 0.37016579508781433, "16": 0.3643646836280823, "17": 0.35891103744506836, "18": 0.3538106381893158, "19": 0.3489914536476135, "20": 0.34442347288131714, "21": 0.34010690450668335, "22": 0.33601975440979004, "23": 0.3321647047996521, "24": 0.3284638524055481, "25": 0.3249049186706543, "26": 0.32150277495384216, "27": 0.31822192668914795, "28": 0.31502681970596313, "29": 0.3119518756866455, "30": 0.30898863077163696, "31": 0.3061167597770691, "32": 0.3033425807952881, "33": 0.30063942074775696, "34": 0.298017680644989, "35": 0.2954789996147156, "36": 0.29300087690353394, "37": 0.29058900475502014, "38": 0.28823429346084595, "39": 0.2859412431716919, "40": 0.2837149500846863, "41": 0.28154587745666504, "42": 0.27941012382507324, "43": 0.2773231267929077, "44": 0.27529090642929077, "45": 0.2732747197151184, "46": 0.2712700366973877, "47": 0.26929178833961487, "48": 0.2673518657684326, "49": 0.2654384970664978, "50": 0.2635611593723297, "51": 0.26172202825546265, "52": 0.25991106033325195, "53": 0.25812602043151855, "54": 0.2563501000404358, "55": 0.2545846998691559, "56": 0.2528178095817566, "57": 0.2510724663734436, "58": 0.24934624135494232, "59": 0.24765454232692719, "60": 0.24599701166152954, "61": 0.24435973167419434, "62": 0.24274642765522003, "63": 0.2411557137966156, "64": 0.23957610130310059, "65": 0.23800541460514069, "66": 0.23645003139972687, "67": 0.23490959405899048, "68": 0.23338289558887482, "69": 0.23186418414115906, "70": 0.23034948110580444, "71": 0.22884878516197205, "72": 0.22736230492591858, "73": 0.22587591409683228, "74": 0.2243814468383789, "75": 0.2228846549987793, "76": 0.22138622403144836, "77": 0.21985694766044617, "78": 0.2183012068271637, "79": 0.21671976149082184, "80": 0.215127632021904, "81": 0.21352890133857727, "82": 0.2119118571281433, "83": 0.21027657389640808, "84": 0.20863071084022522, "85": 0.20696941018104553, "86": 0.20527784526348114, "87": 0.2035227119922638, "88": 0.20117254555225372, "89": 0.19948096573352814, "90": 0.1976965367794037, "91": 0.19582614302635193, "92": 0.19383758306503296, "93": 0.19171670079231262, "94": 0.1895378679037094, "95": 0.1873815655708313, "96": 0.1853058934211731, "97": 0.18325212597846985, "98": 0.1813437044620514, "99": 0.17935609817504883, "100": 0.17738157510757446, "101": 0.1759975254535675, "102": 0.17440910637378693, "103": 0.17272399365901947, "104": 0.17111171782016754, "105": 0.16942721605300903, "106": 0.1677754819393158, "107": 0.16617810726165771, "108": 0.16463761031627655, "109": 0.16317817568778992, "110": 0.16170191764831543, "111": 0.16037732362747192, "112": 0.15908795595169067, "113": 0.15790782868862152, "114": 0.15668895840644836, "115": 0.15548467636108398, "116": 0.15430805087089539, "117": 0.1530473232269287, "118": 0.15189775824546814, "119": 0.15059304237365723, "120": 0.1493937373161316, "121": 0.1481209248304367, "122": 0.14698171615600586, "123": 0.1458246260881424, "124": 0.14472989737987518, "125": 0.14361809194087982, "126": 0.1425277143716812, "127": 0.1414077877998352, "128": 0.14023597538471222, "129": 0.1392781138420105, "130": 0.13825623691082, "131": 0.13725341856479645, "132": 0.13619565963745117, "133": 0.13521166145801544, "134": 0.13425907492637634, "135": 0.13338430225849152, "136": 0.13244296610355377, "137": 0.1315820813179016, "138": 0.1306513249874115, "139": 0.1297619640827179, "140": 0.12899616360664368, "141": 0.12809805572032928, "142": 0.12724395096302032, "143": 0.12634429335594177, "144": 0.12551824748516083, "145": 0.12461776286363602, "146": 0.12381838262081146, "147": 0.12299200147390366, "148": 0.1222284585237503, "149": 0.12144337594509125, "150": 0.12067145854234695, "151": 0.11989077180624008, "152": 0.11912013590335846, "153": 0.11827483773231506, "154": 0.11742705851793289, "155": 0.11663489043712616, "156": 0.11582121253013611, "157": 0.11503757536411285, "158": 0.11429721117019653, "159": 0.11356651782989502, "160": 0.1129307746887207, "161": 0.11223563551902771, "162": 0.11153990030288696, "163": 0.11084804683923721, "164": 0.11014942079782486, "165": 0.10948585718870163, "166": 0.10886390507221222, "167": 0.10822391510009766, "168": 0.10765194147825241, "169": 0.10703137516975403, "170": 0.10641870647668839, "171": 0.10582225769758224, "172": 0.10526835918426514, "173": 0.1046876609325409, "174": 0.10410253703594208, "175": 0.10352101922035217, "176": 0.10297106206417084, "177": 0.10243421792984009, "178": 0.10199575126171112, "179": 0.10161982476711273, "180": 0.10122944414615631, "181": 0.10085109621286392, "182": 0.10049372911453247, "183": 0.10014250129461288, "184": 0.09978078305721283, "185": 0.09943195432424545, "186": 0.09909439831972122, "187": 0.09877904504537582, "188": 0.09847720712423325, "189": 0.09816651046276093, "190": 0.09785360097885132, "191": 0.09751242399215698, "192": 0.09718373417854309, "193": 0.09684064239263535, "194": 0.09653908014297485, "195": 0.09622582048177719, "196": 0.09591618180274963, "197": 0.09559297561645508, "198": 0.09529832750558853, "199": 0.0950208455324173, "200": 0.09475921094417572, "201": 0.09448367357254028, "202": 0.0942157506942749, "203": 0.09397296607494354, "204": 0.093732088804245, "205": 0.09347110986709595, "206": 0.0932072252035141, "207": 0.09295958280563354, "208": 0.09272026270627975, "209": 0.0924714058637619, "210": 0.09223522245883942, "211": 0.09198437631130219, "212": 0.09171164035797119, "213": 0.09145046770572662, "214": 0.09118863940238953, "215": 0.09092789888381958, "216": 0.09067047387361526, "217": 0.09041757881641388, "218": 0.09016098827123642, "219": 0.08990640193223953, "220": 0.08964602649211884, "221": 0.08939314633607864, "222": 0.08914896845817566, "223": 0.08890040963888168, "224": 0.0886564552783966, "225": 0.08845090121030807, "226": 0.08833418786525726, "227": 0.08820423483848572, "228": 0.08803543448448181, "229": 0.0878593921661377, "230": 0.08768526464700699, "231": 0.08751331269741058, "232": 0.08732271194458008, "233": 0.08718044310808182, "234": 0.08701495081186295, "235": 0.08681826293468475, "236": 0.08663471043109894, "237": 0.08647845685482025, "238": 0.08625919371843338, "239": 0.0859755277633667, "240": 0.08574013411998749, "241": 0.08536941558122635, "242": 0.0851636677980423, "243": 0.08497423678636551, "244": 0.08478681743144989, "245": 0.08460259437561035, "246": 0.08442734181880951, "247": 0.08426916599273682, "248": 0.0841253474354744, "249": 0.08399268239736557, "250": 0.08377961069345474, "251": 0.0836762934923172, "252": 0.08357447385787964, "253": 0.08347797393798828, "254": 0.08327947556972504, "255": 0.0831909254193306, "256": 0.08310116082429886, "257": 0.0829392746090889, "258": 0.08284349739551544, "259": 0.08274690061807632, "260": 0.08261404186487198, "261": 0.08252127468585968, "262": 0.08242768049240112, "263": 0.08227100223302841, "264": 0.0821874737739563, "265": 0.08211483061313629, "266": 0.08202800154685974, "267": 0.08189011365175247, "268": 0.0816722959280014, "269": 0.08158555626869202, "270": 0.08149242401123047, "271": 0.08132333308458328, "272": 0.08122455328702927, "273": 0.0811196118593216, "274": 0.0810595378279686, "275": 0.08098705112934113, "276": 0.08092725276947021, "277": 0.08085550367832184, "278": 0.08079707622528076, "279": 0.08070401102304459, "280": 0.08064761012792587, "281": 0.08054061979055405, "282": 0.08043263107538223, "283": 0.08037519454956055, "284": 0.0802810788154602, "285": 0.08022582530975342, "286": 0.08017084747552872, "287": 0.08011545240879059, "288": 0.08005346357822418, "289": 0.08002170920372009, "290": 0.0799737274646759, "291": 0.079948790371418,