{"0": 998.3068526983261, "1": -0.1509806513786316, "2": 0.0021809935569763184, "3": 0.20336830615997314, "4": 0.09700357913970947, "5": 0.04383397102355957, "6": 0.027412503957748413, "7": 0.020074814558029175, "8": 0.016023874282836914, "9": 0.013266772031784058, "10": 0.011502712965011597, "11": 0.009798675775527954, "12": 0.008719682693481445, "13": 0.00784379243850708, "14": 0.006694406270980835, "15": 0.006238073110580444, "16": 0.005801111459732056, "17": 0.005453646183013916, "18": 0.0051003992557525635, "19": 0.0048191845417022705, "20": 0.004567980766296387, "21": 0.004316568374633789, "22": 0.0040871500968933105, "23": 0.0038550496101379395, "24": 0.003700852394104004, "25": 0.003558933734893799, "26": 0.003402143716812134, "27": 0.003280848264694214, "28": 0.0031951069831848145, "29": 0.003074944019317627, "30": 0.002963244915008545, "31": 0.002871870994567871, "32": 0.002774178981781006, "33": 0.002703160047531128, "34": 0.0026217401027679443, "35": 0.0025386810302734375, "36": 0.0024781227111816406, "37": 0.002411872148513794, "38": 0.0023547112941741943, "39": 0.0022930502891540527, "40": 0.0022262930870056152, "41": 0.0021690726280212402, "42": 0.002135753631591797, "43": 0.0020869970321655273, "44": 0.0020322203636169434, "45": 0.0020161867141723633, "46": 0.002004683017730713, "47": 0.001978248357772827, "48": 0.001939922571182251, "49": 0.0019133687019348145, "50": 0.0018773376941680908, "51": 0.0018391311168670654, "52": 0.0018109679222106934, "53": 0.0017850399017333984, "54": 0.0017759203910827637, "55": 0.0017654001712799072, "56": 0.001766890287399292, "57": 0.0017453432083129883, "58": 0.0017262250185012817, "59": 0.0016916990280151367, "60": 0.001657530665397644, "61": 0.001637279987335205, "62": 0.0016133040189743042, "63": 0.0015907138586044312, "64": 0.0015796124935150146, "65": 0.0015706866979599, "66": 0.0015553832054138184, "67": 0.0015404373407363892, "68": 0.0015266984701156616, "69": 0.0015187114477157593, "70": 0.0015147030353546143, "71": 0.0015006959438323975, "72": 0.0014864802360534668, "73": 0.0014863908290863037, "74": 0.0014944672584533691, "75": 0.0014967918395996094, "76": 0.0014984309673309326, "77": 0.0015292763710021973, "78": 0.0015557408332824707, "79": 0.001581445336341858, "80": 0.0015921294689178467, "81": 0.0015987306833267212, "82": 0.00161704421043396, "83": 0.0016352832317352295, "84": 0.0016458630561828613, "85": 0.0016613006591796875, "86": 0.001691564917564392, "87": 0.0017551332712173462, "88": 0.002350166440010071, "89": 0.001691579818725586, "90": 0.0017844289541244507, "91": 0.0018703937530517578, "92": 0.0019885599613189697, "93": 0.002120882272720337, "94": 0.0021788328886032104, "95": 0.002156302332878113, "96": 0.002075672149658203, "97": 0.002053767442703247, "98": 0.001908421516418457, "99": 0.0019876062870025635, "100": 0.0019745230674743652, "101": 0.001384049654006958, "102": 0.0015884190797805786, "103": 0.001685112714767456, "104": 0.0016122758388519287, "105": 0.0016845017671585083, "106": 0.0016517341136932373, "107": 0.001597374677658081, "108": 0.0015404969453811646, "109": 0.0014594346284866333, "110": 0.0014762580394744873, "111": 0.0013245940208435059, "112": 0.00128936767578125, "113": 0.0011801272630691528, "114": 0.0012188702821731567, "115": 0.0012042820453643799, "116": 0.0011766254901885986, "117": 0.0012607276439666748, "118": 0.0011495649814605713, "119": 0.001304715871810913, "120": 0.0011993050575256348, "121": 0.0012728124856948853, "122": 0.0011392086744308472, "123": 0.0011570900678634644, "124": 0.001094728708267212, "125": 0.0011118054389953613, "126": 0.0010903775691986084, "127": 0.0011199265718460083, "128": 0.0011718124151229858, "129": 0.0009578615427017212, "130": 0.0010218769311904907, "131": 0.0010028183460235596, "132": 0.0010577589273452759, "133": 0.00098399817943573, "134": 0.0009525865316390991, "135": 0.0008747726678848267, "136": 0.0009413361549377441, "137": 0.0008608847856521606, "138": 0.0009307563304901123, "139": 0.0008893609046936035, "140": 0.0007658004760742188, "141": 0.0008981078863143921, "142": 0.00085410475730896, "143": 0.0008996576070785522, "144": 0.0008260458707809448, "145": 0.0009004846215248108, "146": 0.0007993802428245544, "147": 0.0008263811469078064, "148": 0.0007635429501533508, "149": 0.0007850825786590576, "150": 0.0007719174027442932, "151": 0.0007806867361068726, "152": 0.0007706359028816223, "153": 0.000845298171043396, "154": 0.0008477792143821716, "155": 0.0007921680808067322, "156": 0.0008136779069900513, "157": 0.0007836371660232544, "158": 0.0007403641939163208, "159": 0.0007306933403015137, "160": 0.0006357431411743164, "161": 0.0006951391696929932, "162": 0.0006957352161407471, "163": 0.0006918534636497498, "164": 0.0006986260414123535, "165": 0.00066356360912323, "166": 0.0006219521164894104, "167": 0.000639989972114563, "168": 0.0005719736218452454, "169": 0.0006205663084983826, "170": 0.0006126686930656433, "171": 0.0005964487791061401, "172": 0.0005538985133171082, "173": 0.0005806982517242432, "174": 0.0005851238965988159, "175": 0.0005815178155899048, "176": 0.0005499571561813354, "177": 0.0005368441343307495, "178": 0.0004384666681289673, "179": 0.00037592649459838867, "180": 0.0003903806209564209, "181": 0.0003783479332923889, "182": 0.0003573670983314514, "183": 0.0003512278199195862, "184": 0.00036171823740005493, "185": 0.0003488287329673767, "186": 0.00033755600452423096, "187": 0.00031535327434539795, "188": 0.0003018379211425781, "189": 0.00031069666147232056, "190": 0.00031290948390960693, "191": 0.00034117698669433594, "192": 0.0003286898136138916, "193": 0.00034309178590774536, "194": 0.00030156224966049194, "195": 0.00031325966119766235, "196": 0.0003096386790275574, "197": 0.00032320618629455566, "198": 0.00029464811086654663, "199": 0.00027748197317123413, "200": 0.00026163458824157715, "201": 0.000275537371635437, "202": 0.00026792287826538086, "203": 0.00024278461933135986, "204": 0.00024087727069854736, "205": 0.00026097893714904785, "206": 0.00026388466358184814, "207": 0.0002476423978805542, "208": 0.00023932009935379028, "209": 0.0002488568425178528, "210": 0.00023618340492248535, "211": 0.00025084614753723145, "212": 0.00027273595333099365, "213": 0.00026117265224456787, "214": 0.00026182830333709717, "215": 0.0002607405185699463, "216": 0.0002574250102043152, "217": 0.0002528950572013855, "218": 0.0002565905451774597, "219": 0.0002545863389968872, "220": 0.000260375440120697, "221": 0.00025288015604019165, "222": 0.0002441778779029846, "223": 0.00024855881929397583, "224": 0.0002439543604850769, "225": 0.0002055540680885315, "226": 0.00011671334505081177, "227": 0.0001299530267715454, "228": 0.00016880035400390625, "229": 0.0001760423183441162, "230": 0.0001741275191307068, "231": 0.00017195194959640503, "232": 0.00019060075283050537, "233": 0.0001422688364982605, "234": 0.00016549229621887207, "235": 0.00019668787717819214, "236": 0.00018355250358581543, "237": 0.00015625357627868652, "238": 0.00021926313638687134, "239": 0.0002836659550666809, "240": 0.00023539364337921143, "241": 0.0003707185387611389, "242": 0.00020574778318405151, "243": 0.00018943101167678833, "244": 0.0001874193549156189, "245": 0.00018422305583953857, "246": 0.00017525255680084229, "247": 0.00015817582607269287, "248": 0.00014381855726242065, "249": 0.00013266503810882568, "250": 0.00021307170391082764, "251": 0.00010331720113754272, "252": 0.00010181963443756104, "253": 9.649991989135742e-05, "254": 0.00019849836826324463, "255": 8.85501503944397e-05, "256": 8.976459503173828e-05, "257": 0.00016188621520996094, "258": 9.577721357345581e-05, "259": 9.659677743911743e-05, "260": 0.0001328587532043457, "261": 9.276717901229858e-05, "262": 9.359419345855713e-05, "263": 0.00015667825937271118, "264": 8.352845907211304e-05, "265": 7.264316082000732e-05, "266": 8.682906627655029e-05, "267": 0.0001378878951072693, "268": 0.00021781772375106812, "269": 8.673965930938721e-05, "270": 9.313225746154785e-05,