{"0": 998.3068526983261, "1": -0.05574899911880493, "2": 0.002225041389465332, "3": 0.008540213108062744, "4": 0.0088767409324646, "5": 0.008886396884918213, "6": 0.00875943899154663, "7": 0.008500814437866211, "8": 0.008302509784698486, "9": 0.008003711700439453, "10": 0.007696330547332764, "11": 0.007364094257354736, "12": 0.0070497989654541016, "13": 0.00676494836807251, "14": 0.006485402584075928, "15": 0.006253182888031006, "16": 0.005997657775878906, "17": 0.005785942077636719, "18": 0.005582094192504883, "19": 0.0053902268409729, "20": 0.0052089691162109375, "21": 0.005032956600189209, "22": 0.004873037338256836, "23": 0.004732668399810791, "24": 0.004581630229949951, "25": 0.004451096057891846, "26": 0.004305541515350342, "27": 0.004230916500091553, "28": 0.00411754846572876, "29": 0.004048943519592285, "30": 0.003935873508453369, "31": 0.0038709640502929688, "32": 0.0037761330604553223, "33": 0.003711402416229248, "34": 0.0036392807960510254, "35": 0.0036002397537231445, "36": 0.0035136938095092773, "37": 0.003489196300506592, "38": 0.0034437179565429688, "39": 0.0033726096153259277, "40": 0.0033293962478637695, "41": 0.003297865390777588, "42": 0.0032602548599243164, "43": 0.0032724738121032715, "44": 0.0032422542572021484, "45": 0.003204941749572754, "46": 0.0031650662422180176, "47": 0.0030986666679382324, "48": 0.0031763315200805664, "49": 0.003147304058074951, "50": 0.003151118755340576, "51": 0.0031151771545410156, "52": 0.003105342388153076, "53": 0.003073453903198242, "54": 0.0030561089515686035, "55": 0.0030296146869659424, "56": 0.003016054630279541, "57": 0.0030273795127868652, "58": 0.0030098557472229004, "59": 0.0029835104942321777, "60": 0.0029646456241607666, "61": 0.002946913242340088, "62": 0.0029247701168060303, "63": 0.0028952062129974365, "64": 0.0028740763664245605, "65": 0.0028454065322875977, "66": 0.00282132625579834, "67": 0.002794921398162842, "68": 0.0027651190757751465, "69": 0.0027388930320739746, "70": 0.0027115941047668457, "71": 0.0026833713054656982, "72": 0.0026525259017944336, "73": 0.002621591091156006, "74": 0.0025884807109832764, "75": 0.002556532621383667, "76": 0.002523452043533325, "77": 0.0024916231632232666, "78": 0.0024596452713012695, "79": 0.0024203360080718994, "80": 0.002384006977081299, "81": 0.002352416515350342, "82": 0.0023218095302581787, "83": 0.0022891461849212646, "84": 0.002259284257888794, "85": 0.002228379249572754, "86": 0.002194315195083618, "87": 0.002165287733078003, "88": 0.0021403133869171143, "89": 0.0021125376224517822, "90": 0.0020862221717834473, "91": 0.0020598173141479492, "92": 0.002028852701187134, "93": 0.0019941329956054688, "94": 0.001963496208190918, "95": 0.0019353032112121582, "96": 0.0019106268882751465, "97": 0.0018846392631530762, "98": 0.0018494129180908203, "99": 0.0018278956413269043, "100": 0.0018005073070526123, "101": 0.0017707347869873047, "102": 0.001737356185913086, "103": 0.0017076432704925537, "104": 0.0016834139823913574, "105": 0.0016613006591796875, "106": 0.0016378462314605713, "107": 0.0016146302223205566, "108": 0.0015968680381774902, "109": 0.0015729963779449463, "110": 0.0015517473220825195, "111": 0.001529306173324585, "112": 0.001503676176071167, "113": 0.0014901161193847656, "114": 0.0014676451683044434, "115": 0.0014426112174987793, "116": 0.0014238953590393066, "117": 0.001403510570526123, "118": 0.0013776421546936035, "119": 0.001361936330795288, "120": 0.001347869634628296, "121": 0.0013417601585388184, "122": 0.001327216625213623, "123": 0.001310795545578003, "124": 0.0012953877449035645, "125": 0.0012796223163604736, "126": 0.001265406608581543, "127": 0.0012586414813995361, "128": 0.0012404322624206543, "129": 0.0012357831001281738, "130": 0.00122147798538208, "131": 0.0012018084526062012, "132": 0.001182466745376587, "133": 0.001172095537185669, "134": 0.0011653900146484375, "135": 0.001143127679824829, "136": 0.0011475086212158203, "137": 0.0011287927627563477, "138": 0.0011292695999145508, "139": 0.001115262508392334, "140": 0.0011302828788757324, "141": 0.001103043556213379, "142": 0.001107931137084961, "143": 0.0010691285133361816, "144": 0.0011042654514312744, "145": 0.0010683238506317139, "146": 0.0010883212089538574, "147": 0.0010561048984527588, "148": 0.0011210143566131592, "149": 0.001044243574142456, "150": 0.001224130392074585, "151": 0.0010959804058074951, "152": 0.0009683966636657715, "153": 0.0010473430156707764, "154": 0.0010848641395568848, "155": 0.001119166612625122, "156": 0.0011540055274963379, "157": 0.0011880993843078613, "158": 0.0012211501598358154, "159": 0.0012531876564025879, "160": 0.0012703239917755127, "161": 0.0013130605220794678, "162": 0.001569509506225586, "163": 0.001955687999725342, "164": 0.0009758174419403076, "165": 0.0013307631015777588, "166": 0.0012001991271972656, "167": 0.0012713074684143066, "168": 0.001323401927947998, "169": 0.0014309585094451904, "170": 0.0014316439628601074, "171": 0.0015316903591156006, "172": 0.0015876293182373047, "173": 0.0014925003051757812, "174": 0.0025196075439453125, "175": 0.0012406408786773682, "176": 0.0011612176895141602, "177": 0.0011490583419799805, "178": 0.0011293590068817139, "179": 0.0011297762393951416, "180": 0.0011304616928100586, "181": 0.0013245940208435059, "182": 0.0014249682426452637, "183": 0.001439124345779419, "184": 0.0013467073440551758, "185": 0.0016639530658721924, "186": 0.0011339187622070312, "187": 0.0010493099689483643, "188": 0.0010329484939575195, "189": 0.0010234713554382324, "190": 0.0013576149940490723, "191": 0.0010125935077667236, "192": 0.0013487040996551514, "193": 0.0010277032852172852, "194": 0.0011580586433410645, "195": 0.0009974539279937744, "196": 0.0011383593082427979, "197": 0.0013183951377868652, "198": 0.0010051131248474121, "199": 0.0009622573852539062, "200": 0.001210331916809082, "201": 0.0009547919034957886, "202": 0.0012132823467254639, "203": 0.0011953860521316528, "204": 0.001151055097579956, "205": 0.0011227577924728394, "206": 0.001075059175491333, "207": 0.0010296553373336792, "208": 0.0011914819478988647, "209": 0.0009526759386062622, "210": 0.0008651018142700195, "211": 0.0010097622871398926, "212": 0.0008975565433502197, "213": 0.0008755624294281006, "214": 0.0009117275476455688, "215": 0.0008637309074401855, "216": 0.0009603351354598999, "217": 0.0008634477853775024, "218": 0.0009171366691589355, "219": 0.0010207146406173706, "220": 0.0010630935430526733, "221": 0.0009453892707824707, "222": 0.0008924007415771484, "223": 0.0008580833673477173, "224": 0.0008690953254699707, "225": 0.0008452087640762329, "226": 0.0007998943328857422, "227": 0.0009533315896987915, "228": 0.0007594823837280273, "229": 0.0008102357387542725, "230": 0.0008936226367950439, "231": 0.0008066296577453613, "232": 0.0008192658424377441, "233": 0.0008223950862884521, "234": 0.000785142183303833, "235": 0.0007826238870620728, "236": 0.000756487250328064, "237": 0.0007302016019821167, "238": 0.0007730275392532349, "239": 0.0007140785455703735, "240": 0.0008112937211990356, "241": 0.0007380396127700806, "242": 0.0007392317056655884, "243": 0.0007070004940032959, "244": 0.0007099062204360962, "245": 0.0006835311651229858, "246": 0.0007038414478302002, "247": 0.0006633400917053223, "248": 0.0006741583347320557, "249": 0.0006410181522369385, "250": 0.0006498843431472778, "251": 0.0006137341260910034, "252": 0.0006306171417236328, "253": 0.0005948245525360107, "254": 0.0006415247917175293, "255": 0.0005877315998077393, "256": 0.0006469488143920898, "257": 0.0005810856819152832, "258": 0.0005977451801300049, "259": 0.0005836188793182373, "260": 0.000594601035118103, "261": 0.0005717426538467407, "262": 0.0005697757005691528, "263": 0.0005571991205215454, "264": 0.0005618035793304443, "265": 0.0005471706390380859, "266": 0.0005577057600021362, "267": 0.0005495995283126831, "268": 0.0005138963460922241, "269": 0.0004964172840118408, "270": 0.0005088448524475098, "271": 0.00048536062240600586, "272": 0.000525936484336853,