{"0": 0.6931473016738892, "1": 0.7488963007926941, "2": 0.7466712594032288, "3": 0.738131046295166, "4": 0.7292543053627014, "5": 0.7203679084777832, "6": 0.7116084694862366, "7": 0.7031076550483704, "8": 0.6948051452636719, "9": 0.6868014335632324, "10": 0.6791051030158997, "11": 0.6717410087585449, "12": 0.6646912097930908, "13": 0.6579262614250183, "14": 0.6514408588409424, "15": 0.6451876759529114, "16": 0.6391900181770325, "17": 0.6334040760993958, "18": 0.6278219819068909, "19": 0.622431755065918, "20": 0.617222785949707, "21": 0.6121898293495178, "22": 0.607316792011261, "23": 0.6025841236114502, "24": 0.5980024933815002, "25": 0.5935513973236084, "26": 0.5892458558082581, "27": 0.5850149393081665, "28": 0.5808973908424377, "29": 0.5768484473228455, "30": 0.5729125738143921, "31": 0.5690416097640991, "32": 0.5652654767036438, "33": 0.5615540742874146, "34": 0.5579147934913635, "35": 0.5543145537376404, "36": 0.5508008599281311, "37": 0.5473116636276245, "38": 0.5438679456710815, "39": 0.5404953360557556, "40": 0.5371659398078918, "41": 0.5338680744171143, "42": 0.5306078195571899, "43": 0.5273353457450867, "44": 0.5240930914878845, "45": 0.5208881497383118, "46": 0.5177230834960938, "47": 0.5146244168281555, "48": 0.511448085308075, "49": 0.50830078125, "50": 0.5051496624946594, "51": 0.5020344853401184, "52": 0.49892914295196533, "53": 0.4958556890487671, "54": 0.4927995800971985, "55": 0.48976996541023254, "56": 0.486753910779953, "57": 0.48372653126716614, "58": 0.48071667551994324, "59": 0.47773316502571106, "60": 0.4747685194015503, "61": 0.4718216061592102, "62": 0.4688968360424042, "63": 0.46600162982940674, "64": 0.4631275534629822, "65": 0.4602821469306946, "66": 0.45746082067489624, "67": 0.4546658992767334, "68": 0.45190078020095825, "69": 0.4491618871688843, "70": 0.44645029306411743, "71": 0.44376692175865173, "72": 0.4411143958568573, "73": 0.4384928047657013, "74": 0.435904324054718, "75": 0.43334779143333435, "76": 0.430824339389801, "77": 0.42833271622657776, "78": 0.4258730709552765, "79": 0.4234527349472046, "80": 0.4210687279701233, "81": 0.41871631145477295, "82": 0.41639450192451477, "83": 0.4141053557395935, "84": 0.4118460714817047, "85": 0.40961769223213196, "86": 0.40742337703704834, "87": 0.40525808930397034, "88": 0.4031177759170532, "89": 0.40100523829460144, "90": 0.398919016122818, "91": 0.39685919880867004, "92": 0.3948303461074829, "93": 0.39283621311187744, "94": 0.3908727169036865, "95": 0.38893741369247437, "96": 0.3870267868041992, "97": 0.38514214754104614, "98": 0.3832927346229553, "99": 0.3814648389816284, "100": 0.3796643316745758, "101": 0.3778935968875885, "102": 0.3761562407016754, "103": 0.37444859743118286, "104": 0.3727651834487915, "105": 0.3711038827896118, "106": 0.36946603655815125, "107": 0.3678514063358307, "108": 0.3662545382976532, "109": 0.36468154191970825, "110": 0.36312979459762573, "111": 0.36160048842430115, "112": 0.36009681224823, "113": 0.3586066961288452, "114": 0.35713905096054077, "115": 0.355696439743042, "116": 0.3542725443840027, "117": 0.35286903381347656, "118": 0.35149139165878296, "119": 0.35012945532798767, "120": 0.3487815856933594, "121": 0.34743982553482056, "122": 0.34611260890960693, "123": 0.34480181336402893, "124": 0.34350642561912537, "125": 0.3422268033027649, "126": 0.34096139669418335, "127": 0.3397027552127838, "128": 0.33846232295036316, "129": 0.337226539850235, "130": 0.3360050618648529, "131": 0.3348032534122467, "132": 0.3336207866668701, "133": 0.33244869112968445, "134": 0.331283301115036, "135": 0.3301401734352112, "136": 0.32899266481399536, "137": 0.327863872051239, "138": 0.32673460245132446, "139": 0.32561933994293213, "140": 0.3244890570640564, "141": 0.323386013507843, "142": 0.32227808237075806, "143": 0.3212089538574219, "144": 0.3201046884059906, "145": 0.3190363645553589, "146": 0.31794804334640503, "147": 0.31689193844795227, "148": 0.3157709240913391, "149": 0.31472668051719666, "150": 0.31350255012512207, "151": 0.3124065697193146, "152": 0.3114381730556488, "153": 0.310390830039978, "154": 0.30930596590042114, "155": 0.308186799287796, "156": 0.3070327937602997, "157": 0.3058446943759918, "158": 0.304623544216156, "159": 0.3033703565597534, "160": 0.3021000325679779, "161": 0.30078697204589844, "162": 0.29921746253967285, "163": 0.2972617745399475, "164": 0.2962859570980072, "165": 0.29495519399642944, "166": 0.2937549948692322, "167": 0.29248368740081787, "168": 0.2911602854728699, "169": 0.2897293269634247, "170": 0.2882976830005646, "171": 0.286765992641449, "172": 0.28517836332321167, "173": 0.2836858630180359, "174": 0.2811662554740906, "175": 0.2799256145954132, "176": 0.27876439690589905, "177": 0.27761533856391907, "178": 0.27648597955703735, "179": 0.2753562033176422, "180": 0.27422574162483215, "181": 0.27290114760398865, "182": 0.2714761793613434, "183": 0.27003705501556396, "184": 0.2686903476715088, "185": 0.2670263946056366, "186": 0.26589247584342957, "187": 0.2648431658744812, "188": 0.2638102173805237, "189": 0.26278674602508545, "190": 0.2614291310310364, "191": 0.26041653752326965, "192": 0.2590678334236145, "193": 0.2580401301383972, "194": 0.25688207149505615, "195": 0.2558846175670624, "196": 0.2547462582588196, "197": 0.2534278631210327, "198": 0.2524227499961853, "199": 0.2514604926109314, "200": 0.2502501606941223, "201": 0.24929536879062653, "202": 0.24808208644390106, "203": 0.2468867003917694, "204": 0.24573564529418945, "205": 0.2446128875017166, "206": 0.24353782832622528, "207": 0.2425081729888916, "208": 0.24131669104099274, "209": 0.24036401510238647, "210": 0.23949891328811646, "211": 0.23848915100097656, "212": 0.23759159445762634, "213": 0.23671603202819824, "214": 0.23580430448055267, "215": 0.2349405735731125, "216": 0.2339802384376526, "217": 0.23311679065227509, "218": 0.23219965398311615, "219": 0.23117893934249878, "220": 0.2301158457994461, "221": 0.22917045652866364, "222": 0.2282780557870865, "223": 0.22741997241973877, "224": 0.2265508770942688, "225": 0.22570566833019257, "226": 0.22490577399730682, "227": 0.22395244240760803, "228": 0.22319296002388, "229": 0.22238272428512573, "230": 0.2214891016483307, "231": 0.22068247199058533, "232": 0.21986320614814758, "233": 0.21904081106185913, "234": 0.2182556688785553, "235": 0.21747304499149323, "236": 0.21671655774116516, "237": 0.21598635613918304, "238": 0.2152133285999298, "239": 0.21449925005435944, "240": 0.2136879563331604, "241": 0.21294991672039032, "242": 0.21221068501472473, "243": 0.21150368452072144, "244": 0.21079377830028534, "245": 0.21011024713516235, "246": 0.20940640568733215, "247": 0.20874306559562683, "248": 0.20806890726089478, "249": 0.20742788910865784, "250": 0.20677800476551056, "251": 0.20616427063941956, "252": 0.20553365349769592, "253": 0.2049388289451599, "254": 0.20429730415344238, "255": 0.20370957255363464, "256": 0.20306262373924255, "257": 0.20248153805732727, "258": 0.20188379287719727, "259": 0.20130017399787903, "260": 0.20070557296276093, "261": 0.20013383030891418, "262": 0.19956405460834503, "263": 0.1990068554878235, "264": 0.19844505190849304, "265": 0.19789788126945496, "266": 0.19734017550945282, "267": 0.19679057598114014, "268": 0.1962766796350479, "269": 0.19578026235103607, "270": 0.19527141749858856, "271": 0.19478605687618256, "272": 0.1942601203918457, "273": 0.193792924284935, "274": 0.19333750009536743, "275": 0.19289818406105042, "276": 0.19246676564216614, "277": 0.1920429766178131, "278": 0.1916075050830841, "279": 0.19119033217430115, "280": 0.1907709538936615, "281": 0.19035017490386963, "282": 0.18993845582008362, "283": 0.18954072892665863, "284": 0.18919119238853455, "285": 0.18872451782226562, "286": 0.18834196031093597, "287": 0.18792298436164856, "288": 0.1875287890434265, "289": 0.1871393918991089, "290": 0.18668131530284882, "291": 0.18628811836242676, "292": 0.18589173257350922, "293": 0.1853386014699936, "294": 0.18494504690170288, "295": 0.18455374240875244,