{"0": 998.3068526983261, "1": -0.19154435396194458, "2": 0.002316713333129883, "3": 0.18777978420257568, "4": 0.10233688354492188, "5": 0.04733097553253174, "6": 0.030632615089416504, "7": 0.02297210693359375, "8": 0.018181324005126953, "9": 0.015125006437301636, "10": 0.01298341155052185, "11": 0.011212557554244995, "12": 0.01001688838005066, "13": 0.009100675582885742, "14": 0.008096665143966675, "15": 0.007265359163284302, "16": 0.006833553314208984, "17": 0.0063658058643341064, "18": 0.005970686674118042, "19": 0.005563884973526001, "20": 0.005311697721481323, "21": 0.004988521337509155, "22": 0.0047890543937683105, "23": 0.004548877477645874, "24": 0.0043423473834991455, "25": 0.004145413637161255, "26": 0.003987342119216919, "27": 0.00382918119430542, "28": 0.003669261932373047, "29": 0.0035424530506134033, "30": 0.0034212470054626465, "31": 0.0032908618450164795, "32": 0.0031690597534179688, "33": 0.0030676722526550293, "34": 0.0029621422290802, "35": 0.002902686595916748, "36": 0.0028081536293029785, "37": 0.0027303099632263184, "38": 0.002643406391143799, "39": 0.0025665760040283203, "40": 0.0024988651275634766, "41": 0.00243338942527771, "42": 0.002370208501815796, "43": 0.002309441566467285, "44": 0.0022542476654052734, "45": 0.002204000949859619, "46": 0.0021449923515319824, "47": 0.0020926594734191895, "48": 0.0020360350608825684, "49": 0.001993119716644287, "50": 0.0019432902336120605, "51": 0.0018970668315887451, "52": 0.0018534362316131592, "53": 0.0018121004104614258, "54": 0.001779794692993164, "55": 0.0017469525337219238, "56": 0.001719146966934204, "57": 0.0016884803771972656, "58": 0.0016630589962005615, "59": 0.0016335546970367432, "60": 0.001605898141860962, "61": 0.0015758872032165527, "62": 0.0015513300895690918, "63": 0.0015289783477783203, "64": 0.0015042424201965332, "65": 0.0014850497245788574, "66": 0.0014607906341552734, "67": 0.001438230276107788, "68": 0.0014131218194961548, "69": 0.0013874024152755737, "70": 0.0013628602027893066, "71": 0.0013423264026641846, "72": 0.0013208389282226562, "73": 0.0012969970703125, "74": 0.001278907060623169, "75": 0.0012630224227905273, "76": 0.0012451261281967163, "77": 0.0012281686067581177, "78": 0.001214548945426941, "79": 0.0012045949697494507, "80": 0.0011925995349884033, "81": 0.0011790692806243896, "82": 0.0011703670024871826, "83": 0.0011610090732574463, "84": 0.0011452436447143555, "85": 0.001126706600189209, "86": 0.0011116266250610352, "87": 0.001106545329093933, "88": 0.0010964423418045044, "89": 0.0010860264301300049, "90": 0.0010689496994018555, "91": 0.0010600239038467407, "92": 0.0010564476251602173, "93": 0.001055389642715454, "94": 0.0010476559400558472, "95": 0.0010423362255096436, "96": 0.0010487139225006104, "97": 0.0010533779859542847, "98": 0.0010613501071929932, "99": 0.0010903626680374146, "100": 0.0011415183544158936, "101": 0.0011932700872421265, "102": 0.0012622922658920288, "103": 0.0015536397695541382, "104": 0.0017404705286026, "105": 0.0018937140703201294, "106": 0.0016820430755615234, "107": 0.0017201602458953857, "108": 0.0019198358058929443, "109": 0.0017057210206985474, "110": 0.0017187148332595825, "111": 0.0016569942235946655, "112": 0.0016009658575057983, "113": 0.0017440468072891235, "114": 0.0017164796590805054, "115": 0.0016706883907318115, "116": 0.001595720648765564, "117": 0.001345515251159668, "118": 0.0012745261192321777, "119": 0.0012978911399841309, "120": 0.0012050122022628784, "121": 0.0011414885520935059, "122": 0.0011775046586990356, "123": 0.0010389238595962524, "124": 0.0012021809816360474, "125": 0.0011382997035980225, "126": 0.0012424439191818237, "127": 0.0011232495307922363, "128": 0.001131013035774231, "129": 0.000994667410850525, "130": 0.0010580122470855713, "131": 0.0010197162628173828, "132": 0.0009724199771881104, "133": 0.001027822494506836, "134": 0.0009308457374572754, "135": 0.001016765832901001, "136": 0.0009203851222991943, "137": 0.0010560005903244019, "138": 0.000979110598564148, "139": 0.0009455978870391846, "140": 0.0009132623672485352, "141": 0.00087757408618927, "142": 0.0008664578199386597, "143": 0.0008167177438735962, "144": 0.0008842200040817261, "145": 0.0007516145706176758, "146": 0.0009133815765380859, "147": 0.000891566276550293, "148": 0.0008829385042190552, "149": 0.0008343011140823364, "150": 0.0008734911680221558, "151": 0.0008316934108734131, "152": 0.0008589774370193481, "153": 0.0007683634757995605, "154": 0.0007496774196624756, "155": 0.0007675588130950928, "156": 0.0007035136222839355, "157": 0.0007425546646118164, "158": 0.0006293654441833496, "159": 0.0007251352071762085, "160": 0.0006515830755233765, "161": 0.0007060766220092773, "162": 0.0006334483623504639, "163": 0.0006384998559951782, "164": 0.0006308108568191528, "165": 0.0005984902381896973, "166": 0.000634804368019104, "167": 0.0005908012390136719, "168": 0.0006339102983474731, "169": 0.000557631254196167, "170": 0.0006180256605148315, "171": 0.0005832314491271973, "172": 0.0005668699741363525, "173": 0.0005572289228439331, "174": 0.0005061924457550049, "175": 0.0005507171154022217, "176": 0.000505596399307251, "177": 0.00040227174758911133, "178": 0.00043126940727233887, "179": 0.0005426704883575439, "180": 0.0005005002021789551, "181": 0.0004023313522338867, "182": 0.0004913657903671265, "183": 0.0005239695310592651, "184": 0.00044852495193481445, "185": 0.0004353821277618408, "186": 0.0003944188356399536, "187": 0.00041744112968444824, "188": 0.00036440789699554443, "189": 0.000395357608795166, "190": 0.00036181509494781494, "191": 0.00039295852184295654, "192": 0.00039455294609069824, "193": 0.00034862756729125977, "194": 0.0004074275493621826, "195": 0.00038483738899230957, "196": 0.0004012957215309143, "197": 0.00038980692625045776, "198": 0.00041356682777404785, "199": 0.00038205087184906006, "200": 0.0003962516784667969, "201": 0.0003841221332550049, "202": 0.0002836659550666809, "203": 0.0002854689955711365, "204": 0.00029575079679489136, "205": 0.0003255307674407959, "206": 0.00033717602491378784, "207": 0.0003450140357017517, "208": 0.0003172159194946289, "209": 0.00030625611543655396, "210": 0.00033961236476898193, "211": 0.0003075599670410156, "212": 0.00028614699840545654, "213": 0.0003033578395843506, "214": 0.00026684999465942383, "215": 0.00027330219745635986, "216": 0.00024271011352539062, "217": 0.0002469569444656372, "218": 0.0002713128924369812, "219": 0.0002447068691253662, "220": 0.0002665892243385315, "221": 0.00026957690715789795, "222": 0.0002527311444282532, "223": 0.0002482309937477112, "224": 0.00023652613162994385, "225": 0.00025378912687301636, "226": 0.00021946430206298828, "227": 0.0002206936478614807, "228": 0.00023701786994934082, "229": 0.00024050474166870117, "230": 0.0001919567584991455, "231": 0.0001607835292816162, "232": 0.00018605589866638184, "233": 0.0001608729362487793, "234": 0.00021517276763916016, "235": 0.00015285611152648926, "236": 0.00015240907669067383, "237": 0.0001795440912246704, "238": 0.00020603090524673462, "239": 0.0002124309539794922, "240": 0.00017108023166656494, "241": 0.0001512467861175537, "242": 0.00015548616647720337, "243": 0.0001474320888519287, "244": 0.0001253560185432434, "245": 0.000131167471408844, "246": 0.0001302659511566162, "247": 0.00012820959091186523, "248": 0.00014437735080718994, "249": 0.00015307962894439697, "250": 0.00015692412853240967, "251": 0.00016748160123825073, "252": 0.00015366077423095703, "253": 0.0001534596085548401, "254": 0.00012832880020141602, "255": 8.75517725944519e-05, "256": 8.437782526016235e-05, "257": 8.750706911087036e-05, "258": 8.432567119598389e-05, "259": 8.780509233474731e-05, "260": 8.263438940048218e-05, "261": 8.12038779258728e-05, "262": 8.322298526763916e-05, "263": 7.964670658111572e-05, "264": 7.314980030059814e-05, "265": 7.162988185882568e-05, "266": 6.966292858123779e-05, "267": 6.96331262588501e-05, "268": 7.055699825286865e-05, "269": 7.370114326477051e-05, "270": 0.0001261010766029358,