{"0": 0.6931474208831787, "1": 0.2892095744609833, "2": 0.2889551520347595, "3": 0.21115781366825104, "4": 0.1922547072172165, "5": 0.18537092208862305, "6": 0.1802605241537094, "7": 0.17587389051914215, "8": 0.17199288308620453, "9": 0.1685241311788559, "10": 0.16540491580963135, "11": 0.16259397566318512, "12": 0.16004179418087006, "13": 0.15776965022087097, "14": 0.15570031106472015, "15": 0.15376470983028412, "16": 0.15193021297454834, "17": 0.15019576251506805, "18": 0.14855344593524933, "19": 0.14699524641036987, "20": 0.14550088346004486, "21": 0.14407141506671906, "22": 0.14270465075969696, "23": 0.14138667285442352, "24": 0.14011384546756744, "25": 0.1388828456401825, "26": 0.13768412172794342, "27": 0.1365230679512024, "28": 0.1353984773159027, "29": 0.13429220020771027, "30": 0.1332179605960846, "31": 0.13216936588287354, "32": 0.13115695118904114, "33": 0.130157470703125, "34": 0.12918783724308014, "35": 0.12824036180973053, "36": 0.1273101419210434, "37": 0.12640374898910522, "38": 0.12551866471767426, "39": 0.12465690076351166, "40": 0.12380813807249069, "41": 0.1229749247431755, "42": 0.12215869128704071, "43": 0.12136100232601166, "44": 0.12058106064796448, "45": 0.11981837451457977, "46": 0.11907358467578888, "47": 0.11834685504436493, "48": 0.1176392138004303, "49": 0.1169453114271164, "50": 0.11626625806093216, "51": 0.11560188233852386, "52": 0.11495181918144226, "53": 0.11431661993265152, "54": 0.11369407176971436, "55": 0.11308562010526657, "56": 0.11249415576457977, "57": 0.11191190779209137, "58": 0.11134347319602966, "59": 0.11078926920890808, "60": 0.11024460196495056, "61": 0.10971175134181976, "62": 0.10919026285409927, "63": 0.10867912322282791, "64": 0.1081785261631012, "65": 0.10768762975931168, "66": 0.10720387101173401, "67": 0.10672824829816818, "68": 0.10626041889190674, "69": 0.10579949617385864, "70": 0.10534633696079254, "71": 0.10489917546510696, "72": 0.10445764660835266, "73": 0.10402233898639679, "74": 0.10359305143356323, "75": 0.10316947102546692, "76": 0.10275066643953323, "77": 0.10233627259731293, "78": 0.10192251950502396, "79": 0.1015106737613678, "80": 0.10110022872686386, "81": 0.1006869450211525, "82": 0.10026786476373672, "83": 0.09984537959098816, "84": 0.09942144900560379, "85": 0.09899754077196121, "86": 0.09857014566659927, "87": 0.0981343612074852, "88": 0.09768983721733093, "89": 0.09722357988357544, "90": 0.09668349474668503, "91": 0.09605561196804047, "92": 0.09533439576625824, "93": 0.09448866546154022, "94": 0.09372520446777344, "95": 0.0928771048784256, "96": 0.09202441573143005, "97": 0.09134218096733093, "98": 0.09058144688606262, "99": 0.08983366936445236, "100": 0.0889853909611702, "101": 0.0882825031876564, "102": 0.08741623908281326, "103": 0.08668822050094604, "104": 0.08588363230228424, "105": 0.08520059287548065, "106": 0.08446131646633148, "107": 0.08367885649204254, "108": 0.08302266895771027, "109": 0.08235719799995422, "110": 0.08171652257442474, "111": 0.08107949048280716, "112": 0.08043227344751358, "113": 0.07979175448417664, "114": 0.07915415614843369, "115": 0.07851271331310272, "116": 0.07789837568998337, "117": 0.0772668793797493, "118": 0.07666049897670746, "119": 0.07606209814548492, "120": 0.07550350576639175, "121": 0.07494218647480011, "122": 0.07440222054719925, "123": 0.07386109977960587, "124": 0.07334409654140472, "125": 0.07281361520290375, "126": 0.07230626791715622, "127": 0.0717799961566925, "128": 0.071274533867836, "129": 0.07076458632946014, "130": 0.0702800303697586, "131": 0.06979862600564957, "132": 0.0693330392241478, "133": 0.06887154281139374, "134": 0.06843045353889465, "135": 0.06798581779003143, "136": 0.06755520403385162, "137": 0.06711798906326294, "138": 0.06669975817203522, "139": 0.06626299023628235, "140": 0.06585152447223663, "141": 0.0654190331697464, "142": 0.0650223046541214, "143": 0.06460383534431458, "144": 0.06421435624361038, "145": 0.06382345408201218, "146": 0.06343750655651093, "147": 0.06306655704975128, "148": 0.06269467622041702, "149": 0.06233343482017517, "150": 0.061977192759513855, "151": 0.06162205711007118, "152": 0.06127965822815895, "153": 0.06092347204685211, "154": 0.060593824833631516, "155": 0.060258254408836365, "156": 0.059939008206129074, "157": 0.05960189551115036, "158": 0.05929344519972801, "159": 0.0589553564786911, "160": 0.05864931270480156, "161": 0.058318302035331726, "162": 0.05801095813512802, "163": 0.05770721286535263, "164": 0.05741100385785103, "165": 0.057116616517305374, "166": 0.05682847648859024, "167": 0.056544166058301926, "168": 0.05626862123608589, "169": 0.05598761886358261, "170": 0.05571191385388374, "171": 0.055437810719013214, "172": 0.05516719073057175, "173": 0.05489911884069443, "174": 0.054630525410175323, "175": 0.05436006933450699, "176": 0.05409768596291542, "177": 0.053830549120903015, "178": 0.05359852313995361, "179": 0.05327822268009186, "180": 0.0529613122344017, "181": 0.05262189358472824, "182": 0.05235394090414047, "183": 0.052085742354393005, "184": 0.05180793255567551, "185": 0.05155182629823685, "186": 0.051231253892183304, "187": 0.05092263221740723, "188": 0.05067397654056549, "189": 0.0504472590982914, "190": 0.05015680938959122, "191": 0.049938760697841644, "192": 0.0496840700507164, "193": 0.04945454001426697, "194": 0.04921478033065796, "195": 0.048985015600919724, "196": 0.04879656061530113, "197": 0.04860527068376541, "198": 0.048412226140499115, "199": 0.048213884234428406, "200": 0.048017460852861404, "201": 0.047818444669246674, "202": 0.04764677211642265, "203": 0.04747927188873291, "204": 0.047333523631095886, "205": 0.04719498008489609, "206": 0.04705871641635895, "207": 0.04692736640572548, "208": 0.04680143669247627, "209": 0.0466516837477684, "210": 0.046486858278512955, "211": 0.04627139866352081, "212": 0.04608215019106865, "213": 0.045949988067150116, "214": 0.04582132399082184, "215": 0.04569639265537262, "216": 0.045572806149721146, "217": 0.04545139521360397, "218": 0.04533141106367111, "219": 0.04520689696073532, "220": 0.04502009227871895, "221": 0.044893912971019745, "222": 0.04477347433567047, "223": 0.044589851051568985, "224": 0.044470932334661484, "225": 0.04435449838638306, "226": 0.0442371666431427, "227": 0.04412267357110977, "228": 0.04395250976085663, "229": 0.043842166662216187, "230": 0.04373246058821678, "231": 0.04362398013472557, "232": 0.0435183122754097, "233": 0.043408386409282684, "234": 0.043300628662109375, "235": 0.043198131024837494, "236": 0.04309902340173721, "237": 0.04297962784767151, "238": 0.04288633167743683, "239": 0.042793307453393936, "240": 0.04264332354068756, "241": 0.04255007207393646, "242": 0.04245653748512268, "243": 0.04235471412539482, "244": 0.042263515293598175, "245": 0.0421731062233448, "246": 0.04204327613115311, "247": 0.04195708781480789, "248": 0.04186973720788956, "249": 0.04178375005722046, "250": 0.04169464111328125, "251": 0.04161302000284195, "252": 0.041532356292009354, "253": 0.041445277631282806, "254": 0.04136639088392258, "255": 0.04128975421190262, "256": 0.04121006280183792, "257": 0.04113627225160599, "258": 0.04106220602989197, "259": 0.040937431156635284, "260": 0.04086485132575035, "261": 0.04079270362854004, "262": 0.04071711003780365, "263": 0.04063104838132858, "264": 0.040557634085416794, "265": 0.04048524051904678, "266": 0.04041355475783348, "267": 0.04033348709344864, "268": 0.04026276618242264, "269": 0.04019197076559067, "270": 0.040117450058460236, "271": 0.0400458425283432, "272": 0.03997522592544556, "273": 0.039898503571748734, "274": 0.03982599824666977, "275": 0.039755742996931076, "276": 0.03968864679336548, "277": 0.03958268463611603, "278": 0.03951752185821533, "279": 0.03945212438702583, "280": 0.03938651084899902, "281": 0.03932056576013565, "282": 0.039221152663230896, "283": 0.03916202113032341, "284": 0.03910594433546066, "285": 0.039050035178661346, "286": 0.03899882733821869, "287": 0.038946136832237244, "288": 0.03889380022883415,