{"0": 998.3068525791168, "1": 0.41568851470947266, "2": 0.00021064281463623047, "3": 0.06604205071926117, "4": 0.02096514403820038, "5": 0.0074615031480789185, "6": 0.005261078476905823, "7": 0.004479572176933289, "8": 0.003985568881034851, "9": 0.003578081727027893, "10": 0.003235846757888794, "11": 0.00294281542301178, "12": 0.0026902109384536743, "13": 0.0024153143167495728, "14": 0.0022248923778533936, "15": 0.0020872801542282104, "16": 0.001969084143638611, "17": 0.0018579661846160889, "18": 0.0017704814672470093, "19": 0.0016844570636749268, "20": 0.001612648367881775, "21": 0.0015456825494766235, "22": 0.00148753821849823, "23": 0.0014374703168869019, "24": 0.0013899654150009155, "25": 0.00134943425655365, "26": 0.00131244957447052, "27": 0.0012727677822113037, "28": 0.0012371093034744263, "29": 0.001204952597618103, "30": 0.0011761337518692017, "31": 0.001142263412475586, "32": 0.001113295555114746, "33": 0.0010891184210777283, "34": 0.0010653063654899597, "35": 0.0010400637984275818, "36": 0.001013822853565216, "37": 0.0009890049695968628, "38": 0.000966884195804596, "39": 0.0009440407156944275, "40": 0.0009231492877006531, "41": 0.0009003505110740662, "42": 0.0008819997310638428, "43": 0.0008611828088760376, "44": 0.0008370280265808105, "45": 0.00081586092710495, "46": 0.000794626772403717, "47": 0.0007733851671218872, "48": 0.000754140317440033, "49": 0.0007349327206611633, "50": 0.0007169172167778015, "51": 0.0007000863552093506, "52": 0.0006828904151916504, "53": 0.0006655380129814148, "54": 0.0006488710641860962, "55": 0.0006322860717773438, "56": 0.0006168186664581299, "57": 0.0006017237901687622, "58": 0.0005864948034286499, "59": 0.0005739778280258179, "60": 0.0005611628293991089, "61": 0.0005483627319335938, "62": 0.0005364716053009033, "63": 0.0005244836211204529, "64": 0.0005132481455802917, "65": 0.0005023032426834106, "66": 0.0004922077059745789, "67": 0.00048313289880752563, "68": 0.0004749596118927002, "69": 0.0004671141505241394, "70": 0.00045906752347946167, "71": 0.0004510805010795593, "72": 0.00044461339712142944, "73": 0.0004391968250274658, "74": 0.0004335641860961914, "75": 0.0004278793931007385, "76": 0.0004226565361022949, "77": 0.00041815638542175293, "78": 0.00041478127241134644, "79": 0.00041390955448150635, "80": 0.00041337311267852783, "81": 0.000414237380027771, "82": 0.00041610002517700195, "83": 0.00042144209146499634, "84": 0.0004255250096321106, "85": 0.00042975693941116333, "86": 0.0004349127411842346, "87": 0.00044167041778564453, "88": 0.00045158714056015015, "89": 0.0004664883017539978, "90": 0.0005218982696533203, "91": 0.0006378591060638428, "92": 0.000764012336730957, "93": 0.0006398037075996399, "94": 0.0007232651114463806, "95": 0.0008225589990615845, "96": 0.0008822903037071228, "97": 0.0008941963315010071, "98": 0.0008651837706565857, "99": 0.0008163526654243469, "100": 0.0009091794490814209, "101": 0.0008016079664230347, "102": 0.0009345188736915588, "103": 0.0010074377059936523, "104": 0.0007638260722160339, "105": 0.0007554590702056885, "106": 0.0007774829864501953, "107": 0.0007037743926048279, "108": 0.0007976293563842773, "109": 0.0007156804203987122, "110": 0.0007774531841278076, "111": 0.0006952583789825439, "112": 0.000699169933795929, "113": 0.0006811991333961487, "114": 0.0007222294807434082, "115": 0.0006416589021682739, "116": 0.0005969852209091187, "117": 0.0006400570273399353, "118": 0.0005687624216079712, "119": 0.0006363764405250549, "120": 0.0005501657724380493, "121": 0.0006003528833389282, "122": 0.00054188072681427, "123": 0.0005650371313095093, "124": 0.0005340576171875, "125": 0.0005864724516868591, "126": 0.0005134269595146179, "127": 0.0005094408988952637, "128": 0.0004965849220752716, "129": 0.0004784613847732544, "130": 0.0004805661737918854, "131": 0.0004589781165122986, "132": 0.00047219544649124146, "133": 0.0004455782473087311, "134": 0.0004569143056869507, "135": 0.00044525787234306335, "136": 0.00044903531670570374, "137": 0.0004397667944431305, "138": 0.0004197545349597931, "139": 0.00043060630559921265, "140": 0.0003957971930503845, "141": 0.0004245154559612274, "142": 0.00038256123661994934, "143": 0.00040382519364356995, "144": 0.00037557631731033325, "145": 0.0003981292247772217, "146": 0.0003726780414581299, "147": 0.00038504600524902344, "148": 0.00036847591400146484, "149": 0.00037865713238716125, "150": 0.00036237016320228577, "151": 0.00035900622606277466, "152": 0.00035324692726135254, "153": 0.0003479309380054474, "154": 0.00033629313111305237, "155": 0.0003281049430370331, "156": 0.00032847747206687927, "157": 0.0003232806921005249, "158": 0.0003223717212677002, "159": 0.00031590089201927185, "160": 0.0003040321171283722, "161": 0.00032283365726470947, "162": 0.00029480457305908203, "163": 0.0003151409327983856, "164": 0.0002915188670158386, "165": 0.00030786916613578796, "166": 0.0002833232283592224, "167": 0.0002917349338531494, "168": 0.0002747662365436554, "169": 0.00028829649090766907, "170": 0.00027154386043548584, "171": 0.00027327612042427063, "172": 0.00026481226086616516, "173": 0.00026381760835647583, "174": 0.00025949999690055847, "175": 0.0002522878348827362, "176": 0.00025884807109832764, "177": 0.0002458840608596802, "178": 0.000246584415435791, "179": 0.00024680793285369873, "180": 0.0002366676926612854, "181": 0.00024671852588653564, "182": 0.00022932887077331543, "183": 0.00024380534887313843, "184": 0.00022684037685394287, "185": 0.0002363845705986023, "186": 0.0002168603241443634, "187": 0.00022942200303077698, "188": 0.00021355599164962769, "189": 0.00021900981664657593, "190": 0.00020892545580863953, "191": 0.00021014735102653503, "192": 0.0002036057412624359, "193": 0.00020381063222885132, "194": 0.0002008788287639618, "195": 0.000202227383852005, "196": 0.00019412115216255188, "197": 0.00019605830311775208, "198": 0.0001878105103969574, "199": 0.00019557029008865356, "200": 0.0001815110445022583, "201": 0.00019163638353347778, "202": 0.00017787516117095947, "203": 0.00018393993377685547, "204": 0.0001715347170829773, "205": 0.0001774020493030548, "206": 0.00016875937581062317, "207": 0.0001776367425918579, "208": 0.00016605854034423828, "209": 0.0001758001744747162, "210": 0.00016508623957633972, "211": 0.00016801804304122925, "212": 0.00016449019312858582, "213": 0.0001667700707912445, "214": 0.00016200914978981018, "215": 0.00015854835510253906, "216": 0.0001552179455757141, "217": 0.0001486651599407196, "218": 0.00015394389629364014, "219": 0.00014404207468032837, "220": 0.00013662874698638916, "221": 0.0001673772931098938, "222": 0.00014819949865341187, "223": 0.00016980990767478943, "224": 0.00014930963516235352, "225": 0.00014870613813400269, "226": 0.00014301016926765442, "227": 0.00014587491750717163, "228": 0.0001356080174446106, "229": 0.0001523829996585846, "230": 0.0001340135931968689, "231": 0.000132877379655838, "232": 0.00016436725854873657, "233": 0.00013377517461776733, "234": 0.00017586350440979004, "235": 0.00017248094081878662, "236": 0.00015351548790931702, "237": 0.00014336034655570984, "238": 0.00013872236013412476, "239": 0.0001461505889892578, "240": 0.00014659762382507324, "241": 0.00011420249938964844, "242": 0.00012967735528945923, "243": 0.00011558085680007935, "244": 0.00015632063150405884, "245": 0.00011711567640304565, "246": 0.00011169910430908203, "247": 0.00014928728342056274, "248": 0.0001212581992149353, "249": 0.00011391937732696533, "250": 0.00015945732593536377, "251": 0.00012826919555664062, "252": 0.00011830776929855347, "253": 0.00010439008474349976, "254": 0.00010342150926589966, "255": 0.00014260411262512207, "256": 0.00012812018394470215, "257": 0.00011097639799118042, "258": 0.00011244043707847595, "259": 0.00014418736100196838, "260": 0.00010817497968673706, "261": 0.00010120496153831482, "262": 0.00010131485760211945, "263": 0.00012472271919250488, "264": 9.766034781932831e-05, "265": 9.49278473854065e-05, "266": 9.310990571975708e-05, "267": 0.00011272355914115906,