{"0": 0.6931474208831787, "1": 0.5480138063430786, "2": 0.5468162298202515, "3": 0.37891602516174316, "4": 0.34281298518180847, "5": 0.3267742395401001, "6": 0.31481778621673584, "7": 0.30490848422050476, "8": 0.2964920401573181, "9": 0.2893141508102417, "10": 0.28301334381103516, "11": 0.2773924171924591, "12": 0.272413969039917, "13": 0.2680092751979828, "14": 0.26417049765586853, "15": 0.2605908513069153, "16": 0.2572372257709503, "17": 0.25406888127326965, "18": 0.2510656416416168, "19": 0.24822236597537994, "20": 0.2455243617296219, "21": 0.2429649531841278, "22": 0.24049994349479675, "23": 0.23815402388572693, "24": 0.23590363562107086, "25": 0.2337438017129898, "26": 0.2316582202911377, "27": 0.2296442836523056, "28": 0.22770971059799194, "29": 0.22581662237644196, "30": 0.2239943891763687, "31": 0.2222071886062622, "32": 0.22046290338039398, "33": 0.21876341104507446, "34": 0.21710003912448883, "35": 0.21547813713550568, "36": 0.2138923555612564, "37": 0.2123374491930008, "38": 0.21081145107746124, "39": 0.2093116044998169, "40": 0.20783740282058716, "41": 0.2063867300748825, "42": 0.20496153831481934, "43": 0.2035612016916275, "44": 0.2021811455488205, "45": 0.20081913471221924, "46": 0.19948191940784454, "47": 0.19817225635051727, "48": 0.19689017534255981, "49": 0.19563502073287964, "50": 0.19439463317394257, "51": 0.19318346679210663, "52": 0.19196845591068268, "53": 0.19077110290527344, "54": 0.1895943135023117, "55": 0.18843668699264526, "56": 0.1873047947883606, "57": 0.18620602786540985, "58": 0.1851157546043396, "59": 0.18404214084148407, "60": 0.1829930692911148, "61": 0.18196573853492737, "62": 0.18096107244491577, "63": 0.1799754500389099, "64": 0.1790003776550293, "65": 0.17803838849067688, "66": 0.17709043622016907, "67": 0.17614459991455078, "68": 0.17520470917224884, "69": 0.17428156733512878, "70": 0.1733754575252533, "71": 0.17248088121414185, "72": 0.17159339785575867, "73": 0.17071224749088287, "74": 0.16983067989349365, "75": 0.16894695162773132, "76": 0.1680644005537033, "77": 0.1671852171421051, "78": 0.16630923748016357, "79": 0.1654365062713623, "80": 0.16456380486488342, "81": 0.16368725895881653, "82": 0.16280031204223633, "83": 0.16190233826637268, "84": 0.16098669171333313, "85": 0.1600518673658371, "86": 0.15909692645072937, "87": 0.15810412168502808, "88": 0.15688833594322205, "89": 0.1555454432964325, "90": 0.15412475168704987, "91": 0.15274891257286072, "92": 0.15124860405921936, "93": 0.14976570010185242, "94": 0.14816990494728088, "95": 0.14688017964363098, "96": 0.14551568031311035, "97": 0.14421437680721283, "98": 0.14293977618217468, "99": 0.1417260468006134, "100": 0.14048802852630615, "101": 0.1394558846950531, "102": 0.1384146809577942, "103": 0.13749393820762634, "104": 0.13642926514148712, "105": 0.13549178838729858, "106": 0.13459905982017517, "107": 0.13380910456180573, "108": 0.13285335898399353, "109": 0.1320560872554779, "110": 0.1311536431312561, "111": 0.13036088645458221, "112": 0.12946635484695435, "113": 0.12865188717842102, "114": 0.1277906745672226, "115": 0.12698209285736084, "116": 0.12621694803237915, "117": 0.12543171644210815, "118": 0.1247224435210228, "119": 0.12402258068323135, "120": 0.12336911261081696, "121": 0.12266955524682999, "122": 0.1219777762889862, "123": 0.12129146605730057, "124": 0.12071065604686737, "125": 0.11997838318347931, "126": 0.11927726864814758, "127": 0.11859854310750961, "128": 0.11800476908683777, "129": 0.11738599091768265, "130": 0.11673606932163239, "131": 0.11620233207941055, "132": 0.11569802463054657, "133": 0.11514514684677124, "134": 0.11454100906848907, "135": 0.11398929357528687, "136": 0.11343302577733994, "137": 0.11289970576763153, "138": 0.11245185136795044, "139": 0.1119026318192482, "140": 0.11140704154968262, "141": 0.11091598868370056, "142": 0.11046858131885529, "143": 0.11002153903245926, "144": 0.10953475534915924, "145": 0.10908359289169312, "146": 0.1086612194776535, "147": 0.10818029940128326, "148": 0.1077447310090065, "149": 0.10729895532131195, "150": 0.10688729584217072, "151": 0.10645356774330139, "152": 0.10604599118232727, "153": 0.10564330965280533, "154": 0.10527829825878143, "155": 0.104885533452034, "156": 0.10443630814552307, "157": 0.10401149094104767, "158": 0.10363588482141495, "159": 0.1032143235206604, "160": 0.10273364931344986, "161": 0.10230538249015808, "162": 0.10192355513572693, "163": 0.10149011015892029, "164": 0.10108323395252228, "165": 0.10067455470561981, "166": 0.10019827634096146, "167": 0.09972809255123138, "168": 0.09936705231666565, "169": 0.0990176647901535, "170": 0.09864158183336258, "171": 0.09830383956432343, "172": 0.09797531366348267, "173": 0.0975671261548996, "174": 0.09714095294475555, "175": 0.09676478803157806, "176": 0.09643374383449554, "177": 0.09599623084068298, "178": 0.09560173749923706, "179": 0.09517322480678558, "180": 0.09481145441532135, "181": 0.09444846212863922, "182": 0.09414023160934448, "183": 0.09378790855407715, "184": 0.09338678419589996, "185": 0.09301155805587769, "186": 0.0926702618598938, "187": 0.0923306792974472, "188": 0.09190884232521057, "189": 0.0914684608578682, "190": 0.09113790839910507, "191": 0.09077805280685425, "192": 0.09044452011585236, "193": 0.09007227420806885, "194": 0.08967511355876923, "195": 0.08934418112039566, "196": 0.08905775845050812, "197": 0.08877778053283691, "198": 0.08845411241054535, "199": 0.08812317252159119, "200": 0.0877808928489685, "201": 0.08749788999557495, "202": 0.08721468597650528, "203": 0.08699195086956024, "204": 0.0866447240114212, "205": 0.08640043437480927, "206": 0.08607473969459534, "207": 0.08579497039318085, "208": 0.08553728461265564, "209": 0.08526274561882019, "210": 0.08499249815940857, "211": 0.08469653874635696, "212": 0.08443941920995712, "213": 0.08422943949699402, "214": 0.08403318375349045, "215": 0.08378191292285919, "216": 0.08355747908353806, "217": 0.08331158757209778, "218": 0.08307686448097229, "219": 0.08289685845375061, "220": 0.08270800113677979, "221": 0.08255855739116669, "222": 0.08237875252962112, "223": 0.08217470347881317, "224": 0.08198490738868713, "225": 0.08181077241897583, "226": 0.08166465908288956, "227": 0.08150138705968857, "228": 0.08135399222373962, "229": 0.08122296631336212, "230": 0.08106771111488342, "231": 0.08091001212596893, "232": 0.08077006042003632, "233": 0.08063103258609772, "234": 0.08048592507839203, "235": 0.08036297559738159, "236": 0.08023865520954132, "237": 0.08013613522052765, "238": 0.08003207296133041, "239": 0.07992398738861084, "240": 0.07972200959920883, "241": 0.0796213299036026, "242": 0.07952339202165604, "243": 0.07943280041217804, "244": 0.07933875918388367, "245": 0.07925336062908173, "246": 0.07916427403688431, "247": 0.07906563580036163, "248": 0.07897765934467316, "249": 0.07890371233224869, "250": 0.07881179451942444, "251": 0.07873781025409698, "252": 0.07865874469280243, "253": 0.07857906818389893, "254": 0.07850425690412521, "255": 0.0784342959523201, "256": 0.07836303859949112, "257": 0.07825347781181335, "258": 0.07818526774644852, "259": 0.07812018692493439, "260": 0.07805300503969193, "261": 0.07798817753791809, "262": 0.0779213160276413, "263": 0.07785896956920624, "264": 0.07780724763870239, "265": 0.07775816321372986, "266": 0.07771367579698563, "267": 0.07767004519701004, "268": 0.07761633396148682, "269": 0.0775730162858963, "270": 0.07753005623817444, "271": 0.07747535407543182, "272": 0.07743139564990997, "273": 0.07737665623426437, "274": 0.07733410596847534, "275": 0.07729320228099823, "276": 0.07725284993648529, "277": 0.07721371948719025, "278": 0.07717658579349518, "279": 0.07713927328586578, "280": 0.07709558308124542, "281": 0.07705630362033844, "282": 0.07701568305492401, "283": 0.07697440683841705, "284": 0.07693326473236084, "285": 0.07689246535301208, "286": 0.07685273140668869, "287": 0.07673037797212601, "288": 0.07668739557266235, "289": 0.07664421945810318, "290": 0.07653295993804932,