{"0": 0.6931474208831787, "1": 0.8783441781997681, "2": 0.8750166893005371, "3": 0.7875033020973206, "4": 0.717207133769989, "5": 0.6685604453086853, "6": 0.63177090883255, "7": 0.6021154522895813, "8": 0.5771965980529785, "9": 0.5559695959091187, "10": 0.5374357104301453, "11": 0.5210727453231812, "12": 0.5066871643066406, "13": 0.4938698410987854, "14": 0.4822337031364441, "15": 0.4717027246952057, "16": 0.46191132068634033, "17": 0.45284610986709595, "18": 0.44429323077201843, "19": 0.4362734258174896, "20": 0.42872902750968933, "21": 0.4216320216655731, "22": 0.4149757921695709, "23": 0.40869253873825073, "24": 0.4027254581451416, "25": 0.397103488445282, "26": 0.39176395535469055, "27": 0.38663408160209656, "28": 0.381730854511261, "29": 0.3770361542701721, "30": 0.3725394308567047, "31": 0.3682337999343872, "32": 0.3641068935394287, "33": 0.36013907194137573, "34": 0.3563075661659241, "35": 0.35261788964271545, "36": 0.3490503430366516, "37": 0.3456021845340729, "38": 0.34228768944740295, "39": 0.33909404277801514, "40": 0.3360019028186798, "41": 0.3330148160457611, "42": 0.3301168382167816, "43": 0.3273082971572876, "44": 0.3245755434036255, "45": 0.3219292163848877, "46": 0.3193631172180176, "47": 0.316870778799057, "48": 0.31444689631462097, "49": 0.31208503246307373, "50": 0.3097912073135376, "51": 0.30756276845932007, "52": 0.3053991198539734, "53": 0.30328428745269775, "54": 0.30122488737106323, "55": 0.2992236614227295, "56": 0.2972787618637085, "57": 0.29538029432296753, "58": 0.29352548718452454, "59": 0.29172348976135254, "60": 0.2899749279022217, "61": 0.28827089071273804, "62": 0.28660380840301514, "63": 0.2849709689617157, "64": 0.28338679671287537, "65": 0.28183794021606445, "66": 0.2803260087966919, "67": 0.27884581685066223, "68": 0.27740246057510376, "69": 0.2759859561920166, "70": 0.2745938301086426, "71": 0.27323007583618164, "72": 0.2718987762928009, "73": 0.2706008553504944, "74": 0.26933327317237854, "75": 0.2680893540382385, "76": 0.266867458820343, "77": 0.26567164063453674, "78": 0.26449501514434814, "79": 0.2633458077907562, "80": 0.26221632957458496, "81": 0.2611095905303955, "82": 0.26002559065818787, "83": 0.25896552205085754, "84": 0.25792253017425537, "85": 0.2568981647491455, "86": 0.255888968706131, "87": 0.25489163398742676, "88": 0.25391507148742676, "89": 0.25295406579971313, "90": 0.2520084083080292, "91": 0.2510831356048584, "92": 0.2501789927482605, "93": 0.24929144978523254, "94": 0.2484298050403595, "95": 0.2475893199443817, "96": 0.24676212668418884, "97": 0.24594858288764954, "98": 0.2451450079679489, "99": 0.24435359239578247, "100": 0.24357518553733826, "101": 0.24281230568885803, "102": 0.2420632690191269, "103": 0.24133369326591492, "104": 0.24061571061611176, "105": 0.23990818858146667, "106": 0.23920322954654694, "107": 0.23850513994693756, "108": 0.23781348764896393, "109": 0.2371281236410141, "110": 0.23644746840000153, "111": 0.2357770800590515, "112": 0.23511680960655212, "113": 0.23446089029312134, "114": 0.23381280899047852, "115": 0.23316043615341187, "116": 0.23250921070575714, "117": 0.23185418546199799, "118": 0.23118293285369873, "119": 0.23049913346767426, "120": 0.22980840504169464, "121": 0.22910428047180176, "122": 0.22838589549064636, "123": 0.22765707969665527, "124": 0.22690512239933014, "125": 0.22612690925598145, "126": 0.22533071041107178, "127": 0.22450248897075653, "128": 0.22363778948783875, "129": 0.22272485494613647, "130": 0.22174181044101715, "131": 0.2206801474094391, "132": 0.21955858170986176, "133": 0.21838711202144623, "134": 0.21718856692314148, "135": 0.21586093306541443, "136": 0.2146325260400772, "137": 0.21346276998519897, "138": 0.2122718244791031, "139": 0.21102043986320496, "140": 0.20962058007717133, "141": 0.20822274684906006, "142": 0.20678943395614624, "143": 0.20534035563468933, "144": 0.20380564033985138, "145": 0.2022925317287445, "146": 0.20088253915309906, "147": 0.19955071806907654, "148": 0.19835948944091797, "149": 0.1970149576663971, "150": 0.19584405422210693, "151": 0.1945558488368988, "152": 0.1933278739452362, "153": 0.19193148612976074, "154": 0.1908075213432312, "155": 0.18966253101825714, "156": 0.18869595229625702, "157": 0.18762612342834473, "158": 0.18670442700386047, "159": 0.1856876015663147, "160": 0.18471181392669678, "161": 0.18367663025856018, "162": 0.18278448283672333, "163": 0.1817915141582489, "164": 0.18089225888252258, "165": 0.17989054322242737, "166": 0.1789797842502594, "167": 0.17800015211105347, "168": 0.1770731806755066, "169": 0.17630037665367126, "170": 0.17557892203330994, "171": 0.17472118139266968, "172": 0.17388232052326202, "173": 0.17302313446998596, "174": 0.17225947976112366, "175": 0.17149855196475983, "176": 0.17081910371780396, "177": 0.17008653283119202, "178": 0.16943411529064178, "179": 0.16882315278053284, "180": 0.16820645332336426, "181": 0.16775216162204742, "182": 0.16719818115234375, "183": 0.16664539277553558, "184": 0.16612952947616577, "185": 0.16559763252735138, "186": 0.16504299640655518, "187": 0.16452209651470184, "188": 0.16403773427009583, "189": 0.16360726952552795, "190": 0.1631367802619934, "191": 0.16270947456359863, "192": 0.16224616765975952, "193": 0.1617853045463562, "194": 0.16127747297286987, "195": 0.16082942485809326, "196": 0.1603459119796753, "197": 0.15984541177749634, "198": 0.15935790538787842, "199": 0.15884307026863098, "200": 0.15832215547561646, "201": 0.15776759386062622, "202": 0.1571979820728302, "203": 0.15674424171447754, "204": 0.15623526275157928, "205": 0.15572547912597656, "206": 0.15524441003799438, "207": 0.15479248762130737, "208": 0.15439367294311523, "209": 0.15392182767391205, "210": 0.15340405702590942, "211": 0.15286794304847717, "212": 0.1523330807685852, "213": 0.15183135867118835, "214": 0.1514299511909485, "215": 0.15102465450763702, "216": 0.15066710114479065, "217": 0.15033793449401855, "218": 0.14997068047523499, "219": 0.1497078835964203, "220": 0.14941200613975525, "221": 0.14917324483394623, "222": 0.1488897204399109, "223": 0.14861363172531128, "224": 0.1483306586742401, "225": 0.14806219935417175, "226": 0.1477803885936737, "227": 0.14754179120063782, "228": 0.14732764661312103, "229": 0.14712169766426086, "230": 0.14696341753005981, "231": 0.14678803086280823, "232": 0.14660975337028503, "233": 0.14637543261051178, "234": 0.14616796374320984, "235": 0.14595595002174377, "236": 0.1457427740097046, "237": 0.14554919302463531, "238": 0.14536571502685547, "239": 0.14518877863883972, "240": 0.1450047343969345, "241": 0.14483901858329773, "242": 0.14467567205429077, "243": 0.14449021220207214, "244": 0.14432021975517273, "245": 0.14411909878253937, "246": 0.14349128305912018, "247": 0.14332740008831024, "248": 0.14317691326141357, "249": 0.14303654432296753, "250": 0.14281129837036133, "251": 0.14261606335639954, "252": 0.14240527153015137, "253": 0.14223647117614746, "254": 0.14191687107086182, "255": 0.14177526533603668, "256": 0.14162014424800873, "257": 0.1414521485567093, "258": 0.14129169285297394, "259": 0.14114975929260254, "260": 0.1409856081008911, "261": 0.14077146351337433, "262": 0.14055326581001282, "263": 0.14031094312667847, "264": 0.1401931643486023, "265": 0.14007100462913513, "266": 0.13995400071144104, "267": 0.13985607028007507, "268": 0.13976243138313293, "269": 0.13966704905033112, "270": 0.1395716369152069, "271": 0.13947640359401703, "272": 0.13936936855316162, "273": 0.1392827332019806, "274": 0.13919959962368011, "275": 0.13909228146076202, "276": 0.13902457058429718, "277": 0.1389855444431305, "278": 0.13894706964492798, "279": 0.13888850808143616, "280": 0.1388544887304306, "281": 0.13881635665893555, "282": 0.13877235352993011, "283": 0.13873708248138428, "284": 0.1386895477771759, "285": 0.13864022493362427, "286": 0.13847997784614563, "287": 0.13844382762908936, "288": 0.13840678334236145, "289": 0.13837116956710815, "290": 0.13833913207054138, "291": 0.13830292224884033, "292": 0.1382724493741989,