{"0": 998.3068525791168, "1": 0.1966090202331543, "2": 0.0009861588478088379, "3": 0.17632383108139038, "4": 0.031752049922943115, "5": 0.013463646173477173, "6": 0.010722309350967407, "7": 0.008786767721176147, "8": 0.0072838664054870605, "9": 0.006041020154953003, "10": 0.00522942841053009, "11": 0.004444524645805359, "12": 0.003937721252441406, "13": 0.003365948796272278, "14": 0.0028506070375442505, "15": 0.002708062529563904, "16": 0.0026094764471054077, "17": 0.002477988600730896, "18": 0.002359822392463684, "19": 0.0022438019514083862, "20": 0.002111271023750305, "21": 0.002003088593482971, "22": 0.0018926411867141724, "23": 0.001785770058631897, "24": 0.0017211884260177612, "25": 0.0016580075025558472, "26": 0.0015876442193984985, "27": 0.0015092343091964722, "28": 0.0014485418796539307, "29": 0.0013912767171859741, "30": 0.0013382434844970703, "31": 0.00128212571144104, "32": 0.00122736394405365, "33": 0.0011827200651168823, "34": 0.0011414289474487305, "35": 0.001104786992073059, "36": 0.0010652244091033936, "37": 0.0010215193033218384, "38": 0.0009964406490325928, "39": 0.0009627491235733032, "40": 0.0009326338768005371, "41": 0.0009022802114486694, "42": 0.0008773207664489746, "43": 0.0008538961410522461, "44": 0.0008299797773361206, "45": 0.0008052736520767212, "46": 0.0007762163877487183, "47": 0.0007591694593429565, "48": 0.0007359981536865234, "49": 0.0007241219282150269, "50": 0.0007093995809555054, "51": 0.0006913691759109497, "52": 0.0006708055734634399, "53": 0.0006567835807800293, "54": 0.0006436705589294434, "55": 0.0006255209445953369, "56": 0.0006073415279388428, "57": 0.0005924999713897705, "58": 0.0005793273448944092, "59": 0.0005706548690795898, "60": 0.0005600154399871826, "61": 0.0005473792552947998, "62": 0.0005376935005187988, "63": 0.0005289018154144287, "64": 0.0005191266536712646, "65": 0.0005043447017669678, "66": 0.0004927217960357666, "67": 0.0004855692386627197, "68": 0.00047710537910461426, "69": 0.00046609342098236084, "70": 0.00045843422412872314, "71": 0.00044968724250793457, "72": 0.00043945014476776123, "73": 0.0004333704710006714, "74": 0.00042560696601867676, "75": 0.0004163384437561035, "76": 0.0004089176654815674, "77": 0.0004031062126159668, "78": 0.0003994107246398926, "79": 0.0003982633352279663, "80": 0.0003932565450668335, "81": 0.0003832578659057617, "82": 0.0003741532564163208, "83": 0.0003672093152999878, "84": 0.00036312639713287354, "85": 0.0003600120544433594, "86": 0.0003600269556045532, "87": 0.0003593862056732178, "88": 0.0003674626350402832, "89": 0.00037923455238342285, "90": 0.0003915131092071533, "91": 0.00041137635707855225, "92": 0.00043842196464538574, "93": 0.00047557055950164795, "94": 0.0005121678113937378, "95": 0.0005407482385635376, "96": 0.0005603581666946411, "97": 0.0005889683961868286, "98": 0.0006300061941146851, "99": 0.0006549656391143799, "100": 0.0006948858499526978, "101": 0.0007727891206741333, "102": 0.0008935779333114624, "103": 0.000994861125946045, "104": 0.0011257827281951904, "105": 0.0010257214307785034, "106": 0.0009970813989639282, "107": 0.0009954273700714111, "108": 0.0010890662670135498, "109": 0.000998273491859436, "110": 0.001149192452430725, "111": 0.000991031527519226, "112": 0.0009942799806594849, "113": 0.0010182857513427734, "114": 0.0009407550096511841, "115": 0.0009393841028213501, "116": 0.0008215606212615967, "117": 0.0008840411901473999, "118": 0.0008330792188644409, "119": 0.0009480416774749756, "120": 0.0008019208908081055, "121": 0.0009335130453109741, "122": 0.0007466375827789307, "123": 0.0007292777299880981, "124": 0.0007325634360313416, "125": 0.0006882995367050171, "126": 0.0006332471966743469, "127": 0.0007118433713912964, "128": 0.0005950331687927246, "129": 0.0006454586982727051, "130": 0.00062580406665802, "131": 0.0006221234798431396, "132": 0.0005732625722885132, "133": 0.0005779638886451721, "134": 0.000552050769329071, "135": 0.0005426332354545593, "136": 0.0005157887935638428, "137": 0.0005417391657829285, "138": 0.00052681565284729, "139": 0.0005208104848861694, "140": 0.0005365461111068726, "141": 0.0005153566598892212, "142": 0.00046578049659729004, "143": 0.0005174949765205383, "144": 0.0005059987306594849, "145": 0.0005101412534713745, "146": 0.0004962235689163208, "147": 0.0005045607686042786, "148": 0.00046721845865249634, "149": 0.0004781261086463928, "150": 0.0004291832447052002, "151": 0.00044530630111694336, "152": 0.00046193599700927734, "153": 0.00045587867498397827, "154": 0.00043541938066482544, "155": 0.0003953278064727783, "156": 0.00040696561336517334, "157": 0.00040474534034729004, "158": 0.0003763139247894287, "159": 0.0003352910280227661, "160": 0.0003279373049736023, "161": 0.00036413222551345825, "162": 0.0003263503313064575, "163": 0.0003344044089317322, "164": 0.0003137439489364624, "165": 0.0003030523657798767, "166": 0.0003257542848587036, "167": 0.00030425935983657837, "168": 0.0003180578351020813, "169": 0.00031109899282455444, "170": 0.0003291592001914978, "171": 0.0002869516611099243, "172": 0.0003126561641693115, "173": 0.0003305897116661072, "174": 0.00031932443380355835, "175": 0.0002810359001159668, "176": 0.00026813894510269165, "177": 0.0002852976322174072, "178": 0.0002830401062965393, "179": 0.0002458319067955017, "180": 0.00027817487716674805, "181": 0.00028564780950546265, "182": 0.00027679651975631714, "183": 0.000264488160610199, "184": 0.00026953965425491333, "185": 0.0002621486783027649, "186": 0.00026217103004455566, "187": 0.00023406744003295898, "188": 0.00028464198112487793, "189": 0.00025244057178497314, "190": 0.0002582147717475891, "191": 0.00027348101139068604, "192": 0.0002546533942222595, "193": 0.00029224157333374023, "194": 0.00029300153255462646, "195": 0.000313490629196167, "196": 0.00027029961347579956, "197": 0.0003013685345649719, "198": 0.00030472874641418457, "199": 0.0002831965684890747, "200": 0.0002896115183830261, "201": 0.00023696571588516235, "202": 0.00025003403425216675, "203": 0.0002677515149116516, "204": 0.00024341046810150146, "205": 0.00025109201669692993, "206": 0.00022476911544799805, "207": 0.00018841028213500977, "208": 0.00022033601999282837, "209": 0.0002245679497718811, "210": 0.00021544098854064941, "211": 0.00018685311079025269, "212": 0.00016961991786956787, "213": 0.00013794004917144775, "214": 0.0001636892557144165, "215": 0.0001726895570755005, "216": 0.000200614333152771, "217": 0.0001964867115020752, "218": 0.00019699335098266602, "219": 0.0001620277762413025, "220": 0.00014328211545944214, "221": 0.000134982168674469, "222": 0.00011466443538665771, "223": 0.00010997802019119263, "224": 9.000301361083984e-05, "225": 7.730722427368164e-05, "226": 0.00011241436004638672, "227": 7.628649473190308e-05, "228": 0.00012337416410446167, "229": 0.00011305510997772217, "230": 8.322298526763916e-05, "231": 9.776651859283447e-05, "232": 0.00010250508785247803, "233": 6.987154483795166e-05, "234": 0.00011563301086425781, "235": 0.00013242661952972412, "236": 0.0001043081283569336, "237": 0.0001442059874534607, "238": 0.00014881044626235962, "239": 0.00014293193817138672, "240": 0.00014898180961608887, "241": 0.00013841688632965088, "242": 0.00012087076902389526, "243": 0.00013566762208938599, "244": 0.00012177228927612305, "245": 9.658187627792358e-05, "246": 9.667128324508667e-05, "247": 9.684264659881592e-05, "248": 8.782744407653809e-05, "249": 8.81776213645935e-05, "250": 9.409338235855103e-05, "251": 0.00013872981071472168, "252": 0.00012527406215667725, "253": 0.0001145973801612854, "254": 0.00012551993131637573, "255": 0.00016096234321594238, "256": 0.00011254847049713135, "257": 0.00010907649993896484, "258": 0.00010184943675994873, "259": 8.93622636795044e-05, "260": 0.00010406970977783203, "261": 0.00020328909158706665, "262": 0.00010576844215393066, "263": 7.309764623641968e-05, "264": 8.116662502288818e-05, "265": 8.119642734527588e-05, "266": 7.67931342124939e-05, "267": 7.850676774978638e-05, "268": 0.00010102987289428711,