{"0": 0.6931474208831787, "1": 0.4965384006500244, "2": 0.4955522418022156, "3": 0.3192284107208252, "4": 0.2874763607978821, "5": 0.2740127146244049, "6": 0.2632904052734375, "7": 0.25450363755226135, "8": 0.2472197711467743, "9": 0.2411787509918213, "10": 0.2359493225812912, "11": 0.23150479793548584, "12": 0.22756707668304443, "13": 0.22420112788677216, "14": 0.2213505208492279, "15": 0.218642458319664, "16": 0.2160329818725586, "17": 0.2135549932718277, "18": 0.211195170879364, "19": 0.20895136892795563, "20": 0.20684009790420532, "21": 0.20483700931072235, "22": 0.20294436812400818, "23": 0.20115859806537628, "24": 0.19943740963935852, "25": 0.19777940213680267, "26": 0.19619175791740417, "27": 0.1946825236082077, "28": 0.19323398172855377, "29": 0.1918427050113678, "30": 0.19050446152687073, "31": 0.1892223358154297, "32": 0.18799497187137604, "33": 0.18681225180625916, "34": 0.18567082285881042, "35": 0.18456603586673737, "36": 0.18350081145763397, "37": 0.18247929215431213, "38": 0.18148285150527954, "39": 0.18052010238170624, "40": 0.1795874685049057, "41": 0.17868518829345703, "42": 0.17780786752700806, "43": 0.1769539713859558, "44": 0.1761239916086197, "45": 0.17531871795654297, "46": 0.17454250156879425, "47": 0.1737833321094513, "48": 0.17304733395576477, "49": 0.17232321202754974, "50": 0.17161381244659424, "51": 0.1709224432706833, "52": 0.17025163769721985, "53": 0.16959485411643982, "54": 0.16895118355751038, "55": 0.16832566261291504, "56": 0.1677183210849762, "57": 0.16712582111358643, "58": 0.16654649376869202, "59": 0.16597583889961243, "60": 0.16541582345962524, "61": 0.16486844420433044, "62": 0.16433075070381165, "63": 0.16380184888839722, "64": 0.16328272223472595, "65": 0.16277837753295898, "66": 0.16228565573692322, "67": 0.1618000864982605, "68": 0.16132298111915588, "69": 0.16085688769817352, "70": 0.1603984534740448, "71": 0.15994876623153687, "72": 0.1595093160867691, "73": 0.15907594561576843, "74": 0.15865033864974976, "75": 0.15823400020599365, "76": 0.15782508254051208, "77": 0.15742197632789612, "78": 0.15702256560325623, "79": 0.15662430226802826, "80": 0.15623104572296143, "81": 0.15584778785705566, "82": 0.15547363460063934, "83": 0.15510642528533936, "84": 0.15474329888820648, "85": 0.15438328683376312, "86": 0.15402325987815857, "87": 0.15366387367248535, "88": 0.15329641103744507, "89": 0.15291717648506165, "90": 0.1525256633758545, "91": 0.15211428701877594, "92": 0.15167586505413055, "93": 0.1512002944946289, "94": 0.15068812668323517, "95": 0.15014737844467163, "96": 0.149587020277977, "97": 0.14899805188179016, "98": 0.14836804568767548, "99": 0.1477130800485611, "100": 0.1470181941986084, "101": 0.14624540507793427, "102": 0.1453518271446228, "103": 0.14435696601867676, "104": 0.14323118329048157, "105": 0.14220546185970306, "106": 0.14120838046073914, "107": 0.14021295309066772, "108": 0.13912388682365417, "109": 0.13812561333179474, "110": 0.136976420879364, "111": 0.1359853893518448, "112": 0.1349911093711853, "113": 0.13397282361984253, "114": 0.13303206861019135, "115": 0.13209268450737, "116": 0.1312711238861084, "117": 0.130387082695961, "118": 0.12955400347709656, "119": 0.12860596179962158, "120": 0.12780404090881348, "121": 0.1268705278635025, "122": 0.12612389028072357, "123": 0.12539461255073547, "124": 0.12466204911470413, "125": 0.12397374957799911, "126": 0.12334050238132477, "127": 0.12262865900993347, "128": 0.12203362584114075, "129": 0.12138816714286804, "130": 0.12076236307621002, "131": 0.12014023959636688, "132": 0.11956697702407837, "133": 0.1189890131354332, "134": 0.11843696236610413, "135": 0.11789432913064957, "136": 0.11737854033708572, "137": 0.1168368011713028, "138": 0.1163099855184555, "139": 0.11578917503356934, "140": 0.11525262892246246, "141": 0.11473727226257324, "142": 0.11427149176597595, "143": 0.11375399678945541, "144": 0.11324799805879593, "145": 0.11273785680532455, "146": 0.11224163323640823, "147": 0.11173707246780396, "148": 0.11126985400915146, "149": 0.11079172790050507, "150": 0.11036254465579987, "151": 0.10991723835468292, "152": 0.10945530235767365, "153": 0.10899942368268967, "154": 0.10856400430202484, "155": 0.10816867649555206, "156": 0.10776171088218689, "157": 0.1073569655418396, "158": 0.10698065161705017, "159": 0.1066453605890274, "160": 0.1063174232840538, "161": 0.10595329105854034, "162": 0.10562694072723389, "163": 0.10529253631830215, "164": 0.10497879236936569, "165": 0.10467574000358582, "166": 0.10434998571872711, "167": 0.10404572635889053, "168": 0.10372766852378845, "169": 0.1034165695309639, "170": 0.1030874103307724, "171": 0.10280045866966248, "172": 0.10248780250549316, "173": 0.10215721279382706, "174": 0.1018378883600235, "175": 0.10155685245990753, "176": 0.10128871351480484, "177": 0.10100341588258743, "178": 0.1007203757762909, "179": 0.10047454386949539, "180": 0.10019636899232864, "181": 0.09991072118282318, "182": 0.09963392466306686, "183": 0.09936943650245667, "184": 0.09909989684820175, "185": 0.09883774816989899, "186": 0.09857557713985443, "187": 0.09834150969982147, "188": 0.0980568677186966, "189": 0.09780442714691162, "190": 0.09754621237516403, "191": 0.09727273136377335, "192": 0.09701807796955109, "193": 0.09672583639621735, "194": 0.09643283486366272, "195": 0.09611934423446655, "196": 0.09584904462099075, "197": 0.09554767608642578, "198": 0.0952429473400116, "199": 0.09495975077152252, "200": 0.0946701392531395, "201": 0.09443317353725433, "202": 0.09418313950300217, "203": 0.09391538798809052, "204": 0.09367197751998901, "205": 0.09342088550329208, "206": 0.09319611638784409, "207": 0.09300770610570908, "208": 0.09278737008571625, "209": 0.09256280213594437, "210": 0.09234736114740372, "211": 0.09216050803661346, "212": 0.0919908881187439, "213": 0.09185294806957245, "214": 0.09168925881385803, "215": 0.09151656925678253, "216": 0.09131595492362976, "217": 0.09111946821212769, "218": 0.09092247486114502, "219": 0.09076044708490372, "220": 0.09061716496944427, "221": 0.0904821828007698, "222": 0.09036751836538315, "223": 0.09025754034519196, "224": 0.09016753733158112, "225": 0.09009023010730743, "226": 0.08997781574726105, "227": 0.08990152925252914, "228": 0.08977815508842468, "229": 0.08966509997844696, "230": 0.08958187699317932, "231": 0.08948411047458649, "232": 0.08938160538673401, "233": 0.08931173384189606, "234": 0.0891961008310318, "235": 0.08906367421150208, "236": 0.08895936608314514, "237": 0.08881516009569168, "238": 0.08866634964942932, "239": 0.08852341771125793, "240": 0.08837443590164185, "241": 0.0882360190153122, "242": 0.0881151482462883, "243": 0.08797948062419891, "244": 0.08785770833492279, "245": 0.08776112645864487, "246": 0.08766445517539978, "247": 0.08756761252880096, "248": 0.08747978508472443, "249": 0.08739160746335983, "250": 0.08729751408100128, "251": 0.08715878427028656, "252": 0.08703351020812988, "253": 0.0869189128279686, "254": 0.08679339289665222, "255": 0.08663243055343628, "256": 0.08651988208293915, "257": 0.08641080558300018, "258": 0.08630895614624023, "259": 0.08621959388256073, "260": 0.0861155241727829, "261": 0.08591223508119583, "262": 0.0858064666390419, "263": 0.08573336899280548, "264": 0.08565220236778259, "265": 0.08557100594043732, "266": 0.08549421280622482, "267": 0.08541570603847504, "268": 0.08531467616558075, "269": 0.08525383472442627, "270": 0.08519256860017776, "271": 0.08513569831848145, "272": 0.08507947623729706, "273": 0.08501584827899933, "274": 0.08494235575199127, "275": 0.08488381654024124, "276": 0.08482685685157776, "277": 0.08476938307285309, "278": 0.08470817655324936, "279": 0.08463361114263535, "280": 0.08457861095666885, "281": 0.08452485501766205, "282": 0.08446991443634033, "283": 0.08436918258666992, "284": 0.0843173936009407, "285": 0.08426551520824432, "286": 0.08421428501605988, "287": 0.08416740596294403, "288": 0.08412309736013412, "289": 0.08407901227474213, "290": 0.08403009176254272, "291": 0.0839817076921463,