{"0": 0.6931474208831787, "1": 0.4671953618526459, "2": 0.4664337635040283, "3": 0.30781152844429016, "4": 0.2743595242500305, "5": 0.2617605924606323, "6": 0.2516552805900574, "7": 0.24274277687072754, "8": 0.23523767292499542, "9": 0.22884748876094818, "10": 0.2232954502105713, "11": 0.21844978630542755, "12": 0.21417701244354248, "13": 0.21039582788944244, "14": 0.2071666270494461, "15": 0.20409154891967773, "16": 0.20117056369781494, "17": 0.1984678953886032, "18": 0.19586627185344696, "19": 0.1934000849723816, "20": 0.19106903672218323, "21": 0.18887092173099518, "22": 0.18678921461105347, "23": 0.18481536209583282, "24": 0.18292304873466492, "25": 0.18111468851566315, "26": 0.1793883889913559, "27": 0.1777353733778, "28": 0.17614488303661346, "29": 0.17462116479873657, "30": 0.17316266894340515, "31": 0.1717565655708313, "32": 0.17040342092514038, "33": 0.16911004483699799, "34": 0.16786125302314758, "35": 0.16665977239608765, "36": 0.165499746799469, "37": 0.16437730193138123, "38": 0.163292795419693, "39": 0.16224269568920135, "40": 0.16122481226921082, "41": 0.16023734211921692, "42": 0.1592799425125122, "43": 0.15835300087928772, "44": 0.15745405852794647, "45": 0.15657927095890045, "46": 0.15573149919509888, "47": 0.15490557253360748, "48": 0.15410538017749786, "49": 0.15333110094070435, "50": 0.15257613360881805, "51": 0.15183934569358826, "52": 0.15112118422985077, "53": 0.1504191756248474, "54": 0.14973416924476624, "55": 0.1490660458803177, "56": 0.14841438829898834, "57": 0.1477789431810379, "58": 0.14715898036956787, "59": 0.14655306935310364, "60": 0.1459612101316452, "61": 0.1453820914030075, "62": 0.14481157064437866, "63": 0.14425206184387207, "64": 0.14370420575141907, "65": 0.14316809177398682, "66": 0.14264099299907684, "67": 0.14212550222873688, "68": 0.14162205159664154, "69": 0.14112749695777893, "70": 0.1406409740447998, "71": 0.14016032218933105, "72": 0.13968729972839355, "73": 0.13922345638275146, "74": 0.13876676559448242, "75": 0.13831594586372375, "76": 0.13787208497524261, "77": 0.137434184551239, "78": 0.1370004117488861, "79": 0.13657525181770325, "80": 0.1361570805311203, "81": 0.1357443481683731, "82": 0.1353362798690796, "83": 0.13492310047149658, "84": 0.1344955712556839, "85": 0.13404874503612518, "86": 0.13358239829540253, "87": 0.1330842524766922, "88": 0.1325465738773346, "89": 0.13197073340415955, "90": 0.13134463131427765, "91": 0.13067461550235748, "92": 0.12996552884578705, "93": 0.129196435213089, "94": 0.12835831940174103, "95": 0.12743611633777618, "96": 0.12641562521457672, "97": 0.12532107532024384, "98": 0.12402249872684479, "99": 0.1230950877070427, "100": 0.12210449576377869, "101": 0.12102517485618591, "102": 0.11984643340110779, "103": 0.11856501549482346, "104": 0.11728505790233612, "105": 0.1159421056509018, "106": 0.11467982828617096, "107": 0.11343608796596527, "108": 0.11229808628559113, "109": 0.11107553541660309, "110": 0.11016210168600082, "111": 0.10933756828308105, "112": 0.10846556723117828, "113": 0.10766267776489258, "114": 0.10677765309810638, "115": 0.10591812431812286, "116": 0.1051611676812172, "117": 0.10433512181043625, "118": 0.10364362597465515, "119": 0.10286472737789154, "120": 0.1021500900387764, "121": 0.10141569375991821, "122": 0.10083514451980591, "123": 0.10018762946128845, "124": 0.09956708550453186, "125": 0.09894412755966187, "126": 0.09836918115615845, "127": 0.09774475544691086, "128": 0.09717237949371338, "129": 0.09656397253274918, "130": 0.0959891751408577, "131": 0.0954170897603035, "132": 0.09486853331327438, "133": 0.09437219053506851, "134": 0.0938933789730072, "135": 0.09341472387313843, "136": 0.09289673715829849, "137": 0.09239549934864044, "138": 0.09189626574516296, "139": 0.09143111109733582, "140": 0.09093914926052094, "141": 0.0904577225446701, "142": 0.08999887108802795, "143": 0.08949954062700272, "144": 0.08908554911613464, "145": 0.08863122761249542, "146": 0.08822116255760193, "147": 0.0877603217959404, "148": 0.0873359963297844, "149": 0.08687485754489899, "150": 0.08644239604473114, "151": 0.08598432689905167, "152": 0.08555497229099274, "153": 0.08511295914649963, "154": 0.08469446003437042, "155": 0.08428195118904114, "156": 0.08387770503759384, "157": 0.08349426090717316, "158": 0.08311592042446136, "159": 0.08273535221815109, "160": 0.08232969045639038, "161": 0.08192168176174164, "162": 0.08152294903993607, "163": 0.08115281909704208, "164": 0.08078143000602722, "165": 0.08042776584625244, "166": 0.08010257035493851, "167": 0.07977733016014099, "168": 0.07946088165044785, "169": 0.07913102209568024, "170": 0.07881505787372589, "171": 0.07848788797855377, "172": 0.0781526118516922, "173": 0.0778149962425232, "174": 0.07749351859092712, "175": 0.0771850124001503, "176": 0.07690779864788055, "177": 0.07662218064069748, "178": 0.07637296617031097, "179": 0.07611454278230667, "180": 0.07584407180547714, "181": 0.07555943727493286, "182": 0.07531247287988663, "183": 0.075037382543087, "184": 0.07479237020015717, "185": 0.07453224807977676, "186": 0.0742739737033844, "187": 0.07402820885181427, "188": 0.0738130509853363, "189": 0.07358605414628983, "190": 0.07337301969528198, "191": 0.0731697529554367, "192": 0.07297500967979431, "193": 0.07278905808925629, "194": 0.0725967213511467, "195": 0.0723838210105896, "196": 0.07215874642133713, "197": 0.07194142043590546, "198": 0.07173401117324829, "199": 0.07153965532779694, "200": 0.07136708498001099, "201": 0.07120071351528168, "202": 0.07103756815195084, "203": 0.07087451219558716, "204": 0.07072123140096664, "205": 0.07053183019161224, "206": 0.07034480571746826, "207": 0.07013985514640808, "208": 0.06995052844285965, "209": 0.06974659860134125, "210": 0.06956921517848969, "211": 0.06940580904483795, "212": 0.06924529373645782, "213": 0.06908434629440308, "214": 0.0689270943403244, "215": 0.06878098845481873, "216": 0.06862099468708038, "217": 0.06849688291549683, "218": 0.06835564225912094, "219": 0.06821202486753464, "220": 0.06806075572967529, "221": 0.06790971755981445, "222": 0.06776876002550125, "223": 0.06760630011558533, "224": 0.06747079640626907, "225": 0.06734118610620499, "226": 0.06721283495426178, "227": 0.06707324087619781, "228": 0.06694085150957108, "229": 0.06678067147731781, "230": 0.06663824617862701, "231": 0.06649239361286163, "232": 0.06635458022356033, "233": 0.06622040271759033, "234": 0.0661124661564827, "235": 0.06600451469421387, "236": 0.06589517742395401, "237": 0.06576895713806152, "238": 0.06563422083854675, "239": 0.06547911465167999, "240": 0.06532600522041321, "241": 0.06517135351896286, "242": 0.06503558158874512, "243": 0.06489729881286621, "244": 0.06473085284233093, "245": 0.06454523652791977, "246": 0.06439308822154999, "247": 0.06425448507070541, "248": 0.0641145184636116, "249": 0.06399619579315186, "250": 0.06387308239936829, "251": 0.06370563805103302, "252": 0.06360704451799393, "253": 0.06353375315666199, "254": 0.06346697360277176, "255": 0.06339886784553528, "256": 0.06331156194210052, "257": 0.0632064938545227, "258": 0.06311683356761932, "259": 0.06300384551286697, "260": 0.06287852674722672, "261": 0.06279356777667999, "262": 0.06270597875118256, "263": 0.06260642409324646, "264": 0.0625128224492073, "265": 0.06240608170628548, "266": 0.06231880933046341, "267": 0.06223788112401962, "268": 0.062160514295101166, "269": 0.062077686190605164, "270": 0.061995577067136765, "271": 0.06188509240746498, "272": 0.061819035559892654, "273": 0.06175438314676285, "274": 0.06160953268408775, "275": 0.0615488737821579, "276": 0.0614858940243721, "277": 0.0614142045378685, "278": 0.061347778886556625, "279": 0.06128673627972603, "280": 0.061236292123794556, "281": 0.061123013496398926, "282": 0.0610320009291172, "283": 0.06098788231611252, "284": 0.060931988060474396, "285": 0.06089213863015175, "286": 0.06085165590047836, "287": 0.06081134080886841, "288": 0.060764797031879425, "289": 0.060696080327034, "290": 0.06064988300204277,