{"0": 998.3068525791168, "1": 0.4891593009233475, "2": 0.00021372735500335693, "3": 0.07322344183921814, "4": 0.006316371262073517, "5": 0.0028031915426254272, "6": 0.0024136006832122803, "7": 0.0021403953433036804, "8": 0.0018900111317634583, "9": 0.0016668066382408142, "10": 0.0014816448092460632, "11": 0.0013016164302825928, "12": 0.0011635646224021912, "13": 0.0009456127882003784, "14": 0.0008453130722045898, "15": 0.0007982999086380005, "16": 0.0007603541016578674, "17": 0.0007176473736763, "18": 0.0006821677088737488, "19": 0.0006458386778831482, "20": 0.0006177797913551331, "21": 0.0005874410271644592, "22": 0.0005525127053260803, "23": 0.0005284026265144348, "24": 0.0005092471837997437, "25": 0.0004795938730239868, "26": 0.00046381354331970215, "27": 0.00044692307710647583, "28": 0.00043157488107681274, "29": 0.00041779130697250366, "30": 0.0004028305411338806, "31": 0.00038810819387435913, "32": 0.00037319958209991455, "33": 0.00036181509494781494, "34": 0.00034675002098083496, "35": 0.00033418089151382446, "36": 0.0003237798810005188, "37": 0.00031275302171707153, "38": 0.00030506402254104614, "39": 0.0002931952476501465, "40": 0.0002841651439666748, "41": 0.000276416540145874, "42": 0.00026720017194747925, "43": 0.00026038289070129395, "44": 0.0002546831965446472, "45": 0.00024681538343429565, "46": 0.00023800134658813477, "47": 0.00023226439952850342, "48": 0.00022730231285095215, "49": 0.00021976977586746216, "50": 0.00021522492170333862, "51": 0.00020925700664520264, "52": 0.0002051517367362976, "53": 0.00020069628953933716, "54": 0.00019565969705581665, "55": 0.0001904815435409546, "56": 0.00018905848264694214, "57": 0.0001846998929977417, "58": 0.000180855393409729, "59": 0.00017712265253067017, "60": 0.0001751333475112915, "61": 0.00017161667346954346, "62": 0.00016861408948898315, "63": 0.00016392022371292114, "64": 0.00016210973262786865, "65": 0.00015985220670700073, "66": 0.00015616416931152344, "67": 0.00015426427125930786, "68": 0.0001518726348876953, "69": 0.00015012919902801514, "70": 0.0001483634114265442, "71": 0.00014609098434448242, "72": 0.00014495849609375, "73": 0.00014277547597885132, "74": 0.0001399591565132141, "75": 0.00013884902000427246, "76": 0.00013699382543563843, "77": 0.00013499706983566284, "78": 0.00013349205255508423, "79": 0.0001324191689491272, "80": 0.00013154000043869019, "81": 0.00013069063425064087, "82": 0.00012852251529693604, "83": 0.00012611597776412964, "84": 0.00012584775686264038, "85": 0.000125981867313385, "86": 0.00012520700693130493, "87": 0.00012420862913131714, "88": 0.00012406706809997559, "89": 0.00012408941984176636, "90": 0.00012381374835968018, "91": 0.00012584030628204346, "92": 0.00012799352407455444, "93": 0.00013141334056854248, "94": 0.00013481080532073975, "95": 0.0001391097903251648, "96": 0.00014213472604751587, "97": 0.00014613568782806396, "98": 0.00015550851821899414, "99": 0.0001665353775024414, "100": 0.0001820772886276245, "101": 0.00020644813776016235, "102": 0.0002323538064956665, "103": 0.000272311270236969, "104": 0.0004075765609741211, "105": 0.00033855438232421875, "106": 0.0003744587302207947, "107": 0.00045665353536605835, "108": 0.000439375638961792, "109": 0.00047826021909713745, "110": 0.0004561617970466614, "111": 0.0004330649971961975, "112": 0.00042842328548431396, "113": 0.0004054903984069824, "114": 0.00048817694187164307, "115": 0.0004220530390739441, "116": 0.00048107653856277466, "117": 0.00038173049688339233, "118": 0.0004817545413970947, "119": 0.00041083991527557373, "120": 0.0004616454243659973, "121": 0.00039198994636535645, "122": 0.0004594549536705017, "123": 0.00041635334491729736, "124": 0.0003854036331176758, "125": 0.00036981701850891113, "126": 0.0004449412226676941, "127": 0.0004070401191711426, "128": 0.00037154555320739746, "129": 0.0003612339496612549, "130": 0.00037603825330734253, "131": 0.0003604963421821594, "132": 0.00038730353116989136, "133": 0.00034128129482269287, "134": 0.0003437250852584839, "135": 0.00035740435123443604, "136": 0.00032022595405578613, "137": 0.0004095211625099182, "138": 0.0003327876329421997, "139": 0.0003433823585510254, "140": 0.0003188401460647583, "141": 0.0003137513995170593, "142": 0.00032783299684524536, "143": 0.000311531126499176, "144": 0.0003140866756439209, "145": 0.0002868771553039551, "146": 0.00034972280263900757, "147": 0.00028152018785476685, "148": 0.0002719759941101074, "149": 0.00031297653913497925, "150": 0.0002697557210922241, "151": 0.0003066062927246094, "152": 0.00026300549507141113, "153": 0.00026770681142807007, "154": 0.0002899840474128723, "155": 0.0002607107162475586, "156": 0.00022039562463760376, "157": 0.00030059367418289185, "158": 0.00023890286684036255, "159": 0.000269085168838501, "160": 0.00025290995836257935, "161": 0.00023499876260757446, "162": 0.0002483278512954712, "163": 0.00023473799228668213, "164": 0.00023070722818374634, "165": 0.00021028518676757812, "166": 0.0002633333206176758, "167": 0.0002102106809616089, "168": 0.00027470290660858154, "169": 0.0002661868929862976, "170": 0.00020395219326019287, "171": 0.0002175942063331604, "172": 0.00018878281116485596, "173": 0.00019250065088272095, "174": 0.0001936294138431549, "175": 0.00024626031517982483, "176": 0.00019834935665130615, "177": 0.0001867339015007019, "178": 0.00023227185010910034, "179": 0.00017080456018447876, "180": 0.00017954036593437195, "181": 0.00022643432021141052, "182": 0.00017043203115463257, "183": 0.00019779056310653687, "184": 0.00018003582954406738, "185": 0.00018371641635894775, "186": 0.00018025562167167664, "187": 0.00020916014909744263, "188": 0.00016650184988975525, "189": 0.00013525784015655518, "190": 0.000128820538520813, "191": 0.00013440847396850586, "192": 0.00012051314115524292, "193": 0.00012086331844329834, "194": 0.0001248978078365326, "195": 0.00014641135931015015, "196": 0.00014465674757957458, "197": 0.00012239813804626465, "198": 0.00017852336168289185, "199": 0.0001851990818977356, "200": 0.0001124255359172821, "201": 0.00010253116488456726, "202": 0.00010151788592338562, "203": 0.00010195747017860413, "204": 0.0001059994101524353, "205": 9.659677743911743e-05, "206": 9.448081254959106e-05, "207": 9.281188249588013e-05, "208": 9.018182754516602e-05, "209": 9.509921073913574e-05, "210": 9.258836507797241e-05, "211": 0.0001322329044342041, "212": 9.335577487945557e-05, "213": 0.0001324974000453949, "214": 8.717924356460571e-05, "215": 8.76598060131073e-05, "216": 8.545070886611938e-05, "217": 8.136779069900513e-05, "218": 8.179992437362671e-05, "219": 7.738173007965088e-05, "220": 8.504092693328857e-05, "221": 7.449835538864136e-05, "222": 0.0001185685396194458, "223": 7.377564907073975e-05, "224": 7.561221718788147e-05, "225": 7.360801100730896e-05, "226": 7.452815771102905e-05, "227": 7.16187059879303e-05, "228": 7.051602005958557e-05, "229": 6.969273090362549e-05, "230": 6.68838620185852e-05, "231": 9.521469473838806e-05, "232": 6.378814578056335e-05, "233": 6.13778829574585e-05, "234": 6.04093074798584e-05, "235": 7.081776857376099e-05, "236": 6.023794412612915e-05, "237": 6.118789315223694e-05, "238": 6.0092657804489136e-05, "239": 8.562952280044556e-05, "240": 5.547329783439636e-05, "241": 5.513802170753479e-05, "242": 5.3919851779937744e-05, "243": 5.361437797546387e-05, "244": 5.250424146652222e-05, "245": 5.396455526351929e-05, "246": 5.2537769079208374e-05, "247": 5.02467155456543e-05, "248": 5.974620580673218e-05, "249": 4.8626214265823364e-05, "250": 4.953145980834961e-05, "251": 4.93563711643219e-05, "252": 4.782155156135559e-05, "253": 5.4758042097091675e-05, "254": 4.534423351287842e-05, "255": 4.557520151138306e-05, "256": 4.320964217185974e-05, "257": 3.7182122468948364e-05, "258": 3.8295984268188477e-05, "259": 3.51928174495697e-05, "260": 3.399699926376343e-05, "261": 3.673136234283447e-05, "262": 3.324449062347412e-05, "263": 3.30805778503418e-05, "264": 3.972649574279785e-05, "265": 3.194436430931091e-05, "266": 3.201887011528015e-05,