{"0": 0.6931474208831787, "1": 0.7362871766090393, "2": 0.7346636056900024, "3": 0.5693471431732178, "4": 0.5011692047119141, "5": 0.47503662109375, "6": 0.4577641487121582, "7": 0.4436407685279846, "8": 0.4316544532775879, "9": 0.42119282484054565, "10": 0.41198453307151794, "11": 0.4037839472293854, "12": 0.3964202105998993, "13": 0.3898965120315552, "14": 0.3840000629425049, "15": 0.378574013710022, "16": 0.3735414445400238, "17": 0.36885499954223633, "18": 0.3644935190677643, "19": 0.36039578914642334, "20": 0.35654526948928833, "21": 0.3529399335384369, "22": 0.34953388571739197, "23": 0.34631115198135376, "24": 0.3432878255844116, "25": 0.34039410948753357, "26": 0.3376367688179016, "27": 0.33501458168029785, "28": 0.33251670002937317, "29": 0.33012324571609497, "30": 0.3278416097164154, "31": 0.32564809918403625, "32": 0.3235448896884918, "33": 0.3215332627296448, "34": 0.319586843252182, "35": 0.31770753860473633, "36": 0.31589969992637634, "37": 0.314150333404541, "38": 0.31245800852775574, "39": 0.3108222484588623, "40": 0.30923759937286377, "41": 0.30771604180336, "42": 0.3062267005443573, "43": 0.30481019616127014, "44": 0.3034121096134186, "45": 0.30203667283058167, "46": 0.30069875717163086, "47": 0.2993963360786438, "48": 0.2981317937374115, "49": 0.29691043496131897, "50": 0.2956993877887726, "51": 0.29453304409980774, "52": 0.2933713495731354, "53": 0.29223206639289856, "54": 0.2911142408847809, "55": 0.2900175452232361, "56": 0.2889392077922821, "57": 0.2878875732421875, "58": 0.2868480086326599, "59": 0.2858133316040039, "60": 0.2847944498062134, "61": 0.2837907373905182, "62": 0.28280335664749146, "63": 0.28182587027549744, "64": 0.28086504340171814, "65": 0.27990373969078064, "66": 0.2789510488510132, "67": 0.27800559997558594, "68": 0.277067095041275, "69": 0.276136189699173, "70": 0.27520856261253357, "71": 0.27429133653640747, "72": 0.2733745276927948, "73": 0.2724583148956299, "74": 0.2715444564819336, "75": 0.2706364691257477, "76": 0.269728422164917, "77": 0.2688189446926117, "78": 0.26791244745254517, "79": 0.2670075595378876, "80": 0.2661029100418091, "81": 0.2651973366737366, "82": 0.26429319381713867, "83": 0.2633901536464691, "84": 0.26249048113822937, "85": 0.2615897059440613, "86": 0.2606876492500305, "87": 0.2597845792770386, "88": 0.25888100266456604, "89": 0.25797683000564575, "90": 0.25707489252090454, "91": 0.25617605447769165, "92": 0.2552758455276489, "93": 0.25437480211257935, "94": 0.25347286462783813, "95": 0.2525694668292999, "96": 0.2516588270664215, "97": 0.2507438361644745, "98": 0.24982421100139618, "99": 0.24890097975730896, "100": 0.2479724884033203, "101": 0.24703997373580933, "102": 0.2460976541042328, "103": 0.24514439702033997, "104": 0.24418509006500244, "105": 0.24321919679641724, "106": 0.24224402010440826, "107": 0.2412600964307785, "108": 0.24026887118816376, "109": 0.23927074670791626, "110": 0.23826907575130463, "111": 0.2372484803199768, "112": 0.23617026209831238, "113": 0.23500846326351166, "114": 0.2337973713874817, "115": 0.23242908716201782, "116": 0.2308255434036255, "117": 0.22976456582546234, "118": 0.22852808237075806, "119": 0.22721374034881592, "120": 0.22584563493728638, "121": 0.2244238704442978, "122": 0.222942516207695, "123": 0.22137105464935303, "124": 0.21981684863567352, "125": 0.21839095652103424, "126": 0.21716521680355072, "127": 0.2153673768043518, "128": 0.2144760638475418, "129": 0.2136765867471695, "130": 0.2128479927778244, "131": 0.21206925809383392, "132": 0.2112882435321808, "133": 0.2105156034231186, "134": 0.20974647998809814, "135": 0.20898279547691345, "136": 0.20821383595466614, "137": 0.20745675265789032, "138": 0.20631864666938782, "139": 0.2056201845407486, "140": 0.20488663017749786, "141": 0.20416313409805298, "142": 0.20343339443206787, "143": 0.202692911028862, "144": 0.20193523168563843, "145": 0.201170414686203, "146": 0.20035098493099213, "147": 0.1995578408241272, "148": 0.19871139526367188, "149": 0.1978241503238678, "150": 0.19671721756458282, "151": 0.19602254033088684, "152": 0.1953282356262207, "153": 0.19451746344566345, "154": 0.19383689761161804, "155": 0.1930251270532608, "156": 0.19232650101184845, "157": 0.19152326881885529, "158": 0.19076378643512726, "159": 0.18992185592651367, "160": 0.18906307220458984, "161": 0.1880720555782318, "162": 0.18732886016368866, "163": 0.1866481453180313, "164": 0.18601103127002716, "165": 0.18531309068202972, "166": 0.184674933552742, "167": 0.18393249809741974, "168": 0.18322263658046722, "169": 0.18256087601184845, "170": 0.18178652226924896, "171": 0.18108375370502472, "172": 0.1802818328142166, "173": 0.17967145144939423, "174": 0.17898933589458466, "175": 0.17839111387729645, "176": 0.17778907716274261, "177": 0.17720645666122437, "178": 0.17665573954582214, "179": 0.1759956181049347, "180": 0.17543302476406097, "181": 0.1747494786977768, "182": 0.17413023114204407, "183": 0.1734994798898697, "184": 0.17289981245994568, "185": 0.17232519388198853, "186": 0.17175976932048798, "187": 0.17123115062713623, "188": 0.17068412899971008, "189": 0.1701774299144745, "190": 0.1696387231349945, "191": 0.16913864016532898, "192": 0.16862499713897705, "193": 0.16813182830810547, "194": 0.16762006282806396, "195": 0.16715477406978607, "196": 0.1666209101676941, "197": 0.1661665290594101, "198": 0.16561183333396912, "199": 0.16516035795211792, "200": 0.16469018161296844, "201": 0.16426104307174683, "202": 0.16383154690265656, "203": 0.16342100501060486, "204": 0.16299691796302795, "205": 0.1625707596540451, "206": 0.16216158866882324, "207": 0.16172289848327637, "208": 0.1613161414861679, "209": 0.16090579330921173, "210": 0.16050830483436584, "211": 0.16010171175003052, "212": 0.159687340259552, "213": 0.15930402278900146, "214": 0.15890757739543915, "215": 0.15854579210281372, "216": 0.1581411063671112, "217": 0.15778526663780212, "218": 0.15737180411815643, "219": 0.15702709555625916, "220": 0.1566717028617859, "221": 0.15630751848220825, "222": 0.1559741497039795, "223": 0.15561535954475403, "224": 0.15529310703277588, "225": 0.15489864349365234, "226": 0.15451741218566895, "227": 0.1541852056980133, "228": 0.15382614731788635, "229": 0.15347611904144287, "230": 0.1531181037425995, "231": 0.15281197428703308, "232": 0.15248829126358032, "233": 0.15221616625785828, "234": 0.15193673968315125, "235": 0.15167751908302307, "236": 0.15140829980373383, "237": 0.15113216638565063, "238": 0.1508595198392868, "239": 0.15059611201286316, "240": 0.15033195912837982, "241": 0.1500687450170517, "242": 0.14981260895729065, "243": 0.14952710270881653, "244": 0.14924146234989166, "245": 0.1489814966917038, "246": 0.14869646728038788, "247": 0.14843830466270447, "248": 0.14818212389945984, "249": 0.14794427156448364, "250": 0.14770400524139404, "251": 0.14747115969657898, "252": 0.14722269773483276, "253": 0.1469981074333191, "254": 0.14671705663204193, "255": 0.14648136496543884, "256": 0.14622828364372253, "257": 0.14599396288394928, "258": 0.14576467871665955, "259": 0.14550812542438507, "260": 0.14529161155223846, "261": 0.145085871219635, "262": 0.14479957520961761, "263": 0.1445866972208023, "264": 0.14429351687431335, "265": 0.14405368268489838, "266": 0.14384055137634277, "267": 0.14363035559654236, "268": 0.1434432417154312, "269": 0.1432030200958252, "270": 0.14299868047237396, "271": 0.1428426057100296, "272": 0.1427028477191925, "273": 0.14256760478019714, "274": 0.14237427711486816, "275": 0.14219705760478973, "276": 0.14205585420131683, "277": 0.14187300205230713, "278": 0.1417323648929596, "279": 0.1415981948375702, "280": 0.14145249128341675, "281": 0.14129310846328735, "282": 0.14112475514411926, "283": 0.14094677567481995, "284": 0.14080262184143066, "285": 0.1406233161687851, "286": 0.14046964049339294, "287": 0.14032605290412903, "288": 0.14017701148986816, "289": 0.14002376794815063, "290": 0.13988380134105682, "291": 0.1397458165884018, "292": 0.13961634039878845, "293": 0.13948890566825867,