{"0": 0.6931474208831787, "1": 0.3890261650085449, "2": 0.3883982002735138, "3": 0.2540360987186432, "4": 0.23671220242977142, "5": 0.22927121818065643, "6": 0.2233598679304123, "7": 0.21837949752807617, "8": 0.21416933834552765, "9": 0.21058285236358643, "10": 0.20743615925312042, "11": 0.20462560653686523, "12": 0.20214171707630157, "13": 0.20005358755588531, "14": 0.19824659824371338, "15": 0.19655568897724152, "16": 0.1949719786643982, "17": 0.19350390136241913, "18": 0.19212961196899414, "19": 0.19084703922271729, "20": 0.18963319063186646, "21": 0.1884927749633789, "22": 0.18741561472415924, "23": 0.1863982230424881, "24": 0.1854255348443985, "25": 0.18449555337429047, "26": 0.18360579013824463, "27": 0.1827513426542282, "28": 0.18193750083446503, "29": 0.18115682899951935, "30": 0.18041017651557922, "31": 0.17969858646392822, "32": 0.17901772260665894, "33": 0.1783667355775833, "34": 0.1777404397726059, "35": 0.17714303731918335, "36": 0.17656514048576355, "37": 0.1760086715221405, "38": 0.17547377943992615, "39": 0.17495685815811157, "40": 0.17446281015872955, "41": 0.17398664355278015, "42": 0.17352569103240967, "43": 0.17308032512664795, "44": 0.1726526916027069, "45": 0.17224065959453583, "46": 0.17184025049209595, "47": 0.17145173251628876, "48": 0.17107659578323364, "49": 0.17071333527565002, "50": 0.17036190629005432, "51": 0.1700252741575241, "52": 0.16969630122184753, "53": 0.16937406361103058, "54": 0.16906079649925232, "55": 0.1687585711479187, "56": 0.1684623509645462, "57": 0.16816940903663635, "58": 0.1678839921951294, "59": 0.16760611534118652, "60": 0.1673354059457779, "61": 0.1670677363872528, "62": 0.16680613160133362, "63": 0.1665489822626114, "64": 0.16629622876644135, "65": 0.16605244576931, "66": 0.16581058502197266, "67": 0.16557535529136658, "68": 0.1653449684381485, "69": 0.16511955857276917, "70": 0.16489824652671814, "71": 0.1646820306777954, "72": 0.16447170078754425, "73": 0.1642606407403946, "74": 0.16405382752418518, "75": 0.1638501137495041, "76": 0.1636495292186737, "77": 0.16345010697841644, "78": 0.16325578093528748, "79": 0.16306406259536743, "80": 0.16287462413311005, "81": 0.16268768906593323, "82": 0.1625017672777176, "83": 0.16231907904148102, "84": 0.16214002668857574, "85": 0.16196350753307343, "86": 0.16178742051124573, "87": 0.16161604225635529, "88": 0.1614447981119156, "89": 0.16127616167068481, "90": 0.1611124873161316, "91": 0.16095004975795746, "92": 0.1607896089553833, "93": 0.16063165664672852, "94": 0.16047550737857819, "95": 0.1603183001279831, "96": 0.16016294062137604, "97": 0.16000716388225555, "98": 0.15984998643398285, "99": 0.15969480574131012, "100": 0.15953710675239563, "101": 0.15938259661197662, "102": 0.15922999382019043, "103": 0.15907913446426392, "104": 0.1589300036430359, "105": 0.15878038108348846, "106": 0.15863029658794403, "107": 0.1584768146276474, "108": 0.158320352435112, "109": 0.15815958380699158, "110": 0.1579962521791458, "111": 0.15782515704631805, "112": 0.1576472818851471, "113": 0.1574653834104538, "114": 0.15727843344211578, "115": 0.15708771347999573, "116": 0.15688909590244293, "117": 0.15667317807674408, "118": 0.15644071996212006, "119": 0.15619370341300964, "120": 0.15591982007026672, "121": 0.15560920536518097, "122": 0.15528066456317902, "123": 0.15491904318332672, "124": 0.15452134609222412, "125": 0.15396684408187866, "126": 0.15333616733551025, "127": 0.15253974497318268, "128": 0.15199121832847595, "129": 0.1513044834136963, "130": 0.1506594866514206, "131": 0.1500561684370041, "132": 0.1495010107755661, "133": 0.14887724816799164, "134": 0.148367241024971, "135": 0.14773774147033691, "136": 0.1472811996936798, "137": 0.1466260403394699, "138": 0.14611509442329407, "139": 0.14566579461097717, "140": 0.1451369822025299, "141": 0.14454159140586853, "142": 0.1440572589635849, "143": 0.14365707337856293, "144": 0.14312471449375153, "145": 0.14257530868053436, "146": 0.14218075573444366, "147": 0.14182719588279724, "148": 0.14141778647899628, "149": 0.14090441167354584, "150": 0.14049288630485535, "151": 0.14013110101222992, "152": 0.13976210355758667, "153": 0.13931509852409363, "154": 0.13896329700946808, "155": 0.13864491879940033, "156": 0.13827648758888245, "157": 0.13793693482875824, "158": 0.13761626183986664, "159": 0.13723711669445038, "160": 0.13694249093532562, "161": 0.13655616343021393, "162": 0.13625217974185944, "163": 0.1359630823135376, "164": 0.13566003739833832, "165": 0.13533608615398407, "166": 0.13504576683044434, "167": 0.13472692668437958, "168": 0.134419247508049, "169": 0.1341646909713745, "170": 0.13383319973945618, "171": 0.1335688978433609, "172": 0.1333092898130417, "173": 0.13304626941680908, "174": 0.13280849158763885, "175": 0.13250970840454102, "176": 0.13227200508117676, "177": 0.1320546567440033, "178": 0.13176071643829346, "179": 0.13147979974746704, "180": 0.1312369704246521, "181": 0.13102175295352936, "182": 0.13076035678386688, "183": 0.13055174052715302, "184": 0.13034489750862122, "185": 0.13013869524002075, "186": 0.12993523478507996, "187": 0.12974704802036285, "188": 0.12955942749977112, "189": 0.12932081520557404, "190": 0.1291266828775406, "191": 0.12895320355892181, "192": 0.12874342501163483, "193": 0.12853042781352997, "194": 0.12832233309745789, "195": 0.12813863158226013, "196": 0.12797747552394867, "197": 0.12776091694831848, "198": 0.12756872177124023, "199": 0.12741680443286896, "200": 0.12721742689609528, "201": 0.12705561518669128, "202": 0.12686391174793243, "203": 0.1267000436782837, "204": 0.12655818462371826, "205": 0.12640105187892914, "206": 0.1262366771697998, "207": 0.12610125541687012, "208": 0.12593775987625122, "209": 0.12580254673957825, "210": 0.12567614018917084, "211": 0.1255345344543457, "212": 0.1254362016916275, "213": 0.12533091008663177, "214": 0.12521448731422424, "215": 0.1251095086336136, "216": 0.12499061226844788, "217": 0.12485186755657196, "218": 0.12473013997077942, "219": 0.1246144026517868, "220": 0.12449060380458832, "221": 0.12436693906784058, "222": 0.1242481991648674, "223": 0.12412439286708832, "224": 0.12399360537528992, "225": 0.12389081716537476, "226": 0.12377791106700897, "227": 0.12365801632404327, "228": 0.12355747818946838, "229": 0.12345221638679504, "230": 0.12335225939750671, "231": 0.12322855740785599, "232": 0.12312278151512146, "233": 0.12303240597248077, "234": 0.12293261289596558, "235": 0.12283287942409515, "236": 0.12274542450904846, "237": 0.12266334146261215, "238": 0.122580885887146, "239": 0.1224823072552681, "240": 0.12239846587181091, "241": 0.1223166361451149, "242": 0.12222426384687424, "243": 0.12212948501110077, "244": 0.12204518914222717, "245": 0.12196719646453857, "246": 0.12189425528049469, "247": 0.12181802093982697, "248": 0.12174221873283386, "249": 0.12167029827833176, "250": 0.12159532308578491, "251": 0.12151384353637695, "252": 0.12144336104393005, "253": 0.12137363106012344, "254": 0.12130167335271835, "255": 0.1212402880191803, "256": 0.12117937952280045, "257": 0.12112021446228027, "258": 0.1210571676492691, "259": 0.12099191546440125, "260": 0.12094603478908539, "261": 0.12089863419532776, "262": 0.12081262469291687, "263": 0.1207466647028923, "264": 0.12067889422178268, "265": 0.12060749530792236, "266": 0.12055136263370514, "267": 0.12049321830272675, "268": 0.12041028589010239, "269": 0.1203492283821106, "270": 0.12029161304235458, "271": 0.12023821473121643, "272": 0.12019404768943787, "273": 0.1201496496796608, "274": 0.12010540068149567, "275": 0.12004178017377853, "276": 0.11999958753585815, "277": 0.11996455490589142, "278": 0.11989820003509521, "279": 0.11986112594604492, "280": 0.1198142021894455, "281": 0.11977538466453552, "282": 0.11973656713962555, "283": 0.11968333274126053, "284": 0.1196422278881073, "285": 0.11958242952823639, "286": 0.11953867971897125, "287": 0.1194949746131897, "288": 0.11945338547229767, "289": 0.11941160261631012, "290": 0.1193719357252121, "291": 0.11933359503746033,