{"0": 0.6931474208831787, "1": 0.21474000811576843, "2": 0.21447162330150604, "3": 0.12871967256069183, "4": 0.12331950664520264, "5": 0.12066874653100967, "6": 0.11832008510828018, "7": 0.11628302186727524, "8": 0.1145201027393341, "9": 0.11298543214797974, "10": 0.11163192242383957, "11": 0.11043523997068405, "12": 0.10936214029788971, "13": 0.10854624211788177, "14": 0.10782431811094284, "15": 0.10713167488574982, "16": 0.1064733937382698, "17": 0.10584434866905212, "18": 0.10524122416973114, "19": 0.10466287285089493, "20": 0.10411425679922104, "21": 0.10359353572130203, "22": 0.10309568047523499, "23": 0.102617546916008, "24": 0.10216372460126877, "25": 0.10173018276691437, "26": 0.10131297260522842, "27": 0.10091197490692139, "28": 0.10052640736103058, "29": 0.10016321390867233, "30": 0.0998089462518692, "31": 0.0994688868522644, "32": 0.09914173185825348, "33": 0.09882719814777374, "34": 0.0985228419303894, "35": 0.09822890907526016, "36": 0.09794700890779495, "37": 0.0976739302277565, "38": 0.0974084883928299, "39": 0.09714997559785843, "40": 0.09689855575561523, "41": 0.0966569110751152, "42": 0.09642312675714493, "43": 0.09619656205177307, "44": 0.09597641974687576, "45": 0.09576287120580673, "46": 0.09555628895759583, "47": 0.09535517543554306, "48": 0.09516067802906036, "49": 0.09497058391571045, "50": 0.09478680789470673, "51": 0.09460614621639252, "52": 0.09442884474992752, "53": 0.09425504505634308, "54": 0.09408475458621979, "55": 0.09391788393259048, "56": 0.093754842877388, "57": 0.09359445422887802, "58": 0.09343589097261429, "59": 0.09328094124794006, "60": 0.09313005954027176, "61": 0.0929793193936348, "62": 0.0928323045372963, "63": 0.09268800169229507, "64": 0.09254443645477295, "65": 0.09240304678678513, "66": 0.09226375818252563, "67": 0.09212588518857956, "68": 0.091988705098629, "69": 0.09185315668582916, "70": 0.09171786159276962, "71": 0.0915856882929802, "72": 0.09145428240299225, "73": 0.09132428467273712, "74": 0.09119580686092377, "75": 0.09106938540935516, "76": 0.09094475209712982, "77": 0.0908212810754776, "78": 0.0906984955072403, "79": 0.09057651460170746, "80": 0.09045521169900894, "81": 0.09033520519733429, "82": 0.09021695703268051, "83": 0.09009823203086853, "84": 0.08997947722673416, "85": 0.0898599922657013, "86": 0.08974155783653259, "87": 0.08962357044219971, "88": 0.08950553834438324, "89": 0.08938713371753693, "90": 0.08926668763160706, "91": 0.08914606273174286, "92": 0.08902190625667572, "93": 0.08889495581388474, "94": 0.08876471221446991, "95": 0.0886305645108223, "96": 0.08849198371171951, "97": 0.08834242820739746, "98": 0.0881764367222786, "99": 0.08799588680267334, "100": 0.08779850602149963, "101": 0.08757807314395905, "102": 0.08732570707798004, "103": 0.08701030910015106, "104": 0.08668389916419983, "105": 0.08626134693622589, "106": 0.08595363050699234, "107": 0.08560452610254288, "108": 0.08520881831645966, "109": 0.08483141660690308, "110": 0.08444440364837646, "111": 0.08403637260198593, "112": 0.08369698375463486, "113": 0.08328522741794586, "114": 0.08294182270765305, "115": 0.08248985558748245, "116": 0.08210256695747375, "117": 0.08173693716526031, "118": 0.08141578733921051, "119": 0.0810670331120491, "120": 0.08076915144920349, "121": 0.08042656630277634, "122": 0.08011628687381744, "123": 0.07978206872940063, "124": 0.07948145270347595, "125": 0.07912492007017136, "126": 0.07881495356559753, "127": 0.07847525924444199, "128": 0.07817798107862473, "129": 0.07784539461135864, "130": 0.07754209637641907, "131": 0.07725314795970917, "132": 0.07699432969093323, "133": 0.07668080180883408, "134": 0.07638892531394958, "135": 0.07613065093755722, "136": 0.07586632668972015, "137": 0.0755634605884552, "138": 0.07525479048490524, "139": 0.0749942883849144, "140": 0.0747409462928772, "141": 0.07449754327535629, "142": 0.07425371557474136, "143": 0.07401742041110992, "144": 0.07378916442394257, "145": 0.07353653758764267, "146": 0.0733179897069931, "147": 0.07309570163488388, "148": 0.07284142076969147, "149": 0.07261952012777328, "150": 0.07236363738775253, "151": 0.07214343547821045, "152": 0.07192418724298477, "153": 0.07169491797685623, "154": 0.07147976756095886, "155": 0.07124245911836624, "156": 0.07101993262767792, "157": 0.07079465687274933, "158": 0.07055246084928513, "159": 0.07033662497997284, "160": 0.07012145221233368, "161": 0.0699053630232811, "162": 0.06973783671855927, "163": 0.06955194473266602, "164": 0.06930571049451828, "165": 0.06912795454263687, "166": 0.06892972439527512, "167": 0.06874244660139084, "168": 0.0685582309961319, "169": 0.06840387731790543, "170": 0.06818659603595734, "171": 0.06803600490093231, "172": 0.06783204525709152, "173": 0.06767026335000992, "174": 0.06750094145536423, "175": 0.0673028901219368, "176": 0.06715741753578186, "177": 0.06701410561800003, "178": 0.06687189638614655, "179": 0.06667012721300125, "180": 0.06652959436178207, "181": 0.06639474630355835, "182": 0.0662461519241333, "183": 0.0661129429936409, "184": 0.06598041951656342, "185": 0.06584202498197556, "186": 0.06571000814437866, "187": 0.06558315455913544, "188": 0.06543554365634918, "189": 0.06529998034238815, "190": 0.06517700850963593, "191": 0.06505686789751053, "192": 0.06489868462085724, "193": 0.06478121876716614, "194": 0.06466872990131378, "195": 0.06456518918275833, "196": 0.06444107741117477, "197": 0.06433950364589691, "198": 0.06423714756965637, "199": 0.06414340436458588, "200": 0.06401072442531586, "201": 0.06391026079654694, "202": 0.06382371485233307, "203": 0.06373897939920425, "204": 0.06364220380783081, "205": 0.06356015801429749, "206": 0.06347900629043579, "207": 0.0633949339389801, "208": 0.06327164173126221, "209": 0.06319376826286316, "210": 0.06311358511447906, "211": 0.06303603947162628, "212": 0.06295591592788696, "213": 0.06287827342748642, "214": 0.06280077993869781, "215": 0.0627206414937973, "216": 0.06264300644397736, "217": 0.06256574392318726, "218": 0.06245194375514984, "219": 0.06237741559743881, "220": 0.06230592355132103, "221": 0.06223699450492859, "222": 0.06216190755367279, "223": 0.06208675354719162, "224": 0.062017351388931274, "225": 0.06194885075092316, "226": 0.06188088655471802, "227": 0.061812907457351685, "228": 0.061732590198516846, "229": 0.061667684465646744, "230": 0.06160053610801697, "231": 0.06153542920947075, "232": 0.061471231281757355, "233": 0.06140779331326485, "234": 0.06134328246116638, "235": 0.061278365552425385, "236": 0.061216749250888824, "237": 0.06115691363811493, "238": 0.06109844893217087, "239": 0.061039503663778305, "240": 0.06098008528351784, "241": 0.06091800704598427, "242": 0.06082233786582947, "243": 0.060763102024793625, "244": 0.06070324406027794, "245": 0.06064531207084656, "246": 0.0605882853269577, "247": 0.06053183972835541, "248": 0.06047646701335907, "249": 0.06042001023888588, "250": 0.060365237295627594, "251": 0.06030503660440445, "252": 0.06025267764925957, "253": 0.06019936129450798, "254": 0.06014847755432129, "255": 0.06009846553206444, "256": 0.06004273518919945, "257": 0.05999085679650307, "258": 0.05992268770933151, "259": 0.05987393483519554, "260": 0.059825602918863297, "261": 0.059780389070510864, "262": 0.059738144278526306, "263": 0.059697747230529785, "264": 0.05965455621480942, "265": 0.05961402505636215, "266": 0.059573546051979065, "267": 0.05953844636678696, "268": 0.05950440466403961, "269": 0.05947256460785866, "270": 0.05943622067570686, "271": 0.059407059103250504, "272": 0.059378862380981445, "273": 0.059345975518226624, "274": 0.05931536853313446, "275": 0.05928938090801239, "276": 0.05926528573036194, "277": 0.05924178659915924, "278": 0.05921857804059982, "279": 0.05919371172785759, "280": 0.05917108803987503, "281": 0.0591486394405365, "282": 0.059116851538419724, "283": 0.059095099568367004, "284": 0.05907326191663742, "285": 0.05904873460531235, "286": 0.059027548879384995, "287": 0.05900625139474869, "288": 0.05898493155837059, "289": 0.058963336050510406,