{"0": 0.6931474208831787, "1": 0.30725377798080444, "2": 0.30644935369491577, "3": 0.15513305366039276, "4": 0.1474275290966034, "5": 0.14172783493995667, "6": 0.13779903948307037, "7": 0.13475501537322998, "8": 0.1323714703321457, "9": 0.13047559559345245, "10": 0.12880158424377441, "11": 0.12735731899738312, "12": 0.1261041909456253, "13": 0.12522774934768677, "14": 0.12453661113977432, "15": 0.12387384474277496, "16": 0.1232510432600975, "17": 0.12267768383026123, "18": 0.12212143838405609, "19": 0.12160363793373108, "20": 0.12110030651092529, "21": 0.12061785161495209, "22": 0.12015257775783539, "23": 0.11970971524715424, "24": 0.11928901076316833, "25": 0.11889610439538956, "26": 0.11851345002651215, "27": 0.11814157664775848, "28": 0.11779841780662537, "29": 0.11746422946453094, "30": 0.11714126914739609, "31": 0.11683597415685654, "32": 0.11655005067586899, "33": 0.11627858877182007, "34": 0.1160205602645874, "35": 0.11576472222805023, "36": 0.11552411317825317, "37": 0.11529532074928284, "38": 0.11508338153362274, "39": 0.11487288773059845, "40": 0.11467524617910385, "41": 0.1144791692495346, "42": 0.11429296433925629, "43": 0.11411447823047638, "44": 0.1139475405216217, "45": 0.11378276348114014, "46": 0.11363493651151657, "47": 0.11349339038133621, "48": 0.11336036026477814, "49": 0.11324113607406616, "50": 0.11312154680490494, "51": 0.11301165819168091, "52": 0.11290635168552399, "53": 0.11280373483896255, "54": 0.11270425468683243, "55": 0.11261233687400818, "56": 0.11251780390739441, "57": 0.11242533475160599, "58": 0.11233577132225037, "59": 0.11225073039531708, "60": 0.11217094957828522, "61": 0.11209479719400406, "62": 0.11202104389667511, "63": 0.11195112764835358, "64": 0.11188356578350067, "65": 0.11181849241256714, "66": 0.11175525188446045, "67": 0.11169486492872238, "68": 0.1116357147693634, "69": 0.11157865822315216, "70": 0.1115221381187439, "71": 0.11146889626979828, "72": 0.11141546070575714, "73": 0.11136279255151749, "74": 0.1113104596734047, "75": 0.1112586185336113, "76": 0.1112074926495552, "77": 0.11115682870149612, "78": 0.11110826581716537, "79": 0.11106258630752563, "80": 0.11101901531219482, "81": 0.1109788715839386, "82": 0.11093807220458984, "83": 0.11089839041233063, "84": 0.11085978150367737, "85": 0.11082165688276291, "86": 0.11078526824712753, "87": 0.11074810475111008, "88": 0.11071137338876724, "89": 0.11067546904087067, "90": 0.11063969135284424, "91": 0.11060602962970734, "92": 0.11057335883378983, "93": 0.1105419471859932, "94": 0.11051198840141296, "95": 0.1104840412735939, "96": 0.1104559600353241, "97": 0.11042822897434235, "98": 0.11040112376213074, "99": 0.11037449538707733, "100": 0.11034880578517914, "101": 0.11032211035490036, "102": 0.11029556393623352, "103": 0.11026888340711594, "104": 0.11024236679077148, "105": 0.11021627485752106, "106": 0.11019054055213928, "107": 0.1101643443107605, "108": 0.11013907194137573, "109": 0.11011335253715515, "110": 0.11008791625499725, "111": 0.11006113886833191, "112": 0.11003531515598297, "113": 0.11000826209783554, "114": 0.10997801274061203, "115": 0.10994677990674973, "116": 0.10991160571575165, "117": 0.10987608879804611, "118": 0.10984285175800323, "119": 0.10980186611413956, "120": 0.10975613445043564, "121": 0.1097080260515213, "122": 0.10965564101934433, "123": 0.10959513485431671, "124": 0.10952314734458923, "125": 0.10943423211574554, "126": 0.10934102535247803, "127": 0.10924892872571945, "128": 0.1091504842042923, "129": 0.10905880481004715, "130": 0.10895012319087982, "131": 0.10880444943904877, "132": 0.10867369174957275, "133": 0.1085745170712471, "134": 0.10846023261547089, "135": 0.10833478718996048, "136": 0.10822263360023499, "137": 0.10810673236846924, "138": 0.10800941288471222, "139": 0.10791045427322388, "140": 0.1078241765499115, "141": 0.10771802067756653, "142": 0.10763052850961685, "143": 0.1075296401977539, "144": 0.10742132365703583, "145": 0.10733149200677872, "146": 0.10723666846752167, "147": 0.10713373124599457, "148": 0.10703408718109131, "149": 0.10693690180778503, "150": 0.10684452950954437, "151": 0.10674740374088287, "152": 0.10665298998355865, "153": 0.10655800253152847, "154": 0.10648255050182343, "155": 0.10639742016792297, "156": 0.10631179809570312, "157": 0.10621564090251923, "158": 0.10611968487501144, "159": 0.10601046681404114, "160": 0.10591498017311096, "161": 0.105805404484272, "162": 0.10569725930690765, "163": 0.10559357702732086, "164": 0.10548342764377594, "165": 0.1053692027926445, "166": 0.10528701543807983, "167": 0.10520090162754059, "168": 0.10510630160570145, "169": 0.10503655672073364, "170": 0.10496002435684204, "171": 0.10487251728773117, "172": 0.10477430373430252, "173": 0.10469038784503937, "174": 0.10460072755813599, "175": 0.10453289747238159, "176": 0.10445518791675568, "177": 0.10437936335802078, "178": 0.10432805120944977, "179": 0.10426618158817291, "180": 0.1042136549949646, "181": 0.10414252430200577, "182": 0.10406892001628876, "183": 0.10399749875068665, "184": 0.1039225161075592, "185": 0.10385569930076599, "186": 0.10376544296741486, "187": 0.10369915515184402, "188": 0.10364031791687012, "189": 0.10358043760061264, "190": 0.10351715981960297, "191": 0.10345430672168732, "192": 0.10339836031198502, "193": 0.10334501415491104, "194": 0.1032906323671341, "195": 0.10323245823383331, "196": 0.10315783321857452, "197": 0.10310697555541992, "198": 0.10306166857481003, "199": 0.10300923138856888, "200": 0.10295118391513824, "201": 0.10289180278778076, "202": 0.10282450169324875, "203": 0.1027686595916748, "204": 0.10271204262971878, "205": 0.10262055695056915, "206": 0.10256318002939224, "207": 0.10250714421272278, "208": 0.10246497392654419, "209": 0.10242018848657608, "210": 0.10234382003545761, "211": 0.10230375826358795, "212": 0.10226263850927353, "213": 0.10222599655389786, "214": 0.10219074785709381, "215": 0.10214698314666748, "216": 0.10210897028446198, "217": 0.10207254439592361, "218": 0.10205022990703583, "219": 0.10202818363904953, "220": 0.1020067110657692, "221": 0.10198894888162613, "222": 0.10196658968925476, "223": 0.10194480419158936, "224": 0.1019240990281105, "225": 0.10190503299236298, "226": 0.10188687592744827, "227": 0.10187052190303802, "228": 0.10185350477695465, "229": 0.10182987153530121, "230": 0.10181419551372528, "231": 0.10179908573627472, "232": 0.10178636014461517, "233": 0.10177534818649292, "234": 0.10176049172878265, "235": 0.10174918174743652, "236": 0.10173790901899338, "237": 0.10172666609287262, "238": 0.1017170250415802, "239": 0.10169866681098938, "240": 0.10168692469596863, "241": 0.10167203843593597, "242": 0.10165975987911224, "243": 0.10164818167686462, "244": 0.10163659602403641, "245": 0.1016254797577858, "246": 0.10161428898572922, "247": 0.10160314291715622, "248": 0.10159169137477875, "249": 0.10158061981201172, "250": 0.10157126188278198, "251": 0.10156486928462982, "252": 0.10155956447124481, "253": 0.10155399143695831, "254": 0.10154876857995987, "255": 0.10154382884502411, "256": 0.1015397384762764, "257": 0.10153570026159286, "258": 0.10153217613697052, "259": 0.1015295684337616, "260": 0.10152702033519745, "261": 0.10152449458837509, "262": 0.10152185708284378, "263": 0.10151909291744232, "264": 0.1015162244439125, "265": 0.10151359438896179, "266": 0.10151086747646332, "267": 0.10150820016860962, "268": 0.1015050858259201, "269": 0.1014995276927948, "270": 0.10149341821670532, "271": 0.10148559510707855, "272": 0.10147957503795624, "273": 0.10147394239902496, "274": 0.10146811604499817, "275": 0.10146285593509674, "276": 0.10145623981952667, "277": 0.10144968330860138, "278": 0.10144329071044922, "279": 0.10143570601940155, "280": 0.10142897069454193, "281": 0.1014208272099495, "282": 0.10141658782958984, "283": 0.10141374915838242, "284": 0.10141110420227051, "285": 0.10140810906887054, "286": 0.10140515863895416, "287": 0.1014019250869751, "288": 0.10139865428209305, "289": 0.10139492899179459, "290": 0.1013910174369812,