{"0": 998.3068525791168, "1": -0.043139755725860596, "2": 0.0016235709190368652, "3": 0.16531646251678467, "4": 0.06817793846130371, "5": 0.026132583618164062, "6": 0.017272472381591797, "7": 0.014123380184173584, "8": 0.011986315250396729, "9": 0.010461628437042236, "10": 0.00920829176902771, "11": 0.008200585842132568, "12": 0.007363736629486084, "13": 0.006523698568344116, "14": 0.005896449089050293, "15": 0.00542604923248291, "16": 0.005032569169998169, "17": 0.004686444997787476, "18": 0.004361480474472046, "19": 0.004097729921340942, "20": 0.0038505196571350098, "21": 0.0036053359508514404, "22": 0.003406047821044922, "23": 0.003222733736038208, "24": 0.0030233263969421387, "25": 0.0028937160968780518, "26": 0.002757340669631958, "27": 0.0026221871376037598, "28": 0.0024978816509246826, "29": 0.0023934543132781982, "30": 0.0022816359996795654, "31": 0.0021935105323791504, "32": 0.0021032094955444336, "33": 0.002011626958847046, "34": 0.0019464194774627686, "35": 0.0018793046474456787, "36": 0.0018078386783599854, "37": 0.0017493665218353271, "38": 0.0016923248767852783, "39": 0.0016357600688934326, "40": 0.0015846490859985352, "41": 0.0015215575695037842, "42": 0.0014893412590026855, "43": 0.0014165043830871582, "44": 0.0013980865478515625, "45": 0.001375436782836914, "46": 0.0013379156589508057, "47": 0.0013024210929870605, "48": 0.0012645423412322998, "49": 0.0012213587760925293, "50": 0.0012110471725463867, "51": 0.0011663436889648438, "52": 0.0011616945266723633, "53": 0.0011392831802368164, "54": 0.0011178255081176758, "55": 0.0010966956615447998, "56": 0.0010783374309539795, "57": 0.0010516345500946045, "58": 0.0010395646095275879, "59": 0.0010346770286560059, "60": 0.0010188817977905273, "61": 0.0010037124156951904, "62": 0.0009873807430267334, "63": 0.0009774863719940186, "64": 0.0009608268737792969, "65": 0.0009613037109375, "66": 0.0009526908397674561, "67": 0.0009454488754272461, "68": 0.0009385049343109131, "69": 0.0009309053421020508, "70": 0.0009276270866394043, "71": 0.0009172260761260986, "72": 0.0009168088436126709, "73": 0.000916212797164917, "74": 0.0009138584136962891, "75": 0.0009079873561859131, "76": 0.0009080469608306885, "77": 0.0009094774723052979, "78": 0.0009064972400665283, "79": 0.0009048879146575928, "80": 0.0009046494960784912, "81": 0.0009055733680725098, "82": 0.0009041428565979004, "83": 0.0009030401706695557, "84": 0.0008996725082397461, "85": 0.0009007751941680908, "86": 0.0009020566940307617, "87": 0.0009030699729919434, "88": 0.0009035766124725342, "89": 0.0009041726589202881, "90": 0.0009019374847412109, "91": 0.0008988380432128906, "92": 0.0009002089500427246, "93": 0.0009010434150695801, "94": 0.0009019374847412109, "95": 0.000903397798538208, "96": 0.000910639762878418, "97": 0.0009149909019470215, "98": 0.0009196251630783081, "99": 0.0009232312440872192, "100": 0.0009284913539886475, "101": 0.0009325146675109863, "102": 0.0009423196315765381, "103": 0.0009532570838928223, "104": 0.0009593069553375244, "105": 0.0009658932685852051, "106": 0.0009751766920089722, "107": 0.0009839236736297607, "108": 0.000991225242614746, "109": 0.0009981244802474976, "110": 0.0010016709566116333, "111": 0.0010205954313278198, "112": 0.0010782182216644287, "113": 0.0011617988348007202, "114": 0.0012110918760299683, "115": 0.0013682842254638672, "116": 0.001603543758392334, "117": 0.001060977578163147, "118": 0.0012364834547042847, "119": 0.0013143420219421387, "120": 0.001368105411529541, "121": 0.0014217644929885864, "122": 0.0014813542366027832, "123": 0.00157146155834198, "124": 0.0015542060136795044, "125": 0.0014258921146392822, "126": 0.0012257397174835205, "127": 0.0017978399991989136, "128": 0.0008913129568099976, "129": 0.0007994771003723145, "130": 0.0008285939693450928, "131": 0.0007787346839904785, "132": 0.0007810145616531372, "133": 0.0007726401090621948, "134": 0.0007691234350204468, "135": 0.0007636845111846924, "136": 0.0007689595222473145, "137": 0.0007570832967758179, "138": 0.0011381059885025024, "139": 0.0006984621286392212, "140": 0.0007335543632507324, "141": 0.0007234960794448853, "142": 0.0007297396659851074, "143": 0.0007404834032058716, "144": 0.0007576793432235718, "145": 0.0007648169994354248, "146": 0.0008194297552108765, "147": 0.0007931441068649292, "148": 0.0008464455604553223, "149": 0.0008872449398040771, "150": 0.0011069327592849731, "151": 0.0006946772336959839, "152": 0.0006943047046661377, "153": 0.000810772180557251, "154": 0.0006805658340454102, "155": 0.0008117705583572388, "156": 0.0006986260414123535, "157": 0.0008032321929931641, "158": 0.0007594823837280273, "159": 0.0008419305086135864, "160": 0.0008587837219238281, "161": 0.0009910166263580322, "162": 0.0007431954145431519, "163": 0.0006807148456573486, "164": 0.0006371140480041504, "165": 0.0006979405879974365, "166": 0.0006381571292877197, "167": 0.0007424354553222656, "168": 0.0007098615169525146, "169": 0.0006617605686187744, "170": 0.0007743537425994873, "171": 0.0007027685642242432, "172": 0.0008019208908081055, "173": 0.0006103813648223877, "174": 0.0006821155548095703, "175": 0.000598222017288208, "176": 0.000602036714553833, "177": 0.0005826205015182495, "178": 0.0005507171154022217, "179": 0.0006601214408874512, "180": 0.0005625933408737183, "181": 0.0006835460662841797, "182": 0.000619247555732727, "183": 0.0006307512521743774, "184": 0.0005996674299240112, "185": 0.0005746185779571533, "186": 0.0005654245615005493, "187": 0.0005286186933517456, "188": 0.0005470216274261475, "189": 0.0005066990852355957, "190": 0.0005387067794799805, "191": 0.0005000829696655273, "192": 0.0005136430263519287, "193": 0.000493168830871582, "194": 0.0005117654800415039, "195": 0.00046528875827789307, "196": 0.00053386390209198, "197": 0.0004543811082839966, "198": 0.000554695725440979, "199": 0.0004514753818511963, "200": 0.0004701763391494751, "201": 0.00042913854122161865, "202": 0.000429496169090271, "203": 0.0004105418920516968, "204": 0.0004240870475769043, "205": 0.0004261583089828491, "206": 0.0004091709852218628, "207": 0.000438690185546875, "208": 0.00040675699710845947, "209": 0.00041034817695617676, "210": 0.00039748847484588623, "211": 0.00040659308433532715, "212": 0.0004143714904785156, "213": 0.0003833174705505371, "214": 0.0003964453935623169, "215": 0.00036178529262542725, "216": 0.00040468573570251465, "217": 0.00035583972930908203, "218": 0.0004134625196456909, "219": 0.00034470856189727783, "220": 0.0003553926944732666, "221": 0.0003641843795776367, "222": 0.00033336877822875977, "223": 0.00035879015922546387, "224": 0.0003222525119781494, "225": 0.00039446353912353516, "226": 0.00038123130798339844, "227": 0.00033220648765563965, "228": 0.0003590583801269531, "229": 0.00035002827644348145, "230": 0.0003580152988433838, "231": 0.00030612945556640625, "232": 0.0003236830234527588, "233": 0.0002721250057220459, "234": 0.00027942657470703125, "235": 0.00025922060012817383, "236": 0.0002692192792892456, "237": 0.0002761334180831909, "238": 0.00027264654636383057, "239": 0.000263407826423645, "240": 0.0002641528844833374, "241": 0.000263214111328125, "242": 0.00025613605976104736, "243": 0.0002855062484741211, "244": 0.0002856403589248657, "245": 0.0002599656581878662, "246": 0.00028502941131591797, "247": 0.00025816261768341064, "248": 0.0002561807632446289, "249": 0.0002378523349761963, "250": 0.0002402663230895996, "251": 0.00023284554481506348, "252": 0.0002484619617462158, "253": 0.00022459030151367188, "254": 0.00028105080127716064, "255": 0.00023569166660308838, "256": 0.0002530813217163086, "257": 0.0002343207597732544, "258": 0.0002292841672897339, "259": 0.0002565532922744751, "260": 0.00021651387214660645, "261": 0.0002057403326034546, "262": 0.000286296010017395, "263": 0.00021287798881530762, "264": 0.00029318034648895264, "265": 0.00023983418941497803, "266": 0.00021313130855560303, "267": 0.00021019577980041504, "268": 0.00018711388111114502, "269": 0.00024022161960601807, "270": 0.0002043396234512329,