{"0": 0.6931474208831787, "1": 0.7159018516540527, "2": 0.7143131494522095, "3": 0.5521273612976074, "4": 0.49126267433166504, "5": 0.46747487783432007, "6": 0.4514899253845215, "7": 0.43855953216552734, "8": 0.42751121520996094, "9": 0.41795849800109863, "10": 0.40960150957107544, "11": 0.40219801664352417, "12": 0.3955470621585846, "13": 0.38956254720687866, "14": 0.38420701026916504, "15": 0.3792959749698639, "16": 0.37474721670150757, "17": 0.37053656578063965, "18": 0.3666243553161621, "19": 0.3629719913005829, "20": 0.35955414175987244, "21": 0.356329083442688, "22": 0.35329246520996094, "23": 0.35043463110923767, "24": 0.3477267026901245, "25": 0.3451478183269501, "26": 0.34270572662353516, "27": 0.340389221906662, "28": 0.33817192912101746, "29": 0.3360544741153717, "30": 0.3340441584587097, "31": 0.3321250081062317, "32": 0.3302866220474243, "33": 0.3285287022590637, "34": 0.32684361934661865, "35": 0.32522302865982056, "36": 0.3236757814884186, "37": 0.3221909701824188, "38": 0.32074570655822754, "39": 0.3193511962890625, "40": 0.31801170110702515, "41": 0.31671544909477234, "42": 0.31545984745025635, "43": 0.3142426013946533, "44": 0.3130684494972229, "45": 0.3119237720966339, "46": 0.31081485748291016, "47": 0.3097446858882904, "48": 0.30869990587234497, "49": 0.3076827824115753, "50": 0.30669885873794556, "51": 0.30574831366539, "52": 0.30480825901031494, "53": 0.3038923144340515, "54": 0.302993506193161, "55": 0.30211567878723145, "56": 0.3012600839138031, "57": 0.3004162311553955, "58": 0.2995902895927429, "59": 0.2987831234931946, "60": 0.29799044132232666, "61": 0.29721125960350037, "62": 0.29644709825515747, "63": 0.2956984043121338, "64": 0.2949604392051697, "65": 0.2942403256893158, "66": 0.29351821541786194, "67": 0.29281121492385864, "68": 0.292110800743103, "69": 0.29142120480537415, "70": 0.2907419204711914, "71": 0.29007869958877563, "72": 0.2894175350666046, "73": 0.288765549659729, "74": 0.28812137246131897, "75": 0.2874824106693268, "76": 0.2868555784225464, "77": 0.2862311601638794, "78": 0.2856154143810272, "79": 0.28500688076019287, "80": 0.28440630435943604, "81": 0.28381258249282837, "82": 0.28322502970695496, "83": 0.2826448976993561, "84": 0.2820700407028198, "85": 0.28150177001953125, "86": 0.2809387147426605, "87": 0.2803819179534912, "88": 0.2798362076282501, "89": 0.2792893052101135, "90": 0.27875179052352905, "91": 0.2782191038131714, "92": 0.27769404649734497, "93": 0.2771768271923065, "94": 0.27666011452674866, "95": 0.2761516571044922, "96": 0.27564871311187744, "97": 0.27515149116516113, "98": 0.2746569514274597, "99": 0.27416762709617615, "100": 0.2736830711364746, "101": 0.27320554852485657, "102": 0.27273452281951904, "103": 0.2722683250904083, "104": 0.2718070447444916, "105": 0.2713469862937927, "106": 0.27088892459869385, "107": 0.2704322040081024, "108": 0.2699749171733856, "109": 0.2695125341415405, "110": 0.26904600858688354, "111": 0.26857689023017883, "112": 0.2680991590023041, "113": 0.26761555671691895, "114": 0.26712480187416077, "115": 0.266625314950943, "116": 0.2661137580871582, "117": 0.265585720539093, "118": 0.2650369107723236, "119": 0.26446619629859924, "120": 0.2638740837574005, "121": 0.2632526159286499, "122": 0.2625977396965027, "123": 0.2619077265262604, "124": 0.26117968559265137, "125": 0.2603980600833893, "126": 0.25950291752815247, "127": 0.2582385838031769, "128": 0.2571318447589874, "129": 0.25585290789604187, "130": 0.25448349118232727, "131": 0.25328585505485535, "132": 0.25189852714538574, "133": 0.2504890561103821, "134": 0.2491096705198288, "135": 0.24775362014770508, "136": 0.2464824765920639, "137": 0.24513062834739685, "138": 0.2438749223947525, "139": 0.24265161156654358, "140": 0.24151916801929474, "141": 0.24037350714206696, "142": 0.2393617331981659, "143": 0.23830470442771912, "144": 0.2372802495956421, "145": 0.23605985939502716, "146": 0.23508864641189575, "147": 0.23419778048992157, "148": 0.23322705924510956, "149": 0.23221570253372192, "150": 0.2313285768032074, "151": 0.2305566519498825, "152": 0.22957175970077515, "153": 0.22859816253185272, "154": 0.22755569219589233, "155": 0.22669941186904907, "156": 0.22591359913349152, "157": 0.22521041333675385, "158": 0.2242741882801056, "159": 0.22357189655303955, "160": 0.22290778160095215, "161": 0.22194570302963257, "162": 0.22129501402378082, "163": 0.22067046165466309, "164": 0.21988517045974731, "165": 0.21921303868293762, "166": 0.21854591369628906, "167": 0.21761009097099304, "168": 0.21685791015625, "169": 0.2161782681941986, "170": 0.21527090668678284, "171": 0.21459297835826874, "172": 0.21393325924873352, "173": 0.21314886212348938, "174": 0.21248483657836914, "175": 0.2117215394973755, "176": 0.21085220575332642, "177": 0.21021100878715515, "178": 0.20962752401828766, "179": 0.20874077081680298, "180": 0.20815631747245789, "181": 0.20759859681129456, "182": 0.20677757263183594, "183": 0.20623984932899475, "184": 0.20570556819438934, "185": 0.20517587661743164, "186": 0.20459522306919098, "187": 0.2040954977273941, "188": 0.20359909534454346, "189": 0.20294395089149475, "190": 0.2024661898612976, "191": 0.2020067423582077, "192": 0.20148395001888275, "193": 0.20102842152118683, "194": 0.2005789875984192, "195": 0.20007097721099854, "196": 0.19962863624095917, "197": 0.1992027461528778, "198": 0.1987760066986084, "199": 0.1983335316181183, "200": 0.19792144000530243, "201": 0.19741761684417725, "202": 0.19681759178638458, "203": 0.19640445709228516, "204": 0.19602376222610474, "205": 0.19564494490623474, "206": 0.1952652931213379, "207": 0.19487541913986206, "208": 0.1945107877254486, "209": 0.19414429366588593, "210": 0.19373667240142822, "211": 0.19337956607341766, "212": 0.19302892684936523, "213": 0.19260433316230774, "214": 0.19224590063095093, "215": 0.19187185168266296, "216": 0.19150853157043457, "217": 0.19102826714515686, "218": 0.19066661596298218, "219": 0.19031372666358948, "220": 0.1899699717760086, "221": 0.18963821232318878, "222": 0.1892406940460205, "223": 0.18886220455169678, "224": 0.18832549452781677, "225": 0.18791095912456512, "226": 0.18755051493644714, "227": 0.18721291422843933, "228": 0.18689647316932678, "229": 0.1864413321018219, "230": 0.1861492395401001, "231": 0.18585433065891266, "232": 0.18555909395217896, "233": 0.18526366353034973, "234": 0.18497255444526672, "235": 0.18461349606513977, "236": 0.1843210607767105, "237": 0.1840265691280365, "238": 0.18373806774616241, "239": 0.18343070149421692, "240": 0.183084636926651, "241": 0.18277432024478912, "242": 0.18246349692344666, "243": 0.18215709924697876, "244": 0.1818048357963562, "245": 0.18151786923408508, "246": 0.18122172355651855, "247": 0.18091951310634613, "248": 0.18066856265068054, "249": 0.1804172396659851, "250": 0.18018995225429535, "251": 0.17994564771652222, "252": 0.17972299456596375, "253": 0.17951224744319916, "254": 0.17927217483520508, "255": 0.17897683382034302, "256": 0.17875833809375763, "257": 0.1785687655210495, "258": 0.17836305499076843, "259": 0.1781618893146515, "260": 0.1779501736164093, "261": 0.1777418851852417, "262": 0.1775301843881607, "263": 0.1773240864276886, "264": 0.177068293094635, "265": 0.17686918377876282, "266": 0.17667809128761292, "267": 0.17644420266151428, "268": 0.17620407044887543, "269": 0.17599573731422424, "270": 0.1757744997739792, "271": 0.17554675042629242, "272": 0.17532896995544434, "273": 0.1751008927822113, "274": 0.17487548291683197, "275": 0.17467185854911804, "276": 0.1744852066040039, "277": 0.1742924302816391, "278": 0.174106165766716, "279": 0.17392688989639282, "280": 0.17376932501792908, "281": 0.17361530661582947, "282": 0.1734624207019806, "283": 0.17326852679252625, "284": 0.17309507727622986, "285": 0.1729211062192917, "286": 0.172785222530365, "287": 0.1726684272289276, "288": 0.17255479097366333, "289": 0.17245659232139587, "290": 0.1723126471042633, "291": 0.17221081256866455, "292": 0.1721082180738449, "293": 0.17197760939598083,