{"0": 998.3068525791168, "1": 0.5107823759317398, "2": 0.00011448562145233154, "3": 0.043484166264534, "4": 0.010059162974357605, "5": 0.0041213855147361755, "6": 0.0031313300132751465, "7": 0.0026607587933540344, "8": 0.002349570393562317, "9": 0.0020878762006759644, "10": 0.0018591880798339844, "11": 0.0016528144478797913, "12": 0.0015030652284622192, "13": 0.0013478398323059082, "14": 0.0012227445840835571, "15": 0.001130431890487671, "16": 0.001051388680934906, "17": 0.0009869188070297241, "18": 0.0009183213114738464, "19": 0.0008712783455848694, "20": 0.0008311644196510315, "21": 0.0007876455783843994, "22": 0.000753551721572876, "23": 0.0007177293300628662, "24": 0.0006852447986602783, "25": 0.0006547719240188599, "26": 0.0006224066019058228, "27": 0.0006018728017807007, "28": 0.0005773156881332397, "29": 0.0005559846758842468, "30": 0.0005357563495635986, "31": 0.0005124658346176147, "32": 0.0004963576793670654, "33": 0.0004786252975463867, "34": 0.00046147406101226807, "35": 0.0004453733563423157, "36": 0.0004305243492126465, "37": 0.00041582435369491577, "38": 0.00040192902088165283, "39": 0.0003876015543937683, "40": 0.00037623941898345947, "41": 0.00036416202783584595, "42": 0.0003523975610733032, "43": 0.00034211575984954834, "44": 0.0003281831741333008, "45": 0.0003213062882423401, "46": 0.0003119856119155884, "47": 0.0003026723861694336, "48": 0.0002940073609352112, "49": 0.00028520822525024414, "50": 0.00027742236852645874, "51": 0.0002719759941101074, "52": 0.00026420503854751587, "53": 0.00025666505098342896, "54": 0.00024978071451187134, "55": 0.0002443939447402954, "56": 0.00023889541625976562, "57": 0.00023246556520462036, "58": 0.00022636353969573975, "59": 0.00022152811288833618, "60": 0.0002171844244003296, "61": 0.00021237879991531372, "62": 0.00020737946033477783, "63": 0.00020381808280944824, "64": 0.00019996613264083862, "65": 0.00019610673189163208, "66": 0.00019182264804840088, "67": 0.00018770992755889893, "68": 0.00018408149480819702, "69": 0.00018068403005599976, "70": 0.00017737597227096558, "71": 0.00017377734184265137, "72": 0.00017058104276657104, "73": 0.00016742944717407227, "74": 0.00016445666551589966, "75": 0.00016157329082489014, "76": 0.0001585260033607483, "77": 0.00015562772750854492, "78": 0.00015290826559066772, "79": 0.00015003234148025513, "80": 0.00014710426330566406, "81": 0.00014448165893554688, "82": 0.0001421794295310974, "83": 0.00014030933380126953, "84": 0.00013840198516845703, "85": 0.00013674050569534302, "86": 0.0001351088285446167, "87": 0.0001351386308670044, "88": 0.00013425201177597046, "89": 0.0001343861222267151, "90": 0.00013475120067596436, "91": 0.00013706088066101074, "92": 0.00013972818851470947, "93": 0.00014349818229675293, "94": 0.00014771521091461182, "95": 0.00015275925397872925, "96": 0.00016055256128311157, "97": 0.0001683160662651062, "98": 0.00018133223056793213, "99": 0.00019449740648269653, "100": 0.00021710246801376343, "101": 0.0002461671829223633, "102": 0.0002837181091308594, "103": 0.0004324689507484436, "104": 0.0004608556628227234, "105": 0.0005613267421722412, "106": 0.0007232800126075745, "107": 0.0005627572536468506, "108": 0.0006068125367164612, "109": 0.000643514096736908, "110": 0.0006078183650970459, "111": 0.0006628111004829407, "112": 0.0005669295787811279, "113": 0.0006309151649475098, "114": 0.0005702897906303406, "115": 0.0006651952862739563, "116": 0.0005265399813652039, "117": 0.0005416125059127808, "118": 0.0005437508225440979, "119": 0.0005043521523475647, "120": 0.0005627050995826721, "121": 0.00048398226499557495, "122": 0.0005705654621124268, "123": 0.0004948228597640991, "124": 0.0005087330937385559, "125": 0.0004841163754463196, "126": 0.00048791617155075073, "127": 0.0004925057291984558, "128": 0.00046972185373306274, "129": 0.0004673004150390625, "130": 0.0004505962133407593, "131": 0.0004511140286922455, "132": 0.00044199079275131226, "133": 0.0004449598491191864, "134": 0.00042966753244400024, "135": 0.00040274858474731445, "136": 0.0004411749541759491, "137": 0.0004042498767375946, "138": 0.00042998790740966797, "139": 0.00040178000926971436, "140": 0.0004032738506793976, "141": 0.00039378926157951355, "142": 0.00038055330514907837, "143": 0.00038975849747657776, "144": 0.0003747791051864624, "145": 0.0003410056233406067, "146": 0.0003870166838169098, "147": 0.0003879740834236145, "148": 0.0004358738660812378, "149": 0.0003693774342536926, "150": 0.0003476180136203766, "151": 0.0003608688712120056, "152": 0.00034259259700775146, "153": 0.0003303997218608856, "154": 0.00033150985836982727, "155": 0.00034336745738983154, "156": 0.00029176101088523865, "157": 0.0003371424973011017, "158": 0.0003252290189266205, "159": 0.00033578649163246155, "160": 0.00037339329719543457, "161": 0.00033478066325187683, "162": 0.00030257925391197205, "163": 0.0002947188913822174, "164": 0.00030813366174697876, "165": 0.000277496874332428, "166": 0.00024111568927764893, "167": 0.00022821500897407532, "168": 0.00025307387113571167, "169": 0.00022307038307189941, "170": 0.00022365525364875793, "171": 0.00023156031966209412, "172": 0.00021641328930854797, "173": 0.00021126121282577515, "174": 0.0002481192350387573, "175": 0.0002115778625011444, "176": 0.00021259859204292297, "177": 0.00022879242897033691, "178": 0.00021082162857055664, "179": 0.0002371370792388916, "180": 0.0002245381474494934, "181": 0.00019810348749160767, "182": 0.00020772963762283325, "183": 0.00020191073417663574, "184": 0.00023464858531951904, "185": 0.00018999725580215454, "186": 0.00017517060041427612, "187": 0.00017216801643371582, "188": 0.0002226606011390686, "189": 0.0001737736165523529, "190": 0.00016655400395393372, "191": 0.00016278773546218872, "192": 0.00021457672119140625, "193": 0.00015960633754730225, "194": 0.00015886500477790833, "195": 0.0001550726592540741, "196": 0.0002230629324913025, "197": 0.00016479939222335815, "198": 0.00018220767378807068, "199": 0.00018136948347091675, "200": 0.00017174705862998962, "201": 0.00016216933727264404, "202": 0.00015268102288246155, "203": 0.00015282630920410156, "204": 0.00017099827527999878, "205": 0.00019514933228492737, "206": 0.00013700127601623535, "207": 0.00013325363397598267, "208": 0.000188484787940979, "209": 0.00013306736946105957, "210": 0.00013168901205062866, "211": 0.00012820586562156677, "212": 0.00012471899390220642, "213": 0.0001254640519618988, "214": 0.00012626871466636658, "215": 0.00012138113379478455, "216": 0.00013165175914764404, "217": 0.00014737993478775024, "218": 0.00011375918984413147, "219": 0.00011304393410682678, "220": 0.00010940805077552795, "221": 0.00011746957898139954, "222": 0.00011231377720832825, "223": 0.00010595470666885376, "224": 0.00010731816291809082, "225": 0.00010637938976287842, "226": 0.00010484457015991211, "227": 0.0001095309853553772, "228": 0.00010063499212265015, "229": 9.819492697715759e-05, "230": 9.491294622421265e-05, "231": 9.429827332496643e-05, "232": 9.17576253414154e-05, "233": 9.087100625038147e-05, "234": 8.926913142204285e-05, "235": 8.816644549369812e-05, "236": 0.00013567134737968445, "237": 9.17874276638031e-05, "238": 9.004399180412292e-05, "239": 8.794665336608887e-05, "240": 8.639693260192871e-05, "241": 8.83340835571289e-05, "242": 9.169057011604309e-05, "243": 8.863955736160278e-05, "244": 8.915364742279053e-05, "245": 8.619576692581177e-05, "246": 0.00011429190635681152, "247": 8.097290992736816e-05, "248": 8.305907249450684e-05, "249": 7.977336645126343e-05, "250": 7.938221096992493e-05, "251": 7.735565304756165e-05, "252": 7.81230628490448e-05, "253": 7.450953125953674e-05, "254": 7.376819849014282e-05, "255": 7.151812314987183e-05, "256": 7.4826180934906e-05, "257": 7.157772779464722e-05, "258": 7.136911153793335e-05, "259": 7.202848792076111e-05, "260": 7.896497845649719e-05, "261": 7.008761167526245e-05, "262": 6.982311606407166e-05, "263": 0.00010257214307785034, "264": 6.740167737007141e-05, "265": 6.845593452453613e-05, "266": 6.642192602157593e-05,