{"0": 998.3068525791168, "1": -0.060871422290802, "2": 0.0021410584449768066, "3": 0.14572101831436157, "4": 0.06502074003219604, "5": 0.030640244483947754, "6": 0.021167099475860596, "7": 0.016726315021514893, "8": 0.013381898403167725, "9": 0.011254698038101196, "10": 0.009612023830413818, "11": 0.00828978419303894, "12": 0.0072525739669799805, "13": 0.006475239992141724, "14": 0.005795896053314209, "15": 0.00527152419090271, "16": 0.004801511764526367, "17": 0.004367053508758545, "18": 0.0040510594844818115, "19": 0.00377047061920166, "20": 0.0035102665424346924, "21": 0.0033196210861206055, "22": 0.0031516551971435547, "23": 0.0029513537883758545, "24": 0.0027868449687957764, "25": 0.0026187002658843994, "26": 0.0024557113647460938, "27": 0.002292811870574951, "28": 0.0021611452102661133, "29": 0.0020731985569000244, "30": 0.001953989267349243, "31": 0.0018418431282043457, "32": 0.0017696022987365723, "33": 0.0017004907131195068, "34": 0.001637101173400879, "35": 0.0015551447868347168, "36": 0.0014839470386505127, "37": 0.0014310479164123535, "38": 0.0013649165630340576, "39": 0.0013104677200317383, "40": 0.001248389482498169, "41": 0.0011978447437286377, "42": 0.0011574029922485352, "43": 0.0011036396026611328, "44": 0.0010664165019989014, "45": 0.0010345876216888428, "46": 0.0010073184967041016, "47": 0.000970989465713501, "48": 0.0009344816207885742, "49": 0.0008828341960906982, "50": 0.0008480250835418701, "51": 0.0008235573768615723, "52": 0.0007916688919067383, "53": 0.0007619261741638184, "54": 0.0007326304912567139, "55": 0.0007068812847137451, "56": 0.0006896555423736572, "57": 0.0006620883941650391, "58": 0.0006361305713653564, "59": 0.0006116032600402832, "60": 0.0005811154842376709, "61": 0.0005633831024169922, "62": 0.0005447268486022949, "63": 0.0005298256874084473, "64": 0.0005178749561309814, "65": 0.0005012452602386475, "66": 0.00048163533210754395, "67": 0.000464022159576416, "68": 0.00044792890548706055, "69": 0.0004367828369140625, "70": 0.00042504072189331055, "71": 0.0004183650016784668, "72": 0.0004114210605621338, "73": 0.0004043877124786377, "74": 0.0003916323184967041, "75": 0.0003727078437805176, "76": 0.00036329030990600586, "77": 0.000348895788192749, "78": 0.0003367960453033447, "79": 0.00032901763916015625, "80": 0.0003243982791900635, "81": 0.00031757354736328125, "82": 0.00030937790870666504, "83": 0.00030097365379333496, "84": 0.0002944469451904297, "85": 0.0002881288528442383, "86": 0.0002842843532562256, "87": 0.00028264522552490234, "88": 0.000274658203125, "89": 0.00026983022689819336, "90": 0.00026416778564453125, "91": 0.00025591254234313965, "92": 0.00024503469467163086, "93": 0.00024431943893432617, "94": 0.00023931264877319336, "95": 0.00023290514945983887, "96": 0.0002219676971435547, "97": 0.00021564960479736328, "98": 0.00021392107009887695, "99": 0.00021263957023620605, "100": 0.0002122819423675537, "101": 0.00021070241928100586, "102": 0.00021010637283325195, "103": 0.00020623207092285156, "104": 0.00019910931587219238, "105": 0.00019669532775878906, "106": 0.00019308924674987793, "107": 0.00018808245658874512, "108": 0.00018489360809326172, "109": 0.00018218159675598145, "110": 0.00017702579498291016, "111": 0.0001805126667022705, "112": 0.0001793205738067627, "113": 0.00017276406288146973, "114": 0.0001755356788635254, "115": 0.00017279386520385742, "116": 0.00016611814498901367, "117": 0.00016370415687561035, "118": 0.0001614093780517578, "119": 0.00015729665756225586, "120": 0.00015839934349060059, "121": 0.00015813112258911133, "122": 0.00016072392463684082, "123": 0.00016480684280395508, "124": 0.00017154216766357422, "125": 0.00017124414443969727, "126": 0.00017789006233215332, "127": 0.00018745660781860352, "128": 0.0001932978630065918, "129": 0.00021061301231384277, "130": 0.00024771690368652344, "131": 0.0002518594264984131, "132": 0.00025841593742370605, "133": 0.0002995729446411133, "134": 0.0003170967102050781, "135": 0.00033855438232421875, "136": 0.0004080235958099365, "137": 0.00042951107025146484, "138": 0.0004614889621734619, "139": 0.0005025267601013184, "140": 0.0005438923835754395, "141": 0.0005731284618377686, "142": 0.0006388425827026367, "143": 0.0008753836154937744, "144": 0.0006609261035919189, "145": 0.0009544491767883301, "146": 0.0006496012210845947, "147": 0.00074005126953125, "148": 0.0008661150932312012, "149": 0.0007013082504272461, "150": 0.0007596909999847412, "151": 0.0006456673145294189, "152": 0.0007690191268920898, "153": 0.0008179843425750732, "154": 0.0008111000061035156, "155": 0.0008081793785095215, "156": 0.0007855892181396484, "157": 0.0007656514644622803, "158": 0.0006598830223083496, "159": 0.0007388293743133545, "160": 0.0006364881992340088, "161": 0.0006913840770721436, "162": 0.0006018280982971191, "163": 0.0006648600101470947, "164": 0.0006525814533233643, "165": 0.0006928145885467529, "166": 0.0006397366523742676, "167": 0.0005681514739990234, "168": 0.0005897879600524902, "169": 0.00045990943908691406, "170": 0.0005294382572174072, "171": 0.0004766881465911865, "172": 0.0004397928714752197, "173": 0.00040787458419799805, "174": 0.0004953444004058838, "175": 0.00045686960220336914, "176": 0.0004903674125671387, "177": 0.0004277229309082031, "178": 0.0004425048828125, "179": 0.0004381537437438965, "180": 0.0003762245178222656, "181": 0.0004215836524963379, "182": 0.00038695335388183594, "183": 0.0003654062747955322, "184": 0.0003851950168609619, "185": 0.0003807544708251953, "186": 0.00036895275115966797, "187": 0.0003476142883300781, "188": 0.00037854909896850586, "189": 0.00036200881004333496, "190": 0.00035431981086730957, "191": 0.0003361701965332031, "192": 0.00036028027534484863, "193": 0.00033280253410339355, "194": 0.00029587745666503906, "195": 0.00033676624298095703, "196": 0.00031509995460510254, "197": 0.00032508373260498047, "198": 0.0003128349781036377, "199": 0.0003458857536315918, "200": 0.0003134608268737793, "201": 0.0003387928009033203, "202": 0.00027567148208618164, "203": 0.0003249943256378174, "204": 0.00030472874641418457, "205": 0.0002588033676147461, "206": 0.0002843141555786133, "207": 0.0002856254577636719, "208": 0.0002707839012145996, "209": 0.00027945637702941895, "210": 0.0002664923667907715, "211": 0.0002792775630950928, "212": 0.0002722740173339844, "213": 0.00028526782989501953, "214": 0.0003280937671661377, "215": 0.00030875205993652344, "216": 0.0003179609775543213, "217": 0.00028330087661743164, "218": 0.0003025531768798828, "219": 0.0002652406692504883, "220": 0.00025790929794311523, "221": 0.00024250149726867676, "222": 0.0002740025520324707, "223": 0.0002428293228149414, "224": 0.00026366114616394043, "225": 0.0002338886260986328, "226": 0.00023677945137023926, "227": 0.0002662837505340576, "228": 0.00023609399795532227, "229": 0.00025093555450439453, "230": 0.0002524852752685547, "231": 0.00025403499603271484, "232": 0.0002544224262237549, "233": 0.00028187036514282227, "234": 0.00029036402702331543, "235": 0.0003063976764678955, "236": 0.00032442808151245117, "237": 0.000285416841506958, "238": 0.00029787421226501465, "239": 0.00031065940856933594, "240": 0.00031429529190063477, "241": 0.0003085136413574219, "242": 0.00028187036514282227, "243": 0.00025159120559692383, "244": 0.00017192959785461426, "245": 0.00012311339378356934, "246": 0.00013974308967590332, "247": 0.00011235475540161133, "248": 0.00015649199485778809, "249": 0.0001410841941833496, "250": 0.00013431906700134277, "251": 0.00012803077697753906, "252": 8.612871170043945e-05, "253": 7.963180541992188e-05, "254": 9.417533874511719e-05, "255": 0.00039583444595336914, "256": 9.22083854675293e-05, "257": 9.381771087646484e-05, "258": 9.015202522277832e-05, "259": 7.367134094238281e-05, "260": 7.218122482299805e-05, "261": 7.170438766479492e-05, "262": 6.583333015441895e-05, "263": 6.839632987976074e-05, "264": 6.765127182006836e-05, "265": 6.54757022857666e-05, "266": 6.434321403503418e-05, "267": 8.991360664367676e-05,