{"0": 0.6931474208831787, "1": 0.6258049607276917, "2": 0.6245343685150146, "3": 0.46141451597213745, "4": 0.4125823378562927, "5": 0.3937307596206665, "6": 0.38035356998443604, "7": 0.3692898154258728, "8": 0.3599371910095215, "9": 0.35191187262535095, "10": 0.3447929620742798, "11": 0.33844685554504395, "12": 0.33272024989128113, "13": 0.3274872303009033, "14": 0.32279500365257263, "15": 0.31847408413887024, "16": 0.3144153952598572, "17": 0.3106476664543152, "18": 0.30712026357650757, "19": 0.3037812113761902, "20": 0.3006364703178406, "21": 0.2976876199245453, "22": 0.2948963940143585, "23": 0.2922295331954956, "24": 0.2896864414215088, "25": 0.2872411012649536, "26": 0.2849273383617401, "27": 0.28269532322883606, "28": 0.28056031465530396, "29": 0.27851152420043945, "30": 0.27654752135276794, "31": 0.27466002106666565, "32": 0.2728365659713745, "33": 0.2710742652416229, "34": 0.26937150955200195, "35": 0.2677401304244995, "36": 0.26615825295448303, "37": 0.26462143659591675, "38": 0.2631363570690155, "39": 0.261698454618454, "40": 0.26030972599983215, "41": 0.2589600384235382, "42": 0.25764933228492737, "43": 0.25637468695640564, "44": 0.2551358938217163, "45": 0.25393304228782654, "46": 0.2527589797973633, "47": 0.25161877274513245, "48": 0.2505098879337311, "49": 0.24942846596240997, "50": 0.24836595356464386, "51": 0.24733351171016693, "52": 0.2463265359401703, "53": 0.24534428119659424, "54": 0.24438221752643585, "55": 0.2434406876564026, "56": 0.2425195425748825, "57": 0.24162942171096802, "58": 0.2407381534576416, "59": 0.2398661971092224, "60": 0.23901674151420593, "61": 0.2381882667541504, "62": 0.23737755417823792, "63": 0.23658303916454315, "64": 0.2358071357011795, "65": 0.23505111038684845, "66": 0.23431287705898285, "67": 0.23358747363090515, "68": 0.2328767031431198, "69": 0.2321808636188507, "70": 0.23149728775024414, "71": 0.23082584142684937, "72": 0.23016558587551117, "73": 0.2295161336660385, "74": 0.2288789600133896, "75": 0.22825458645820618, "76": 0.22764438390731812, "77": 0.22704507410526276, "78": 0.22645464539527893, "79": 0.2258739471435547, "80": 0.22530299425125122, "81": 0.22474077343940735, "82": 0.2241853028535843, "83": 0.22363856434822083, "84": 0.2230997085571289, "85": 0.22256791591644287, "86": 0.22204463183879852, "87": 0.22152912616729736, "88": 0.22101815044879913, "89": 0.22051551938056946, "90": 0.22002243995666504, "91": 0.21953417360782623, "92": 0.21905195713043213, "93": 0.21857643127441406, "94": 0.21810750663280487, "95": 0.217645063996315, "96": 0.2171890288591385, "97": 0.21673619747161865, "98": 0.21628862619400024, "99": 0.21584466099739075, "100": 0.21540150046348572, "101": 0.2149638831615448, "102": 0.21453213691711426, "103": 0.21410535275936127, "104": 0.21367886662483215, "105": 0.21325066685676575, "106": 0.21281206607818604, "107": 0.2123500108718872, "108": 0.2118411362171173, "109": 0.21126924455165863, "110": 0.21062925457954407, "111": 0.20988082885742188, "112": 0.20900170505046844, "113": 0.2078332006931305, "114": 0.2065747082233429, "115": 0.2053152322769165, "116": 0.20403389632701874, "117": 0.20276939868927002, "118": 0.20145592093467712, "119": 0.19999460875988007, "120": 0.1990223377943039, "121": 0.19796234369277954, "122": 0.19671332836151123, "123": 0.1953713744878769, "124": 0.1939629763364792, "125": 0.19273152947425842, "126": 0.1914619356393814, "127": 0.1903752237558365, "128": 0.18905141949653625, "129": 0.18796423077583313, "130": 0.1867668628692627, "131": 0.1858748197555542, "132": 0.18463832139968872, "133": 0.18345654010772705, "134": 0.1824670135974884, "135": 0.1812393069267273, "136": 0.18011179566383362, "137": 0.1791294515132904, "138": 0.1781352460384369, "139": 0.177122563123703, "140": 0.17615346610546112, "141": 0.17504382133483887, "142": 0.17429687082767487, "143": 0.1734555959701538, "144": 0.172704815864563, "145": 0.1718635857105255, "146": 0.17113465070724487, "147": 0.17032785713672638, "148": 0.1695537120103836, "149": 0.16858510673046112, "150": 0.16762760281562805, "151": 0.16674286127090454, "152": 0.1657194197177887, "153": 0.16507531702518463, "154": 0.1645149141550064, "155": 0.16395673155784607, "156": 0.16326278448104858, "157": 0.162703275680542, "158": 0.16213738918304443, "159": 0.16152112185955048, "160": 0.16095797717571259, "161": 0.16035684943199158, "162": 0.15963487327098846, "163": 0.15897561609745026, "164": 0.15824806690216064, "165": 0.15759670734405518, "166": 0.15708383917808533, "167": 0.15657465159893036, "168": 0.15605053305625916, "169": 0.15555870532989502, "170": 0.1548425257205963, "171": 0.15425655245780945, "172": 0.15378041565418243, "173": 0.153324156999588, "174": 0.15262573957443237, "175": 0.15217529237270355, "176": 0.15173470973968506, "177": 0.15130992233753204, "178": 0.15078487992286682, "179": 0.15035852789878845, "180": 0.14981667697429657, "181": 0.14923661947250366, "182": 0.14871975779533386, "183": 0.14831781387329102, "184": 0.14791904389858246, "185": 0.14749659597873688, "186": 0.14692579209804535, "187": 0.14651770889759064, "188": 0.14617276191711426, "189": 0.14563898742198944, "190": 0.14529702067375183, "191": 0.14495670795440674, "192": 0.14458322525024414, "193": 0.1442173421382904, "194": 0.1437622457742691, "195": 0.14341071248054504, "196": 0.14300701022148132, "197": 0.14256222546100616, "198": 0.14205846190452576, "199": 0.14170466363430023, "200": 0.14128106832504272, "201": 0.1409134715795517, "202": 0.1405995786190033, "203": 0.14028416574001312, "204": 0.13997311890125275, "205": 0.139662966132164, "206": 0.13933031260967255, "207": 0.13896408677101135, "208": 0.13866864144802094, "209": 0.1383977234363556, "210": 0.1381201446056366, "211": 0.1378197818994522, "212": 0.13757184147834778, "213": 0.13733410835266113, "214": 0.13709676265716553, "215": 0.13685722649097443, "216": 0.13655857741832733, "217": 0.1363341510295868, "218": 0.13611134886741638, "219": 0.1358710080385208, "220": 0.13564303517341614, "221": 0.13542044162750244, "222": 0.1352003663778305, "223": 0.13498950004577637, "224": 0.1347733736038208, "225": 0.1345624327659607, "226": 0.13437288999557495, "227": 0.13414081931114197, "228": 0.1339360773563385, "229": 0.13373538851737976, "230": 0.13349373638629913, "231": 0.13327822089195251, "232": 0.13307151198387146, "233": 0.13286186754703522, "234": 0.13261228799819946, "235": 0.13242581486701965, "236": 0.13221770524978638, "237": 0.13200968503952026, "238": 0.13179999589920044, "239": 0.13158366084098816, "240": 0.1313624382019043, "241": 0.13113030791282654, "242": 0.13090792298316956, "243": 0.130689337849617, "244": 0.1304810345172882, "245": 0.13024598360061646, "246": 0.1300230324268341, "247": 0.12985408306121826, "248": 0.12967896461486816, "249": 0.12950584292411804, "250": 0.12934236228466034, "251": 0.12917998433113098, "252": 0.12901832163333893, "253": 0.12885527312755585, "254": 0.12868675589561462, "255": 0.12853296101093292, "256": 0.1283584088087082, "257": 0.12814968824386597, "258": 0.1279684454202652, "259": 0.12778154015541077, "260": 0.127623051404953, "261": 0.12747026979923248, "262": 0.12732002139091492, "263": 0.12717439234256744, "264": 0.127028688788414, "265": 0.126881405711174, "266": 0.1267377883195877, "267": 0.12659257650375366, "268": 0.12643691897392273, "269": 0.1262817680835724, "270": 0.12616591155529022, "271": 0.12604160606861115, "272": 0.12593871355056763, "273": 0.12584146857261658, "274": 0.12574580311775208, "275": 0.12565356492996216, "276": 0.12556098401546478, "277": 0.12547501921653748, "278": 0.1253928542137146, "279": 0.12530335783958435, "280": 0.1251952350139618, "281": 0.12511412799358368, "282": 0.125033438205719, "283": 0.12495309859514236, "284": 0.12487848848104477, "285": 0.1248028576374054, "286": 0.1247188001871109, "287": 0.12465326488018036, "288": 0.1245872750878334, "289": 0.12451472878456116, "290": 0.1244494840502739, "291": 0.124384306371212, "292": 0.12431921064853668,