{"0": 0.6931474208831787, "1": 0.02663833647966385, "2": 0.026616888120770454, "3": 0.014838049188256264, "4": 0.014738152734935284, "5": 0.014650315046310425, "6": 0.014557063579559326, "7": 0.014468107372522354, "8": 0.014384723268449306, "9": 0.014309151098132133, "10": 0.014238793402910233, "11": 0.014173957519233227, "12": 0.01411453727632761, "13": 0.014065021649003029, "14": 0.01401573047041893, "15": 0.013965243473649025, "16": 0.01391380000859499, "17": 0.01386116724461317, "18": 0.013806819915771484, "19": 0.013748683035373688, "20": 0.013684563338756561, "21": 0.013609803281724453, "22": 0.013519498519599438, "23": 0.01341010257601738, "24": 0.013268321752548218, "25": 0.013074214570224285, "26": 0.012843353673815727, "27": 0.012676912359893322, "28": 0.012570705264806747, "29": 0.012486649677157402, "30": 0.012401591055095196, "31": 0.012288209050893784, "32": 0.012137931771576405, "33": 0.012011265382170677, "34": 0.011875328607857227, "35": 0.011722143739461899, "36": 0.011604094877839088, "37": 0.011524374596774578, "38": 0.011441167443990707, "39": 0.011350637301802635, "40": 0.011258302256464958, "41": 0.011183459311723709, "42": 0.011110015213489532, "43": 0.011044174432754517, "44": 0.01097683422267437, "45": 0.01091388426721096, "46": 0.010842488147318363, "47": 0.010778320021927357, "48": 0.010719357058405876, "49": 0.010667133145034313, "50": 0.0106049794703722, "51": 0.010553885251283646, "52": 0.010499859228730202, "53": 0.010451852343976498, "54": 0.010409705340862274, "55": 0.010358229279518127, "56": 0.010307665914297104, "57": 0.010257755406200886, "58": 0.01020939089357853, "59": 0.01016496866941452, "60": 0.01012766920030117, "61": 0.010088134557008743, "62": 0.010043825954198837, "63": 0.010002508759498596, "64": 0.00996183231472969, "65": 0.009926911443471909, "66": 0.009886622428894043, "67": 0.009846622124314308, "68": 0.009807159192860126, "69": 0.009767777286469936, "70": 0.009725440293550491, "71": 0.009683898650109768, "72": 0.009644633159041405, "73": 0.009608311578631401, "74": 0.00956741627305746, "75": 0.009526794776320457, "76": 0.009490100666880608, "77": 0.00945541262626648, "78": 0.009427852928638458, "79": 0.009398626163601875, "80": 0.009365960024297237, "81": 0.009334869682788849, "82": 0.00930687878280878, "83": 0.00927287619560957, "84": 0.00924878939986229, "85": 0.009215004742145538, "86": 0.009189709089696407, "87": 0.009164685383439064, "88": 0.009133992716670036, "89": 0.009102605283260345, "90": 0.00907239131629467, "91": 0.009044051170349121, "92": 0.009020240046083927, "93": 0.008994586765766144, "94": 0.008965004235506058, "95": 0.008934739045798779, "96": 0.008905080147087574, "97": 0.008878285996615887, "98": 0.008847144432365894, "99": 0.0088143739849329, "100": 0.008782608434557915, "101": 0.008751742541790009, "102": 0.008716774173080921, "103": 0.00868131872266531, "104": 0.008653126657009125, "105": 0.00862104818224907, "106": 0.008590666577219963, "107": 0.008559240959584713, "108": 0.008526374585926533, "109": 0.008496206253767014, "110": 0.008466169238090515, "111": 0.00843634270131588, "112": 0.008404910564422607, "113": 0.008376012556254864, "114": 0.008346416056156158, "115": 0.008315866813063622, "116": 0.008286896161735058, "117": 0.008256834000349045, "118": 0.008227463811635971, "119": 0.008198978379368782, "120": 0.008170975372195244, "121": 0.008144761435687542, "122": 0.008122202008962631, "123": 0.008098427206277847, "124": 0.00807948037981987, "125": 0.008056238293647766, "126": 0.008031787350773811, "127": 0.00800530519336462, "128": 0.0079821040853858, "129": 0.007961699739098549, "130": 0.007939903996884823, "131": 0.007918273098766804, "132": 0.00789201445877552, "133": 0.007870757952332497, "134": 0.007848521694540977, "135": 0.007827440276741982, "136": 0.007806549314409494, "137": 0.007783705368638039, "138": 0.007761089596897364, "139": 0.0077361916191875935, "140": 0.007712200284004211, "141": 0.0076882075518369675, "142": 0.007661002222448587, "143": 0.007637147791683674, "144": 0.007612757850438356, "145": 0.0075917961075901985, "146": 0.0075616114772856236, "147": 0.007538617122918367, "148": 0.007515023462474346, "149": 0.007481005042791367, "150": 0.0074600400403141975, "151": 0.00744181452319026, "152": 0.007409359328448772, "153": 0.007396080531179905, "154": 0.007382952608168125, "155": 0.007367960177361965, "156": 0.007354931905865669, "157": 0.00732717290520668, "158": 0.007315455935895443, "159": 0.007304022088646889, "160": 0.0072810230776667595, "161": 0.007270150817930698, "162": 0.007260392419993877, "163": 0.007250016089528799, "164": 0.007242837455123663, "165": 0.007233649492263794, "166": 0.00722782826051116, "167": 0.007221644278615713, "168": 0.00721324235200882, "169": 0.007206595037132502, "170": 0.0071922787465155125, "171": 0.007186416536569595, "172": 0.007180510088801384, "173": 0.007173494435846806, "174": 0.007168511860072613, "175": 0.007162656169384718, "176": 0.00715589476749301, "177": 0.007151438854634762, "178": 0.007146639283746481, "179": 0.007141807582229376, "180": 0.0071371071971952915, "181": 0.00713310157880187, "182": 0.007128874771296978, "183": 0.0071248579770326614, "184": 0.00712033873423934, "185": 0.007116112858057022, "186": 0.007112534716725349, "187": 0.007105477154254913, "188": 0.007101909257471561, "189": 0.007098551839590073, "190": 0.007095254957675934, "191": 0.007089138962328434, "192": 0.007085843943059444, "193": 0.007082717958837748, "194": 0.007079742848873138, "195": 0.007076054345816374, "196": 0.007073595654219389, "197": 0.007071169558912516, "198": 0.007068761624395847, "199": 0.007063630037009716, "200": 0.007061203010380268, "201": 0.007058366201817989, "202": 0.007055417634546757, "203": 0.007052047178149223, "204": 0.007049151696264744, "205": 0.0070461551658809185, "206": 0.0070424932055175304, "207": 0.007039453834295273, "208": 0.007036253344267607, "209": 0.007032846100628376, "210": 0.00702969916164875, "211": 0.007025836501270533, "212": 0.007022039033472538, "213": 0.007018875330686569, "214": 0.007015751674771309, "215": 0.007012845948338509, "216": 0.007010293658822775, "217": 0.007007685489952564, "218": 0.007004136685281992, "219": 0.0070013562217354774, "220": 0.006998626980930567, "221": 0.006995889358222485, "222": 0.0069931671023368835, "223": 0.006990382447838783, "224": 0.006987998727709055, "225": 0.006985084153711796, "226": 0.0069825900718569756, "227": 0.006979585159569979, "228": 0.0069756582379341125, "229": 0.006972334813326597, "230": 0.006969111505895853, "231": 0.006966359913349152, "232": 0.0069610122591257095, "233": 0.006958565674722195, "234": 0.0069559598341584206, "235": 0.006953085772693157, "236": 0.006950000766664743, "237": 0.006944915279746056, "238": 0.006940851453691721, "239": 0.0069380588829517365, "240": 0.006935441866517067, "241": 0.006932541262358427, "242": 0.006930024363100529, "243": 0.006927373819053173, "244": 0.0069245947524905205, "245": 0.006921838037669659, "246": 0.006918869912624359, "247": 0.00691545195877552, "248": 0.006911783944815397, "249": 0.006908727809786797, "250": 0.006905793212354183, "251": 0.00690302113071084, "252": 0.006900351494550705, "253": 0.00689788768067956, "254": 0.006895137019455433, "255": 0.006892654113471508, "256": 0.00689026340842247, "257": 0.006887707859277725, "258": 0.006885423790663481, "259": 0.006883122026920319, "260": 0.006879596039652824, "261": 0.006877573672682047, "262": 0.006875632330775261, "263": 0.006873653270304203, "264": 0.006872109137475491, "265": 0.006871363148093224}