{"0": 0.6931474208831787, "1": 0.2583123743534088, "2": 0.25812315940856934, "3": 0.19824951887130737, "4": 0.18096472322940826, "5": 0.1747707575559616, "6": 0.1704414337873459, "7": 0.1667996197938919, "8": 0.16362427175045013, "9": 0.16083958745002747, "10": 0.15837231278419495, "11": 0.15616686642169952, "12": 0.154184490442276, "13": 0.15242409706115723, "14": 0.1508343517780304, "15": 0.14936460554599762, "16": 0.14799845218658447, "17": 0.14672622084617615, "18": 0.1455342322587967, "19": 0.1444186568260193, "20": 0.14337283372879028, "21": 0.1423863023519516, "22": 0.14145468175411224, "23": 0.1405745893716812, "24": 0.139736607670784, "25": 0.13893850147724152, "26": 0.13818076252937317, "27": 0.13745775818824768, "28": 0.13677451014518738, "29": 0.136112779378891, "30": 0.13547976315021515, "31": 0.13487312197685242, "32": 0.13428989052772522, "33": 0.13372910022735596, "34": 0.13318988680839539, "35": 0.13266968727111816, "36": 0.13216540217399597, "37": 0.13168089091777802, "38": 0.1312108337879181, "39": 0.1307552605867386, "40": 0.13031454384326935, "41": 0.1298849880695343, "42": 0.12946616113185883, "43": 0.12905967235565186, "44": 0.12866467237472534, "45": 0.12828026711940765, "46": 0.12790508568286896, "47": 0.12753915786743164, "48": 0.1271824836730957, "49": 0.12683174014091492, "50": 0.1264885663986206, "51": 0.12615302205085754, "52": 0.12582559883594513, "53": 0.12550587952136993, "54": 0.1251927614212036, "55": 0.12488456070423126, "56": 0.12458598613739014, "57": 0.12428898364305496, "58": 0.12399770319461823, "59": 0.1237105280160904, "60": 0.12342888116836548, "61": 0.12315245717763901, "62": 0.12288109213113785, "63": 0.12261448800563812, "64": 0.12235233932733536, "65": 0.12209508568048477, "66": 0.12184125930070877, "67": 0.12159106880426407, "68": 0.12134461104869843, "69": 0.12109951674938202, "70": 0.12085792422294617, "71": 0.12062095105648041, "72": 0.12038757652044296, "73": 0.12015814334154129, "74": 0.11993228644132614, "75": 0.11970975250005722, "76": 0.11949032545089722, "77": 0.11927434056997299, "78": 0.11906085908412933, "79": 0.11884897202253342, "80": 0.11864030361175537, "81": 0.11843472719192505, "82": 0.11823271960020065, "83": 0.11803370714187622, "84": 0.11783823370933533, "85": 0.11764613538980484, "86": 0.11745726317167282, "87": 0.1172708123922348, "88": 0.11708655208349228, "89": 0.11690466850996017, "90": 0.11672522872686386, "91": 0.1165483221411705, "92": 0.11637339740991592, "93": 0.11620047688484192, "94": 0.1160300225019455, "95": 0.11586152017116547, "96": 0.11569524556398392, "97": 0.11553103476762772, "98": 0.11536861211061478, "99": 0.11520789563655853, "100": 0.11504823714494705, "101": 0.11488895863294601, "102": 0.11472831666469574, "103": 0.1145666092634201, "104": 0.11440474539995193, "105": 0.11424166709184647, "106": 0.11407546699047089, "107": 0.11390581727027893, "108": 0.11372939497232437, "109": 0.11354508250951767, "110": 0.11335091292858124, "111": 0.11314526200294495, "112": 0.11292804777622223, "113": 0.11270075291395187, "114": 0.11246354132890701, "115": 0.11221425980329514, "116": 0.11194825172424316, "117": 0.11165501922369003, "118": 0.11131996661424637, "119": 0.11085182428359985, "120": 0.11050055921077728, "121": 0.11003335565328598, "122": 0.10953186452388763, "123": 0.1089952364563942, "124": 0.10843842476606369, "125": 0.10781805217266083, "126": 0.1072133257985115, "127": 0.10657700151205063, "128": 0.1059955433011055, "129": 0.10525918006896973, "130": 0.10461803525686264, "131": 0.1040443703532219, "132": 0.10344436019659042, "133": 0.10288040339946747, "134": 0.10232368856668472, "135": 0.10168012231588364, "136": 0.10109438747167587, "137": 0.10055813938379288, "138": 0.09996215999126434, "139": 0.0991913378238678, "140": 0.09861502051353455, "141": 0.09808342903852463, "142": 0.09753064066171646, "143": 0.09700517356395721, "144": 0.0964224636554718, "145": 0.0956764742732048, "146": 0.09513997286558151, "147": 0.09461314976215363, "148": 0.09410024434328079, "149": 0.09355675429105759, "150": 0.09305037558078766, "151": 0.09255297482013702, "152": 0.09201397746801376, "153": 0.09153799712657928, "154": 0.09106951951980591, "155": 0.09060728549957275, "156": 0.09013143181800842, "157": 0.08967754989862442, "158": 0.0892181545495987, "159": 0.08876454830169678, "160": 0.08829636871814728, "161": 0.08779794722795486, "162": 0.08735457062721252, "163": 0.08684533089399338, "164": 0.0862802192568779, "165": 0.08584332466125488, "166": 0.08543955534696579, "167": 0.08502611517906189, "168": 0.0845005065202713, "169": 0.08409827202558517, "170": 0.08370627462863922, "171": 0.08332323282957077, "172": 0.08295459300279617, "173": 0.08258765190839767, "174": 0.08222563564777374, "175": 0.08185725659132004, "176": 0.08132389187812805, "177": 0.08097206801176071, "178": 0.08064117282629013, "179": 0.08032683283090591, "180": 0.07999170571565628, "181": 0.07966553419828415, "182": 0.07936268299818039, "183": 0.07905550301074982, "184": 0.07875938713550568, "185": 0.07845428586006165, "186": 0.07816054672002792, "187": 0.07789693772792816, "188": 0.07762368768453598, "189": 0.07733669131994247, "190": 0.07705911248922348, "191": 0.07679310441017151, "192": 0.07653006911277771, "193": 0.07626637816429138, "194": 0.07600470632314682, "195": 0.07572068274021149, "196": 0.07546606659889221, "197": 0.07521306723356247, "198": 0.0748637393116951, "199": 0.07454128563404083, "200": 0.07428357750177383, "201": 0.0740405023097992, "202": 0.07379933446645737, "203": 0.07351205497980118, "204": 0.07327178120613098, "205": 0.07303392887115479, "206": 0.07272155582904816, "207": 0.07248813658952713, "208": 0.0722588375210762, "209": 0.07196725904941559, "210": 0.07171939313411713, "211": 0.07148286700248718, "212": 0.07123535871505737, "213": 0.07101297378540039, "214": 0.07078354805707932, "215": 0.07056567072868347, "216": 0.07035533338785172, "217": 0.07011948525905609, "218": 0.06989304721355438, "219": 0.0696931704878807, "220": 0.06947966665029526, "221": 0.06928304582834244, "222": 0.06909307837486267, "223": 0.06888600438833237, "224": 0.06869497895240784, "225": 0.06850849837064743, "226": 0.06831725686788559, "227": 0.06813786178827286, "228": 0.0679522380232811, "229": 0.0677686259150505, "230": 0.06758948415517807, "231": 0.06741882860660553, "232": 0.06724771112203598, "233": 0.0670870989561081, "234": 0.06692245602607727, "235": 0.06676805019378662, "236": 0.06660955399274826, "237": 0.06645742803812027, "238": 0.06631115078926086, "239": 0.06615865230560303, "240": 0.06601205468177795, "241": 0.06586837768554688, "242": 0.06572556495666504, "243": 0.06558756530284882, "244": 0.06544593721628189, "245": 0.06530971825122833, "246": 0.06517378240823746, "247": 0.06503982096910477, "248": 0.06490495800971985, "249": 0.0647764727473259, "250": 0.06464911997318268, "251": 0.06452460587024689, "252": 0.0644005760550499, "253": 0.06427852809429169, "254": 0.06416041404008865, "255": 0.06403994560241699, "256": 0.06392074376344681, "257": 0.06380444765090942, "258": 0.06368544697761536, "259": 0.06357208639383316, "260": 0.06345316022634506, "261": 0.06334429979324341, "262": 0.06324314326047897, "263": 0.0631210207939148, "264": 0.06301350891590118, "265": 0.06289161741733551, "266": 0.0627770721912384, "267": 0.06266375631093979, "268": 0.06254670768976212, "269": 0.062429286539554596, "270": 0.062313057482242584, "271": 0.062190767377614975, "272": 0.06209513545036316, "273": 0.062004875391721725, "274": 0.06192591041326523, "275": 0.0618324875831604, "276": 0.061744675040245056, "277": 0.0616590641438961, "278": 0.061532434076070786, "279": 0.06143767759203911, "280": 0.06134470924735069, "281": 0.061252761632204056, "282": 0.06115996837615967, "283": 0.06107494235038757, "284": 0.06099256873130798, "285": 0.06091196835041046, "286": 0.06082695722579956, "287": 0.0607437789440155, "288": 0.060642801225185394, "289": 0.060563281178474426, "290": 0.060487668961286545,