{"0": 998.3068525791168, "1": 0.6570243798196316, "2": 4.264339804649353e-05, "3": 0.01996968314051628, "4": 0.00010628253221511841, "5": 0.00010190531611442566, "6": 9.289011359214783e-05, "7": 8.386187255382538e-05, "8": 7.578730583190918e-05, "9": 6.778724491596222e-05, "10": 6.286706775426865e-05, "11": 5.902070552110672e-05, "12": 5.600042641162872e-05, "13": 4.4522807002067566e-05, "14": 5.86463138461113e-05, "15": 8.516572415828705e-05, "16": 0.00011267606168985367, "17": 0.00014812592417001724, "18": 0.00019028503447771072, "19": 0.0002972381189465523, "20": 0.00025197770446538925, "21": 0.00012102164328098297, "22": 7.6991505920887e-05, "23": 6.637256592512131e-05, "24": 0.00015104003250598907, "25": 9.417347609996796e-05, "26": 0.00022154301404953003, "27": 0.00015597231686115265, "28": 8.588656783103943e-05, "29": 8.064974099397659e-05, "30": 0.00010778848081827164, "31": 8.524768054485321e-05, "32": 8.753128349781036e-05, "33": 7.471069693565369e-05, "34": 7.933098822832108e-05, "35": 7.280800491571426e-05, "36": 8.463114500045776e-05, "37": 7.361546158790588e-05, "38": 8.103065192699432e-05, "39": 7.996521890163422e-05, "40": 6.80629163980484e-05, "41": 5.0866976380348206e-05, "42": 7.789395749568939e-05, "43": 5.5237673223018646e-05, "44": 7.845833897590637e-05, "45": 7.217284291982651e-05, "46": 4.2951665818691254e-05, "47": 4.6691857278347015e-05, "48": 6.128940731287003e-05, "49": 4.5212917029857635e-05, "50": 4.9767084419727325e-05, "51": 5.532708019018173e-05, "52": 4.517287015914917e-05, "53": 5.1672570407390594e-05, "54": 4.943646490573883e-05, "55": 4.3869949877262115e-05, "56": 4.728883504867554e-05, "57": 4.532933235168457e-05, "58": 4.0514394640922546e-05, "59": 4.271138459444046e-05, "60": 4.393700510263443e-05, "61": 4.338100552558899e-05, "62": 3.4593045711517334e-05, "63": 3.1254254281520844e-05, "64": 3.1995587050914764e-05, "65": 2.6248395442962646e-05, "66": 2.4750828742980957e-05, "67": 4.179496318101883e-05, "68": 2.2971071302890778e-05, "69": 2.4139881134033203e-05, "70": 2.8125010430812836e-05, "71": 3.594253212213516e-05, "72": 2.160295844078064e-05, "73": 2.036895602941513e-05, "74": 2.244953066110611e-05, "75": 2.230145037174225e-05, "76": 2.6345252990722656e-05, "77": 2.2638589143753052e-05, "78": 2.3851171135902405e-05, "79": 2.3195520043373108e-05, "80": 2.8084032237529755e-05, "81": 2.607237547636032e-05, "82": 1.971423625946045e-05, "83": 1.966021955013275e-05, "84": 1.934915781021118e-05, "85": 1.681409776210785e-05, "86": 1.474190503358841e-05, "87": 1.3948418200016022e-05, "88": 1.3441778719425201e-05, "89": 1.4928169548511505e-05, "90": 1.670047640800476e-05, "91": 1.714564859867096e-05, "92": 1.596752554178238e-05, "93": 1.5751458704471588e-05, "94": 1.4670193195343018e-05, "95": 1.3925135135650635e-05, "96": 1.479126513004303e-05, "97": 1.3823620975017548e-05, "98": 1.4283694326877594e-05, "99": 1.3323500752449036e-05, "100": 1.3180077075958252e-05, "101": 1.2811273336410522e-05, "102": 1.2167729437351227e-05, "103": 1.0197050869464874e-05, "104": 1.3035722076892853e-05, "105": 1.2784264981746674e-05, "106": 1.4745630323886871e-05, "107": 1.4308840036392212e-05, "108": 1.2395903468132019e-05, "109": 1.055002212524414e-05, "110": 1.036468893289566e-05, "111": 1.2069009244441986e-05, "112": 1.2070871889591217e-05, "113": 1.1885538697242737e-05, "114": 1.3168901205062866e-05, "115": 1.2973323464393616e-05, "116": 1.2349337339401245e-05, "117": 1.072324812412262e-05, "118": 9.43802297115326e-06, "119": 9.406358003616333e-06, "120": 8.8447704911232e-06, "121": 7.291324436664581e-06, "122": 1.2343749403953552e-05, "123": 1.4340505003929138e-05, "124": 3.9363279938697815e-05, "125": 1.6205012798309326e-05, "126": 1.80024653673172e-05, "127": 2.1445564925670624e-05, "128": 2.022087574005127e-05, "129": 1.8998049199581146e-05, "130": 2.4786219000816345e-05, "131": 3.2959505915641785e-05, "132": 2.3033469915390015e-05, "133": 1.769140362739563e-05, "134": 1.654401421546936e-05, "135": 1.5906989574432373e-05, "136": 1.558847725391388e-05, "137": 1.4990568161010742e-05, "138": 1.886766403913498e-05, "139": 2.3224391043186188e-05, "140": 1.0543502867221832e-05, "141": 1.074187457561493e-05, "142": 1.1389143764972687e-05, "143": 1.0676681995391846e-05, "144": 9.572133421897888e-06, "145": 1.0878778994083405e-05, "146": 9.335577487945557e-06, "147": 1.1284835636615753e-05, "148": 9.426847100257874e-06, "149": 1.3197772204875946e-05, "150": 9.709969162940979e-06, "151": 1.477263867855072e-05, "152": 1.6971491277217865e-05, "153": 1.1371448636054993e-05, "154": 1.1363998055458069e-05, "155": 6.768852472305298e-06, "156": 6.768852472305298e-06, "157": 4.61190938949585e-06, "158": 4.443340003490448e-06, "159": 4.338100552558899e-06, "160": 4.793517291545868e-06, "161": 4.838220775127411e-06, "162": 4.434026777744293e-06, "163": 4.738569259643555e-06, "164": 4.935078322887421e-06, "165": 5.007721483707428e-06, "166": 4.5765191316604614e-06, "167": 5.067326128482819e-06, "168": 4.390254616737366e-06, "169": 4.827044904232025e-06, "170": 4.672445356845856e-06, "171": 9.455718100070953e-06, "172": 2.985820174217224e-06, "173": 8.905306458473206e-06, "174": 3.105960786342621e-06, "175": 3.063119947910309e-06, "176": 4.704110324382782e-06, "177": 2.7474015951156616e-06, "178": 2.5723129510879517e-06, "179": 2.534128725528717e-06, "180": 2.592802047729492e-06, "181": 2.8582289814949036e-06, "182": 4.190951585769653e-06, "183": 3.6926940083503723e-06, "184": 3.0333176255226135e-06, "185": 3.3332034945487976e-06, "186": 2.6458874344825745e-06, "187": 2.687796950340271e-06, "188": 2.7688220143318176e-06, "189": 2.4065375328063965e-06, "190": 2.7604401111602783e-06, "191": 2.421438694000244e-06, "192": 3.559514880180359e-06, "193": 2.780929207801819e-06, "194": 3.0687078833580017e-06, "195": 2.705492079257965e-06, "196": 2.989545464515686e-06, "197": 2.627260982990265e-06, "198": 3.0547380447387695e-06, "199": 2.75392085313797e-06, "200": 2.812594175338745e-06, "201": 2.9029324650764465e-06, "202": 3.528781235218048e-06, "203": 7.072463631629944e-06, "204": 3.867782652378082e-06, "205": 9.482726454734802e-06, "206": 3.8156285881996155e-06, "207": 4.580244421958923e-06, "208": 3.4496188163757324e-06, "209": 2.3171305656433105e-06, "210": 2.207234501838684e-06, "211": 2.129003405570984e-06, "212": 1.994892954826355e-06, "213": 1.8980354070663452e-06, "214": 1.8188729882240295e-06, "215": 1.7369166016578674e-06, "216": 1.909211277961731e-06, "217": 1.1511147022247314e-06, "218": 1.0272487998008728e-06, "219": 6.901100277900696e-07}