{"0": 0.6931474208831787, "1": 0.27044206857681274, "2": 0.27019965648651123, "3": 0.19547338783740997, "4": 0.18061259388923645, "5": 0.17516617476940155, "6": 0.17106318473815918, "7": 0.16751086711883545, "8": 0.16442018747329712, "9": 0.1617061197757721, "10": 0.1593310832977295, "11": 0.15721668303012848, "12": 0.15533830225467682, "13": 0.15368054807186127, "14": 0.152192622423172, "15": 0.15081197023391724, "16": 0.14952664077281952, "17": 0.14833103120326996, "18": 0.14721092581748962, "19": 0.14615772664546967, "20": 0.14516782760620117, "21": 0.14423489570617676, "22": 0.14335937798023224, "23": 0.14252743124961853, "24": 0.14174018800258636, "25": 0.1409919708967209, "26": 0.14027990400791168, "27": 0.1396019458770752, "28": 0.1389547735452652, "29": 0.13833525776863098, "30": 0.1377471536397934, "31": 0.1371799111366272, "32": 0.1366361826658249, "33": 0.13611507415771484, "34": 0.13561534881591797, "35": 0.1351342350244522, "36": 0.13467121124267578, "37": 0.13422389328479767, "38": 0.13379348814487457, "39": 0.1333755999803543, "40": 0.1329726129770279, "41": 0.13258253037929535, "42": 0.13220319151878357, "43": 0.13183724880218506, "44": 0.13148167729377747, "45": 0.13113674521446228, "46": 0.13079985976219177, "47": 0.13047274947166443, "48": 0.13015376031398773, "49": 0.12984341382980347, "50": 0.12954175472259521, "51": 0.1292487531900406, "52": 0.12896127998828888, "53": 0.128681480884552, "54": 0.12840741872787476, "55": 0.12813960015773773, "56": 0.12787975370883942, "57": 0.12762287259101868, "58": 0.12737108767032623, "59": 0.12712401151657104, "60": 0.12688156962394714, "61": 0.1266433745622635, "62": 0.12640880048274994, "63": 0.12617875635623932, "64": 0.1259513944387436, "65": 0.1257280856370926, "66": 0.12550866603851318, "67": 0.1252925992012024, "68": 0.1250804215669632, "69": 0.12487249076366425, "70": 0.12466757744550705, "71": 0.1244664415717125, "72": 0.12426900118589401, "73": 0.12407460808753967, "74": 0.12388244271278381, "75": 0.12369337677955627, "76": 0.12350639700889587, "77": 0.12332222610712051, "78": 0.12314072251319885, "79": 0.12296143174171448, "80": 0.12278623878955841, "81": 0.12261085212230682, "82": 0.12243860214948654, "83": 0.12226897478103638, "84": 0.12210109829902649, "85": 0.1219353973865509, "86": 0.12177153676748276, "87": 0.12160979956388474, "88": 0.1214500367641449, "89": 0.12129317224025726, "90": 0.12113631516695023, "91": 0.12098115682601929, "92": 0.12082729488611221, "93": 0.12067465484142303, "94": 0.12052366137504578, "95": 0.12037401646375656, "96": 0.12022562325000763, "97": 0.12007880955934525, "98": 0.11993342638015747, "99": 0.11978886276483536, "100": 0.1196441575884819, "101": 0.11949962377548218, "102": 0.11935599148273468, "103": 0.11921295523643494, "104": 0.11906922608613968, "105": 0.11892493069171906, "106": 0.11878082156181335, "107": 0.11863593757152557, "108": 0.11848900467157364, "109": 0.11833823472261429, "110": 0.11818321794271469, "111": 0.11802100390195847, "112": 0.11785168945789337, "113": 0.11767410486936569, "114": 0.11748659610748291, "115": 0.11729085445404053, "116": 0.11708681285381317, "117": 0.11687426269054413, "118": 0.11665265262126923, "119": 0.1164185106754303, "120": 0.11616779863834381, "121": 0.11589321494102478, "122": 0.11558202654123306, "123": 0.11519119143486023, "124": 0.11473257094621658, "125": 0.11420072615146637, "126": 0.11385589092969894, "127": 0.11338634788990021, "128": 0.11293673515319824, "129": 0.11239085346460342, "130": 0.11190173774957657, "131": 0.11132361739873886, "132": 0.11081694811582565, "133": 0.11017855256795883, "134": 0.10967057198286057, "135": 0.10905610769987106, "136": 0.10849865525960922, "137": 0.10803740471601486, "138": 0.1075577512383461, "139": 0.10706115514039993, "140": 0.10658367723226547, "141": 0.10614237189292908, "142": 0.10567037016153336, "143": 0.10524047911167145, "144": 0.10481669753789902, "145": 0.10439013689756393, "146": 0.10397440195083618, "147": 0.10356991738080978, "148": 0.10315337777137756, "149": 0.10273393988609314, "150": 0.10233060270547867, "151": 0.10193794220685959, "152": 0.10154091566801071, "153": 0.10113409161567688, "154": 0.10072670876979828, "155": 0.10034601390361786, "156": 0.09991273283958435, "157": 0.09949618577957153, "158": 0.0990920141339302, "159": 0.09867017716169357, "160": 0.09827053546905518, "161": 0.09790334105491638, "162": 0.09742691367864609, "163": 0.09702436625957489, "164": 0.09662744402885437, "165": 0.09620510786771774, "166": 0.09579441696405411, "167": 0.09540433436632156, "168": 0.09503879398107529, "169": 0.09463059902191162, "170": 0.09420955926179886, "171": 0.09381493926048279, "172": 0.09342759102582932, "173": 0.09300263971090317, "174": 0.09263791888952255, "175": 0.0922980010509491, "176": 0.09188652038574219, "177": 0.09153507649898529, "178": 0.09118679910898209, "179": 0.09069731831550598, "180": 0.09033103287220001, "181": 0.08996991813182831, "182": 0.08960320800542831, "183": 0.08922087401151657, "184": 0.08884890377521515, "185": 0.08850768208503723, "186": 0.08817698806524277, "187": 0.08784369379281998, "188": 0.08751514554023743, "189": 0.087206169962883, "190": 0.08691845834255219, "191": 0.08664143830537796, "192": 0.08636894822120667, "193": 0.08610796183347702, "194": 0.08585380762815475, "195": 0.08558917790651321, "196": 0.08534710109233856, "197": 0.0851086974143982, "198": 0.08482921868562698, "199": 0.08461277931928635, "200": 0.08440069109201431, "201": 0.08418835699558258, "202": 0.0839766338467598, "203": 0.083753302693367, "204": 0.08355362713336945, "205": 0.08335796743631363, "206": 0.08314966410398483, "207": 0.08295675367116928, "208": 0.08276732265949249, "209": 0.08256054669618607, "210": 0.08237062394618988, "211": 0.08218509703874588, "212": 0.08200539648532867, "213": 0.08182698488235474, "214": 0.08163230121135712, "215": 0.08145694434642792, "216": 0.08127576112747192, "217": 0.08110205084085464, "218": 0.080935537815094, "219": 0.08074568212032318, "220": 0.08058307319879532, "221": 0.08042211830615997, "222": 0.08026259392499924, "223": 0.0800984725356102, "224": 0.07994256168603897, "225": 0.07978066056966782, "226": 0.07960904389619827, "227": 0.07945971935987473, "228": 0.07931219041347504, "229": 0.07916589081287384, "230": 0.07901473343372345, "231": 0.0788678228855133, "232": 0.07872813194990158, "233": 0.07859322428703308, "234": 0.0784599632024765, "235": 0.07826212793588638, "236": 0.07812953740358353, "237": 0.07799825817346573, "238": 0.07786969840526581, "239": 0.0777449756860733, "240": 0.0776216983795166, "241": 0.07747555524110794, "242": 0.07734598964452744, "243": 0.07722096145153046, "244": 0.07709866762161255, "245": 0.07697843015193939, "246": 0.0768604502081871, "247": 0.07674326002597809, "248": 0.07661337405443192, "249": 0.0765003189444542, "250": 0.0763949304819107, "251": 0.0762893408536911, "252": 0.07618759572505951, "253": 0.0760442242026329, "254": 0.0759478360414505, "255": 0.07585260272026062, "256": 0.0757572203874588, "257": 0.07566383481025696, "258": 0.075572669506073, "259": 0.07548167556524277, "260": 0.075382299721241, "261": 0.07529236376285553, "262": 0.07518551498651505, "263": 0.0750909373164177, "264": 0.07500598579645157, "265": 0.07492248713970184, "266": 0.07483930140733719, "267": 0.07475990802049637, "268": 0.07468421757221222, "269": 0.07461120188236237, "270": 0.07450705766677856, "271": 0.0744374543428421, "272": 0.07437237352132797, "273": 0.07430762052536011, "274": 0.07421606779098511, "275": 0.07415032386779785, "276": 0.07409068942070007, "277": 0.07403220981359482, "278": 0.07396543025970459, "279": 0.07390779256820679, "280": 0.07385018467903137, "281": 0.07378281652927399, "282": 0.07372669875621796, "283": 0.07367126643657684, "284": 0.07361143827438354, "285": 0.07355768233537674, "286": 0.07350361347198486, "287": 0.07344716787338257, "288": 0.07339449226856232, "289": 0.07332625240087509, "290": 0.07327283918857574,