{"0": 998.3068525791168, "1": 0.6665090844035149, "2": 2.144835889339447e-05, "3": 0.01177883893251419, "4": 9.989645332098007e-05, "5": 8.783768862485886e-05, "6": 9.325146675109863e-05, "7": 8.895620703697205e-05, "8": 8.338410407304764e-05, "9": 7.5572170317173e-05, "10": 7.035769522190094e-05, "11": 6.483588367700577e-05, "12": 5.942024290561676e-05, "13": 4.9515627324581146e-05, "14": 4.9291178584098816e-05, "15": 5.048699676990509e-05, "16": 5.144346505403519e-05, "17": 5.263276398181915e-05, "18": 5.434732884168625e-05, "19": 5.813688039779663e-05, "20": 6.411969661712646e-05, "21": 7.476005703210831e-05, "22": 9.030476212501526e-05, "23": 0.00010939594358205795, "24": 0.000141780823469162, "25": 0.00019410718232393265, "26": 0.0002308608964085579, "27": 0.00016644131392240524, "28": 0.00010620709508657455, "29": 8.40555876493454e-05, "30": 8.505862206220627e-05, "31": 0.0001133820042014122, "32": 0.000150277279317379, "33": 0.0001266663894057274, "34": 0.00013593677431344986, "35": 0.00015318486839532852, "36": 0.00011804886162281036, "37": 7.972028106451035e-05, "38": 8.32071527838707e-05, "39": 9.05301421880722e-05, "40": 9.2335045337677e-05, "41": 7.484294474124908e-05, "42": 7.344409823417664e-05, "43": 6.584078073501587e-05, "44": 6.734021008014679e-05, "45": 6.294995546340942e-05, "46": 7.13961198925972e-05, "47": 6.416812539100647e-05, "48": 5.896296352148056e-05, "49": 5.222391337156296e-05, "50": 6.215367466211319e-05, "51": 5.109421908855438e-05, "52": 5.402602255344391e-05, "53": 4.800688475370407e-05, "54": 4.214700311422348e-05, "55": 5.147606134414673e-05, "56": 5.056336522102356e-05, "57": 4.991050809621811e-05, "58": 4.8364512622356415e-05, "59": 4.4422224164009094e-05, "60": 3.7299469113349915e-05, "61": 3.953464329242706e-05, "62": 4.4308602809906006e-05, "63": 4.131719470024109e-05, "64": 4.067644476890564e-05, "65": 3.492087125778198e-05, "66": 4.02890145778656e-05, "67": 4.00003045797348e-05, "68": 3.946293145418167e-05, "69": 3.9381906390190125e-05, "70": 4.233699291944504e-05, "71": 4.154164344072342e-05, "72": 3.926549106836319e-05, "73": 3.632158041000366e-05, "74": 4.089530557394028e-05, "75": 4.0621496737003326e-05, "76": 3.6694109439849854e-05, "77": 3.468804061412811e-05, "78": 2.755969762802124e-05, "79": 2.9226765036582947e-05, "80": 3.266613930463791e-05, "81": 3.109034150838852e-05, "82": 2.7990899980068207e-05, "83": 3.400258719921112e-05, "84": 2.408679574728012e-05, "85": 3.37846577167511e-05, "86": 2.5295652449131012e-05, "87": 2.5023706257343292e-05, "88": 3.069266676902771e-05, "89": 3.138743340969086e-05, "90": 3.0213966965675354e-05, "91": 2.834014594554901e-05, "92": 2.381112426519394e-05, "93": 2.5653280317783356e-05, "94": 2.958253026008606e-05, "95": 3.0265189707279205e-05, "96": 2.965889871120453e-05, "97": 2.6794150471687317e-05, "98": 3.114156424999237e-05, "99": 3.277044743299484e-05, "100": 3.176555037498474e-05, "101": 3.086589276790619e-05, "102": 3.496836870908737e-05, "103": 3.545545041561127e-05, "104": 2.819206565618515e-05, "105": 3.207847476005554e-05, "106": 3.038160502910614e-05, "107": 3.142561763525009e-05, "108": 3.286637365818024e-05, "109": 3.0168332159519196e-05, "110": 3.0037015676498413e-05, "111": 2.9826536774635315e-05, "112": 3.14321368932724e-05, "113": 2.8898008167743683e-05, "114": 2.9596500098705292e-05, "115": 3.0549243092536926e-05, "116": 2.897065132856369e-05, "117": 3.006216138601303e-05, "118": 2.937018871307373e-05, "119": 2.8485432267189026e-05, "120": 2.8003007173538208e-05, "121": 2.6213936507701874e-05, "122": 2.2559426724910736e-05, "123": 2.3774802684783936e-05, "124": 1.8946826457977295e-05, "125": 2.3242086172103882e-05, "126": 2.4450942873954773e-05, "127": 2.648215740919113e-05, "128": 2.32011079788208e-05, "129": 2.040434628725052e-05, "130": 2.1795742213726044e-05, "131": 2.1630898118019104e-05, "132": 2.6258639991283417e-05, "133": 2.125650644302368e-05, "134": 2.2236257791519165e-05, "135": 2.108141779899597e-05, "136": 2.0890962332487106e-05, "137": 2.2843945771455765e-05, "138": 2.2615771740674973e-05, "139": 2.4897977709770203e-05, "140": 2.3991335183382034e-05, "141": 2.3992732167243958e-05, "142": 2.720532938838005e-05, "143": 2.385443076491356e-05, "144": 2.438994124531746e-05, "145": 2.0961742848157883e-05, "146": 3.0184630304574966e-05, "147": 2.2994354367256165e-05, "148": 2.3593660444021225e-05, "149": 3.4018419682979584e-05, "150": 2.0965002477169037e-05, "151": 1.8225517123937607e-05, "152": 3.24551947414875e-05, "153": 1.3278797268867493e-05, "154": 1.3127923011779785e-05, "155": 1.4992430806159973e-05, "156": 1.3028271496295929e-05, "157": 2.7759000658988953e-05, "158": 1.1716969311237335e-05, "159": 1.143384724855423e-05, "160": 2.2999010980129242e-05, "161": 1.0872259736061096e-05, "162": 9.758397936820984e-06, "163": 1.0376330465078354e-05, "164": 7.178634405136108e-06, "165": 9.187962859869003e-06, "166": 5.8212317526340485e-06, "167": 6.183981895446777e-06, "168": 8.40192660689354e-06, "169": 6.647314876317978e-06, "170": 1.4316290616989136e-05, "171": 5.8622099459171295e-06, "172": 5.906447768211365e-06, "173": 7.0156529545784e-06, "174": 4.98257577419281e-06, "175": 5.855690687894821e-06, "176": 6.761401891708374e-06, "177": 4.455912858247757e-06, "178": 4.7995708882808685e-06, "179": 4.8317015171051025e-06, "180": 4.70038503408432e-06, "181": 4.005618393421173e-06, "182": 4.226807504892349e-06, "183": 4.016794264316559e-06, "184": 4.5192427933216095e-06, "185": 4.225876182317734e-06, "186": 3.5781413316726685e-06, "187": 7.057562470436096e-06, "188": 3.567896783351898e-06, "189": 3.3574178814888e-06, "190": 3.296881914138794e-06, "191": 6.115995347499847e-06, "192": 3.295019268989563e-06, "193": 3.1259842216968536e-06, "194": 2.975109964609146e-06, "195": 3.6885030567646027e-06, "196": 2.4586915969848633e-06, "197": 2.4260953068733215e-06, "198": 2.4079345166683197e-06, "199": 5.131587386131287e-06, "200": 2.427026629447937e-06, "201": 2.8368085622787476e-06, "202": 2.948567271232605e-06, "203": 3.3704563975334167e-06, "204": 2.8954818844795227e-06, "205": 2.996530383825302e-06, "206": 3.6619603633880615e-06, "207": 3.039371222257614e-06, "208": 3.200490027666092e-06, "209": 3.407243639230728e-06, "210": 3.146938979625702e-06, "211": 3.862660378217697e-06, "212": 3.7974677979946136e-06, "213": 3.1637027859687805e-06, "214": 3.123655915260315e-06, "215": 2.905726432800293e-06, "216": 2.552289515733719e-06, "217": 2.6081688702106476e-06, "218": 3.548804670572281e-06, "219": 2.780463546514511e-06, "220": 2.72924080491066e-06, "221": 2.737622708082199e-06, "222": 2.7222558856010437e-06, "223": 2.7846544981002808e-06, "224": 2.3837201297283173e-06, "225": 2.91457399725914e-06, "226": 2.4940818548202515e-06, "227": 3.0049122869968414e-06, "228": 3.926921635866165e-06, "229": 3.323424607515335e-06, "230": 3.223307430744171e-06, "231": 2.7515925467014313e-06, "232": 5.347654223442078e-06, "233": 2.446584403514862e-06, "234": 2.605840563774109e-06, "235": 2.8740614652633667e-06, "236": 3.0850060284137726e-06, "237": 5.0854869186878204e-06, "238": 4.0638260543346405e-06, "239": 2.7925707399845123e-06, "240": 2.6170164346694946e-06, "241": 2.900604158639908e-06, "242": 2.5168992578983307e-06, "243": 2.650544047355652e-06, "244": 2.779066562652588e-06, "245": 2.7567148208618164e-06, "246": 2.96812504529953e-06, "247": 3.417953848838806e-06, "248": 3.668013960123062e-06, "249": 3.0561350286006927e-06, "250": 2.934597432613373e-06, "251": 2.772081643342972e-06, "252": 2.669636160135269e-06, "253": 2.4638138711452484e-06, "254": 2.750661224126816e-06, "255": 2.4829059839248657e-06, "256": 2.3907050490379333e-06, "257": 2.555549144744873e-06, "258": 2.284068614244461e-06, "259": 2.301763743162155e-06, "260": 3.5259872674942017e-06, "261": 2.0223669707775116e-06, "262": 1.941341906785965e-06, "263": 1.979060471057892e-06, "264": 1.5441328287124634e-06, "265": 7.459893822669983e-07}