{"0": 998.3068525791168, "1": 0.08338779211044312, "2": 0.0011005401611328125, "3": 0.15528738498687744, "4": 0.0494973361492157, "5": 0.017875701189041138, "6": 0.012389421463012695, "7": 0.010402649641036987, "8": 0.00902479887008667, "9": 0.007861107587814331, "10": 0.00707632303237915, "11": 0.00641024112701416, "12": 0.005824476480484009, "13": 0.005285769701004028, "14": 0.004825860261917114, "15": 0.004468590021133423, "16": 0.004168570041656494, "17": 0.003931164741516113, "18": 0.003679037094116211, "19": 0.0034589171409606934, "20": 0.0032829642295837402, "21": 0.0031187236309051514, "22": 0.002945542335510254, "23": 0.0028167665004730225, "24": 0.00269201397895813, "25": 0.002581089735031128, "26": 0.0024682283401489258, "27": 0.0023545920848846436, "28": 0.0022603273391723633, "29": 0.002166241407394409, "30": 0.0020819008350372314, "31": 0.001998424530029297, "32": 0.0019222497940063477, "33": 0.001856684684753418, "34": 0.0017852187156677246, "35": 0.0017209947109222412, "36": 0.0016616582870483398, "37": 0.001603841781616211, "38": 0.0015558302402496338, "39": 0.0015046298503875732, "40": 0.0014590919017791748, "41": 0.0014078319072723389, "42": 0.0013767033815383911, "43": 0.0013309121131896973, "44": 0.001294746994972229, "45": 0.001260325312614441, "46": 0.0012233853340148926, "47": 0.0011925697326660156, "48": 0.001162007451057434, "49": 0.0011317133903503418, "50": 0.0011024922132492065, "51": 0.001075640320777893, "52": 0.0010503530502319336, "53": 0.001025468111038208, "54": 0.000992894172668457, "55": 0.0009755939245223999, "56": 0.0009524524211883545, "57": 0.0009295642375946045, "58": 0.00090789794921875, "59": 0.0008859485387802124, "60": 0.0008645802736282349, "61": 0.0008446872234344482, "62": 0.0008258521556854248, "63": 0.0008075833320617676, "64": 0.0007922202348709106, "65": 0.0007773786783218384, "66": 0.0007592141628265381, "67": 0.0007477551698684692, "68": 0.0007323175668716431, "69": 0.0007165968418121338, "70": 0.000700727105140686, "71": 0.000685274600982666, "72": 0.0006708055734634399, "73": 0.0006577223539352417, "74": 0.0006454735994338989, "75": 0.0006337016820907593, "76": 0.0006222426891326904, "77": 0.000609278678894043, "78": 0.000596851110458374, "79": 0.000585407018661499, "80": 0.0005736052989959717, "81": 0.000562712550163269, "82": 0.0005529969930648804, "83": 0.0005417913198471069, "84": 0.0005321204662322998, "85": 0.0005224347114562988, "86": 0.0005117952823638916, "87": 0.0005019158124923706, "88": 0.0004916489124298096, "89": 0.0004819631576538086, "90": 0.00047312676906585693, "91": 0.000464513897895813, "92": 0.00045493245124816895, "93": 0.00044652819633483887, "94": 0.0004390925168991089, "95": 0.0004322528839111328, "96": 0.0004248768091201782, "97": 0.000418052077293396, "98": 0.0004116147756576538, "99": 0.000405922532081604, "100": 0.00040192902088165283, "101": 0.00039814412593841553, "102": 0.00039492547512054443, "103": 0.00039261579513549805, "104": 0.0003954172134399414, "105": 0.0004037320613861084, "106": 0.0004261881113052368, "107": 0.00045262277126312256, "108": 0.0004984140396118164, "109": 0.0005578398704528809, "110": 0.0006512701511383057, "111": 0.0007437020540237427, "112": 0.0008691847324371338, "113": 0.0011986643075942993, "114": 0.0012515485286712646, "115": 0.0013003498315811157, "116": 0.0016714036464691162, "117": 0.0011641383171081543, "118": 0.0012879818677902222, "119": 0.0014540553092956543, "120": 0.0016630887985229492, "121": 0.0014784932136535645, "122": 0.0013915002346038818, "123": 0.0016540437936782837, "124": 0.0015991777181625366, "125": 0.001324877142906189, "126": 0.001566961407661438, "127": 0.00151805579662323, "128": 0.001271963119506836, "129": 0.0011600852012634277, "130": 0.0013570785522460938, "131": 0.0011712908744812012, "132": 0.001065775752067566, "133": 0.0010772347450256348, "134": 0.0013705044984817505, "135": 0.0010023564100265503, "136": 0.0010775327682495117, "137": 0.0010115057229995728, "138": 0.0012284666299819946, "139": 0.0011089295148849487, "140": 0.0009873509407043457, "141": 0.0010991990566253662, "142": 0.0009845495223999023, "143": 0.0010339468717575073, "144": 0.0010543912649154663, "145": 0.0009201616048812866, "146": 0.0008848011493682861, "147": 0.000930488109588623, "148": 0.001066252589225769, "149": 0.0008913874626159668, "150": 0.0009274333715438843, "151": 0.0008497685194015503, "152": 0.0008739382028579712, "153": 0.0008345842361450195, "154": 0.0007840991020202637, "155": 0.0009243786334991455, "156": 0.0007732212543487549, "157": 0.0007529556751251221, "158": 0.0009440332651138306, "159": 0.0007506012916564941, "160": 0.0008769631385803223, "161": 0.0007659494876861572, "162": 0.0007410496473312378, "163": 0.0008641481399536133, "164": 0.0007417649030685425, "165": 0.0007326453924179077, "166": 0.0007872581481933594, "167": 0.0007149428129196167, "168": 0.0007125288248062134, "169": 0.0007225573062896729, "170": 0.00066375732421875, "171": 0.0006674677133560181, "172": 0.0006319582462310791, "173": 0.000624045729637146, "174": 0.0006408542394638062, "175": 0.0006171315908432007, "176": 0.0006479918956756592, "177": 0.0006215721368789673, "178": 0.0005559325218200684, "179": 0.0007286518812179565, "180": 0.0006276816129684448, "181": 0.0005801618099212646, "182": 0.0005547553300857544, "183": 0.0006881803274154663, "184": 0.0005453675985336304, "185": 0.0005823671817779541, "186": 0.0006031244993209839, "187": 0.0006704926490783691, "188": 0.0005669742822647095, "189": 0.00046284496784210205, "190": 0.000418052077293396, "191": 0.00044277310371398926, "192": 0.00041002780199050903, "193": 0.00044073164463043213, "194": 0.0004061087965965271, "195": 0.0004404783248901367, "196": 0.00041091442108154297, "197": 0.000386655330657959, "198": 0.0004983842372894287, "199": 0.00044420361518859863, "200": 0.0005429759621620178, "201": 0.0004347562789916992, "202": 0.00040262192487716675, "203": 0.0004091411828994751, "204": 0.00039070844650268555, "205": 0.0004867464303970337, "206": 0.0004966109991073608, "207": 0.00045046210289001465, "208": 0.00040781497955322266, "209": 0.00035437941551208496, "210": 0.00034871697425842285, "211": 0.0003674924373626709, "212": 0.000341854989528656, "213": 0.000330410897731781, "214": 0.0003413781523704529, "215": 0.0004269927740097046, "216": 0.00036413222551345825, "217": 0.00030328333377838135, "218": 0.00029843300580978394, "219": 0.0003871992230415344, "220": 0.00035785138607025146, "221": 0.00029011070728302, "222": 0.00028346478939056396, "223": 0.000347137451171875, "224": 0.00027564913034439087, "225": 0.00026485323905944824, "226": 0.00031792372465133667, "227": 0.00024684518575668335, "228": 0.00024314969778060913, "229": 0.00024543702602386475, "230": 0.0002814754843711853, "231": 0.000245019793510437, "232": 0.0002650320529937744, "233": 0.0002405419945716858, "234": 0.0002350062131881714, "235": 0.0002240985631942749, "236": 0.00020927190780639648, "237": 0.00022453069686889648, "238": 0.00026535987854003906, "239": 0.0002059638500213623, "240": 0.00018957257270812988, "241": 0.00018769502639770508, "242": 0.00027104467153549194, "243": 0.00017832964658737183, "244": 0.0001777559518814087, "245": 0.00017599016427993774, "246": 0.00017911940813064575, "247": 0.00019600242376327515, "248": 0.0002467930316925049, "249": 0.00016916543245315552, "250": 0.00016696006059646606, "251": 0.00019580870866775513, "252": 0.00016336143016815186, "253": 0.00016179680824279785, "254": 0.00022116303443908691, "255": 0.00015578418970108032, "256": 0.0001540258526802063, "257": 0.00015082955360412598, "258": 0.000151023268699646, "259": 0.00015012919902801514, "260": 0.00014530867338180542, "261": 0.0001419857144355774, "262": 0.0002035871148109436, "263": 0.00013597309589385986, "264": 0.00013552606105804443, "265": 0.00013124197721481323, "266": 0.00012984871864318848, "267": 0.00018217414617538452, "268": 0.00012493878602981567, "269": 0.00012478232383728027,