{"0": 0.6931474208831787, "1": 0.6389899253845215, "2": 0.6375312209129333, "3": 0.47523200511932373, "4": 0.42700672149658203, "5": 0.4060775935649872, "6": 0.39150869846343994, "7": 0.3797432780265808, "8": 0.37003204226493835, "9": 0.36176228523254395, "10": 0.3545262813568115, "11": 0.3482123017311096, "12": 0.3426506221294403, "13": 0.3376823961734772, "14": 0.3333471417427063, "15": 0.3294011354446411, "16": 0.3257834315299988, "17": 0.32242995500564575, "18": 0.3192940652370453, "19": 0.31638118624687195, "20": 0.3136495053768158, "21": 0.3110923767089844, "22": 0.3086841106414795, "23": 0.30640488862991333, "24": 0.3042490780353546, "25": 0.30220624804496765, "26": 0.3002707064151764, "27": 0.2984262704849243, "28": 0.29667964577674866, "29": 0.2950321435928345, "30": 0.2934529185295105, "31": 0.291949987411499, "32": 0.29052042961120605, "33": 0.2891519367694855, "34": 0.28784915804862976, "35": 0.28660786151885986, "36": 0.28541964292526245, "37": 0.28427645564079285, "38": 0.28317978978157043, "39": 0.28213071823120117, "40": 0.2811225354671478, "41": 0.28016307950019836, "42": 0.2792322039604187, "43": 0.2783362865447998, "44": 0.2774762809276581, "45": 0.2766464650630951, "46": 0.2758433520793915, "47": 0.2750663161277771, "48": 0.27431637048721313, "49": 0.27358901500701904, "50": 0.2728864848613739, "51": 0.27220794558525085, "52": 0.27155399322509766, "53": 0.27092209458351135, "54": 0.2703101933002472, "55": 0.26971715688705444, "56": 0.2691482901573181, "57": 0.2685939371585846, "58": 0.2680562734603882, "59": 0.26753708720207214, "60": 0.2670341432094574, "61": 0.26654133200645447, "62": 0.2660601735115051, "63": 0.2655901610851288, "64": 0.26513180136680603, "65": 0.2646869421005249, "66": 0.26425206661224365, "67": 0.2638295590877533, "68": 0.26341986656188965, "69": 0.2630155682563782, "70": 0.26262393593788147, "71": 0.26224052906036377, "72": 0.26186174154281616, "73": 0.26149243116378784, "74": 0.2611323297023773, "75": 0.2607814073562622, "76": 0.2604350745677948, "77": 0.2600952982902527, "78": 0.25975921750068665, "79": 0.2594338059425354, "80": 0.2591087222099304, "81": 0.25879088044166565, "82": 0.2584790587425232, "83": 0.2581748366355896, "84": 0.2578731179237366, "85": 0.257574200630188, "86": 0.2572762072086334, "87": 0.25698143243789673, "88": 0.25669288635253906, "89": 0.2564057409763336, "90": 0.25612396001815796, "91": 0.2558368146419525, "92": 0.2555556297302246, "93": 0.2552686929702759, "94": 0.254982590675354, "95": 0.2546960711479187, "96": 0.2544092535972595, "97": 0.2541237473487854, "98": 0.25383612513542175, "99": 0.2535460591316223, "100": 0.2532624304294586, "101": 0.25295934081077576, "102": 0.2526608109474182, "103": 0.2523499131202698, "104": 0.2520388960838318, "105": 0.2517261207103729, "106": 0.25141438841819763, "107": 0.25109267234802246, "108": 0.2507660388946533, "109": 0.250440388917923, "110": 0.25010785460472107, "111": 0.2497684210538864, "112": 0.24941596388816833, "113": 0.24905000627040863, "114": 0.24867303669452667, "115": 0.24827444553375244, "116": 0.24785633385181427, "117": 0.24742108583450317, "118": 0.24696758389472961, "119": 0.2464989572763443, "120": 0.24601225554943085, "121": 0.24550801515579224, "122": 0.24497820436954498, "123": 0.24442148208618164, "124": 0.24382147192955017, "125": 0.24314813315868378, "126": 0.24234244227409363, "127": 0.2414698600769043, "128": 0.2403814047574997, "129": 0.23950152099132538, "130": 0.23855170607566833, "131": 0.23735789954662323, "132": 0.2364700436592102, "133": 0.23544465005397797, "134": 0.23439882695674896, "135": 0.2334049493074417, "136": 0.23239666223526, "137": 0.2313360869884491, "138": 0.23035697638988495, "139": 0.22923171520233154, "140": 0.22824954986572266, "141": 0.2273334562778473, "142": 0.2263694852590561, "143": 0.22562530636787415, "144": 0.22484734654426575, "145": 0.22398662567138672, "146": 0.22318895161151886, "147": 0.22231948375701904, "148": 0.22157558798789978, "149": 0.2207557111978531, "150": 0.21997860074043274, "151": 0.21923570334911346, "152": 0.21850483119487762, "153": 0.2177971750497818, "154": 0.21710124611854553, "155": 0.21642598509788513, "156": 0.21572758257389069, "157": 0.21508321166038513, "158": 0.21427403390407562, "159": 0.21358449757099152, "160": 0.2128080278635025, "161": 0.21210415661334991, "162": 0.21134138107299805, "163": 0.2106020450592041, "164": 0.20983490347862244, "165": 0.20915856957435608, "166": 0.2084752321243286, "167": 0.20781861245632172, "168": 0.2071526199579239, "169": 0.20650097727775574, "170": 0.20576006174087524, "171": 0.20500153303146362, "172": 0.2042694091796875, "173": 0.2035764455795288, "174": 0.20269933342933655, "175": 0.20198506116867065, "176": 0.20114248991012573, "177": 0.20043626427650452, "178": 0.1996193826198578, "179": 0.1988469362258911, "180": 0.19813336431980133, "181": 0.19722680747509003, "182": 0.19639882445335388, "183": 0.19567683339118958, "184": 0.19495664536952972, "185": 0.19418740272521973, "186": 0.19355803728103638, "187": 0.19294346868991852, "188": 0.19224099814891815, "189": 0.19149337708950043, "190": 0.1907799243927002, "191": 0.19004546105861664, "192": 0.18923240900039673, "193": 0.1883924901485443, "194": 0.1875859946012497, "195": 0.18695762753486633, "196": 0.18634817004203796, "197": 0.18562626838684082, "198": 0.18484941124916077, "199": 0.18418848514556885, "200": 0.18358106911182404, "201": 0.18290454149246216, "202": 0.18236859142780304, "203": 0.18182897567749023, "204": 0.18129338324069977, "205": 0.18074780702590942, "206": 0.18020492792129517, "207": 0.17949721217155457, "208": 0.17898797988891602, "209": 0.17816466093063354, "210": 0.17761917412281036, "211": 0.17707505822181702, "212": 0.17649929225444794, "213": 0.1758977323770523, "214": 0.17533376812934875, "215": 0.17480908334255219, "216": 0.17435184121131897, "217": 0.1739172339439392, "218": 0.17348310351371765, "219": 0.17312538623809814, "220": 0.1725904792547226, "221": 0.1722225695848465, "222": 0.17188146710395813, "223": 0.1715557724237442, "224": 0.17124930024147034, "225": 0.17094655334949493, "226": 0.17062315344810486, "227": 0.17029663920402527, "228": 0.16989374160766602, "229": 0.16961577534675598, "230": 0.16934996843338013, "231": 0.16908469796180725, "232": 0.16880986094474792, "233": 0.16854719817638397, "234": 0.16829119622707367, "235": 0.1680442988872528, "236": 0.167756587266922, "237": 0.16753099858760834, "238": 0.16731217503547668, "239": 0.16709168255329132, "240": 0.16688017547130585, "241": 0.1666705161333084, "242": 0.16647088527679443, "243": 0.16627204418182373, "244": 0.16605409979820251, "245": 0.16585732996463776, "246": 0.16554564237594604, "247": 0.16535580158233643, "248": 0.16516166925430298, "249": 0.16496586799621582, "250": 0.16477163136005402, "251": 0.16458307206630707, "252": 0.16438859701156616, "253": 0.16420570015907288, "254": 0.16402332484722137, "255": 0.16382046043872833, "256": 0.1636379510164261, "257": 0.16346220672130585, "258": 0.16328860819339752, "259": 0.16310840845108032, "260": 0.16294898092746735, "261": 0.1627938151359558, "262": 0.16263902187347412, "263": 0.16244560480117798, "264": 0.16227668523788452, "265": 0.16211947798728943, "266": 0.16197198629379272, "267": 0.16183149814605713, "268": 0.16169293224811554, "269": 0.16155055165290833, "270": 0.16141146421432495, "271": 0.16127367317676544, "272": 0.16111060976982117, "273": 0.16096231341362, "274": 0.1608244925737381, "275": 0.1606944501399994, "276": 0.160568505525589, "277": 0.16044391691684723, "278": 0.1603183150291443, "279": 0.16020190715789795, "280": 0.16008470952510834, "281": 0.15996544063091278, "282": 0.15985684096813202, "283": 0.1597437709569931, "284": 0.15962468087673187, "285": 0.15951445698738098, "286": 0.1593480408191681, "287": 0.1592443287372589, "288": 0.15914125740528107, "289": 0.15903903543949127, "290": 0.1589367687702179, "291": 0.15883977711200714, "292": 0.1587408035993576,