{"0": 998.3068525791168, "1": 0.6624317429959774, "2": 3.0513852834701538e-05, "3": 0.015444731339812279, "4": 8.557736873626709e-05, "5": 8.178222924470901e-05, "6": 8.234288543462753e-05, "7": 7.71842896938324e-05, "8": 7.135048508644104e-05, "9": 6.539002060890198e-05, "10": 5.969405174255371e-05, "11": 5.5720098316669464e-05, "12": 5.181785672903061e-05, "13": 4.425458610057831e-05, "14": 5.7928264141082764e-05, "15": 7.690116763114929e-05, "16": 0.00010031275451183319, "17": 0.00012922845780849457, "18": 0.0001674974337220192, "19": 0.0002332255244255066, "20": 0.00036515574902296066, "21": 0.00019232463091611862, "22": 9.361468255519867e-05, "23": 6.939191371202469e-05, "24": 7.27381557226181e-05, "25": 0.00011617224663496017, "26": 0.00013221986591815948, "27": 0.00014800019562244415, "28": 0.00017396267503499985, "29": 0.00010793190449476242, "30": 7.869396358728409e-05, "31": 8.757784962654114e-05, "32": 6.943847984075546e-05, "33": 7.500872015953064e-05, "34": 8.346326649188995e-05, "35": 8.590612560510635e-05, "36": 8.377619087696075e-05, "37": 7.792748510837555e-05, "38": 8.239410817623138e-05, "39": 7.519125938415527e-05, "40": 6.459560245275497e-05, "41": 5.694013088941574e-05, "42": 6.307102739810944e-05, "43": 4.738476127386093e-05, "44": 3.6279670894145966e-05, "45": 5.8477744460105896e-05, "46": 3.6871060729026794e-05, "47": 5.5849552154541016e-05, "48": 3.742985427379608e-05, "49": 4.28520143032074e-05, "50": 4.159845411777496e-05, "51": 4.4737011194229126e-05, "52": 4.0084123611450195e-05, "53": 4.2673200368881226e-05, "54": 4.39714640378952e-05, "55": 4.135444760322571e-05, "56": 3.99518758058548e-05, "57": 3.0895695090293884e-05, "58": 3.384053707122803e-05, "59": 3.653205931186676e-05, "60": 3.9050355553627014e-05, "61": 3.22684645652771e-05, "62": 3.753881901502609e-05, "63": 3.697536885738373e-05, "64": 3.6444514989852905e-05, "65": 3.8471072912216187e-05, "66": 3.727339208126068e-05, "67": 3.795791417360306e-05, "68": 3.767386078834534e-05, "69": 3.2483600080013275e-05, "70": 2.4683773517608643e-05, "71": 3.173761069774628e-05, "72": 2.8689391911029816e-05, "73": 2.8055161237716675e-05, "74": 3.5381875932216644e-05, "75": 2.408307045698166e-05, "76": 2.1095387637615204e-05, "77": 2.211146056652069e-05, "78": 2.5408342480659485e-05, "79": 3.2777898013591766e-05, "80": 3.196299076080322e-05, "81": 2.8444454073905945e-05, "82": 2.909824252128601e-05, "83": 3.97954136133194e-05, "84": 3.462657332420349e-05, "85": 3.421679139137268e-05, "86": 3.168359398841858e-05, "87": 3.1812116503715515e-05, "88": 3.216695040464401e-05, "89": 3.068801015615463e-05, "90": 2.9750168323516846e-05, "91": 3.005191683769226e-05, "92": 2.8811395168304443e-05, "93": 2.8957612812519073e-05, "94": 2.5766901671886444e-05, "95": 2.5486573576927185e-05, "96": 2.696271985769272e-05, "97": 2.7025118470191956e-05, "98": 2.5327317416667938e-05, "99": 2.269633114337921e-05, "100": 2.2841617465019226e-05, "101": 1.8275342881679535e-05, "102": 1.4000572264194489e-05, "103": 1.952238380908966e-05, "104": 1.4317221939563751e-05, "105": 2.1467916667461395e-05, "106": 1.545622944831848e-05, "107": 1.5720725059509277e-05, "108": 2.1968968212604523e-05, "109": 1.4297664165496826e-05, "110": 1.5227124094963074e-05, "111": 2.4640001356601715e-05, "112": 1.6689300537109375e-05, "113": 1.7423182725906372e-05, "114": 1.9431114196777344e-05, "115": 2.451334148645401e-05, "116": 2.225767821073532e-05, "117": 2.4458393454551697e-05, "118": 2.355314791202545e-05, "119": 2.5231391191482544e-05, "120": 2.0221807062625885e-05, "121": 2.0522624254226685e-05, "122": 2.9603950679302216e-05, "123": 2.0382925868034363e-05, "124": 1.971609890460968e-05, "125": 2.1345913410186768e-05, "126": 2.6948750019073486e-05, "127": 1.8564052879810333e-05, "128": 2.4753622710704803e-05, "129": 1.918897032737732e-05, "130": 2.554524689912796e-05, "131": 2.052169293165207e-05, "132": 1.926720142364502e-05, "133": 2.3293308913707733e-05, "134": 1.6896985471248627e-05, "135": 1.8269754946231842e-05, "136": 2.856086939573288e-05, "137": 1.5595927834510803e-05, "138": 1.5201978385448456e-05, "139": 1.3981014490127563e-05, "140": 1.1797994375228882e-05, "141": 1.3966113328933716e-05, "142": 1.4301389455795288e-05, "143": 1.3922341167926788e-05, "144": 1.794472336769104e-05, "145": 1.3815239071846008e-05, "146": 1.5467405319213867e-05, "147": 1.5056692063808441e-05, "148": 1.5379860997200012e-05, "149": 1.248624175786972e-05, "150": 1.9111670553684235e-05, "151": 1.707114279270172e-05, "152": 1.8047168850898743e-05, "153": 1.4093704521656036e-05, "154": 1.0496005415916443e-05, "155": 8.36886465549469e-06, "156": 8.514150977134705e-06, "157": 9.391456842422485e-06, "158": 9.929761290550232e-06, "159": 9.71183180809021e-06, "160": 8.390285074710846e-06, "161": 7.803551852703094e-06, "162": 6.971880793571472e-06, "163": 5.251727998256683e-06, "164": 5.3318217396736145e-06, "165": 4.966743290424347e-06, "166": 4.97233122587204e-06, "167": 4.762783646583557e-06, "168": 4.218891263008118e-06, "169": 5.2265822887420654e-06, "170": 6.381422281265259e-06, "171": 5.4389238357543945e-06, "172": 4.186294972896576e-06, "173": 3.849156200885773e-06, "174": 4.550442099571228e-06, "175": 3.840774297714233e-06, "176": 4.168599843978882e-06, "177": 3.6079436540603638e-06, "178": 4.850327968597412e-06, "179": 4.663132131099701e-06, "180": 4.229135811328888e-06, "181": 4.426576197147369e-06, "182": 2.693384885787964e-06, "183": 4.4675543904304504e-06, "184": 3.976747393608093e-06, "185": 2.814456820487976e-06, "186": 2.8703361749649048e-06, "187": 3.17208468914032e-06, "188": 2.9727816581726074e-06, "189": 2.450309693813324e-06, "190": 4.957430064678192e-06, "191": 2.457760274410248e-06, "192": 2.5136396288871765e-06, "193": 3.1869858503341675e-06, "194": 2.5210902094841003e-06, "195": 2.5564804673194885e-06, "196": 3.5278499126434326e-06, "197": 2.603977918624878e-06, "198": 2.6365742087364197e-06, "199": 4.161149263381958e-06, "200": 2.705492079257965e-06, "201": 3.0957162380218506e-06, "202": 3.7420541048049927e-06, "203": 3.1692907214164734e-06, "204": 4.101544618606567e-06, "205": 3.310851752758026e-06, "206": 7.400289177894592e-06, "207": 3.1227245926856995e-06, "208": 3.1944364309310913e-06, "209": 4.244968295097351e-06, "210": 3.3574178814888e-06, "211": 3.448687493801117e-06, "212": 3.918074071407318e-06, "213": 3.6749988794326782e-06, "214": 4.416331648826599e-06, "215": 5.010515451431274e-06, "216": 4.906207323074341e-06, "217": 6.05359673500061e-06, "218": 4.302710294723511e-06, "219": 4.375353455543518e-06, "220": 7.462687790393829e-06, "221": 4.868954420089722e-06, "222": 4.633329808712006e-06, "223": 4.285015165805817e-06, "224": 3.9637088775634766e-06, "225": 3.916211426258087e-06, "226": 6.66547566652298e-06, "227": 4.08664345741272e-06, "228": 3.812834620475769e-06, "229": 3.6749988794326782e-06, "230": 5.408190190792084e-06, "231": 3.5455450415611267e-06, "232": 3.584660589694977e-06, "233": 3.4086406230926514e-06, "234": 3.3285468816757202e-06, "235": 3.4887343645095825e-06, "236": 3.850087523460388e-06, "237": 3.3387914299964905e-06, "238": 3.005377948284149e-06, "239": 2.592802047729492e-06, "240": 2.582557499408722e-06, "241": 2.5909394025802612e-06, "242": 2.466142177581787e-06, "243": 3.598630428314209e-06, "244": 1.276843249797821e-06, "245": 1.1799857020378113e-06, "246": 8.186325430870056e-07}