{"0": 998.3068525791168, "1": 0.05415749549865723, "2": 0.0014587044715881348, "3": 0.16229921579360962, "4": 0.0482252836227417, "5": 0.02092912793159485, "6": 0.014568895101547241, "7": 0.01176542043685913, "8": 0.009711235761642456, "9": 0.00826975703239441, "10": 0.007236003875732422, "11": 0.006313979625701904, "12": 0.0055616796016693115, "13": 0.004968225955963135, "14": 0.004335254430770874, "15": 0.0039460062980651855, "16": 0.003617703914642334, "17": 0.0033534765243530273, "18": 0.003135889768600464, "19": 0.00291287899017334, "20": 0.0027316808700561523, "21": 0.002557128667831421, "22": 0.002408266067504883, "23": 0.002279222011566162, "24": 0.002155810594558716, "25": 0.002042829990386963, "26": 0.0019355416297912598, "27": 0.0018444359302520752, "28": 0.0017466247081756592, "29": 0.0016475021839141846, "30": 0.0015792250633239746, "31": 0.0015029311180114746, "32": 0.0014295578002929688, "33": 0.001368492841720581, "34": 0.0013027787208557129, "35": 0.0012412965297698975, "36": 0.0011882185935974121, "37": 0.0011431872844696045, "38": 0.0010966658592224121, "39": 0.0010490715503692627, "40": 0.0010081827640533447, "41": 0.0009594559669494629, "42": 0.0009308755397796631, "43": 0.0008959174156188965, "44": 0.0008600056171417236, "45": 0.0008298158645629883, "46": 0.0008031129837036133, "47": 0.0007770359516143799, "48": 0.0007499456405639648, "49": 0.0007273554801940918, "50": 0.0007025301456451416, "51": 0.0006785392761230469, "52": 0.0006539523601531982, "53": 0.0006318986415863037, "54": 0.0006119012832641602, "55": 0.000593036413192749, "56": 0.0005688667297363281, "57": 0.0005543529987335205, "58": 0.0005376636981964111, "59": 0.00051918625831604, "60": 0.0005029439926147461, "61": 0.0004928112030029297, "62": 0.0004811584949493408, "63": 0.0004700124263763428, "64": 0.0004583597183227539, "65": 0.00044485926628112793, "66": 0.00043487548828125, "67": 0.00042250752449035645, "68": 0.00040969252586364746, "69": 0.0004042983055114746, "70": 0.0003916323184967041, "71": 0.0003834068775177002, "72": 0.0003787875175476074, "73": 0.0003693103790283203, "74": 0.00036010146141052246, "75": 0.0003509223461151123, "76": 0.0003463327884674072, "77": 0.00033977627754211426, "78": 0.00033608078956604004, "79": 0.0003254115581512451, "80": 0.00032508373260498047, "81": 0.0003178417682647705, "82": 0.00031182169914245605, "83": 0.00030422210693359375, "84": 0.00030171871185302734, "85": 0.000298917293548584, "86": 0.00029799342155456543, "87": 0.00029477477073669434, "88": 0.000288546085357666, "89": 0.00028714537620544434, "90": 0.0002817809581756592, "91": 0.00028714537620544434, "92": 0.0002811849117279053, "93": 0.00028693675994873047, "94": 0.000286102294921875, "95": 0.00028651952743530273, "96": 0.0002868175506591797, "97": 0.0002855062484741211, "98": 0.00028762221336364746, "99": 0.0002900660037994385, "100": 0.0002836287021636963, "101": 0.00030308961868286133, "102": 0.00029852986335754395, "103": 0.0003108978271484375, "104": 0.0003110170364379883, "105": 0.0003127753734588623, "106": 0.00031173229217529297, "107": 0.0003217160701751709, "108": 0.0003266334533691406, "109": 0.0003256499767303467, "110": 0.0003325343132019043, "111": 0.00033943355083465576, "112": 0.0003524571657180786, "113": 0.0003659576177597046, "114": 0.000376969575881958, "115": 0.00039859116077423096, "116": 0.0004181116819381714, "117": 0.0004352480173110962, "118": 0.00045350193977355957, "119": 0.00046862661838531494, "120": 0.00048670172691345215, "121": 0.0005042403936386108, "122": 0.0005298107862472534, "123": 0.0005567222833633423, "124": 0.0006000101566314697, "125": 0.000673338770866394, "126": 0.0008056908845901489, "127": 0.0008725821971893311, "128": 0.001088455319404602, "129": 0.0008798837661743164, "130": 0.0009498149156570435, "131": 0.001193806529045105, "132": 0.0008878558874130249, "133": 0.0010253936052322388, "134": 0.001045823097229004, "135": 0.000993877649307251, "136": 0.0010082870721817017, "137": 0.001060575246810913, "138": 0.000979110598564148, "139": 0.0011252611875534058, "140": 0.0009821653366088867, "141": 0.0009160935878753662, "142": 0.0009639710187911987, "143": 0.0007441788911819458, "144": 0.0007779598236083984, "145": 0.0008607208728790283, "146": 0.0007976740598678589, "147": 0.0008694678544998169, "148": 0.0007438957691192627, "149": 0.0008198767900466919, "150": 0.0007771104574203491, "151": 0.0007428973913192749, "152": 0.0007308721542358398, "153": 0.0007076561450958252, "154": 0.0006959289312362671, "155": 0.0006752610206604004, "156": 0.0006984025239944458, "157": 0.0006443709135055542, "158": 0.0008091777563095093, "159": 0.0006895363330841064, "160": 0.0007764697074890137, "161": 0.0007038712501525879, "162": 0.0007627755403518677, "163": 0.0007393360137939453, "164": 0.000767141580581665, "165": 0.0006763339042663574, "166": 0.0006833374500274658, "167": 0.000656619668006897, "168": 0.0006659924983978271, "169": 0.0006516426801681519, "170": 0.0007409155368804932, "171": 0.0007585287094116211, "172": 0.000732123851776123, "173": 0.0006929636001586914, "174": 0.0008771121501922607, "175": 0.0007142722606658936, "176": 0.0008425712585449219, "177": 0.0007062256336212158, "178": 0.0008168816566467285, "179": 0.0007724463939666748, "180": 0.0007135719060897827, "181": 0.0009065568447113037, "182": 0.000827983021736145, "183": 0.0007219910621643066, "184": 0.0007201880216598511, "185": 0.0007692426443099976, "186": 0.0006293654441833496, "187": 0.0006145685911178589, "188": 0.0007024705410003662, "189": 0.0007476210594177246, "190": 0.0007134526968002319, "191": 0.0007344633340835571, "192": 0.0008130520582199097, "193": 0.000839918851852417, "194": 0.0008064955472946167, "195": 0.0006283670663833618, "196": 0.0006094574928283691, "197": 0.0007219016551971436, "198": 0.0007768571376800537, "199": 0.0006609261035919189, "200": 0.000607416033744812, "201": 0.0006765276193618774, "202": 0.0005359500646591187, "203": 0.0005396157503128052, "204": 0.0005355924367904663, "205": 0.0005455762147903442, "206": 0.0005428791046142578, "207": 0.0007077157497406006, "208": 0.0005092322826385498, "209": 0.0008233189582824707, "210": 0.0005454868078231812, "211": 0.0005441159009933472, "212": 0.0005757659673690796, "213": 0.0006015598773956299, "214": 0.0005639642477035522, "215": 0.0005246847867965698, "216": 0.00045724213123321533, "217": 0.00043460726737976074, "218": 0.0004341304302215576, "219": 0.00035771727561950684, "220": 0.0005349069833755493, "221": 0.00036790966987609863, "222": 0.0003411024808883667, "223": 0.0003256946802139282, "224": 0.00030647218227386475, "225": 0.00030274689197540283, "226": 0.0003233999013900757, "227": 0.00032651424407958984, "228": 0.00040289759635925293, "229": 0.0002779662609100342, "230": 0.0002658069133758545, "231": 0.000265270471572876, "232": 0.00027483701705932617, "233": 0.00026266276836395264, "234": 0.00025600194931030273, "235": 0.0002468973398208618, "236": 0.00028771162033081055, "237": 0.00022558867931365967, "238": 0.00021882355213165283, "239": 0.00022049248218536377, "240": 0.00021150708198547363, "241": 0.00020965933799743652, "242": 0.00019963085651397705, "243": 0.00019884109497070312, "244": 0.00021794438362121582, "245": 0.0001967698335647583, "246": 0.0003116875886917114, "247": 0.00018984079360961914, "248": 0.00019413232803344727, "249": 0.0001958012580871582, "250": 0.0001942366361618042, "251": 0.00018855929374694824, "252": 0.00019447505474090576, "253": 0.00018289685249328613, "254": 0.00018237531185150146, "255": 0.000202864408493042, "256": 0.0001825094223022461, "257": 0.00017574429512023926, "258": 0.0001735985279083252, "259": 0.0001801997423171997, "260": 0.00015942752361297607, "261": 0.00015516579151153564, "262": 0.00015479326248168945, "263": 0.00019341707229614258, "264": 0.00016891956329345703, "265": 0.00015720725059509277, "266": 0.0001474916934967041, "267": 0.0001404881477355957, "268": 0.00013856589794158936, "269": 0.00014238059520721436,