{"0": 0.6931474208831787, "1": 0.06960022449493408, "2": 0.06953305006027222, "3": 0.03876796364784241, "4": 0.03820741921663284, "5": 0.037844255566596985, "6": 0.03750079497694969, "7": 0.0371890552341938, "8": 0.03690556436777115, "9": 0.036649446934461594, "10": 0.03641772270202637, "11": 0.036208756268024445, "12": 0.03601789101958275, "13": 0.03588799759745598, "14": 0.035762425512075424, "15": 0.035632796585559845, "16": 0.035500213503837585, "17": 0.03536773845553398, "18": 0.035242512822151184, "19": 0.03512291982769966, "20": 0.03501216694712639, "21": 0.03490721434354782, "22": 0.034807633608579636, "23": 0.03471411019563675, "24": 0.034623194485902786, "25": 0.034535765647888184, "26": 0.03445173799991608, "27": 0.03437076881527901, "28": 0.03429223597049713, "29": 0.03421774134039879, "30": 0.0341474711894989, "31": 0.034079231321811676, "32": 0.03401436284184456, "33": 0.033951036632061005, "34": 0.03388994559645653, "35": 0.033831290900707245, "36": 0.03377549722790718, "37": 0.0337211973965168, "38": 0.03366851061582565, "39": 0.03361775353550911, "40": 0.033568549901247025, "41": 0.03352132439613342, "42": 0.0334756001830101, "43": 0.033431291580200195, "44": 0.033388420939445496, "45": 0.03334644436836243, "46": 0.03330608829855919, "47": 0.033266402781009674, "48": 0.03322805091738701, "49": 0.033189594745635986, "50": 0.0331517718732357, "51": 0.033113811165094376, "52": 0.03307544067502022, "53": 0.03303677216172218, "54": 0.03299839794635773, "55": 0.032958537340164185, "56": 0.032918062061071396, "57": 0.03287672996520996, "58": 0.03283326327800751, "59": 0.032786570489406586, "60": 0.032735493034124374, "61": 0.03268072009086609, "62": 0.032622434198856354, "63": 0.03255889564752579, "64": 0.03248687461018562, "65": 0.03240318223834038, "66": 0.03229369595646858, "67": 0.032155606895685196, "68": 0.03195382282137871, "69": 0.03167165815830231, "70": 0.03142732009291649, "71": 0.03115532547235489, "72": 0.030895454809069633, "73": 0.030629318207502365, "74": 0.030378028750419617, "75": 0.03013148345053196, "76": 0.02990751527249813, "77": 0.029702240601181984, "78": 0.029486695304512978, "79": 0.029298707842826843, "80": 0.029116198420524597, "81": 0.028891395777463913, "82": 0.028631562367081642, "83": 0.028410080820322037, "84": 0.028230857104063034, "85": 0.028018344193696976, "86": 0.02782413363456726, "87": 0.02764926292002201, "88": 0.027482779696583748, "89": 0.027315422892570496, "90": 0.02716071344912052, "91": 0.027010666206479073, "92": 0.026868369430303574, "93": 0.02672288566827774, "94": 0.026585016399621964, "95": 0.02646036073565483, "96": 0.02631945163011551, "97": 0.02619408443570137, "98": 0.026065317913889885, "99": 0.02594785764813423, "100": 0.02582807093858719, "101": 0.025717750191688538, "102": 0.025611022487282753, "103": 0.025499887764453888, "104": 0.02539660781621933, "105": 0.025281919166445732, "106": 0.025178752839565277, "107": 0.02507840469479561, "108": 0.024974260479211807, "109": 0.024874048307538033, "110": 0.024774057790637016, "111": 0.024677064269781113, "112": 0.024580426514148712, "113": 0.024489134550094604, "114": 0.02438698709011078, "115": 0.024295739829540253, "116": 0.02420075237751007, "117": 0.024107854813337326, "118": 0.024017827585339546, "119": 0.023919841274619102, "120": 0.023828575387597084, "121": 0.023731619119644165, "122": 0.023640086874365807, "123": 0.023552563041448593, "124": 0.023457810282707214, "125": 0.02336829900741577, "126": 0.023277228698134422, "127": 0.023177839815616608, "128": 0.02308940514922142, "129": 0.022999679669737816, "130": 0.022912608459591866, "131": 0.022838173434138298, "132": 0.022752264514565468, "133": 0.022655565291643143, "134": 0.02257479354739189, "135": 0.022469155490398407, "136": 0.02238263189792633, "137": 0.022293562069535255, "138": 0.022203320637345314, "139": 0.022116385400295258, "140": 0.02204219624400139, "141": 0.021953552961349487, "142": 0.021876614540815353, "143": 0.02179994061589241, "144": 0.021724168211221695, "145": 0.021635878831148148, "146": 0.021564166992902756, "147": 0.0214729942381382, "148": 0.021393664181232452, "149": 0.021300889551639557, "150": 0.0212102048099041, "151": 0.02114090695977211, "152": 0.021059874445199966, "153": 0.020996082574129105, "154": 0.020934011787176132, "155": 0.020866427570581436, "156": 0.020795689895749092, "157": 0.0207330621778965, "158": 0.020671073347330093, "159": 0.020609229803085327, "160": 0.020536871626973152, "161": 0.020465198904275894, "162": 0.020409446209669113, "163": 0.020350798964500427, "164": 0.020299162715673447, "165": 0.020247038453817368, "166": 0.020198002457618713, "167": 0.02015407383441925, "168": 0.020096272230148315, "169": 0.020049316808581352, "170": 0.02000764198601246, "171": 0.019966574385762215, "172": 0.01992141641676426, "173": 0.01986926980316639, "174": 0.019826490432024002, "175": 0.019778506830334663, "176": 0.019735727459192276, "177": 0.019696705043315887, "178": 0.01964658312499523, "179": 0.01959998533129692, "180": 0.019553732126951218, "181": 0.019510779529809952, "182": 0.019468577578663826, "183": 0.019428735598921776, "184": 0.0193784162402153, "185": 0.019345995038747787, "186": 0.01931767538189888, "187": 0.019289305433630943, "188": 0.0192622821778059, "189": 0.019236087799072266, "190": 0.019210508093237877, "191": 0.019185472279787064, "192": 0.019161894917488098, "193": 0.019138213247060776, "194": 0.019115492701530457, "195": 0.019087105989456177, "196": 0.019053354859352112, "197": 0.01902666874229908, "198": 0.01900017447769642, "199": 0.018973885104060173, "200": 0.01894627884030342, "201": 0.018924620002508163, "202": 0.01890169456601143, "203": 0.01887851022183895, "204": 0.018855446949601173, "205": 0.018826503306627274, "206": 0.018803343176841736, "207": 0.018780022859573364, "208": 0.01875625178217888, "209": 0.018735555931925774, "210": 0.018714290112257004, "211": 0.018693843856453896, "212": 0.018673785030841827, "213": 0.018654147163033485, "214": 0.01863115094602108, "215": 0.018612675368785858, "216": 0.018592722713947296, "217": 0.018571943044662476, "218": 0.018553519621491432, "219": 0.018536075949668884, "220": 0.01851862482726574, "221": 0.01850120536983013, "222": 0.018483132123947144, "223": 0.018462831154465675, "224": 0.018443726003170013, "225": 0.018422061577439308, "226": 0.01840301975607872, "227": 0.018385473638772964, "228": 0.01837008073925972, "229": 0.018355056643486023, "230": 0.018344618380069733, "231": 0.018334191292524338, "232": 0.018323946744203568, "233": 0.018311869353055954, "234": 0.018300801515579224, "235": 0.018291214480996132, "236": 0.01828119531273842, "237": 0.018271807581186295, "238": 0.018262729048728943, "239": 0.01825321465730667, "240": 0.018246080726385117, "241": 0.018238713964819908, "242": 0.01823112741112709, "243": 0.01822061464190483, "244": 0.018214473500847816, "245": 0.01820840872824192, "246": 0.018202342092990875, "247": 0.01819610595703125, "248": 0.018186377361416817, "249": 0.018179669976234436, "250": 0.018173256888985634, "251": 0.018167149275541306, "252": 0.01815997064113617, "253": 0.018153928220272064, "254": 0.018147950991988182, "255": 0.018138086423277855, "256": 0.018132280558347702, "257": 0.018126770853996277, "258": 0.01812133565545082, "259": 0.018115945160388947, "260": 0.01811075210571289, "261": 0.01810358092188835, "262": 0.01809879019856453, "263": 0.018094127997756004, "264": 0.01808617264032364, "265": 0.01808234304189682, "266": 0.018078189343214035, "267": 0.01807413250207901, "268": 0.01807021163403988, "269": 0.018066108226776123, "270": 0.01806236431002617, "271": 0.018058612942695618, "272": 0.018055032938718796, "273": 0.0180511437356472, "274": 0.018047617748379707, "275": 0.01804405450820923, "276": 0.01804077997803688, "277": 0.018037457019090652, "278": 0.018034256994724274, "279": 0.01803099550306797, "280": 0.01802556961774826, "281": 0.01802302710711956, "282": 0.01802031882107258, "283": 0.018017824739217758,