{"0": 0.6931474208831787, "1": 0.08791927993297577, "2": 0.0877964049577713, "3": 0.03994026407599449, "4": 0.03935796394944191, "5": 0.0389343686401844, "6": 0.03856551647186279, "7": 0.03824354708194733, "8": 0.0379641130566597, "9": 0.037719935178756714, "10": 0.03750244528055191, "11": 0.03731204941868782, "12": 0.037141136825084686, "13": 0.03705285117030144, "14": 0.036967892199754715, "15": 0.03687287122011185, "16": 0.03676928952336311, "17": 0.03666263818740845, "18": 0.03655403107404709, "19": 0.03644716739654541, "20": 0.03634196147322655, "21": 0.036237407475709915, "22": 0.03613688424229622, "23": 0.03603712096810341, "24": 0.035936616361141205, "25": 0.035835880786180496, "26": 0.03573128581047058, "27": 0.035625919699668884, "28": 0.03551699221134186, "29": 0.03540366142988205, "30": 0.03528161346912384, "31": 0.03515057638287544, "32": 0.03500673174858093, "33": 0.034844785928726196, "34": 0.03464174643158913, "35": 0.03436896204948425, "36": 0.0339285247027874, "37": 0.03294602409005165, "38": 0.03255293518304825, "39": 0.0322740375995636, "40": 0.032028280198574066, "41": 0.03179106116294861, "42": 0.03154845908284187, "43": 0.03130562976002693, "44": 0.031065093353390694, "45": 0.03077095001935959, "46": 0.03025304526090622, "47": 0.029810616746544838, "48": 0.029512038454413414, "49": 0.029110636562108994, "50": 0.02859678864479065, "51": 0.0282394140958786, "52": 0.027786774560809135, "53": 0.02746426872909069, "54": 0.0271320603787899, "55": 0.02683926559984684, "56": 0.026552889496088028, "57": 0.0263034887611866, "58": 0.026036974042654037, "59": 0.02577517181634903, "60": 0.02547420561313629, "61": 0.025262320414185524, "62": 0.025030456483364105, "63": 0.024837007746100426, "64": 0.024601709097623825, "65": 0.02442481741309166, "66": 0.02420838549733162, "67": 0.024025820195674896, "68": 0.023833472281694412, "69": 0.023624777793884277, "70": 0.023415278643369675, "71": 0.02323722466826439, "72": 0.02306625247001648, "73": 0.022923128679394722, "74": 0.022785965353250504, "75": 0.022630948573350906, "76": 0.022510210052132607, "77": 0.022370770573616028, "78": 0.022257227450609207, "79": 0.022141356021165848, "80": 0.022037014365196228, "81": 0.021924801170825958, "82": 0.021799255162477493, "83": 0.021673832088708878, "84": 0.021560106426477432, "85": 0.02146954834461212, "86": 0.02137012407183647, "87": 0.02128247171640396, "88": 0.021199464797973633, "89": 0.021121690049767494, "90": 0.02104928158223629, "91": 0.020982615649700165, "92": 0.020923592150211334, "93": 0.020869586616754532, "94": 0.020811336115002632, "95": 0.020749708637595177, "96": 0.020689764991402626, "97": 0.020624905824661255, "98": 0.020541805773973465, "99": 0.02045949175953865, "100": 0.020387843251228333, "101": 0.02032174915075302, "102": 0.020272843539714813, "103": 0.020217876881361008, "104": 0.02016364224255085, "105": 0.02009788528084755, "106": 0.0200484711676836, "107": 0.020000282675027847, "108": 0.019958648830652237, "109": 0.01991105079650879, "110": 0.019870823249220848, "111": 0.01981830969452858, "112": 0.01977822557091713, "113": 0.0197344608604908, "114": 0.01969222165644169, "115": 0.019647441804409027, "116": 0.019603703171014786, "117": 0.019549919292330742, "118": 0.01949608325958252, "119": 0.01943831518292427, "120": 0.01938682422041893, "121": 0.019338838756084442, "122": 0.019292796030640602, "123": 0.0192476287484169, "124": 0.01920309290289879, "125": 0.01915736123919487, "126": 0.019105665385723114, "127": 0.019053632393479347, "128": 0.01899992674589157, "129": 0.01894207112491131, "130": 0.01888682320713997, "131": 0.018833070993423462, "132": 0.01878327876329422, "133": 0.018732275813817978, "134": 0.018682558089494705, "135": 0.018633920699357986, "136": 0.018585659563541412, "137": 0.018536726012825966, "138": 0.018486272543668747, "139": 0.01844826526939869, "140": 0.018411245197057724, "141": 0.01836826466023922, "142": 0.01832392066717148, "143": 0.0182767566293478, "144": 0.018251050263643265, "145": 0.01822783425450325, "146": 0.018157528713345528, "147": 0.018124908208847046, "148": 0.01809016242623329, "149": 0.018054455518722534, "150": 0.018016783520579338, "151": 0.017968541011214256, "152": 0.01793091371655464, "153": 0.017895640805363655, "154": 0.017863597720861435, "155": 0.01778946816921234, "156": 0.017757577821612358, "157": 0.017725268378853798, "158": 0.01769629865884781, "159": 0.017657730728387833, "160": 0.017621958628296852, "161": 0.017576688900589943, "162": 0.01754678413271904, "163": 0.017514633014798164, "164": 0.01748272404074669, "165": 0.0174395851790905, "166": 0.017412913963198662, "167": 0.017382780089974403, "168": 0.017350152134895325, "169": 0.01731680892407894, "170": 0.017282705754041672, "171": 0.0172453373670578, "172": 0.01721329055726528, "173": 0.017185881733894348, "174": 0.017149776220321655, "175": 0.0171153973788023, "176": 0.01705782487988472, "177": 0.017019810155034065, "178": 0.01698233373463154, "179": 0.01693493314087391, "180": 0.016905121505260468, "181": 0.01687704771757126, "182": 0.016850581392645836, "183": 0.016798896715044975, "184": 0.016773395240306854, "185": 0.016726678237318993, "186": 0.016708938404917717, "187": 0.0166938379406929, "188": 0.016678640618920326, "189": 0.016670210286974907, "190": 0.01665322482585907, "191": 0.016647424548864365, "192": 0.01663876324892044, "193": 0.01663321815431118, "194": 0.016624663025140762, "195": 0.016619402915239334, "196": 0.016610151156783104, "197": 0.016604380682110786, "198": 0.016597134992480278, "199": 0.016591530293226242, "200": 0.016583872959017754, "201": 0.016577208414673805, "202": 0.016570745036005974, "203": 0.01656443066895008, "204": 0.01656002551317215, "205": 0.016556087881326675, "206": 0.016552332788705826, "207": 0.01654825732111931, "208": 0.01654507778584957, "209": 0.016540640965104103, "210": 0.016536356881260872, "211": 0.016532402485609055, "212": 0.016528598964214325, "213": 0.016524912789463997, "214": 0.016522014513611794, "215": 0.016519075259566307, "216": 0.01651638373732567, "217": 0.016514074057340622, "218": 0.01651187054812908, "219": 0.01650964841246605, "220": 0.016507431864738464, "221": 0.016505299136042595, "222": 0.01650289073586464, "223": 0.01650056801736355, "224": 0.01649823784828186, "225": 0.01649531163275242, "226": 0.016492612659931183, "227": 0.016482461243867874, "228": 0.016473393887281418, "229": 0.016462866216897964, "230": 0.01645280234515667, "231": 0.0164423156529665, "232": 0.0164322629570961, "233": 0.016421999782323837, "234": 0.016414722427725792, "235": 0.016407515853643417, "236": 0.0164019912481308, "237": 0.01639488711953163, "238": 0.016387522220611572, "239": 0.016380339860916138, "240": 0.016373200342059135, "241": 0.01636635512113571, "242": 0.01635958068072796, "243": 0.016352327540516853, "244": 0.016344299539923668, "245": 0.01633535325527191, "246": 0.01633003167808056, "247": 0.01632198505103588, "248": 0.016313645988702774, "249": 0.016306599602103233, "250": 0.016299720853567123, "251": 0.016292978078126907, "252": 0.016286009922623634, "253": 0.01628173515200615, "254": 0.016275610774755478, "255": 0.016269970685243607, "256": 0.016260353848338127, "257": 0.016255317255854607, "258": 0.016252733767032623, "259": 0.016248119994997978, "260": 0.016244543716311455, "261": 0.016240641474723816, "262": 0.01623726449906826, "263": 0.016233205795288086, "264": 0.01623000204563141, "265": 0.016226286068558693, "266": 0.016224220395088196, "267": 0.01622169464826584, "268": 0.016219163313508034, "269": 0.016216671094298363, "270": 0.016214201226830482, "271": 0.016211889684200287, "272": 0.016209490597248077, "273": 0.01620730385184288, "274": 0.01620428077876568, "275": 0.016201810911297798, "276": 0.01619921252131462, "277": 0.01619633659720421, "278": 0.016193225979804993, "279": 0.01618952862918377, "280": 0.016187094151973724, "281": 0.016184207051992416, "282": 0.016181398183107376, "283": 0.016178732737898827,