{"0": 998.3068525791168, "1": 0.6304944157600403, "2": 0.00013369321823120117, "3": 0.04087634012103081, "4": 0.00019923225045204163, "5": 0.0001903735101222992, "6": 0.0001526307314634323, "7": 0.00012867525219917297, "8": 0.0001072864979505539, "9": 9.300746023654938e-05, "10": 7.99465924501419e-05, "11": 7.052719593048096e-05, "12": 6.342306733131409e-05, "13": 3.2592564821243286e-05, "14": 3.3196061849594116e-05, "15": 4.4483691453933716e-05, "16": 5.00604510307312e-05, "17": 5.6415796279907227e-05, "18": 5.922839045524597e-05, "19": 5.6935474276542664e-05, "20": 6.101466715335846e-05, "21": 5.9837475419044495e-05, "22": 5.9662386775016785e-05, "23": 6.590969860553741e-05, "24": 7.438473403453827e-05, "25": 8.532591164112091e-05, "26": 0.00010709092020988464, "27": 0.00016754865646362305, "28": 0.0003998037427663803, "29": 5.5186450481414795e-05, "30": 3.974325954914093e-05, "31": 2.856925129890442e-05, "32": 2.4361535906791687e-05, "33": 2.604350447654724e-05, "34": 2.907775342464447e-05, "35": 7.447227835655212e-05, "36": 8.178874850273132e-05, "37": 9.877420961856842e-05, "38": 4.9231573939323425e-05, "39": 4.424527287483215e-05, "40": 4.0553510189056396e-05, "41": 4.361942410469055e-05, "42": 5.972571671009064e-05, "43": 6.29425048828125e-05, "44": 7.639825344085693e-05, "45": 7.597357034683228e-05, "46": 6.761401891708374e-05, "47": 7.850676774978638e-05, "48": 9.738840162754059e-05, "49": 6.676651537418365e-05, "50": 6.465800106525421e-05, "51": 7.403269410133362e-05, "52": 5.492009222507477e-05, "53": 4.7108158469200134e-05, "54": 3.841705620288849e-05, "55": 2.8891488909721375e-05, "56": 2.594292163848877e-05, "57": 2.286769449710846e-05, "58": 2.1198764443397522e-05, "59": 1.9241124391555786e-05, "60": 1.846812665462494e-05, "61": 1.7298385500907898e-05, "62": 2.078711986541748e-05, "63": 2.1511688828468323e-05, "64": 1.58604234457016e-05, "65": 1.4917925000190735e-05, "66": 1.6575679183006287e-05, "67": 1.9043684005737305e-05, "68": 1.4048069715499878e-05, "69": 1.652538776397705e-05, "70": 1.9283965229988098e-05, "71": 2.2619962692260742e-05, "72": 1.878291368484497e-05, "73": 1.9451603293418884e-05, "74": 2.1046027541160583e-05, "75": 1.4815479516983032e-05, "76": 1.5834346413612366e-05, "77": 1.6774982213974e-05, "78": 1.6616657376289368e-05, "79": 1.7605721950531006e-05, "80": 1.5791505575180054e-05, "81": 1.736171543598175e-05, "82": 1.5620142221450806e-05, "83": 1.4347955584526062e-05, "84": 2.3538246750831604e-05, "85": 1.455843448638916e-05, "86": 2.259574830532074e-05, "87": 2.370402216911316e-05, "88": 1.83936208486557e-05, "89": 1.5834346413612366e-05, "90": 1.3012439012527466e-05, "91": 1.4541670680046082e-05, "92": 1.6530975699424744e-05, "93": 1.2297183275222778e-05, "94": 1.3012439012527466e-05, "95": 1.7583370208740234e-05, "96": 1.529976725578308e-05, "97": 1.64862722158432e-05, "98": 1.2353062629699707e-05, "99": 1.3347715139389038e-05, "100": 1.2801960110664368e-05, "101": 1.3198703527450562e-05, "102": 1.3221055269241333e-05, "103": 1.2971460819244385e-05, "104": 1.2792646884918213e-05, "105": 1.1829659342765808e-05, "106": 1.2876465916633606e-05, "107": 1.32732093334198e-05, "108": 2.1945685148239136e-05, "109": 1.4346092939376831e-05, "110": 2.3035332560539246e-05, "111": 1.2990087270736694e-05, "112": 1.2869015336036682e-05, "113": 1.2699514627456665e-05, "114": 1.2313947081565857e-05, "115": 1.7331913113594055e-05, "116": 1.2524425983428955e-05, "117": 1.3107433915138245e-05, "118": 1.2582167983055115e-05, "119": 1.1764466762542725e-05, "120": 1.0324642062187195e-05, "121": 1.1945143342018127e-05, "122": 1.2278556823730469e-05, "123": 8.352100849151611e-06, "124": 8.802860975265503e-06, "125": 1.228228211402893e-05, "126": 9.447336196899414e-06, "127": 8.516013622283936e-06, "128": 8.955597877502441e-06, "129": 8.281320333480835e-06, "130": 7.914379239082336e-06, "131": 6.38328492641449e-06, "132": 6.1783939599990845e-06, "133": 6.18956983089447e-06, "134": 6.3050538301467896e-06, "135": 6.102025508880615e-06, "136": 9.61311161518097e-06, "137": 4.645437002182007e-06, "138": 4.447996616363525e-06, "139": 4.600733518600464e-06, "140": 7.722526788711548e-06, "141": 4.637986421585083e-06, "142": 4.3548643589019775e-06, "143": 4.438683390617371e-06, "144": 4.3548643589019775e-06, "145": 4.896894097328186e-06, "146": 4.386529326438904e-06, "147": 5.373731255531311e-06, "148": 4.343688488006592e-06, "149": 4.41819429397583e-06, "150": 4.317611455917358e-06, "151": 4.682689905166626e-06, "152": 7.126480340957642e-06, "153": 4.297122359275818e-06, "154": 4.6584755182266235e-06, "155": 3.915280103683472e-06, "156": 3.6619603633880615e-06, "157": 3.341585397720337e-06, "158": 3.125518560409546e-06, "159": 2.905726432800293e-06, "160": 2.8777867555618286e-06, "161": 2.691522240638733e-06, "162": 2.2724270820617676e-06, "163": 3.032386302947998e-06, "164": 3.0081719160079956e-06, "165": 3.820285201072693e-06, "166": 3.1441450119018555e-06, "167": 2.3134052753448486e-06, "168": 1.7713755369186401e-06, "169": 3.7867575883865356e-06, "170": 1.776963472366333e-06, "171": 1.7080456018447876e-06, "172": 1.6782432794570923e-06, "173": 3.6098062992095947e-06, "174": 1.6838312149047852e-06, "175": 1.5906989574432373e-06, "176": 1.773238182067871e-06, "177": 1.7657876014709473e-06, "178": 1.7713755369186401e-06, "179": 1.4677643775939941e-06, "180": 1.4863908290863037e-06, "181": 1.953914761543274e-06, "182": 1.4938414096832275e-06, "183": 1.6782432794570923e-06, "184": 1.477077603340149e-06, "185": 2.341344952583313e-06, "186": 1.8402934074401855e-06, "187": 1.2386590242385864e-06, "188": 1.2516975402832031e-06, "189": 2.3134052753448486e-06, "190": 1.2349337339401245e-06, "191": 1.8700957298278809e-06, "192": 1.2237578630447388e-06, "193": 2.2370368242263794e-06, "194": 1.2461096048355103e-06, "195": 1.6354024410247803e-06, "196": 1.2069940567016602e-06, "197": 2.1029263734817505e-06, "198": 1.2479722499847412e-06, "199": 1.1958181858062744e-06, "200": 1.2945383787155151e-06, "201": 1.1548399925231934e-06, "202": 1.3336539268493652e-06, "203": 1.2740492820739746e-06, "204": 1.3671815395355225e-06, "205": 1.2833625078201294e-06, "206": 1.5962868928909302e-06, "207": 1.1399388313293457e-06, "208": 1.1511147022247314e-06, "209": 1.1511147022247314e-06, "210": 1.1175870895385742e-06, "211": 1.0747462511062622e-06, "212": 1.0989606380462646e-06, "213": 1.085922122001648e-06, "214": 1.0319054126739502e-06, "215": 9.94652509689331e-07}