{"0": 0.6931474208831787, "1": 0.26360464096069336, "2": 0.2633608281612396, "3": 0.18683882057666779, "4": 0.1731373518705368, "5": 0.16785916686058044, "6": 0.16374404728412628, "7": 0.16018755733966827, "8": 0.15701648592948914, "9": 0.154221773147583, "10": 0.1517655998468399, "11": 0.14954319596290588, "12": 0.1475239098072052, "13": 0.1457243114709854, "14": 0.1440979242324829, "15": 0.14259065687656403, "16": 0.14116911590099335, "17": 0.139822319149971, "18": 0.1385432779788971, "19": 0.13732853531837463, "20": 0.136166051030159, "21": 0.13505837321281433, "22": 0.13399267196655273, "23": 0.1329725682735443, "24": 0.13198469579219818, "25": 0.13103699684143066, "26": 0.130121648311615, "27": 0.1292419731616974, "28": 0.1283808797597885, "29": 0.1275404393672943, "30": 0.12672100961208344, "31": 0.12593203783035278, "32": 0.12514866888523102, "33": 0.1243855357170105, "34": 0.1236410066485405, "35": 0.12291219830513, "36": 0.12220093607902527, "37": 0.12150586396455765, "38": 0.12082340568304062, "39": 0.12015721201896667, "40": 0.11950545012950897, "41": 0.11886384338140488, "42": 0.11823753267526627, "43": 0.1176244467496872, "44": 0.11702413856983185, "45": 0.11643806099891663, "46": 0.11586752533912659, "47": 0.11530663818120956, "48": 0.11475474387407303, "49": 0.11421485990285873, "50": 0.11368545889854431, "51": 0.11316661536693573, "52": 0.11265816539525986, "53": 0.11216012388467789, "54": 0.1116703599691391, "55": 0.11119117587804794, "56": 0.1107218787074089, "57": 0.11025862395763397, "58": 0.10980503261089325, "59": 0.10936028510332108, "60": 0.10892423987388611, "61": 0.10849709808826447, "62": 0.10807866603136063, "63": 0.1076679527759552, "64": 0.10726434737443924, "65": 0.10686801373958588, "66": 0.10647567361593246, "67": 0.10608819127082825, "68": 0.10570590943098068, "69": 0.10532909631729126, "70": 0.10495766252279282, "71": 0.10459078103303909, "72": 0.10422883927822113, "73": 0.10386978089809418, "74": 0.10351064801216125, "75": 0.10314823687076569, "76": 0.10278122127056122, "77": 0.10240821540355682, "78": 0.1020304411649704, "79": 0.1016395166516304, "80": 0.10123513638973236, "81": 0.10081098973751068, "82": 0.100363589823246, "83": 0.09987987577915192, "84": 0.09933978319168091, "85": 0.09871289879083633, "86": 0.09797421097755432, "87": 0.09710434079170227, "88": 0.0958225280046463, "89": 0.09487110376358032, "90": 0.09353894740343094, "91": 0.09232859313488007, "92": 0.09091396629810333, "93": 0.08972849696874619, "94": 0.08847084641456604, "95": 0.08734559267759323, "96": 0.08617774397134781, "97": 0.08519275486469269, "98": 0.08422183245420456, "99": 0.08318616449832916, "100": 0.08230379968881607, "101": 0.08133511990308762, "102": 0.08052875846624374, "103": 0.07955220341682434, "104": 0.07877752184867859, "105": 0.07796979695558548, "106": 0.07718636095523834, "107": 0.07645376026630402, "108": 0.07567773014307022, "109": 0.0750042125582695, "110": 0.07436500489711761, "111": 0.07365845143795013, "112": 0.07296650111675262, "113": 0.07217857986688614, "114": 0.07151353359222412, "115": 0.07090632617473602, "116": 0.07026699930429459, "117": 0.06965459883213043, "118": 0.06906082481145859, "119": 0.06843379139900208, "120": 0.06784610450267792, "121": 0.06733383238315582, "122": 0.06675032526254654, "123": 0.06616237759590149, "124": 0.06553138047456741, "125": 0.06500931084156036, "126": 0.06452865898609161, "127": 0.06399768590927124, "128": 0.06340590864419937, "129": 0.06288344413042068, "130": 0.06236421689391136, "131": 0.06188482046127319, "132": 0.061425693333148956, "133": 0.06099190190434456, "134": 0.060563720762729645, "135": 0.06008846312761307, "136": 0.05965784192085266, "137": 0.05926474183797836, "138": 0.05885179340839386, "139": 0.058452170342206955, "140": 0.05804578214883804, "141": 0.057672783732414246, "142": 0.05723134055733681, "143": 0.056857526302337646, "144": 0.056472476571798325, "145": 0.056113094091415405, "146": 0.055748142302036285, "147": 0.055402420461177826, "148": 0.055068112909793854, "149": 0.05472065135836601, "150": 0.05438649281859398, "151": 0.054062582552433014, "152": 0.05373651161789894, "153": 0.05343371629714966, "154": 0.053110186010599136, "155": 0.05281907692551613, "156": 0.05249826982617378, "157": 0.05221140384674072, "158": 0.05189255625009537, "159": 0.05160990357398987, "160": 0.051312156021595, "161": 0.051033586263656616, "162": 0.05074508488178253, "163": 0.05047370493412018, "164": 0.05020361766219139, "165": 0.049933213740587234, "166": 0.04967409372329712, "167": 0.04943319410085678, "168": 0.04914100095629692, "169": 0.048847246915102005, "170": 0.04858476296067238, "171": 0.0483543835580349, "172": 0.04808012396097183, "173": 0.04781990125775337, "174": 0.04753465950489044, "175": 0.04728809744119644, "176": 0.047071583569049835, "177": 0.046847786754369736, "178": 0.04657694697380066, "179": 0.04637251794338226, "180": 0.046184834092855453, "181": 0.04595525190234184, "182": 0.04574602097272873, "183": 0.04552341625094414, "184": 0.045293789356946945, "185": 0.04508671164512634, "186": 0.04491328448057175, "187": 0.04470008239150047, "188": 0.04453396797180176, "189": 0.04431436210870743, "190": 0.04414857551455498, "191": 0.0439969077706337, "192": 0.04380980506539345, "193": 0.043664246797561646, "194": 0.0435149148106575, "195": 0.04332540184259415, "196": 0.043182097375392914, "197": 0.043042149394750595, "198": 0.04283180460333824, "199": 0.042694367468357086, "200": 0.04255801811814308, "201": 0.04241236299276352, "202": 0.04228035733103752, "203": 0.042145468294620514, "204": 0.041985392570495605, "205": 0.041853100061416626, "206": 0.04172267019748688, "207": 0.04158232361078262, "208": 0.0414525531232357, "209": 0.041269559413194656, "210": 0.0411052331328392, "211": 0.04097693786025047, "212": 0.04085510969161987, "213": 0.04073205217719078, "214": 0.04061242938041687, "215": 0.04048250615596771, "216": 0.04035382345318794, "217": 0.040172941982746124, "218": 0.04003942757844925, "219": 0.039911895990371704, "220": 0.03978560119867325, "221": 0.039607882499694824, "222": 0.039464130997657776, "223": 0.039350807666778564, "224": 0.0392400398850441, "225": 0.03908121585845947, "226": 0.038973938673734665, "227": 0.03886830434203148, "228": 0.0387098453938961, "229": 0.038611091673374176, "230": 0.03851575776934624, "231": 0.03837588429450989, "232": 0.03828507661819458, "233": 0.038194045424461365, "234": 0.038096699863672256, "235": 0.03800922632217407, "236": 0.037922006100416183, "237": 0.03782423585653305, "238": 0.03774123638868332, "239": 0.03765953332185745, "240": 0.037574492394924164, "241": 0.03748680651187897, "242": 0.03740445524454117, "243": 0.03731407970190048, "244": 0.03723346069455147, "245": 0.037135206162929535, "246": 0.0370529405772686, "247": 0.036932118237018585, "248": 0.03685184568166733, "249": 0.036770354956388474, "250": 0.036692064255476, "251": 0.036606982350349426, "252": 0.036529719829559326, "253": 0.03644564747810364, "254": 0.03636358678340912, "255": 0.03628792241215706, "256": 0.03621383756399155, "257": 0.03614191710948944, "258": 0.03605081886053085, "259": 0.03595433384180069, "260": 0.035874899476766586, "261": 0.03579988703131676, "262": 0.03571716323494911, "263": 0.03564361482858658, "264": 0.03557141125202179, "265": 0.035502757877111435, "266": 0.03542844206094742, "267": 0.035335443913936615, "268": 0.035246603190898895, "269": 0.035157106816768646, "270": 0.03507370129227638, "271": 0.03498765453696251, "272": 0.03489923104643822, "273": 0.03481138497591019, "274": 0.03472922742366791, "275": 0.034645311534404755, "276": 0.034570254385471344, "277": 0.03449117764830589, "278": 0.0344252809882164, "279": 0.03437463939189911, "280": 0.034322381019592285, "281": 0.03427262604236603, "282": 0.03422078490257263, "283": 0.03417377173900604, "284": 0.03412691503763199, "285": 0.034081824123859406, "286": 0.034031424671411514, "287": 0.033987533301115036, "288": 0.03393132984638214,