{"0": 998.3068525791168, "1": 0.4101308286190033, "2": 0.0003501474857330322, "3": 0.09952892363071442, "4": 0.01082630455493927, "5": 0.004559874534606934, "6": 0.003857925534248352, "7": 0.003331586718559265, "8": 0.0029204636812210083, "9": 0.0025325268507003784, "10": 0.0022091716527938843, "11": 0.0019586682319641113, "12": 0.0017523020505905151, "13": 0.0014806687831878662, "14": 0.0013205558061599731, "15": 0.0012384653091430664, "16": 0.0011698007583618164, "17": 0.0011100471019744873, "18": 0.0010420829057693481, "19": 0.001004740595817566, "20": 0.0009614527225494385, "21": 0.0009238570928573608, "22": 0.0008831769227981567, "23": 0.0008432120084762573, "24": 0.0008113384246826172, "25": 0.0007822960615158081, "26": 0.000757947564125061, "27": 0.0007319450378417969, "28": 0.0007080435752868652, "29": 0.0006899237632751465, "30": 0.0006703883409500122, "31": 0.0006515085697174072, "32": 0.0006328821182250977, "33": 0.0006198287010192871, "34": 0.0006002932786941528, "35": 0.000586777925491333, "36": 0.0005631446838378906, "37": 0.0005634576082229614, "38": 0.0005462616682052612, "39": 0.000538066029548645, "40": 0.0005272030830383301, "41": 0.000514790415763855, "42": 0.0005029141902923584, "43": 0.0004896745085716248, "44": 0.0004800558090209961, "45": 0.00047209858894348145, "46": 0.0004635229706764221, "47": 0.00045771896839141846, "48": 0.00044842809438705444, "49": 0.0004457011818885803, "50": 0.0004373416304588318, "51": 0.0004283413290977478, "52": 0.00042267143726348877, "53": 0.0004145875573158264, "54": 0.0004061460494995117, "55": 0.0004003271460533142, "56": 0.00039146095514297485, "57": 0.0003864094614982605, "58": 0.00038170814514160156, "59": 0.00037789344787597656, "60": 0.0003727376461029053, "61": 0.00036767125129699707, "62": 0.0003623291850090027, "63": 0.0003590509295463562, "64": 0.00035759806632995605, "65": 0.00035455822944641113, "66": 0.000349387526512146, "67": 0.00034562498331069946, "68": 0.000341854989528656, "69": 0.0003387331962585449, "70": 0.00033517181873321533, "71": 0.0003328099846839905, "72": 0.000330902636051178, "73": 0.0003288760781288147, "74": 0.00032660365104675293, "75": 0.0003245323896408081, "76": 0.00032467395067214966, "77": 0.000325523316860199, "78": 0.0003309100866317749, "79": 0.00033264607191085815, "80": 0.00033392012119293213, "81": 0.0003347620368003845, "82": 0.00034209340810775757, "83": 0.00035665184259414673, "84": 0.00037448108196258545, "85": 0.0003894045948982239, "86": 0.0004163086414337158, "87": 0.0004582330584526062, "88": 0.0005094781517982483, "89": 0.0006000697612762451, "90": 0.0007044076919555664, "91": 0.0008554458618164062, "92": 0.0012389793992042542, "93": 0.0009628161787986755, "94": 0.0013454928994178772, "95": 0.0012924596667289734, "96": 0.001200057566165924, "97": 0.001135900616645813, "98": 0.00120650976896286, "99": 0.001037895679473877, "100": 0.0011783838272094727, "101": 0.0009347051382064819, "102": 0.001032710075378418, "103": 0.0009545385837554932, "104": 0.0008723065257072449, "105": 0.0008538886904716492, "106": 0.0007982999086380005, "107": 0.0008861273527145386, "108": 0.0007493346929550171, "109": 0.0008547157049179077, "110": 0.000717461109161377, "111": 0.0007884949445724487, "112": 0.0006931573152542114, "113": 0.0006652548909187317, "114": 0.0007791593670845032, "115": 0.0006210282444953918, "116": 0.0005826205015182495, "117": 0.0006935596466064453, "118": 0.0005822926759719849, "119": 0.0006634071469306946, "120": 0.0005765557289123535, "121": 0.0005482956767082214, "122": 0.0005926564335823059, "123": 0.0005802959203720093, "124": 0.0005257353186607361, "125": 0.0005770549178123474, "126": 0.0005449503660202026, "127": 0.0004812851548194885, "128": 0.0005356818437576294, "129": 0.0004981383681297302, "130": 0.0004960373044013977, "131": 0.00046090036630630493, "132": 0.0004943609237670898, "133": 0.0004718005657196045, "134": 0.00048085302114486694, "135": 0.0004353374242782593, "136": 0.00048498064279556274, "137": 0.00045011192560195923, "138": 0.00042566657066345215, "139": 0.0004587620496749878, "140": 0.0004085525870323181, "141": 0.00040064752101898193, "142": 0.0004018545150756836, "143": 0.0004074797034263611, "144": 0.00039536505937576294, "145": 0.00040155649185180664, "146": 0.0003846511244773865, "147": 0.0003550201654434204, "148": 0.0004106685519218445, "149": 0.0003428831696510315, "150": 0.0003913566470146179, "151": 0.00034055113792419434, "152": 0.00036307424306869507, "153": 0.0003423914313316345, "154": 0.00033070147037506104, "155": 0.00036550313234329224, "156": 0.0003362298011779785, "157": 0.00040230900049209595, "158": 0.00038911402225494385, "159": 0.0003358125686645508, "160": 0.00032787024974823, "161": 0.0003537982702255249, "162": 0.0002900809049606323, "163": 0.0002943389117717743, "164": 0.0003029145300388336, "165": 0.000286933034658432, "166": 0.0003087855875492096, "167": 0.00028381869196891785, "168": 0.0002638213336467743, "169": 0.00032436102628707886, "170": 0.00030343979597091675, "171": 0.0002425163984298706, "172": 0.0003241710364818573, "173": 0.0002554468810558319, "174": 0.0002759695053100586, "175": 0.00023903697729110718, "176": 0.0002269558608531952, "177": 0.00027557089924812317, "178": 0.000264238566160202, "179": 0.00023182854056358337, "180": 0.00024241209030151367, "181": 0.00024097412824630737, "182": 0.00022383779287338257, "183": 0.00018181651830673218, "184": 0.0002454929053783417, "185": 0.0002015829086303711, "186": 0.00019724667072296143, "187": 0.00019913539290428162, "188": 0.0001945197582244873, "189": 0.0001850128173828125, "190": 0.00023230910301208496, "191": 0.000191468745470047, "192": 0.00017365813255310059, "193": 0.00020840764045715332, "194": 0.00019513815641403198, "195": 0.00022580847144126892, "196": 0.00018411874771118164, "197": 0.00017875432968139648, "198": 0.00020026415586471558, "199": 0.00019690394401550293, "200": 0.00016058236360549927, "201": 0.0001827925443649292, "202": 0.00017852336168289185, "203": 0.00019218772649765015, "204": 0.0001772753894329071, "205": 0.0001797303557395935, "206": 0.00018415972590446472, "207": 0.00017749890685081482, "208": 0.00017567351460456848, "209": 0.00017971917986869812, "210": 0.00023764744400978088, "211": 0.00014698877930641174, "212": 0.00015139207243919373, "213": 0.00013693422079086304, "214": 0.00013376027345657349, "215": 0.00013199448585510254, "216": 0.0001264140009880066, "217": 0.00015669316053390503, "218": 0.00014390796422958374, "219": 0.00013701990246772766, "220": 0.0001398734748363495, "221": 0.00021135061979293823, "222": 0.00013105198740959167, "223": 0.00014586001634597778, "224": 0.00014037638902664185, "225": 0.0001502297818660736, "226": 0.00011669844388961792, "227": 0.0001222081482410431, "228": 0.00013384968042373657, "229": 9.929388761520386e-05, "230": 0.00010308623313903809, "231": 0.00010067597031593323, "232": 0.00011451542377471924, "233": 0.00011407583951950073, "234": 0.00011090189218521118, "235": 0.00011290609836578369, "236": 0.00010913610458374023, "237": 0.00010844320058822632, "238": 8.29845666885376e-05, "239": 9.601190686225891e-05, "240": 9.36947762966156e-05, "241": 9.584426879882812e-05, "242": 0.00010951608419418335, "243": 8.596479892730713e-05, "244": 8.717924356460571e-05, "245": 8.359551429748535e-05, "246": 8.3141028881073e-05, "247": 9.086728096008301e-05, "248": 0.00010069459676742554, "249": 8.998438715934753e-05, "250": 0.00010821595788002014, "251": 9.076297283172607e-05, "252": 0.00011033192276954651, "253": 0.00010250881314277649, "254": 9.98079776763916e-05, "255": 9.332597255706787e-05, "256": 8.736178278923035e-05, "257": 8.633360266685486e-05, "258": 6.734579801559448e-05, "259": 7.60890543460846e-05, "260": 6.872043013572693e-05, "261": 8.770450949668884e-05, "262": 6.423890590667725e-05, "263": 8.639320731163025e-05, "264": 7.019191980361938e-05, "265": 7.225945591926575e-05, "266": 7.81230628490448e-05, "267": 5.74551522731781e-05,