{"0": 998.3068525791168, "1": 0.5410107225179672, "2": 0.00019977986812591553, "3": 0.07049599289894104, "4": 0.002271108329296112, "5": 0.0013272836804389954, "6": 0.0011838078498840332, "7": 0.0010252296924591064, "8": 0.0008871108293533325, "9": 0.000778883695602417, "10": 0.0006874054670333862, "11": 0.0006085485219955444, "12": 0.0005597546696662903, "13": 0.00035633891820907593, "14": 0.00032097846269607544, "15": 0.0003238096833229065, "16": 0.00032198429107666016, "17": 0.00031416118144989014, "18": 0.00030738115310668945, "19": 0.0002896338701248169, "20": 0.0002806559205055237, "21": 0.0002660006284713745, "22": 0.00025263428688049316, "23": 0.00024518370628356934, "24": 0.0002333521842956543, "25": 0.00022631138563156128, "26": 0.0002199113368988037, "27": 0.0002116188406944275, "28": 0.00020571798086166382, "29": 0.00020124763250350952, "30": 0.00019543617963790894, "31": 0.0001874193549156189, "32": 0.00018303841352462769, "33": 0.000177040696144104, "34": 0.00017189234495162964, "35": 0.00016755610704421997, "36": 0.0001611858606338501, "37": 0.00015734881162643433, "38": 0.00015236437320709229, "39": 0.00014715641736984253, "40": 0.00014223158359527588, "41": 0.00013909488916397095, "42": 0.00013779103755950928, "43": 0.0001329556107521057, "44": 0.00013206154108047485, "45": 0.0001311078667640686, "46": 0.00012888014316558838, "47": 0.0001278892159461975, "48": 0.00012837350368499756, "49": 0.00012659281492233276, "50": 0.0001273900270462036, "51": 0.00012872368097305298, "52": 0.00012850016355514526, "53": 0.00012912601232528687, "54": 0.0001322627067565918, "55": 0.00013262778520584106, "56": 0.00013490021228790283, "57": 0.0001334846019744873, "58": 0.00013419240713119507, "59": 0.00013766437768936157, "60": 0.00013996660709381104, "61": 0.0001443028450012207, "62": 0.00014631450176239014, "63": 0.00014926493167877197, "64": 0.00015123561024665833, "65": 0.00015431642532348633, "66": 0.00016340240836143494, "67": 0.00017384439706802368, "68": 0.00018491223454475403, "69": 0.00019775331020355225, "70": 0.00021916255354881287, "71": 0.00023426488041877747, "72": 0.00026398152112960815, "73": 0.00027826055884361267, "74": 0.00029918551445007324, "75": 0.00032918527722358704, "76": 0.00037234649062156677, "77": 0.00047273188829421997, "78": 0.0005019232630729675, "79": 0.0006748288869857788, "80": 0.0004279203712940216, "81": 0.00057244673371315, "82": 0.0005633421242237091, "83": 0.0005466341972351074, "84": 0.0005267485976219177, "85": 0.0004819221794605255, "86": 0.0005336925387382507, "87": 0.0004511140286922455, "88": 0.000565599650144577, "89": 0.0005011707544326782, "90": 0.0005652979016304016, "91": 0.00045843422412872314, "92": 0.0004960447549819946, "93": 0.0005044899880886078, "94": 0.00043850019574165344, "95": 0.00045289844274520874, "96": 0.0004437379539012909, "97": 0.00044454261660575867, "98": 0.00041838735342025757, "99": 0.0004068724811077118, "100": 0.0003890395164489746, "101": 0.0003791339695453644, "102": 0.0003818199038505554, "103": 0.00034679099917411804, "104": 0.00037318840622901917, "105": 0.00033237040042877197, "106": 0.0003485344350337982, "107": 0.0003362298011779785, "108": 0.00031749531626701355, "109": 0.00030507147312164307, "110": 0.0003457404673099518, "111": 0.00030931830406188965, "112": 0.0003084912896156311, "113": 0.0002827160060405731, "114": 0.0003197789192199707, "115": 0.0002976357936859131, "116": 0.0002678036689758301, "117": 0.0002663135528564453, "118": 0.0002839602530002594, "119": 0.000256512314081192, "120": 0.00025356560945510864, "121": 0.0002391338348388672, "122": 0.0002430155873298645, "123": 0.0002384185791015625, "124": 0.00022113323211669922, "125": 0.00021167844533920288, "126": 0.00023759901523590088, "127": 0.00023197010159492493, "128": 0.00020173564553260803, "129": 0.00019612908363342285, "130": 0.00020148605108261108, "131": 0.00018491223454475403, "132": 0.00019466876983642578, "133": 0.00017862394452095032, "134": 0.00019531697034835815, "135": 0.0001774914562702179, "136": 0.00019629672169685364, "137": 0.00020271539688110352, "138": 0.00020153820514678955, "139": 0.00019359588623046875, "140": 0.0001801624894142151, "141": 0.00018668919801712036, "142": 0.00017631053924560547, "143": 0.00018699094653129578, "144": 0.00018562376499176025, "145": 0.00016436725854873657, "146": 0.00018157437443733215, "147": 0.0001598149538040161, "148": 0.00017150864005088806, "149": 0.00017045438289642334, "150": 0.00016230717301368713, "151": 0.00014354661107063293, "152": 0.00014270097017288208, "153": 0.00013582035899162292, "154": 0.00011967867612838745, "155": 0.0001330152153968811, "156": 0.00012686848640441895, "157": 0.00011660531163215637, "158": 9.838864207267761e-05, "159": 0.00010334700345993042, "160": 0.00011385232210159302, "161": 0.00010225176811218262, "162": 9.749084711074829e-05, "163": 9.996816515922546e-05, "164": 0.00010622665286064148, "165": 9.729340672492981e-05, "166": 9.286776185035706e-05, "167": 9.923428297042847e-05, "168": 0.00010040029883384705, "169": 9.844079613685608e-05, "170": 9.286031126976013e-05, "171": 8.845701813697815e-05, "172": 8.792802691459656e-05, "173": 8.79727303981781e-05, "174": 9.215995669364929e-05, "175": 9.253248572349548e-05, "176": 9.321421384811401e-05, "177": 8.96751880645752e-05, "178": 8.53314995765686e-05, "179": 8.847564458847046e-05, "180": 8.821487426757812e-05, "181": 8.704885840415955e-05, "182": 8.643418550491333e-05, "183": 8.399412035942078e-05, "184": 7.520988583564758e-05, "185": 7.13244080543518e-05, "186": 7.839873433113098e-05, "187": 6.939098238945007e-05, "188": 6.835907697677612e-05, "189": 6.889179348945618e-05, "190": 6.512925028800964e-05, "191": 6.172433495521545e-05, "192": 6.347149610519409e-05, "193": 5.539506673812866e-05, "194": 5.4799020290374756e-05, "195": 5.986541509628296e-05, "196": 5.8457255363464355e-05, "197": 6.271153688430786e-05, "198": 5.501508712768555e-05, "199": 6.064213812351227e-05, "200": 5.305372178554535e-05, "201": 5.198270082473755e-05, "202": 4.782155156135559e-05, "203": 4.108250141143799e-05, "204": 4.330091178417206e-05, "205": 4.07882034778595e-05, "206": 3.658421337604523e-05, "207": 3.192387521266937e-05, "208": 3.349035978317261e-05, "209": 3.554299473762512e-05, "210": 3.5624951124191284e-05, "211": 3.660283982753754e-05, "212": 4.3839216232299805e-05, "213": 4.554726183414459e-05, "214": 3.727711737155914e-05, "215": 4.153884947299957e-05, "216": 4.109181463718414e-05, "217": 3.8821250200271606e-05, "218": 4.011392593383789e-05, "219": 4.2982399463653564e-05, "220": 4.340708255767822e-05, "221": 3.7278980016708374e-05, "222": 3.765709698200226e-05, "223": 3.5511329770088196e-05, "224": 3.7787482142448425e-05, "225": 4.727579653263092e-05, "226": 4.9579888582229614e-05, "227": 3.5393983125686646e-05, "228": 3.532133996486664e-05, "229": 2.8271228075027466e-05, "230": 3.771297633647919e-05, "231": 3.144703805446625e-05, "232": 3.1011179089546204e-05, "233": 2.3756176233291626e-05, "234": 2.232566475868225e-05, "235": 1.9457191228866577e-05, "236": 1.6942620277404785e-05, "237": 1.7132610082626343e-05, "238": 1.6964972019195557e-05, "239": 1.7590820789337158e-05, "240": 1.640617847442627e-05, "241": 1.6529113054275513e-05, "242": 1.6944482922554016e-05, "243": 1.6862526535987854e-05, "244": 2.2523105144500732e-05, "245": 2.3193657398223877e-05, "246": 2.6769936084747314e-05, "247": 1.880154013633728e-05, "248": 1.7911195755004883e-05, "249": 2.2508203983306885e-05, "250": 1.8551945686340332e-05, "251": 2.1047890186309814e-05, "252": 1.8347054719924927e-05, "253": 1.7527490854263306e-05, "254": 1.7957761883735657e-05, "255": 1.8844380974769592e-05, "256": 2.1900981664657593e-05, "257": 1.8816441297531128e-05, "258": 1.5888363122940063e-05, "259": 1.5245750546455383e-05, "260": 1.5778467059135437e-05, "261": 1.5288591384887695e-05, "262": 2.1925196051597595e-05, "263": 1.3342127203941345e-05, "264": 1.1079013347625732e-05, "265": 8.847564458847046e-06,