{"0": 0.6931474208831787, "1": 0.1318824291229248, "2": 0.1317732334136963, "3": 0.08514876663684845, "4": 0.08163654059171677, "5": 0.07989286631345749, "6": 0.07834072411060333, "7": 0.0769413411617279, "8": 0.07572121918201447, "9": 0.0746426060795784, "10": 0.07367847114801407, "11": 0.072824627161026, "12": 0.07206063717603683, "13": 0.07143822312355042, "14": 0.07087463140487671, "15": 0.07034099102020264, "16": 0.06983969360589981, "17": 0.06936409324407578, "18": 0.06890805810689926, "19": 0.06847028434276581, "20": 0.06805376708507538, "21": 0.0676557645201683, "22": 0.06727536022663116, "23": 0.06691121309995651, "24": 0.06656002253293991, "25": 0.06622079759836197, "26": 0.06589831411838531, "27": 0.06558351218700409, "28": 0.06528092175722122, "29": 0.06498830020427704, "30": 0.06470250338315964, "31": 0.06442756205797195, "32": 0.06416122615337372, "33": 0.06390245258808136, "34": 0.06365086883306503, "35": 0.06340713798999786, "36": 0.06317045539617538, "37": 0.0629400685429573, "38": 0.06271567195653915, "39": 0.06249585747718811, "40": 0.06228172034025192, "41": 0.062074214220047, "42": 0.06186940521001816, "43": 0.06166825443506241, "44": 0.06146986037492752, "45": 0.061274103820323944, "46": 0.0610794797539711, "47": 0.06088802590966225, "48": 0.06069832667708397, "49": 0.060510165989398956, "50": 0.06032378599047661, "51": 0.06013844907283783, "52": 0.05995495244860649, "53": 0.05977391451597214, "54": 0.05959480255842209, "55": 0.059416402131319046, "56": 0.059238407760858536, "57": 0.059060994535684586, "58": 0.05888230726122856, "59": 0.05870404094457626, "60": 0.058525338768959045, "61": 0.05834629014134407, "62": 0.0581667535007, "63": 0.05798410251736641, "64": 0.05780012905597687, "65": 0.05761341750621796, "66": 0.05742672458291054, "67": 0.057236216962337494, "68": 0.05704338848590851, "69": 0.056847285479307175, "70": 0.056649111211299896, "71": 0.05644085258245468, "72": 0.05621754005551338, "73": 0.055976368486881256, "74": 0.05571776628494263, "75": 0.055443454533815384, "76": 0.05515250936150551, "77": 0.0548449382185936, "78": 0.054514046758413315, "79": 0.054160039871931076, "80": 0.053767964243888855, "81": 0.053305644541978836, "82": 0.052611447870731354, "83": 0.05199050158262253, "84": 0.05126819759607315, "85": 0.05039668083190918, "86": 0.04969855397939682, "87": 0.04897388815879822, "88": 0.048270534723997116, "89": 0.047608405351638794, "90": 0.04693657532334328, "91": 0.046347975730895996, "92": 0.04565253108739853, "93": 0.04504644125699997, "94": 0.044442374259233475, "95": 0.043916255235672, "96": 0.043344639241695404, "97": 0.04286126792430878, "98": 0.04234951734542847, "99": 0.04186483472585678, "100": 0.04140755161643028, "101": 0.04094231128692627, "102": 0.040518391877412796, "103": 0.04010765254497528, "104": 0.03970372676849365, "105": 0.0393117219209671, "106": 0.038922492414712906, "107": 0.0385398343205452, "108": 0.03819398954510689, "109": 0.03785596415400505, "110": 0.037538617849349976, "111": 0.03722904250025749, "112": 0.036923352628946304, "113": 0.036637548357248306, "114": 0.036332402378320694, "115": 0.03605520725250244, "116": 0.03577090799808502, "117": 0.035494234412908554, "118": 0.035224270075559616, "119": 0.03496163338422775, "120": 0.034702833741903305, "121": 0.03445474058389664, "122": 0.03421516716480255, "123": 0.03397378325462341, "124": 0.03375070542097092, "125": 0.033520106226205826, "126": 0.033307142555713654, "127": 0.03308779001235962, "128": 0.032878853380680084, "129": 0.03266986459493637, "130": 0.03246378153562546, "131": 0.03226059675216675, "132": 0.032056890428066254, "133": 0.031863901764154434, "134": 0.03166805952787399, "135": 0.031478554010391235, "136": 0.03128865361213684, "137": 0.031107380986213684, "138": 0.030912887305021286, "139": 0.03072456084191799, "140": 0.030543265864253044, "141": 0.030366232618689537, "142": 0.030198533087968826, "143": 0.03001980483531952, "144": 0.02986048348248005, "145": 0.02968926914036274, "146": 0.029533784836530685, "147": 0.02936634235084057, "148": 0.029214831069111824, "149": 0.029057279229164124, "150": 0.02891012839972973, "151": 0.028762690722942352, "152": 0.02861626446247101, "153": 0.028470568358898163, "154": 0.0283240657299757, "155": 0.028182318434119225, "156": 0.028042078018188477, "157": 0.02789904735982418, "158": 0.027760803699493408, "159": 0.027615904808044434, "160": 0.027488134801387787, "161": 0.027355298399925232, "162": 0.027228396385908127, "163": 0.027104457840323448, "164": 0.02696724608540535, "165": 0.026849154382944107, "166": 0.026728538796305656, "167": 0.026602771133184433, "168": 0.02648995816707611, "169": 0.026360303163528442, "170": 0.026232115924358368, "171": 0.026105694472789764, "172": 0.02598392404615879, "173": 0.0258595272898674, "174": 0.025743620470166206, "175": 0.02562924660742283, "176": 0.02552098222076893, "177": 0.025410544127225876, "178": 0.02529606781899929, "179": 0.025196777656674385, "180": 0.025077473372220993, "181": 0.02497115358710289, "182": 0.024862265214323997, "183": 0.024753740057349205, "184": 0.024657798931002617, "185": 0.024554960429668427, "186": 0.024461891502141953, "187": 0.024366207420825958, "188": 0.024281490594148636, "189": 0.024185016751289368, "190": 0.024097152054309845, "191": 0.02401726506650448, "192": 0.02393345907330513, "193": 0.023852553218603134, "194": 0.023768074810504913, "195": 0.023688727989792824, "196": 0.02360573410987854, "197": 0.02352391742169857, "198": 0.023441970348358154, "199": 0.023370739072561264, "200": 0.023288141936063766, "201": 0.023205595090985298, "202": 0.023135975003242493, "203": 0.023065634071826935, "204": 0.023002617061138153, "205": 0.022938774898648262, "206": 0.022867444902658463, "207": 0.022806838154792786, "208": 0.0227399542927742, "209": 0.022681590169668198, "210": 0.022625062614679337, "211": 0.0225692018866539, "212": 0.022509342059493065, "213": 0.022451475262641907, "214": 0.022390443831682205, "215": 0.02233314700424671, "216": 0.022272169589996338, "217": 0.022215992212295532, "218": 0.022161314263939857, "219": 0.022106841206550598, "220": 0.022062260657548904, "221": 0.022015251219272614, "222": 0.021971430629491806, "223": 0.02192910760641098, "224": 0.02187827229499817, "225": 0.02184266224503517, "226": 0.021811937913298607, "227": 0.02178081125020981, "228": 0.02175217680633068, "229": 0.021724754944443703, "230": 0.021676789969205856, "231": 0.021641239523887634, "232": 0.02160453423857689, "233": 0.021569225937128067, "234": 0.02153177186846733, "235": 0.021496839821338654, "236": 0.02145286276936531, "237": 0.021416552364826202, "238": 0.02138066291809082, "239": 0.021344278007745743, "240": 0.021311018615961075, "241": 0.02127688378095627, "242": 0.021241098642349243, "243": 0.021203894168138504, "244": 0.021169550716876984, "245": 0.021139144897460938, "246": 0.021095991134643555, "247": 0.021055232733488083, "248": 0.02101048082113266, "249": 0.020974453538656235, "250": 0.020931201055645943, "251": 0.020897168666124344, "252": 0.020866025239229202, "253": 0.02083582431077957, "254": 0.020791256800293922, "255": 0.020764824002981186, "256": 0.02073899656534195, "257": 0.020693188533186913, "258": 0.020664233714342117, "259": 0.020634496584534645, "260": 0.020605012774467468, "261": 0.020583083853125572, "262": 0.02056344598531723, "263": 0.02054189145565033, "264": 0.020523499697446823, "265": 0.020505186170339584, "266": 0.02048766054213047, "267": 0.02047058194875717, "268": 0.020444810390472412, "269": 0.020429905503988266, "270": 0.02041393704712391, "271": 0.020398588851094246, "272": 0.02038434147834778, "273": 0.020367570221424103, "274": 0.020348962396383286, "275": 0.020334646105766296, "276": 0.020321974530816078, "277": 0.020310591906309128, "278": 0.020300548523664474, "279": 0.020290160551667213, "280": 0.02027476578950882, "281": 0.020265143364667892, "282": 0.02025507017970085, "283": 0.020244678482413292, "284": 0.020234089344739914,