{"0": 998.3068525791168, "1": 0.5127056986093521, "2": 0.000443384051322937, "3": 0.11158062517642975, "4": 0.002124309539794922, "5": 0.0019420981407165527, "6": 0.001398429274559021, "7": 0.0010074004530906677, "8": 0.0007665306329727173, "9": 0.0006419047713279724, "10": 0.0005366280674934387, "11": 0.0004384145140647888, "12": 0.0003792792558670044, "13": 0.00024316087365150452, "14": 0.00019257888197898865, "15": 0.00018957257270812988, "16": 0.00017679482698440552, "17": 0.00017761066555976868, "18": 0.0001752115786075592, "19": 0.00016688555479049683, "20": 0.00016923993825912476, "21": 0.00016337260603904724, "22": 0.0001582317054271698, "23": 0.00014921650290489197, "24": 0.00013975054025650024, "25": 0.000128135085105896, "26": 0.00011941790580749512, "27": 0.0001233704388141632, "28": 0.00011255592107772827, "29": 0.00010944530367851257, "30": 9.37245786190033e-05, "31": 9.845197200775146e-05, "32": 9.207800030708313e-05, "33": 8.759647607803345e-05, "34": 7.836893200874329e-05, "35": 7.057562470436096e-05, "36": 6.834790110588074e-05, "37": 6.889551877975464e-05, "38": 6.549060344696045e-05, "39": 5.0373375415802e-05, "40": 5.4873526096343994e-05, "41": 4.962831735610962e-05, "42": 4.953891038894653e-05, "43": 4.9270689487457275e-05, "44": 4.557892680168152e-05, "45": 4.65884804725647e-05, "46": 4.147365689277649e-05, "47": 3.9383769035339355e-05, "48": 3.4689903259277344e-05, "49": 3.752857446670532e-05, "50": 3.774091601371765e-05, "51": 3.777444362640381e-05, "52": 3.964826464653015e-05, "53": 3.639981150627136e-05, "54": 3.6250799894332886e-05, "55": 3.794580698013306e-05, "56": 3.69735062122345e-05, "57": 3.607943654060364e-05, "58": 4.18834388256073e-05, "59": 4.116073250770569e-05, "60": 4.134327173233032e-05, "61": 4.246458411216736e-05, "62": 4.5921653509140015e-05, "63": 9.002536535263062e-05, "64": 0.00012094154953956604, "65": 0.000371493399143219, "66": 0.00021384656429290771, "67": 9.958818554878235e-05, "68": 0.00011612102389335632, "69": 0.00011074915528297424, "70": 0.00019410625100135803, "71": 0.00025742873549461365, "72": 0.0001872032880783081, "73": 0.00014667585492134094, "74": 0.0001249276101589203, "75": 0.00014305859804153442, "76": 0.0001339949667453766, "77": 0.0001333393156528473, "78": 0.0001367628574371338, "79": 0.00022695958614349365, "80": 0.0002972930669784546, "81": 0.000344008207321167, "82": 0.000519193708896637, "83": 0.00028360262513160706, "84": 0.00026596710085868835, "85": 0.0004046298563480377, "86": 0.00022974610328674316, "87": 0.000225704163312912, "88": 0.000220566987991333, "89": 0.0002967268228530884, "90": 0.0001498088240623474, "91": 0.00013102591037750244, "92": 0.00016877427697181702, "93": 0.00016699358820915222, "94": 0.00022660940885543823, "95": 0.00013528764247894287, "96": 0.00015836209058761597, "97": 0.00014641135931015015, "98": 0.0001821964979171753, "99": 0.00011235475540161133, "100": 0.00011705979704856873, "101": 0.00013833120465278625, "102": 0.0001496151089668274, "103": 0.000141046941280365, "104": 0.0001325570046901703, "105": 0.00012360885739326477, "106": 0.00010879337787628174, "107": 9.473040699958801e-05, "108": 8.480250835418701e-05, "109": 6.835535168647766e-05, "110": 8.505582809448242e-05, "111": 8.065253496170044e-05, "112": 8.101761341094971e-05, "113": 0.00012328103184700012, "114": 6.509944796562195e-05, "115": 6.613880395889282e-05, "116": 6.344541907310486e-05, "117": 5.825236439704895e-05, "118": 4.8857182264328e-05, "119": 4.5511871576309204e-05, "120": 4.195794463157654e-05, "121": 3.6504119634628296e-05, "122": 3.3892691135406494e-05, "123": 2.962350845336914e-05, "124": 3.550201654434204e-05, "125": 2.7894973754882812e-05, "126": 3.0256807804107666e-05, "127": 5.812197923660278e-05, "128": 2.750009298324585e-05, "129": 2.5570392608642578e-05, "130": 2.3581087589263916e-05, "131": 2.181529998779297e-05, "132": 2.117455005645752e-05, "133": 2.0790845155715942e-05, "134": 2.6632100343704224e-05, "135": 2.0109117031097412e-05, "136": 2.475827932357788e-05, "137": 1.917034387588501e-05, "138": 1.8559396266937256e-05, "139": 2.216920256614685e-05, "140": 3.3911317586898804e-05, "141": 1.8011778593063354e-05, "142": 1.7054378986358643e-05, "143": 1.701340079307556e-05, "144": 1.7415732145309448e-05, "145": 1.7076730728149414e-05, "146": 1.5739351511001587e-05, "147": 1.4960765838623047e-05, "148": 1.7117708921432495e-05, "149": 1.4256685972213745e-05, "150": 1.4692544937133789e-05, "151": 1.430511474609375e-05, "152": 1.683831214904785e-05, "153": 1.36643648147583e-05, "154": 1.3902783393859863e-05, "155": 1.448020339012146e-05, "156": 1.3481825590133667e-05, "157": 1.3813376426696777e-05, "158": 1.2971460819244385e-05, "159": 1.280754804611206e-05, "160": 1.3634562492370605e-05, "161": 1.2680888175964355e-05, "162": 1.3090670108795166e-05, "163": 1.2345612049102783e-05, "164": 1.2129545211791992e-05, "165": 1.3016164302825928e-05, "166": 1.1708587408065796e-05, "167": 1.171603798866272e-05, "168": 1.6789883375167847e-05, "169": 1.1753290891647339e-05, "170": 1.1727213859558105e-05, "171": 1.1745840311050415e-05, "172": 1.6067177057266235e-05, "173": 1.1436641216278076e-05, "174": 1.1526048183441162e-05, "175": 1.8008053302764893e-05, "176": 1.1436641216278076e-05, "177": 1.154094934463501e-05, "178": 1.1652708053588867e-05, "179": 1.4174729585647583e-05, "180": 1.1436641216278076e-05, "181": 1.1444091796875e-05, "182": 1.5340745449066162e-05, "183": 1.1339783668518066e-05, "184": 1.1410564184188843e-05, "185": 1.1514872312545776e-05, "186": 1.4036893844604492e-05, "187": 1.1343508958816528e-05, "188": 1.1391937732696533e-05, "189": 1.5184283256530762e-05, "190": 1.1257827281951904e-05, "191": 1.1164695024490356e-05, "192": 1.085922122001648e-05, "193": 2.09808349609375e-05, "194": 1.0915100574493408e-05, "195": 1.1116266250610352e-05, "196": 1.1116266250610352e-05, "197": 1.767277717590332e-05, "198": 1.1455267667770386e-05, "199": 1.158192753791809e-05, "200": 1.1742115020751953e-05, "201": 1.5467405319213867e-05, "202": 1.1816620826721191e-05, "203": 1.1421740055084229e-05, "204": 1.2919306755065918e-05, "205": 1.3314187526702881e-05, "206": 1.0576099157333374e-05, "207": 1.2006610631942749e-05, "208": 1.0706484317779541e-05, "209": 2.0887702703475952e-05, "210": 1.076236367225647e-05, "211": 1.1354684829711914e-05, "212": 1.763179898262024e-05, "213": 1.125037670135498e-05, "214": 1.1336058378219604e-05, "215": 1.1373311281204224e-05, "216": 1.1380761861801147e-05, "217": 1.6741454601287842e-05, "218": 1.1265277862548828e-05, "219": 1.1391937732696533e-05, "220": 1.1548399925231934e-05, "221": 1.3392418622970581e-05, "222": 2.0992010831832886e-05, "223": 1.1567026376724243e-05, "224": 1.473352313041687e-05, "225": 1.563131809234619e-05, "226": 1.9777566194534302e-05, "227": 2.0276755094528198e-05, "228": 6.3069164752960205e-06, "229": 8.877366781234741e-06, "230": 8.568167686462402e-06, "231": 9.432435035705566e-06, "232": 9.12696123123169e-06, "233": 1.1049211025238037e-05, "234": 1.268833875656128e-05, "235": 2.1204352378845215e-05, "236": 1.2099742889404297e-05, "237": 1.3358891010284424e-05, "238": 1.905485987663269e-05, "239": 1.16787850856781e-05, "240": 1.2502074241638184e-05, "241": 1.239776611328125e-05, "242": 1.2427568435668945e-05, "243": 1.3999640941619873e-05, "244": 3.0174851417541504e-07}