{"0": 998.3068525791168, "1": 0.609147734940052, "2": 5.105137825012207e-05, "3": 0.02729618549346924, "4": 0.002685464918613434, "5": 0.001523725688457489, "6": 0.0014608651399612427, "7": 0.0013357587158679962, "8": 0.0011353380978107452, "9": 0.0009711757302284241, "10": 0.0008246749639511108, "11": 0.0007268860936164856, "12": 0.0006441213190555573, "13": 0.0005511157214641571, "14": 0.0004938356578350067, "15": 0.00046497955918312073, "16": 0.00044380873441696167, "17": 0.0004174932837486267, "18": 0.000399615615606308, "19": 0.0003763735294342041, "20": 0.0003535337746143341, "21": 0.0003344900906085968, "22": 0.0003127865493297577, "23": 0.0003011263906955719, "24": 0.0002889707684516907, "25": 0.0002766139805316925, "26": 0.0002677515149116516, "27": 0.0002568662166595459, "28": 0.0002478286623954773, "29": 0.0002372749149799347, "30": 0.0002274923026561737, "31": 0.0002198144793510437, "32": 0.00021159276366233826, "33": 0.0002036169171333313, "34": 0.00019745901226997375, "35": 0.00019090250134468079, "36": 0.00018719583749771118, "37": 0.0001843869686126709, "38": 0.0001802593469619751, "39": 0.0001748502254486084, "40": 0.0001729428768157959, "41": 0.000168677419424057, "42": 0.00016489624977111816, "43": 0.0001620650291442871, "44": 0.00015800818800926208, "45": 0.00015567615628242493, "46": 0.00015381723642349243, "47": 0.00015181303024291992, "48": 0.00015084445476531982, "49": 0.00015289336442947388, "50": 0.00015706568956375122, "51": 0.0001651756465435028, "52": 0.00017411261796951294, "53": 0.00019165873527526855, "54": 0.00021411478519439697, "55": 0.00024606287479400635, "56": 0.00027614086866378784, "57": 0.0003035031259059906, "58": 0.00032649561762809753, "59": 0.0003496706485748291, "60": 0.00037144124507904053, "61": 0.0003977827727794647, "62": 0.0004359297454357147, "63": 0.00046759843826293945, "64": 0.00048878975212574, "65": 0.0004972964525222778, "66": 0.0005341507494449615, "67": 0.00035923905670642853, "68": 0.0003655962646007538, "69": 0.0003776960074901581, "70": 0.0003683939576148987, "71": 0.0003622807562351227, "72": 0.00033541396260261536, "73": 0.000340459868311882, "74": 0.0003144722431898117, "75": 0.0003247596323490143, "76": 0.00031508132815361023, "77": 0.00029198452830314636, "78": 0.00032585859298706055, "79": 0.0002484135329723358, "80": 0.00024002045392990112, "81": 0.00023210421204566956, "82": 0.00022335536777973175, "83": 0.0002268124371767044, "84": 0.00021268799901008606, "85": 0.000222671777009964, "86": 0.00020366907119750977, "87": 0.000214332714676857, "88": 0.00020907260477542877, "89": 0.0001927632838487625, "90": 0.00019457191228866577, "91": 0.00016851350665092468, "92": 0.000177016481757164, "93": 0.000161830335855484, "94": 0.00017041340470314026, "95": 0.00016048364341259003, "96": 0.00016758404672145844, "97": 0.00015618838369846344, "98": 0.00016980431973934174, "99": 0.00015712343156337738, "100": 0.00016967207193374634, "101": 0.0001508314162492752, "102": 0.0001586414873600006, "103": 0.00013684295117855072, "104": 0.0001440197229385376, "105": 0.00013376213610172272, "106": 0.00013873912394046783, "107": 0.0001356080174446106, "108": 0.00013310834765434265, "109": 0.00013360567390918732, "110": 0.00013358891010284424, "111": 0.0001310240477323532, "112": 0.0001371186226606369, "113": 0.00012420117855072021, "114": 0.00013024359941482544, "115": 0.00011502578854560852, "116": 0.00012054480612277985, "117": 0.00011082924902439117, "118": 0.00011949427425861359, "119": 0.00011407770216464996, "120": 0.00011997297406196594, "121": 0.00011573173105716705, "122": 0.0001207161694765091, "123": 0.00011000782251358032, "124": 0.00012109428644180298, "125": 0.00010247528553009033, "126": 0.00011255592107772827, "127": 9.775161743164062e-05, "128": 0.00010449253022670746, "129": 9.445473551750183e-05, "130": 0.00010502897202968597, "131": 0.000100770965218544, "132": 0.00010708533227443695, "133": 0.00010209716856479645, "134": 0.00010593421757221222, "135": 9.698793292045593e-05, "136": 0.0001028943806886673, "137": 9.100325405597687e-05, "138": 9.475834667682648e-05, "139": 8.778087794780731e-05, "140": 8.822046220302582e-05, "141": 8.681975305080414e-05, "142": 8.722208440303802e-05, "143": 9.3117356300354e-05, "144": 8.973479270935059e-05, "145": 9.130127727985382e-05, "146": 9.142793715000153e-05, "147": 8.756108582019806e-05, "148": 9.344331920146942e-05, "149": 7.498450577259064e-05, "150": 7.592141628265381e-05, "151": 7.471442222595215e-05, "152": 7.739663124084473e-05, "153": 7.592327892780304e-05, "154": 7.770396769046783e-05, "155": 8.16192477941513e-05, "156": 8.633360266685486e-05, "157": 7.819943130016327e-05, "158": 8.165091276168823e-05, "159": 8.01989808678627e-05, "160": 8.442718535661697e-05, "161": 7.193908095359802e-05, "162": 7.428694516420364e-05, "163": 7.519777864217758e-05, "164": 7.506180554628372e-05, "165": 7.015932351350784e-05, "166": 7.125735282897949e-05, "167": 7.492117583751678e-05, "168": 7.050298154354095e-05, "169": 7.449276745319366e-05, "170": 7.50962644815445e-05, "171": 7.225200533866882e-05, "172": 7.241964340209961e-05, "173": 5.8677978813648224e-05, "174": 5.260482430458069e-05, "175": 5.80931082367897e-05, "176": 5.351845175027847e-05, "177": 5.02830371260643e-05, "178": 5.416572093963623e-05, "179": 5.88148832321167e-05, "180": 5.870126187801361e-05, "181": 5.8922916650772095e-05, "182": 6.112270057201385e-05, "183": 5.9101730585098267e-05, "184": 6.162934005260468e-05, "185": 4.753097891807556e-05, "186": 5.103927105665207e-05, "187": 5.17992302775383e-05, "188": 5.216803401708603e-05, "189": 5.4001808166503906e-05, "190": 5.396176129579544e-05, "191": 5.98616898059845e-05, "192": 6.259232759475708e-05, "193": 6.179139018058777e-05, "194": 6.265472620725632e-05, "195": 6.28940761089325e-05, "196": 6.0842372477054596e-05, "197": 4.380941390991211e-05, "198": 3.7400051951408386e-05, "199": 4.4599175453186035e-05, "200": 3.9579346776008606e-05, "201": 4.836916923522949e-05, "202": 4.097260534763336e-05, "203": 4.591420292854309e-05, "204": 4.616007208824158e-05, "205": 3.947317600250244e-05, "206": 4.246179014444351e-05, "207": 4.127528518438339e-05, "208": 4.510022699832916e-05, "209": 2.871081233024597e-05, "210": 2.787075936794281e-05, "211": 2.939719706773758e-05, "212": 2.300180494785309e-05, "213": 2.322997897863388e-05, "214": 2.2897496819496155e-05, "215": 2.1237879991531372e-05, "216": 2.4897977709770203e-05, "217": 3.353320062160492e-05, "218": 3.053247928619385e-05, "219": 3.192014992237091e-05, "220": 3.643706440925598e-05, "221": 3.6096200346946716e-05, "222": 3.5371631383895874e-05, "223": 3.4790486097335815e-05, "224": 2.783350646495819e-05, "225": 2.5952234864234924e-05, "226": 2.2984109818935394e-05, "227": 2.0165927708148956e-05, "228": 2.184789627790451e-05, "229": 2.2788532078266144e-05, "230": 2.5061890482902527e-05, "231": 2.615712583065033e-05, "232": 2.4029985070228577e-05, "233": 2.3832544684410095e-05, "234": 2.419203519821167e-05, "235": 2.744048833847046e-05, "236": 2.3717060685157776e-05, "237": 2.432987093925476e-05, "238": 2.16607004404068e-05, "239": 3.034435212612152e-05, "240": 1.8155202269554138e-05, "241": 2.5550834834575653e-05, "242": 1.8967315554618835e-05, "243": 2.8355978429317474e-05, "244": 1.6198493540287018e-05, "245": 1.662876456975937e-05, "246": 1.7389655113220215e-05, "247": 2.3540109395980835e-05, "248": 1.677870750427246e-05, "249": 1.7369166016578674e-05, "250": 2.2678636014461517e-05, "251": 1.7267651855945587e-05, "252": 1.634843647480011e-05, "253": 1.7533078789711e-05, "254": 1.542549580335617e-05, "255": 1.4706514775753021e-05, "256": 1.5057623386383057e-05, "257": 1.2652948498725891e-05, "258": 1.3123266398906708e-05, "259": 1.308787614107132e-05, "260": 1.5826895833015442e-05, "261": 1.3203360140323639e-05, "262": 1.3853423297405243e-05, "263": 1.2874603271484375e-05, "264": 1.3183802366256714e-05, "265": 1.3386830687522888e-05, "266": 1.315586268901825e-05,