{"0": 998.3068525791168, "1": 0.5957036837935448, "2": 9.238719940185547e-05, "3": 0.043420545756816864, "4": 0.001628134399652481, "5": 0.0010266602039337158, "6": 0.0009911134839057922, "7": 0.0008825585246086121, "8": 0.00075540691614151, "9": 0.0006450638175010681, "10": 0.0005555711686611176, "11": 0.0004845820367336273, "12": 0.0004301890730857849, "13": 0.00033625587821006775, "14": 0.0002975352108478546, "15": 0.0002906695008277893, "16": 0.00028223916888237, "17": 0.0002667084336280823, "18": 0.0002534352242946625, "19": 0.0002400018274784088, "20": 0.00022804737091064453, "21": 0.00021376833319664001, "22": 0.0001990869641304016, "23": 0.00019145384430885315, "24": 0.00018472597002983093, "25": 0.00017698481678962708, "26": 0.00017051398754119873, "27": 0.00016298145055770874, "28": 0.00015697255730628967, "29": 0.00015206262469291687, "30": 0.00014438852667808533, "31": 0.0001386776566505432, "32": 0.00013563409447669983, "33": 0.00013136863708496094, "34": 0.0001256801187992096, "35": 0.0001223534345626831, "36": 0.00012057647109031677, "37": 0.00011567771434783936, "38": 0.00011254474520683289, "39": 0.00011152029037475586, "40": 0.00010978057980537415, "41": 0.00010706111788749695, "42": 0.00010471418499946594, "43": 0.00010192766785621643, "44": 0.00010079517960548401, "45": 9.956955909729004e-05, "46": 9.832903742790222e-05, "47": 0.00010016188025474548, "48": 0.00010428577661514282, "49": 0.00010978430509567261, "50": 0.0001156441867351532, "51": 0.00012565404176712036, "52": 0.00013870373368263245, "53": 0.00015563517808914185, "54": 0.00017616525292396545, "55": 0.00019745901226997375, "56": 0.0002226419746875763, "57": 0.0002550557255744934, "58": 0.00028682127594947815, "59": 0.00032010674476623535, "60": 0.0003563724458217621, "61": 0.00039259716868400574, "62": 0.000447295606136322, "63": 0.0004611574113368988, "64": 0.0005702003836631775, "65": 0.0003731660544872284, "66": 0.00043879449367523193, "67": 0.0004748627543449402, "68": 0.0004234910011291504, "69": 0.0004110559821128845, "70": 0.00036872178316116333, "71": 0.0003688931465148926, "72": 0.00036389008164405823, "73": 0.00035202130675315857, "74": 0.0003650858998298645, "75": 0.00033531710505485535, "76": 0.0003326199948787689, "77": 0.0002705194056034088, "78": 0.0002808123826980591, "79": 0.00025209784507751465, "80": 0.0002678576856851578, "81": 0.00023404136300086975, "82": 0.00024344772100448608, "83": 0.0002249591052532196, "84": 0.00023827143013477325, "85": 0.00021982192993164062, "86": 0.00024016015231609344, "87": 0.00021026842296123505, "88": 0.0002292003482580185, "89": 0.00019928626716136932, "90": 0.00020912662148475647, "91": 0.00018766894936561584, "92": 0.00019242241978645325, "93": 0.0001749955117702484, "94": 0.00017474032938480377, "95": 0.0001736227422952652, "96": 0.00016954541206359863, "97": 0.00016943179070949554, "98": 0.00016440637409687042, "99": 0.0001542065292596817, "100": 0.00015318021178245544, "101": 0.00014005042612552643, "102": 0.0001466497778892517, "103": 0.0001357458531856537, "104": 0.0001431237906217575, "105": 0.00013031251728534698, "106": 0.0001367088407278061, "107": 0.0001304224133491516, "108": 0.00014120899140834808, "109": 0.00012829899787902832, "110": 0.00014277547597885132, "111": 0.0001286827027797699, "112": 0.00014140643179416656, "113": 0.00011679716408252716, "114": 0.0001317821443080902, "115": 0.00011750124394893646, "116": 0.00013137049973011017, "117": 0.00011761300265789032, "118": 0.00012854672968387604, "119": 0.0001234002411365509, "120": 0.00012817233800888062, "121": 0.00011015310883522034, "122": 0.00011968985199928284, "123": 0.00011349096894264221, "124": 0.00011902675032615662, "125": 0.00010376796126365662, "126": 0.00010818056762218475, "127": 0.00010032393038272858, "128": 0.00010821595788002014, "129": 0.0001043565571308136, "130": 0.00010686740279197693, "131": 0.00010120123624801636, "132": 0.00010430626571178436, "133": 9.877420961856842e-05, "134": 0.00010211393237113953, "135": 9.521655738353729e-05, "136": 9.575299918651581e-05, "137": 8.571147918701172e-05, "138": 8.513778448104858e-05, "139": 8.905865252017975e-05, "140": 8.67936760187149e-05, "141": 8.871033787727356e-05, "142": 8.892826735973358e-05, "143": 8.563138544559479e-05, "144": 9.017065167427063e-05, "145": 8.68234783411026e-05, "146": 9.159184992313385e-05, "147": 8.048862218856812e-05, "148": 8.537620306015015e-05, "149": 7.59512186050415e-05, "150": 8.002296090126038e-05, "151": 7.469207048416138e-05, "152": 8.264929056167603e-05, "153": 8.182600140571594e-05, "154": 8.844397962093353e-05, "155": 8.30572098493576e-05, "156": 8.704885840415955e-05, "157": 7.807835936546326e-05, "158": 8.092448115348816e-05, "159": 8.082203567028046e-05, "160": 8.328072726726532e-05, "161": 6.59208744764328e-05, "162": 7.59512186050415e-05, "163": 8.258037269115448e-05, "164": 8.549168705940247e-05, "165": 7.899478077888489e-05, "166": 8.345022797584534e-05, "167": 7.878802716732025e-05, "168": 7.349438965320587e-05, "169": 6.886571645736694e-05, "170": 6.77742063999176e-05, "171": 6.50361180305481e-05, "172": 6.238371133804321e-05, "173": 5.5553391575813293e-05, "174": 6.573833525180817e-05, "175": 6.441399455070496e-05, "176": 6.818585097789764e-05, "177": 6.803125143051147e-05, "178": 6.012618541717529e-05, "179": 5.942024290561676e-05, "180": 5.6236982345581055e-05, "181": 5.0727277994155884e-05, "182": 4.74490225315094e-05, "183": 4.807114601135254e-05, "184": 4.684925079345703e-05, "185": 5.0265341997146606e-05, "186": 5.447119474411011e-05, "187": 3.826618194580078e-05, "188": 4.287809133529663e-05, "189": 5.560740828514099e-05, "190": 5.1759183406829834e-05, "191": 6.037577986717224e-05, "192": 5.79245388507843e-05, "193": 7.049925625324249e-05, "194": 7.876008749008179e-05, "195": 8.19917768239975e-05, "196": 6.923824548721313e-05, "197": 6.343051791191101e-05, "198": 6.935000419616699e-05, "199": 5.616433918476105e-05, "200": 6.826967000961304e-05, "201": 3.387965261936188e-05, "202": 3.23466956615448e-05, "203": 3.8504600524902344e-05, "204": 3.131479024887085e-05, "205": 3.384798765182495e-05, "206": 3.8217753171920776e-05, "207": 3.332458436489105e-05, "208": 3.7610530853271484e-05, "209": 3.958307206630707e-05, "210": 3.6388635635375977e-05, "211": 3.764405846595764e-05, "212": 4.295818507671356e-05, "213": 4.336424171924591e-05, "214": 5.1837414503097534e-05, "215": 5.8826059103012085e-05, "216": 3.908202052116394e-05, "217": 5.474314093589783e-05, "218": 3.769621253013611e-05, "219": 3.823079168796539e-05, "220": 5.877576768398285e-05, "221": 3.3196061849594116e-05, "222": 3.392808139324188e-05, "223": 6.0189515352249146e-05, "224": 2.819858491420746e-05, "225": 2.5801360607147217e-05, "226": 2.641230821609497e-05, "227": 3.719888627529144e-05, "228": 5.939416587352753e-05, "229": 4.7750771045684814e-05, "230": 2.3443251848220825e-05, "231": 2.1480023860931396e-05, "232": 1.948326826095581e-05, "233": 2.699531614780426e-05, "234": 1.588277518749237e-05, "235": 1.7119571566581726e-05, "236": 4.6310946345329285e-05, "237": 1.7812475562095642e-05, "238": 1.6963109374046326e-05, "239": 7.469579577445984e-05, "240": 1.5871599316596985e-05, "241": 1.5582889318466187e-05, "242": 1.702830195426941e-05, "243": 1.893751323223114e-05, "244": 2.1161511540412903e-05, "245": 1.8207356333732605e-05, "246": 1.8265098333358765e-05, "247": 3.280118107795715e-05, "248": 2.0276755094528198e-05, "249": 1.866742968559265e-05, "250": 1.5193596482276917e-05, "251": 1.5074387192726135e-05, "252": 1.541152596473694e-05, "253": 1.5344470739364624e-05, "254": 1.5012919902801514e-05, "255": 1.477077603340149e-05, "256": 1.4260411262512207e-05, "257": 1.4569610357284546e-05, "258": 1.3379380106925964e-05, "259": 1.3161450624465942e-05, "260": 1.2984499335289001e-05, "261": 1.617148518562317e-05, "262": 1.181475818157196e-05, "263": 1.1689960956573486e-05, "264": 1.0563060641288757e-05, "265": 9.577721357345581e-06, "266": 1.0058283805847168e-05,