{"0": 0.6931474208831787, "1": 0.13901835680007935, "2": 0.13886107504367828, "3": 0.07673629373311996, "4": 0.0741884708404541, "5": 0.07273668050765991, "6": 0.07143284380435944, "7": 0.07029278576374054, "8": 0.06930295377969742, "9": 0.0684501975774765, "10": 0.06769075989723206, "11": 0.06702038645744324, "12": 0.06642359495162964, "13": 0.06599070131778717, "14": 0.06558820605278015, "15": 0.06517864763736725, "16": 0.0647675096988678, "17": 0.06436286121606827, "18": 0.06396608054637909, "19": 0.06357638537883759, "20": 0.06320032477378845, "21": 0.062837153673172, "22": 0.06249068304896355, "23": 0.062151990830898285, "24": 0.06182144582271576, "25": 0.06149666756391525, "26": 0.06117650121450424, "27": 0.06086251884698868, "28": 0.06055344641208649, "29": 0.060247551649808884, "30": 0.05994531884789467, "31": 0.059646837413311005, "32": 0.05935467779636383, "33": 0.05906786769628525, "34": 0.05878426879644394, "35": 0.05850645527243614, "36": 0.05822819098830223, "37": 0.05795364826917648, "38": 0.05768057331442833, "39": 0.05740485340356827, "40": 0.05712774768471718, "41": 0.05684535205364227, "42": 0.05655718594789505, "43": 0.056262701749801636, "44": 0.05596315115690231, "45": 0.0556534007191658, "46": 0.05533327907323837, "47": 0.05500219017267227, "48": 0.054655227810144424, "49": 0.054289765655994415, "50": 0.05389954894781113, "51": 0.05348293110728264, "52": 0.05303559452295303, "53": 0.05254301428794861, "54": 0.05201951414346695, "55": 0.05144944414496422, "56": 0.050821881741285324, "57": 0.05012350156903267, "58": 0.04935171455144882, "59": 0.048511531203985214, "60": 0.04740357771515846, "61": 0.04667327180504799, "62": 0.04581847041845322, "63": 0.044935666024684906, "64": 0.044140495359897614, "65": 0.04336082935333252, "66": 0.04259822517633438, "67": 0.041906967759132385, "68": 0.041217293590307236, "69": 0.04062359780073166, "70": 0.03999466821551323, "71": 0.03940257430076599, "72": 0.03889134153723717, "73": 0.038431406021118164, "74": 0.03797772526741028, "75": 0.03756329044699669, "76": 0.03713417425751686, "77": 0.03673190623521805, "78": 0.036323755979537964, "79": 0.03594952076673508, "80": 0.0355672724545002, "81": 0.03521298989653587, "82": 0.03484600782394409, "83": 0.03451463207602501, "84": 0.03417527303099632, "85": 0.03385836258530617, "86": 0.033545106649398804, "87": 0.033248186111450195, "88": 0.032953910529613495, "89": 0.03266647085547447, "90": 0.03237731009721756, "91": 0.03210168331861496, "92": 0.03181800991296768, "93": 0.031545884907245636, "94": 0.031274836510419846, "95": 0.031016819179058075, "96": 0.030758745968341827, "97": 0.03051198646426201, "98": 0.030269505456089973, "99": 0.030034564435482025, "100": 0.029800167307257652, "101": 0.02957213670015335, "102": 0.029345469549298286, "103": 0.02912244014441967, "104": 0.02890445850789547, "105": 0.02869284525513649, "106": 0.028481973335146904, "107": 0.02827964723110199, "108": 0.028072766959667206, "109": 0.0278790146112442, "110": 0.027679014950990677, "111": 0.02748648077249527, "112": 0.02728988043963909, "113": 0.02710651606321335, "114": 0.026911284774541855, "115": 0.026728935539722443, "116": 0.026539310812950134, "117": 0.02636307291686535, "118": 0.026181885972619057, "119": 0.02601500228047371, "120": 0.025847461074590683, "121": 0.025687824934720993, "122": 0.025525342673063278, "123": 0.025374390184879303, "124": 0.02521858923137188, "125": 0.02506403997540474, "126": 0.02491145394742489, "127": 0.024762481451034546, "128": 0.024612829089164734, "129": 0.02447015792131424, "130": 0.024329014122486115, "131": 0.024193355813622475, "132": 0.024058042094111443, "133": 0.023928113281726837, "134": 0.02379753440618515, "135": 0.02366860769689083, "136": 0.023537417873740196, "137": 0.023414716124534607, "138": 0.02329353801906109, "139": 0.023178581148386, "140": 0.023062102496623993, "141": 0.022948969155550003, "142": 0.02283717878162861, "143": 0.02272498607635498, "144": 0.022609304636716843, "145": 0.02249290607869625, "146": 0.022377314046025276, "147": 0.02226511761546135, "148": 0.02215244621038437, "149": 0.022048858925700188, "150": 0.021948400884866714, "151": 0.021853668615221977, "152": 0.021757405251264572, "153": 0.021669739857316017, "154": 0.02157454565167427, "155": 0.02148265764117241, "156": 0.021388636901974678, "157": 0.02129960060119629, "158": 0.021206969395279884, "159": 0.02111685648560524, "160": 0.021026767790317535, "161": 0.020942797884345055, "162": 0.020860988646745682, "163": 0.020783323794603348, "164": 0.020705536007881165, "165": 0.020627034828066826, "166": 0.020548749715089798, "167": 0.02047080174088478, "168": 0.02039221301674843, "169": 0.020313719287514687, "170": 0.02023543417453766, "171": 0.020161785185337067, "172": 0.020090334117412567, "173": 0.02002578228712082, "174": 0.019957631826400757, "175": 0.0198906771838665, "176": 0.01982119306921959, "177": 0.01975381374359131, "178": 0.01968499645590782, "179": 0.01961785927414894, "180": 0.019549919292330742, "181": 0.01948641613125801, "182": 0.019420916214585304, "183": 0.019363924860954285, "184": 0.019299305975437164, "185": 0.019235054031014442, "186": 0.01917017623782158, "187": 0.019106464460492134, "188": 0.019039830192923546, "189": 0.018971994519233704, "190": 0.018895311281085014, "191": 0.0188230499625206, "192": 0.01875188574194908, "193": 0.018676167353987694, "194": 0.018599916249513626, "195": 0.018526826053857803, "196": 0.01844712346792221, "197": 0.018364224582910538, "198": 0.018285010010004044, "199": 0.018219122663140297, "200": 0.018160618841648102, "201": 0.01810355857014656, "202": 0.01804298907518387, "203": 0.017992328852415085, "204": 0.01793825812637806, "205": 0.017888737842440605, "206": 0.017840247601270676, "207": 0.01779094524681568, "208": 0.017742641270160675, "209": 0.017692139372229576, "210": 0.01763285882771015, "211": 0.01755438931286335, "212": 0.017496777698397636, "213": 0.017450887709856033, "214": 0.017411479726433754, "215": 0.017361406236886978, "216": 0.01732521876692772, "217": 0.017280250787734985, "218": 0.017232781276106834, "219": 0.017175069078803062, "220": 0.017094967886805534, "221": 0.017030470073223114, "222": 0.016943469643592834, "223": 0.01684887893497944, "224": 0.016758669167757034, "225": 0.01667078025639057, "226": 0.016603192314505577, "227": 0.016534384340047836, "228": 0.01647278666496277, "229": 0.01641014590859413, "230": 0.01635574921965599, "231": 0.016307787969708443, "232": 0.01626242697238922, "233": 0.01621929183602333, "234": 0.016178982332348824, "235": 0.0161457322537899, "236": 0.016114825382828712, "237": 0.016092434525489807, "238": 0.016066210344433784, "239": 0.016048328951001167, "240": 0.016027890145778656, "241": 0.016016390174627304, "242": 0.01600601151585579, "243": 0.01599632017314434, "244": 0.015983985736966133, "245": 0.01595880463719368, "246": 0.015942635014653206, "247": 0.015926923602819443, "248": 0.01590863987803459, "249": 0.015888456255197525, "250": 0.01587248407304287, "251": 0.0158422589302063, "252": 0.015826351940631866, "253": 0.01580921933054924, "254": 0.015789581462740898, "255": 0.01576950028538704, "256": 0.015745922923088074, "257": 0.015729958191514015, "258": 0.01571781560778618, "259": 0.01570434309542179, "260": 0.015691451728343964, "261": 0.01567646488547325, "262": 0.015663297846913338, "263": 0.015649087727069855, "264": 0.015639636665582657, "265": 0.01562824659049511, "266": 0.015612181276082993, "267": 0.015600943937897682, "268": 0.015593186020851135, "269": 0.015583839267492294, "270": 0.015573650598526001, "271": 0.01556476205587387, "272": 0.015555636957287788, "273": 0.015547358430922031, "274": 0.015540168620646, "275": 0.015532362274825573, "276": 0.01552323717623949, "277": 0.015509039163589478, "278": 0.015500461682677269, "279": 0.015492149628698826, "280": 0.015481161884963512, "281": 0.015472335740923882, "282": 0.015468095429241657, "283": 0.015463645569980145, "284": 0.015451895073056221,