{"0": 0.6931474208831787, "1": 0.21014346182346344, "2": 0.20966799557209015, "3": 0.09085652232170105, "4": 0.08774332702159882, "5": 0.08532935380935669, "6": 0.08348473161458969, "7": 0.08204329013824463, "8": 0.08089286834001541, "9": 0.07996943593025208, "10": 0.07922256737947464, "11": 0.07857474684715271, "12": 0.07799392938613892, "13": 0.07766944169998169, "14": 0.07741294801235199, "15": 0.07715817540884018, "16": 0.07690170407295227, "17": 0.0766594260931015, "18": 0.07641971111297607, "19": 0.0761851966381073, "20": 0.07596518099308014, "21": 0.07575257867574692, "22": 0.0755457654595375, "23": 0.07535143196582794, "24": 0.07517091929912567, "25": 0.07500271499156952, "26": 0.07483719289302826, "27": 0.07467756420373917, "28": 0.07452195882797241, "29": 0.07437342405319214, "30": 0.07423020899295807, "31": 0.07409359514713287, "32": 0.07395865023136139, "33": 0.07382971048355103, "34": 0.07370608299970627, "35": 0.07358703762292862, "36": 0.07347234338521957, "37": 0.07335937768220901, "38": 0.07324990630149841, "39": 0.0731455385684967, "40": 0.07303798198699951, "41": 0.07293732464313507, "42": 0.07283984124660492, "43": 0.07274064421653748, "44": 0.07264713943004608, "45": 0.07255631685256958, "46": 0.0724642351269722, "47": 0.07237836718559265, "48": 0.07229394465684891, "49": 0.07220824807882309, "50": 0.07212003320455551, "51": 0.0720309317111969, "52": 0.07194536179304123, "53": 0.07186007499694824, "54": 0.07176773250102997, "55": 0.07167158275842667, "56": 0.07157772779464722, "57": 0.07147235423326492, "58": 0.07136131823062897, "59": 0.07125119119882584, "60": 0.07114196568727493, "61": 0.07102303206920624, "62": 0.07086549699306488, "63": 0.0706699788570404, "64": 0.07040873169898987, "65": 0.07011352479457855, "66": 0.06979628652334213, "67": 0.06932632625102997, "68": 0.06790724396705627, "69": 0.06714935600757599, "70": 0.06657986342906952, "71": 0.06610375642776489, "72": 0.06566323339939117, "73": 0.06524525582790375, "74": 0.06482881307601929, "75": 0.06438665091991425, "76": 0.06373399496078491, "77": 0.06327228248119354, "78": 0.06286799907684326, "79": 0.06251467764377594, "80": 0.062180109322071075, "81": 0.06181499734520912, "82": 0.06145436316728592, "83": 0.06108451634645462, "84": 0.06072608381509781, "85": 0.060418158769607544, "86": 0.06011249125003815, "87": 0.05986509844660759, "88": 0.05959083512425423, "89": 0.05936204269528389, "90": 0.059107862412929535, "91": 0.058906618505716324, "92": 0.058664049953222275, "93": 0.05842144787311554, "94": 0.05818060040473938, "95": 0.057942867279052734, "96": 0.05770934000611305, "97": 0.05749572068452835, "98": 0.05730411410331726, "99": 0.05710051953792572, "100": 0.05691011995077133, "101": 0.05672207474708557, "102": 0.05654681473970413, "103": 0.056361664086580276, "104": 0.05619107931852341, "105": 0.05600599944591522, "106": 0.055812444537878036, "107": 0.05561567097902298, "108": 0.05543455481529236, "109": 0.05524392053484917, "110": 0.05507156252861023, "111": 0.054907504469156265, "112": 0.054741278290748596, "113": 0.05457766354084015, "114": 0.054425254464149475, "115": 0.054275281727313995, "116": 0.05414245277643204, "117": 0.05401770770549774, "118": 0.05389057844877243, "119": 0.053763676434755325, "120": 0.05363671854138374, "121": 0.05351938307285309, "122": 0.053412601351737976, "123": 0.05330377817153931, "124": 0.053192220628261566, "125": 0.053082674741744995, "126": 0.052978478372097015, "127": 0.052871495485305786, "128": 0.05276532843708992, "129": 0.05265704169869423, "130": 0.05254951864480972, "131": 0.052451059222221375, "132": 0.05235476419329643, "133": 0.05225222930312157, "134": 0.05214298516511917, "135": 0.05202823504805565, "136": 0.051917966455221176, "137": 0.051811713725328445, "138": 0.05170778930187225, "139": 0.05160490795969963, "140": 0.05150046944618225, "141": 0.051394641399383545, "142": 0.051289789378643036, "143": 0.05118259787559509, "144": 0.051084600389003754, "145": 0.05099436640739441, "146": 0.05091312155127525, "147": 0.050831906497478485, "148": 0.05074245482683182, "149": 0.05065258964896202, "150": 0.050571709871292114, "151": 0.05048953369259834, "152": 0.050406236201524734, "153": 0.05032464861869812, "154": 0.05025246739387512, "155": 0.0501810647547245, "156": 0.050103869289159775, "157": 0.050028517842292786, "158": 0.04994748532772064, "159": 0.04985805228352547, "160": 0.04975295811891556, "161": 0.049648839980363846, "162": 0.049555882811546326, "163": 0.049486685544252396, "164": 0.04942226782441139, "165": 0.04932595416903496, "166": 0.049280088394880295, "167": 0.049234192818403244, "168": 0.04919183626770973, "169": 0.04913673922419548, "170": 0.04890476167201996, "171": 0.04877225682139397, "172": 0.04866515100002289, "173": 0.04857225716114044, "174": 0.048490263521671295, "175": 0.04841006547212601, "176": 0.04834359511733055, "177": 0.0482940599322319, "178": 0.0482400506734848, "179": 0.0481732040643692, "180": 0.04812508076429367, "181": 0.0480867400765419, "182": 0.0480576828122139, "183": 0.048015009611845016, "184": 0.047976721078157425, "185": 0.047947440296411514, "186": 0.04791164770722389, "187": 0.04786854237318039, "188": 0.047830063849687576, "189": 0.04779468849301338, "190": 0.04776487126946449, "191": 0.04773461073637009, "192": 0.04770495742559433, "193": 0.04767846688628197, "194": 0.04766027629375458, "195": 0.04764232039451599, "196": 0.047624293714761734, "197": 0.04760722443461418, "198": 0.047589901834726334, "199": 0.047573089599609375, "200": 0.04755539447069168, "201": 0.04752340167760849, "202": 0.04750259593129158, "203": 0.04748076945543289, "204": 0.04746036231517792, "205": 0.047433413565158844, "206": 0.047410570085048676, "207": 0.04738735407590866, "208": 0.04736737906932831, "209": 0.04734570160508156, "210": 0.04732643440365791, "211": 0.04730668663978577, "212": 0.047291941940784454, "213": 0.047280631959438324, "214": 0.047269150614738464, "215": 0.04723389819264412, "216": 0.04722420498728752, "217": 0.04721478745341301, "218": 0.047200895845890045, "219": 0.04717830941081047, "220": 0.047169048339128494, "221": 0.04715895280241966, "222": 0.04713679850101471, "223": 0.047126512974500656, "224": 0.04711448401212692, "225": 0.0471016950905323, "226": 0.047089964151382446, "227": 0.04708059877157211, "228": 0.04707156494259834, "229": 0.04706276208162308, "230": 0.04705469310283661, "231": 0.04704555124044418, "232": 0.047035932540893555, "233": 0.04702643305063248, "234": 0.04701568931341171, "235": 0.04700635373592377, "236": 0.04699704423546791, "237": 0.046988289803266525, "238": 0.04697941616177559, "239": 0.04697285592556, "240": 0.046966005116701126, "241": 0.04696086049079895, "242": 0.04695947468280792, "243": 0.04695773869752884, "244": 0.0469549335539341, "245": 0.04695122316479683, "246": 0.04694769158959389, "247": 0.046943336725234985, "248": 0.04693862423300743, "249": 0.04693387448787689, "250": 0.04692845791578293, "251": 0.04692402854561806, "252": 0.046916812658309937, "253": 0.04691334068775177, "254": 0.046909015625715256, "255": 0.04690465331077576, "256": 0.04690031707286835, "257": 0.046895816922187805, "258": 0.04689158499240875, "259": 0.04688705503940582, "260": 0.046880654990673065, "261": 0.0468750074505806, "262": 0.046871501952409744, "263": 0.046867504715919495, "264": 0.046860769391059875, "265": 0.04685807600617409, "266": 0.04685495048761368, "267": 0.046851370483636856, "268": 0.046848591417074203, "269": 0.046847693622112274}