{"0": 0.6931474208831787, "1": 0.062097351998090744, "2": 0.06204251945018768, "3": 0.03488939255475998, "4": 0.03425357863306999, "5": 0.033835459500551224, "6": 0.033426277339458466, "7": 0.033046554774045944, "8": 0.0327003113925457, "9": 0.0323929637670517, "10": 0.032120831310749054, "11": 0.031876735389232635, "12": 0.031658072024583817, "13": 0.03148484230041504, "14": 0.03131025284528732, "15": 0.031127603724598885, "16": 0.030939919874072075, "17": 0.030754830688238144, "18": 0.030571872368454933, "19": 0.03039504960179329, "20": 0.030223572626709938, "21": 0.0300583578646183, "22": 0.029898008331656456, "23": 0.029739229008555412, "24": 0.02958182618021965, "25": 0.029424717649817467, "26": 0.02926696091890335, "27": 0.029109561815857887, "28": 0.02895137295126915, "29": 0.028791114687919617, "30": 0.02862941473722458, "31": 0.028463086113333702, "32": 0.02829262986779213, "33": 0.028120458126068115, "34": 0.027945108711719513, "35": 0.02776387333869934, "36": 0.02757822349667549, "37": 0.027383213862776756, "38": 0.02718197926878929, "39": 0.02696630172431469, "40": 0.02673383802175522, "41": 0.02647671289741993, "42": 0.026188384741544724, "43": 0.025859301909804344, "44": 0.025477873161435127, "45": 0.02504224143922329, "46": 0.024554597213864326, "47": 0.024021713063120842, "48": 0.023391205817461014, "49": 0.02293805405497551, "50": 0.02240772172808647, "51": 0.021892789751291275, "52": 0.021411530673503876, "53": 0.02096564695239067, "54": 0.02057708241045475, "55": 0.020237695425748825, "56": 0.019907476380467415, "57": 0.019618533551692963, "58": 0.01931222341954708, "59": 0.019028887152671814, "60": 0.018769051879644394, "61": 0.018531277775764465, "62": 0.018278751522302628, "63": 0.018052248284220695, "64": 0.017823493108153343, "65": 0.017597012221813202, "66": 0.017394157126545906, "67": 0.017196517437696457, "68": 0.017006095498800278, "69": 0.01681618019938469, "70": 0.016633938997983932, "71": 0.016454238444566727, "72": 0.016281047835946083, "73": 0.01610882207751274, "74": 0.015937864780426025, "75": 0.015768636018037796, "76": 0.015604711137712002, "77": 0.015443950891494751, "78": 0.015288673341274261, "79": 0.015136661008000374, "80": 0.0149866146966815, "81": 0.014842161908745766, "82": 0.014698200859129429, "83": 0.014561133459210396, "84": 0.01443038322031498, "85": 0.01430460810661316, "86": 0.014179426245391369, "87": 0.014058415777981281, "88": 0.013943620957434177, "89": 0.013826954178512096, "90": 0.013713579624891281, "91": 0.013600314036011696, "92": 0.013493750244379044, "93": 0.01338140293955803, "94": 0.013270672410726547, "95": 0.013159248977899551, "96": 0.0130553487688303, "97": 0.012947505339980125, "98": 0.012846371158957481, "99": 0.012744267471134663, "100": 0.012648680247366428, "101": 0.01255100592970848, "102": 0.012456038035452366, "103": 0.012362047098577023, "104": 0.012269893661141396, "105": 0.012176848948001862, "106": 0.012086061760783195, "107": 0.011999426409602165, "108": 0.01191043946892023, "109": 0.011823687702417374, "110": 0.011742228642106056, "111": 0.011661647818982601, "112": 0.011581777594983578, "113": 0.011499924585223198, "114": 0.01142160501331091, "115": 0.011344103142619133, "116": 0.011263556778430939, "117": 0.011184030212461948, "118": 0.01111114677041769, "119": 0.01103762537240982, "120": 0.010966496542096138, "121": 0.010894883424043655, "122": 0.010827507823705673, "123": 0.010759195312857628, "124": 0.010692025534808636, "125": 0.010625441558659077, "126": 0.010566811077296734, "127": 0.010501885786652565, "128": 0.010435906238853931, "129": 0.010369392111897469, "130": 0.010307643562555313, "131": 0.010248559527099133, "132": 0.010190519504249096, "133": 0.010131067596375942, "134": 0.010073316283524036, "135": 0.010015365667641163, "136": 0.009959809482097626, "137": 0.009904377162456512, "138": 0.009847070090472698, "139": 0.009788839146494865, "140": 0.009732231497764587, "141": 0.00967518612742424, "142": 0.009620539844036102, "143": 0.009568328969180584, "144": 0.009515463374555111, "145": 0.00946254562586546, "146": 0.009417242370545864, "147": 0.00936946738511324, "148": 0.009322295896708965, "149": 0.009273180738091469, "150": 0.009221432730555534, "151": 0.009172879159450531, "152": 0.00912429764866829, "153": 0.009077793918550014, "154": 0.009040407836437225, "155": 0.008996579796075821, "156": 0.00895349308848381, "157": 0.008913973346352577, "158": 0.00887079443782568, "159": 0.008829323574900627, "160": 0.008788071572780609, "161": 0.008747830986976624, "162": 0.008710316382348537, "163": 0.008673809468746185, "164": 0.008637726306915283, "165": 0.008601532317698002, "166": 0.008565288037061691, "167": 0.008530613034963608, "168": 0.008496117778122425, "169": 0.00846059899777174, "170": 0.008425959385931492, "171": 0.008392971009016037, "172": 0.008363849483430386, "173": 0.008335404098033905, "174": 0.008307678624987602, "175": 0.008278372697532177, "176": 0.008247715421020985, "177": 0.008215531706809998, "178": 0.00818501878529787, "179": 0.008155051618814468, "180": 0.00812678225338459, "181": 0.008099110797047615, "182": 0.008071262389421463, "183": 0.008042506873607635, "184": 0.008013076148927212, "185": 0.007982796058058739, "186": 0.007949845865368843, "187": 0.007918456569314003, "188": 0.007890813052654266, "189": 0.007863693870604038, "190": 0.007835019379854202, "191": 0.007805017754435539, "192": 0.007779290899634361, "193": 0.0077560823410749435, "194": 0.007735672872513533, "195": 0.0077101243659853935, "196": 0.007683848030865192, "197": 0.007661337964236736, "198": 0.007637036964297295, "199": 0.007613569963723421, "200": 0.007588611915707588, "201": 0.007562629412859678, "202": 0.007534808479249477, "203": 0.007504777051508427, "204": 0.007473942823708057, "205": 0.007440127432346344, "206": 0.007413169834762812, "207": 0.00738931680098176, "208": 0.007365807890892029, "209": 0.0073483227752149105, "210": 0.007331965025514364, "211": 0.007314442191272974, "212": 0.00729711726307869, "213": 0.00727910827845335, "214": 0.007259287405759096, "215": 0.007239224389195442, "216": 0.007221716456115246, "217": 0.00720070768147707, "218": 0.007177132181823254, "219": 0.007146106567233801, "220": 0.007120135705918074, "221": 0.0070995911955833435, "222": 0.007083647884428501, "223": 0.007068314589560032, "224": 0.007056750822812319, "225": 0.007045342121273279, "226": 0.007036110851913691, "227": 0.007026053033769131, "228": 0.007015787065029144, "229": 0.007006646599620581, "230": 0.006998219061642885, "231": 0.006990311201661825, "232": 0.006981237325817347, "233": 0.006972326897084713, "234": 0.006960128899663687, "235": 0.006949534639716148, "236": 0.006939133163541555, "237": 0.0069311014376580715, "238": 0.006925410591065884, "239": 0.006919339299201965, "240": 0.006910334341228008, "241": 0.006898439489305019, "242": 0.0068854112178087234, "243": 0.006872181780636311, "244": 0.006859842222183943, "245": 0.006848330143839121, "246": 0.006836215034127235, "247": 0.006815914995968342, "248": 0.006803988479077816, "249": 0.006793474778532982, "250": 0.006784472148865461, "251": 0.006777405738830566, "252": 0.006768645718693733, "253": 0.006760760210454464, "254": 0.006753576919436455, "255": 0.006744720973074436, "256": 0.006738416384905577, "257": 0.006733150687068701, "258": 0.006728758569806814, "259": 0.006724821403622627, "260": 0.006721142679452896, "261": 0.0067169079557061195, "262": 0.0067122564651072025, "263": 0.006707870401442051, "264": 0.006704946514219046, "265": 0.0067018852569162846, "266": 0.006699422374367714, "267": 0.006696861237287521, "268": 0.006694266106933355, "269": 0.00669135432690382, "270": 0.0066870893351733685, "271": 0.006684371270239353, "272": 0.006681598722934723, "273": 0.006678835488855839, "274": 0.006673899944871664, "275": 0.006671041715890169, "276": 0.006668071262538433, "277": 0.006664776708930731, "278": 0.0066618844866752625, "279": 0.0066591170616447926, "280": 0.006655862554907799,