{"0": 0.6931473016738892, "1": 0.5403133034706116, "2": 0.5395795702934265, "3": 0.536746084690094, "4": 0.5327936410903931, "5": 0.5279219150543213, "6": 0.5225567817687988, "7": 0.5170929431915283, "8": 0.5117663145065308, "9": 0.5067168474197388, "10": 0.5017688870429993, "11": 0.49703553318977356, "12": 0.4926551878452301, "13": 0.48821142315864563, "14": 0.4838051199913025, "15": 0.47938477993011475, "16": 0.47495579719543457, "17": 0.4705861210823059, "18": 0.4663538932800293, "19": 0.4622408449649811, "20": 0.4581989049911499, "21": 0.4542393684387207, "22": 0.4503517150878906, "23": 0.4465315341949463, "24": 0.4427741467952728, "25": 0.4390837848186493, "26": 0.43545302748680115, "27": 0.4319150149822235, "28": 0.4284209907054901, "29": 0.4249876141548157, "30": 0.42160773277282715, "31": 0.4182801842689514, "32": 0.414989709854126, "33": 0.41174572706222534, "34": 0.4085223078727722, "35": 0.40534594655036926, "36": 0.4022158980369568, "37": 0.39908936619758606, "38": 0.3959607481956482, "39": 0.39283207058906555, "40": 0.3896971344947815, "41": 0.3865374028682709, "42": 0.3833602964878082, "43": 0.3800765872001648, "44": 0.37670227885246277, "45": 0.37326309084892273, "46": 0.36974573135375977, "47": 0.3661556839942932, "48": 0.3625442683696747, "49": 0.35896721482276917, "50": 0.3554392457008362, "51": 0.351906955242157, "52": 0.3483334481716156, "53": 0.3448115289211273, "54": 0.3412714898586273, "55": 0.3378318250179291, "56": 0.3341377079486847, "57": 0.3306712210178375, "58": 0.32774507999420166, "59": 0.32466623187065125, "60": 0.32168570160865784, "61": 0.31861433386802673, "62": 0.31567391753196716, "63": 0.3127002418041229, "64": 0.309859037399292, "65": 0.3070230484008789, "66": 0.30423590540885925, "67": 0.3014068901538849, "68": 0.29831257462501526, "69": 0.2954942584037781, "70": 0.29315808415412903, "71": 0.2906395494937897, "72": 0.28830477595329285, "73": 0.28584134578704834, "74": 0.2834908068180084, "75": 0.28108981251716614, "76": 0.2787680923938751, "77": 0.2764618396759033, "78": 0.2741546332836151, "79": 0.27182820439338684, "80": 0.2692284882068634, "81": 0.26699769496917725, "82": 0.2650333642959595, "83": 0.2629976272583008, "84": 0.2611055374145508, "85": 0.2590906620025635, "86": 0.2572207450866699, "87": 0.2552740275859833, "88": 0.2534186840057373, "89": 0.25152531266212463, "90": 0.24966731667518616, "91": 0.24778448045253754, "92": 0.24585139751434326, "93": 0.24408571422100067, "94": 0.24242965877056122, "95": 0.24077224731445312, "96": 0.2391505390405655, "97": 0.23751206696033478, "98": 0.2359192818403244, "99": 0.23426926136016846, "100": 0.2326335310935974, "101": 0.23098820447921753, "102": 0.22933392226696014, "103": 0.22769984602928162, "104": 0.22602958977222443, "105": 0.22452464699745178, "106": 0.223084956407547, "107": 0.2216683179140091, "108": 0.220287024974823, "109": 0.21892063319683075, "110": 0.21754109859466553, "111": 0.2161397784948349, "112": 0.21478310227394104, "113": 0.21345359086990356, "114": 0.21212244033813477, "115": 0.21078255772590637, "116": 0.2094106823205948, "117": 0.2082260102033615, "118": 0.20705154538154602, "119": 0.2058955579996109, "120": 0.20475836098194122, "121": 0.20363694429397583, "122": 0.20253051817417145, "123": 0.20141302049160004, "124": 0.20029214024543762, "125": 0.1991845816373825, "126": 0.19807152450084686, "127": 0.1969742774963379, "128": 0.19581922888755798, "129": 0.1948295533657074, "130": 0.19384919106960297, "131": 0.19291241466999054, "132": 0.19195255637168884, "133": 0.190972238779068, "134": 0.1899966299533844, "135": 0.18903233110904694, "136": 0.18808913230895996, "137": 0.1871604323387146, "138": 0.186219722032547, "139": 0.18528781831264496, "140": 0.18427127599716187, "141": 0.18345576524734497, "142": 0.1826363354921341, "143": 0.18180760741233826, "144": 0.18098315596580505, "145": 0.18017032742500305, "146": 0.17936094105243683, "147": 0.17854902148246765, "148": 0.17774899303913116, "149": 0.17696774005889893, "150": 0.1761847734451294, "151": 0.17539742588996887, "152": 0.17455264925956726, "153": 0.17387492954730988, "154": 0.17318931221961975, "155": 0.17250367999076843, "156": 0.17181506752967834, "157": 0.1711176037788391, "158": 0.17042584717273712, "159": 0.16976481676101685, "160": 0.16910317540168762, "161": 0.16845101118087769, "162": 0.16778278350830078, "163": 0.1671116203069687, "164": 0.16640633344650269, "165": 0.16583780944347382, "166": 0.16526275873184204, "167": 0.16468843817710876, "168": 0.16409915685653687, "169": 0.16354498267173767, "170": 0.16297848522663116, "171": 0.16240108013153076, "172": 0.1618306040763855, "173": 0.1612573117017746, "174": 0.1606599986553192, "175": 0.15999454259872437, "176": 0.15931200981140137, "177": 0.1588100641965866, "178": 0.1582741141319275, "179": 0.1577298641204834, "180": 0.15720826387405396, "181": 0.15672259032726288, "182": 0.1562768965959549, "183": 0.1558193862438202, "184": 0.15533405542373657, "185": 0.15484708547592163, "186": 0.1543804407119751, "187": 0.15394699573516846, "188": 0.1534784883260727, "189": 0.15310430526733398, "190": 0.1527118682861328, "191": 0.15232229232788086, "192": 0.1519068330526352, "193": 0.15150441229343414, "194": 0.15107212960720062, "195": 0.15063735842704773, "196": 0.15020231902599335, "197": 0.14976680278778076, "198": 0.14929528534412384, "199": 0.1488545835018158, "200": 0.14847689867019653, "201": 0.1481311023235321, "202": 0.14779700338840485, "203": 0.1474277526140213, "204": 0.14707791805267334, "205": 0.14671969413757324, "206": 0.1463695764541626, "207": 0.14602120220661163, "208": 0.14565187692642212, "209": 0.1452900767326355, "210": 0.1449025571346283, "211": 0.14450684189796448, "212": 0.14416761696338654, "213": 0.14387285709381104, "214": 0.14358298480510712, "215": 0.14326266944408417, "216": 0.14293044805526733, "217": 0.1425783336162567, "218": 0.1422138214111328, "219": 0.14188110828399658, "220": 0.14155584573745728, "221": 0.14126530289649963, "222": 0.14096646010875702, "223": 0.14066091179847717, "224": 0.14036062359809875, "225": 0.140051007270813, "226": 0.13974244892597198, "227": 0.13940945267677307, "228": 0.13908858597278595, "229": 0.13878896832466125, "230": 0.13848485052585602, "231": 0.13817177712917328, "232": 0.13786719739437103, "233": 0.13757164776325226, "234": 0.1373366117477417, "235": 0.1370859444141388, "236": 0.13685613870620728, "237": 0.13662967085838318, "238": 0.13642191886901855, "239": 0.1362202763557434, "240": 0.135992631316185, "241": 0.13576717674732208, "242": 0.13554611802101135, "243": 0.1353270411491394, "244": 0.13511055707931519, "245": 0.134890615940094, "246": 0.13465893268585205, "247": 0.13445238769054413, "248": 0.13426579535007477, "249": 0.13409548997879028, "250": 0.13393400609493256, "251": 0.13378961384296417, "252": 0.13361814618110657, "253": 0.13347342610359192, "254": 0.133309468626976, "255": 0.13316570222377777, "256": 0.13298684358596802, "257": 0.13281992077827454, "258": 0.13266851007938385, "259": 0.1325283944606781, "260": 0.1323826164007187, "261": 0.13224151730537415, "262": 0.13211029767990112, "263": 0.13198235630989075, "264": 0.13184550404548645, "265": 0.13171303272247314, "266": 0.13160626590251923, "267": 0.13151989877223969, "268": 0.13143575191497803, "269": 0.1313496232032776, "270": 0.13125935196876526, "271": 0.13117238879203796, "272": 0.13108497858047485, "273": 0.1310099959373474, "274": 0.130928173661232, "275": 0.13084521889686584, "276": 0.13075146079063416, "277": 0.13065890967845917, "278": 0.13057953119277954, "279": 0.13050006330013275, "280": 0.1304187774658203, "281": 0.1303349733352661, "282": 0.13026702404022217, "283": 0.13019444048404694, "284": 0.13011765480041504, "285": 0.13005763292312622, "286": 0.13001319766044617, "287": 0.12997089326381683, "288": 0.12993299961090088, "289": 0.12989544868469238, "290": 0.1298411786556244, "291": 0.12978315353393555, "292": 0.1297491043806076, "293": 0.129714697599411,