{"0": 998.3068526983261, "1": 0.2840122878551483, "2": 0.00033280253410339355, "3": 0.0015649497509002686, "4": 0.0018984079360961914, "5": 0.0021240711212158203, "6": 0.0022118985652923584, "7": 0.002170175313949585, "8": 0.00209084153175354, "9": 0.0019861459732055664, "10": 0.0018905401229858398, "11": 0.0017926692962646484, "12": 0.001719743013381958, "13": 0.0016522109508514404, "14": 0.0015552639961242676, "15": 0.0015316009521484375, "16": 0.0014757215976715088, "17": 0.0014549195766448975, "18": 0.0014352798461914062, "19": 0.0014122426509857178, "20": 0.001392453908920288, "21": 0.0013583898544311523, "22": 0.0013588368892669678, "23": 0.0013463497161865234, "24": 0.0013370215892791748, "25": 0.0013262033462524414, "26": 0.0013197362422943115, "27": 0.001312166452407837, "28": 0.0013007521629333496, "29": 0.001297593116760254, "30": 0.0012904703617095947, "31": 0.001284182071685791, "32": 0.0012763738632202148, "33": 0.0012884736061096191, "34": 0.001275092363357544, "35": 0.0012618601322174072, "36": 0.00127333402633667, "37": 0.001267075538635254, "38": 0.0012530088424682617, "39": 0.0012504756450653076, "40": 0.0012219250202178955, "41": 0.0012327134609222412, "42": 0.0012233853340148926, "43": 0.0012047290802001953, "44": 0.0012090504169464111, "45": 0.0012135803699493408, "46": 0.0012032389640808105, "47": 0.0011839568614959717, "48": 0.0011945366859436035, "49": 0.001186370849609375, "50": 0.0011775791645050049, "51": 0.001174241304397583, "52": 0.0011610984802246094, "53": 0.0011516809463500977, "54": 0.0011530816555023193, "55": 0.0011403262615203857, "56": 0.001132875680923462, "57": 0.0011318027973175049, "58": 0.0011269152164459229, "59": 0.0011214017868041992, "60": 0.0011245012283325195, "61": 0.0011200308799743652, "62": 0.0011282563209533691, "63": 0.001127481460571289, "64": 0.001121819019317627, "65": 0.0011199712753295898, "66": 0.0011167526245117188, "67": 0.0011190176010131836, "68": 0.0011212527751922607, "69": 0.001125633716583252, "70": 0.0011316239833831787, "71": 0.0011473596096038818, "72": 0.0011496245861053467, "73": 0.001155942678451538, "74": 0.0011670887470245361, "75": 0.0011745095252990723, "76": 0.001194000244140625, "77": 0.0012179315090179443, "78": 0.0012366771697998047, "79": 0.0012595951557159424, "80": 0.0012908577919006348, "81": 0.0013051927089691162, "82": 0.0012729763984680176, "83": 0.0017434358596801758, "84": 0.0015522241592407227, "85": 0.0014574229717254639, "86": 0.0018839240074157715, "87": 0.001663297414779663, "88": 0.0016555190086364746, "89": 0.0016499459743499756, "90": 0.001707524061203003, "91": 0.0015394091606140137, "92": 0.0017758607864379883, "93": 0.0018258988857269287, "94": 0.0016615986824035645, "95": 0.001142740249633789, "96": 0.0017912089824676514, "97": 0.0016202032566070557, "98": 0.001626819372177124, "99": 0.0018095672130584717, "100": 0.0018866956233978271, "101": 0.001840829849243164, "102": 0.001758277416229248, "103": 0.00154191255569458, "104": 0.0016491115093231201, "105": 0.0018998980522155762, "106": 0.0014039874076843262, "107": 0.0013104677200317383, "108": 0.0012680888175964355, "109": 0.001233220100402832, "110": 0.0012226104736328125, "111": 0.001407921314239502, "112": 0.001223832368850708, "113": 0.0012332797050476074, "114": 0.0011942684650421143, "115": 0.001293271780014038, "116": 0.0011867284774780273, "117": 0.0013365596532821655, "118": 0.001155570149421692, "119": 0.0010755062103271484, "120": 0.0012038052082061768, "121": 0.0013347864151000977, "122": 0.0011816471815109253, "123": 0.0010577142238616943, "124": 0.001190483570098877, "125": 0.001264616847038269, "126": 0.0011606961488723755, "127": 0.0009672492742538452, "128": 0.0010876655578613281, "129": 0.0011969804763793945, "130": 0.0009133368730545044, "131": 0.0008530318737030029, "132": 0.0008561164140701294, "133": 0.0009341239929199219, "134": 0.0010453462600708008, "135": 0.0007827877998352051, "136": 0.0007749199867248535, "137": 0.0009294301271438599, "138": 0.0009233951568603516, "139": 0.0007543414831161499, "140": 0.0008285492658615112, "141": 0.0008174926042556763, "142": 0.0007613003253936768, "143": 0.000742301344871521, "144": 0.000732913613319397, "145": 0.0007428228855133057, "146": 0.0007303208112716675, "147": 0.0006942301988601685, "148": 0.0007046312093734741, "149": 0.0006861090660095215, "150": 0.0006714016199111938, "151": 0.0006771087646484375, "152": 0.0006495565176010132, "153": 0.0006142854690551758, "154": 0.000636562705039978, "155": 0.0006064921617507935, "156": 0.0006406903266906738, "157": 0.0005997121334075928, "158": 0.0005593597888946533, "159": 0.000593528151512146, "160": 0.0006349682807922363, "161": 0.0005811899900436401, "162": 0.0005668103694915771, "163": 0.0005678832530975342, "164": 0.0005513578653335571, "165": 0.0005397200584411621, "166": 0.0005369484424591064, "167": 0.0005334913730621338, "168": 0.0005155503749847412, "169": 0.0005022883415222168, "170": 0.000483781099319458, "171": 0.00045928359031677246, "172": 0.0005985498428344727, "173": 0.0004750490188598633, "174": 0.0004677027463912964, "175": 0.0005187094211578369, "176": 0.0005286633968353271, "177": 0.00047506392002105713, "178": 0.00045630335807800293, "179": 0.0004734545946121216, "180": 0.00047022104263305664, "181": 0.0004816800355911255, "182": 0.0004549473524093628, "183": 0.00045612454414367676, "184": 0.0004548877477645874, "185": 0.0004296600818634033, "186": 0.00040487945079803467, "187": 0.0005229413509368896, "188": 0.0005135834217071533, "189": 0.00042162835597991943, "190": 0.0003719031810760498, "191": 0.00036500394344329834, "192": 0.0004493892192840576, "193": 0.0003644973039627075, "194": 0.0003643631935119629, "195": 0.0004897266626358032, "196": 0.00036115944385528564, "197": 0.00036269426345825195, "198": 0.0003997683525085449, "199": 0.0003430396318435669, "200": 0.00042842328548431396, "201": 0.00033733248710632324, "202": 0.00034117698669433594, "203": 0.00033243000507354736, "204": 0.0003919452428817749, "205": 0.0003288090229034424, "206": 0.0003296881914138794, "207": 0.0003349781036376953, "208": 0.00032298266887664795, "209": 0.000353202223777771, "210": 0.00030937790870666504, "211": 0.0003023892641067505, "212": 0.00028449296951293945, "213": 0.0003023594617843628, "214": 0.0002763718366622925, "215": 0.0003439188003540039, "216": 0.0002461373805999756, "217": 0.00024487078189849854, "218": 0.00023128092288970947, "219": 0.00022749602794647217, "220": 0.00021819770336151123, "221": 0.000257641077041626, "222": 0.00020393729209899902, "223": 0.00020933151245117188, "224": 0.000203743577003479, "225": 0.00020174682140350342, "226": 0.0001958012580871582, "227": 0.00024116039276123047, "228": 0.0002413541078567505, "229": 0.00019387900829315186, "230": 0.0002094060182571411, "231": 0.00018490850925445557, "232": 0.00018425285816192627, "233": 0.00017927587032318115, "234": 0.00017590820789337158, "235": 0.00017116963863372803, "236": 0.0001700073480606079, "237": 0.00017167627811431885, "238": 0.0001803189516067505, "239": 0.000170975923538208, "240": 0.00016637146472930908, "241": 0.00016774237155914307, "242": 0.00020910799503326416, "243": 0.00022527575492858887, "244": 0.00024205446243286133, "245": 0.0002449899911880493, "246": 0.0001904219388961792, "247": 0.00017380714416503906, "248": 0.00018653273582458496, "249": 0.00017236173152923584, "250": 0.0001697242259979248, "251": 0.0001726299524307251, "252": 0.00016777217388153076, "253": 0.00016923248767852783, "254": 0.0001625269651412964, "255": 0.00018455088138580322, "256": 0.00018656253814697266, "257": 0.00021222233772277832, "258": 0.00020235776901245117, "259": 0.000187605619430542, "260": 0.00018712878227233887, "261": 0.00016911327838897705, "262": 0.00015519559383392334, "263": 0.00016000866889953613, "264": 0.00014588236808776855, "265": 0.00017774105072021484, "266": 0.00016210973262786865, "267": 0.0001499950885772705, "268": 0.00015519559383392334, "269": 0.00016430020332336426,