{"0": 998.3068526983261, "1": 0.5638303160667419, "2": 0.00014990568161010742, "3": 0.015249766409397125, "4": 0.000985942780971527, "5": 0.0008505582809448242, "6": 0.0008447319269180298, "7": 0.0007670372724533081, "8": 0.0007024258375167847, "9": 0.0006051361560821533, "10": 0.0005288869142532349, "11": 0.00047856569290161133, "12": 0.0005711913108825684, "13": 0.0003715008497238159, "14": 0.0003751292824745178, "15": 0.0004323720932006836, "16": 0.0004394799470901489, "17": 0.0004092752933502197, "18": 0.0004004836082458496, "19": 0.0003995373845100403, "20": 0.0003516674041748047, "21": 0.00029768049716949463, "22": 0.0002573356032371521, "23": 0.00024318695068359375, "24": 0.0002456158399581909, "25": 0.0002642720937728882, "26": 0.000271625816822052, "27": 0.0002456158399581909, "28": 0.0002400130033493042, "29": 0.00023014098405838013, "30": 0.00023001432418823242, "31": 0.0004430338740348816, "32": 0.00036407262086868286, "33": 0.0004393458366394043, "34": 0.00057210773229599, "35": 0.00043701380491256714, "36": 0.0006352216005325317, "37": 0.00042276084423065186, "38": 0.0005751103162765503, "39": 0.0004192665219306946, "40": 0.0006149560213088989, "41": 0.0003605782985687256, "42": 0.0003868415951728821, "43": 0.000391542911529541, "44": 0.00026842206716537476, "45": 0.00033984333276748657, "46": 0.00031813234090805054, "47": 0.0003593564033508301, "48": 0.0002851560711860657, "49": 0.00028665363788604736, "50": 0.0002969875931739807, "51": 0.00037694722414016724, "52": 0.0002983883023262024, "53": 0.0003704354166984558, "54": 0.00034546852111816406, "55": 0.0003685802221298218, "56": 0.00026347488164901733, "57": 0.0003349781036376953, "58": 0.00031238794326782227, "59": 0.0003377571702003479, "60": 0.00023647397756576538, "61": 0.00024569034576416016, "62": 0.00033198297023773193, "63": 0.0003260374069213867, "64": 0.0003043264150619507, "65": 0.0002911314368247986, "66": 0.00026261061429977417, "67": 0.00023916363716125488, "68": 0.0002161264419555664, "69": 0.00017690658569335938, "70": 0.000244729220867157, "71": 0.0001979246735572815, "72": 0.00017376244068145752, "73": 0.00019948184490203857, "74": 0.0001669377088546753, "75": 0.00019565224647521973, "76": 0.00017883628606796265, "77": 0.0001934245228767395, "78": 0.00018829107284545898, "79": 0.00015263259410858154, "80": 0.00014099478721618652, "81": 0.0001506507396697998, "82": 0.00013065338134765625, "83": 0.00015600770711898804, "84": 0.00012981146574020386, "85": 0.0001522749662399292, "86": 0.0001287311315536499, "87": 0.00012533366680145264, "88": 0.00011719018220901489, "89": 0.00011292099952697754, "90": 0.00014046579599380493, "91": 0.0001315474510192871, "92": 0.0001214742660522461, "93": 9.316205978393555e-05, "94": 0.00013078749179840088, "95": 0.00010344386100769043, "96": 0.0001087486743927002, "97": 9.691715240478516e-05, "98": 0.00011452287435531616, "99": 0.0001221299171447754, "100": 9.354203939437866e-05, "101": 0.0001077800989151001, "102": 9.720027446746826e-05, "103": 9.968876838684082e-05, "104": 8.282065391540527e-05, "105": 6.51925802230835e-05, "106": 7.345527410507202e-05, "107": 9.141117334365845e-05, "108": 0.00010811537504196167, "109": 8.095800876617432e-05, "110": 8.255988359451294e-05, "111": 9.521842002868652e-05, "112": 6.248801946640015e-05, "113": 8.877366781234741e-05, "114": 6.643682718276978e-05, "115": 8.472055196762085e-05, "116": 8.498132228851318e-05, "117": 8.352845907211304e-05, "118": 8.279085159301758e-05, "119": 8.939951658248901e-05, "120": 9.702146053314209e-05, "121": 9.4585120677948e-05, "122": 0.00011420994997024536, "123": 9.953975677490234e-05, "124": 9.895861148834229e-05, "125": 0.0001042783260345459, "126": 0.00010188668966293335, "127": 9.564310312271118e-05, "128": 9.430199861526489e-05, "129": 9.35867428779602e-05, "130": 0.00011017173528671265, "131": 0.00010828673839569092, "132": 9.27075743675232e-05, "133": 7.259845733642578e-05, "134": 8.033215999603271e-05, "135": 6.873905658721924e-05, "136": 4.320591688156128e-05, "137": 2.928823232650757e-05, "138": 4.7519803047180176e-05, "139": 2.2135674953460693e-05, "140": 2.3402273654937744e-05, "141": 4.472583532333374e-05, "142": 2.3908913135528564e-05, "143": 2.339482307434082e-05, "144": 4.312396049499512e-05, "145": 2.291053533554077e-05, "146": 2.2038817405700684e-05, "147": 3.137439489364624e-05, "148": 2.205371856689453e-05, "149": 2.356618642807007e-05, "150": 2.4981796741485596e-05, "151": 2.5235116481781006e-05, "152": 2.804398536682129e-05, "153": 3.2141804695129395e-05, "154": 3.2357871532440186e-05, "155": 2.89231538772583e-05, "156": 3.423541784286499e-05, "157": 2.4877488613128662e-05, "158": 2.8505921363830566e-05, "159": 3.106147050857544e-05, "160": 3.0331313610076904e-05, "161": 2.5920569896697998e-05, "162": 2.4400651454925537e-05, "163": 2.492964267730713e-05, "164": 2.4713575839996338e-05, "165": 2.5250017642974854e-05, "166": 3.515183925628662e-05, "167": 1.9587576389312744e-05, "168": 2.0250678062438965e-05, "169": 1.9997358322143555e-05, "170": 1.9840896129608154e-05, "171": 1.9513070583343506e-05, "172": 1.9438564777374268e-05, "173": 1.936405897140503e-05, "174": 1.9863247871398926e-05, "175": 3.2044947147369385e-05, "176": 1.9624829292297363e-05, "177": 2.2664666175842285e-05, "178": 2.9489398002624512e-05, "179": 1.8283724784851074e-05, "180": 1.7389655113220215e-05, "181": 1.5228986740112305e-05, "182": 1.4476478099822998e-05, "183": 1.4238059520721436e-05, "184": 1.3738870620727539e-05, "185": 1.2524425983428955e-05, "186": 1.17570161819458e-05, "187": 1.9200146198272705e-05, "188": 1.2211501598358154e-05, "189": 1.233816146850586e-05, "190": 1.2613832950592041e-05, "191": 1.1861324310302734e-05, "192": 1.1786818504333496e-05, "193": 1.1786818504333496e-05, "194": 1.1742115020751953e-05, "195": 1.1414289474487305e-05, "196": 1.1876225471496582e-05, "197": 1.0825693607330322e-05, "198": 1.7754733562469482e-05, "199": 1.621246337890625e-05, "200": 1.5407800674438477e-05, "201": 1.5854835510253906e-05, "202": 1.6689300537109375e-05, "203": 1.566857099533081e-05, "204": 1.3209879398345947e-05, "205": 1.3284385204315186e-05, "206": 1.2665987014770508e-05, "207": 1.2271106243133545e-05, "208": 1.3500452041625977e-05, "209": 1.2934207916259766e-05, "210": 9.767711162567139e-06, "211": 7.830560207366943e-06, "212": 8.419156074523926e-06, "213": 8.396804332733154e-06, "214": 8.530914783477783e-06, "215": 5.707144737243652e-06, "216": 7.420778274536133e-06, "217": 5.513429641723633e-06, "218": 5.550682544708252e-06, "219": 5.5655837059021e-06, "220": 5.364418029785156e-06, "221": 5.707144737243652e-06, "222": 5.155801773071289e-06, "223": 5.632638931274414e-06, "224": 5.155801773071289e-06, "225": 5.3942203521728516e-06, "226": 5.386769771575928e-06, "227": 5.036592483520508e-06, "228": 4.8354268074035645e-06, "229": 4.775822162628174e-06, "230": 4.641711711883545e-06, "231": 4.61190938949585e-06, "232": 4.447996616363525e-06, "233": 7.3015689849853516e-06, "234": 4.187226295471191e-06, "235": 4.105269908905029e-06, "236": 3.9711594581604e-06, "237": 3.9711594581604e-06, "238": 3.7848949432373047e-06, "239": 3.926455974578857e-06, "240": 3.0249357223510742e-06, "241": 2.4586915969848633e-06, "242": 2.4437904357910156e-06, "243": 2.130866050720215e-06, "244": 2.7865171432495117e-06, "245": 1.989305019378662e-06, "246": 2.4586915969848633e-06, "247": 2.0042061805725098e-06, "248": 2.5853514671325684e-06, "249": 1.8998980522155762e-06, "250": 2.2202730178833008e-06, "251": 2.6673078536987305e-06, "252": 1.9297003746032715e-06, "253": 2.078711986541748e-06, "254": 1.8030405044555664e-06, "255": 1.9073486328125e-06, "256": 1.773238182067871e-06, "257": 1.7955899238586426e-06, "258": 1.7061829566955566e-06, "259": 1.7136335372924805e-06, "260": 1.6540288925170898e-06, "261": 1.6093254089355469e-06, "262": 1.8775463104248047e-06, "263": 1.5795230865478516e-06, "264": 2.086162567138672e-06, "265": 1.9669532775878906e-06, "266": 2.1830201148986816e-06,