{"0": 998.3068526983261, "1": 0.24485275149345398, "2": 0.0004164576530456543, "3": 0.001666933298110962, "4": 0.0019453167915344238, "5": 0.0021140873432159424, "6": 0.002214670181274414, "7": 0.002240210771560669, "8": 0.002224445343017578, "9": 0.0021589994430541992, "10": 0.0020747780799865723, "11": 0.0019890666007995605, "12": 0.0019155144691467285, "13": 0.0018647313117980957, "14": 0.0018076002597808838, "15": 0.0017570257186889648, "16": 0.0017343759536743164, "17": 0.0017122328281402588, "18": 0.0017008781433105469, "19": 0.001696556806564331, "20": 0.0016894638538360596, "21": 0.0016897022724151611, "22": 0.001696854829788208, "23": 0.0016874074935913086, "24": 0.0016781389713287354, "25": 0.001687854528427124, "26": 0.0016777217388153076, "27": 0.001692652702331543, "28": 0.0016942620277404785, "29": 0.0016953051090240479, "30": 0.0016963779926300049, "31": 0.001702815294265747, "32": 0.0017120540142059326, "33": 0.0016891956329345703, "34": 0.0017112493515014648, "35": 0.001706153154373169, "36": 0.0016804039478302002, "37": 0.0016910135746002197, "38": 0.0016807019710540771, "39": 0.0016478002071380615, "40": 0.0016530752182006836, "41": 0.0016478896141052246, "42": 0.001623004674911499, "43": 0.0016120672225952148, "44": 0.0016119778156280518, "45": 0.0015916228294372559, "46": 0.001575380563735962, "47": 0.001548171043395996, "48": 0.0015363097190856934, "49": 0.0015319883823394775, "50": 0.0015139579772949219, "51": 0.0014966130256652832, "52": 0.00148695707321167, "53": 0.0014761686325073242, "54": 0.0014615356922149658, "55": 0.001466125249862671, "56": 0.0014637410640716553, "57": 0.0014521777629852295, "58": 0.0014399290084838867, "59": 0.0014419257640838623, "60": 0.0014304816722869873, "61": 0.0014236867427825928, "62": 0.0014153718948364258, "63": 0.0014074742794036865, "64": 0.0013812482357025146, "65": 0.0013763904571533203, "66": 0.0013797879219055176, "67": 0.0013636946678161621, "68": 0.0013660192489624023, "69": 0.001359492540359497, "70": 0.0013593435287475586, "71": 0.0013550817966461182, "72": 0.0013441145420074463, "73": 0.001326233148574829, "74": 0.0013034045696258545, "75": 0.0013356208801269531, "76": 0.0013048946857452393, "77": 0.0013062059879302979, "78": 0.0012921392917633057, "79": 0.0012938082218170166, "80": 0.0012805759906768799, "81": 0.0012588798999786377, "82": 0.0012558400630950928, "83": 0.0012623369693756104, "84": 0.001242607831954956, "85": 0.0012423396110534668, "86": 0.0012325942516326904, "87": 0.001230001449584961, "88": 0.0012189745903015137, "89": 0.0012158751487731934, "90": 0.0012177824974060059, "91": 0.0012090802192687988, "92": 0.0012122690677642822, "93": 0.0011830031871795654, "94": 0.0012050867080688477, "95": 0.0011828839778900146, "96": 0.001187652349472046, "97": 0.0011872351169586182, "98": 0.001188904047012329, "99": 0.001175016164779663, "100": 0.0011703670024871826, "101": 0.0011650323867797852, "102": 0.001157522201538086, "103": 0.0011534690856933594, "104": 0.0011308789253234863, "105": 0.001132875680923462, "106": 0.001154094934463501, "107": 0.0011305809020996094, "108": 0.0011456310749053955, "109": 0.0011250674724578857, "110": 0.001141577959060669, "111": 0.001112818717956543, "112": 0.0011323988437652588, "113": 0.001106560230255127, "114": 0.0011361241340637207, "115": 0.0011003315448760986, "116": 0.001102834939956665, "117": 0.0010556280612945557, "118": 0.0011329352855682373, "119": 0.0010291635990142822, "120": 0.0011827647686004639, "121": 0.0010068416595458984, "122": 0.0012479126453399658, "123": 0.0010693073272705078, "124": 0.00101393461227417, "125": 0.0012772977352142334, "126": 0.0011623203754425049, "127": 0.0011156201362609863, "128": 0.0011514723300933838, "129": 0.0011103153228759766, "130": 0.0011539459228515625, "131": 0.0010777711868286133, "132": 0.0011715590953826904, "133": 0.0010865628719329834, "134": 0.0011604726314544678, "135": 0.0011300444602966309, "136": 0.0010403096675872803, "137": 0.0013971924781799316, "138": 0.0012495815753936768, "139": 0.0010882914066314697, "140": 0.0010747313499450684, "141": 0.00114518404006958, "142": 0.001171886920928955, "143": 0.001184612512588501, "144": 0.0012245476245880127, "145": 0.0012675821781158447, "146": 0.0013050884008407593, "147": 0.0013467967510223389, "148": 0.0014759749174118042, "149": 0.0014339089393615723, "150": 0.0010385215282440186, "151": 0.001012176275253296, "152": 0.0010058581829071045, "153": 0.0010092705488204956, "154": 0.0010146498680114746, "155": 0.0010077804327011108, "156": 0.0009911954402923584, "157": 0.0010586977005004883, "158": 0.0010455399751663208, "159": 0.0011630207300186157, "160": 0.001641005277633667, "161": 0.0010581016540527344, "162": 0.0010014623403549194, "163": 0.0009982287883758545, "164": 0.0009985119104385376, "165": 0.0012850761413574219, "166": 0.001001313328742981, "167": 0.001012176275253296, "168": 0.0010332465171813965, "169": 0.001103043556213379, "170": 0.001142248511314392, "171": 0.0011167973279953003, "172": 0.0010887384414672852, "173": 0.0011319667100906372, "174": 0.0010791867971420288, "175": 0.0010720044374465942, "176": 0.0013832300901412964, "177": 0.00104464590549469, "178": 0.0009621083736419678, "179": 0.0009501129388809204, "180": 0.0009439438581466675, "181": 0.0009333789348602295, "182": 0.0010228902101516724, "183": 0.0008830428123474121, "184": 0.0009939521551132202, "185": 0.0008705854415893555, "186": 0.0008651614189147949, "187": 0.0011094510555267334, "188": 0.0010048449039459229, "189": 0.0008969604969024658, "190": 0.0008898377418518066, "191": 0.0008442699909210205, "192": 0.0008086562156677246, "193": 0.0008316189050674438, "194": 0.0007939636707305908, "195": 0.0008249133825302124, "196": 0.0007769614458084106, "197": 0.0007489174604415894, "198": 0.0008185803890228271, "199": 0.0007724165916442871, "200": 0.0007001310586929321, "201": 0.0007089078426361084, "202": 0.0007494240999221802, "203": 0.000681072473526001, "204": 0.0006475001573562622, "205": 0.000665321946144104, "206": 0.0006388425827026367, "207": 0.0006395578384399414, "208": 0.0006373971700668335, "209": 0.0007124543190002441, "210": 0.0006822198629379272, "211": 0.0005733966827392578, "212": 0.0005792379379272461, "213": 0.0005982369184494019, "214": 0.000564277172088623, "215": 0.0005948692560195923, "216": 0.0007181018590927124, "217": 0.0005629360675811768, "218": 0.0005491524934768677, "219": 0.0007423907518386841, "220": 0.0005967170000076294, "221": 0.0007022321224212646, "222": 0.0005605220794677734, "223": 0.0005168169736862183, "224": 0.000495225191116333, "225": 0.00047867000102996826, "226": 0.0006756484508514404, "227": 0.00047753751277923584, "228": 0.00046406686305999756, "229": 0.0004591941833496094, "230": 0.0004521310329437256, "231": 0.00045214593410491943, "232": 0.0005225092172622681, "233": 0.0004278123378753662, "234": 0.0004166066646575928, "235": 0.0004094541072845459, "236": 0.0005398988723754883, "237": 0.0004114210605621338, "238": 0.0004053562879562378, "239": 0.0004294365644454956, "240": 0.0003973245620727539, "241": 0.0004949569702148438, "242": 0.00039908289909362793, "243": 0.0004087686538696289, "244": 0.00039736926555633545, "245": 0.00039699673652648926, "246": 0.0004124939441680908, "247": 0.0004628300666809082, "248": 0.00036059319972991943, "249": 0.00034332275390625, "250": 0.0003367215394973755, "251": 0.000330120325088501, "252": 0.0003212839365005493, "253": 0.0003204345703125, "254": 0.00031776726245880127, "255": 0.00031457841396331787, "256": 0.0003100186586380005, "257": 0.0003117173910140991, "258": 0.00040681660175323486, "259": 0.00029519200325012207, "260": 0.00029422342777252197, "261": 0.00028839707374572754, "262": 0.00039455294609069824, "263": 0.0002904832363128662, "264": 0.00028856098651885986, "265": 0.00029377639293670654, "266": 0.00028799474239349365, "267": 0.00032429397106170654, "268": 0.0002752542495727539, "269": 0.000267907977104187, "270": 0.0002588331699371338,