{"0": 0.6931473016738892, "1": 0.13008452951908112, "2": 0.1299944818019867, "3": 0.1186874508857727, "4": 0.11785122752189636, "5": 0.1170937716960907, "6": 0.1163419559597969, "7": 0.11562269926071167, "8": 0.11492403596639633, "9": 0.11427877843379974, "10": 0.11368188261985779, "11": 0.11311189830303192, "12": 0.11239999532699585, "13": 0.11180492490530014, "14": 0.11113280057907104, "15": 0.1103571206331253, "16": 0.10953404754400253, "17": 0.10870406776666641, "18": 0.10788921266794205, "19": 0.10695671290159225, "20": 0.10604222863912582, "21": 0.10496793687343597, "22": 0.10383698344230652, "23": 0.10259897261857986, "24": 0.10130707919597626, "25": 0.09980451315641403, "26": 0.09831079840660095, "27": 0.09641952812671661, "28": 0.09504321217536926, "29": 0.09359478950500488, "30": 0.09232833981513977, "31": 0.09108536690473557, "32": 0.08985992521047592, "33": 0.08881226181983948, "34": 0.08766373991966248, "35": 0.08673153072595596, "36": 0.08573751896619797, "37": 0.08487368375062943, "38": 0.08388715982437134, "39": 0.08310650289058685, "40": 0.08221542835235596, "41": 0.08151252567768097, "42": 0.08077912032604218, "43": 0.08010464906692505, "44": 0.07938142120838165, "45": 0.0787186324596405, "46": 0.0780009999871254, "47": 0.07734261453151703, "48": 0.07670415937900543, "49": 0.07603757828474045, "50": 0.07535294443368912, "51": 0.07474671304225922, "52": 0.07423608750104904, "53": 0.07367780804634094, "54": 0.07308275252580643, "55": 0.07256249338388443, "56": 0.07211583852767944, "57": 0.0716358870267868, "58": 0.071095310151577, "59": 0.07060857862234116, "60": 0.07017657160758972, "61": 0.0697249099612236, "62": 0.06927524507045746, "63": 0.06885500997304916, "64": 0.06852249056100845, "65": 0.06810171902179718, "66": 0.06769562512636185, "67": 0.06733612716197968, "68": 0.06697037816047668, "69": 0.06659652292728424, "70": 0.06621042639017105, "71": 0.06587497144937515, "72": 0.0655449852347374, "73": 0.0652533769607544, "74": 0.06492580473423004, "75": 0.06464242935180664, "76": 0.0643489733338356, "77": 0.06406253576278687, "78": 0.0637950450181961, "79": 0.0635179653763771, "80": 0.06326895952224731, "81": 0.06300017237663269, "82": 0.06274319440126419, "83": 0.06248300522565842, "84": 0.062225714325904846, "85": 0.06198791414499283, "86": 0.061738673597574234, "87": 0.06151217967271805, "88": 0.06127052754163742, "89": 0.061071962118148804, "90": 0.060854025185108185, "91": 0.06063440442085266, "92": 0.06041514128446579, "93": 0.06019677594304085, "94": 0.059973496943712234, "95": 0.05976417660713196, "96": 0.05955033376812935, "97": 0.05935708060860634, "98": 0.05915997922420502, "99": 0.058969393372535706, "100": 0.05876607447862625, "101": 0.05859529227018356, "102": 0.05842013657093048, "103": 0.05824049562215805, "104": 0.05806589126586914, "105": 0.05788981541991234, "106": 0.05771266669034958, "107": 0.057560183107852936, "108": 0.05739323049783707, "109": 0.057231321930885315, "110": 0.05705432966351509, "111": 0.056901972740888596, "112": 0.05676775425672531, "113": 0.056629449129104614, "114": 0.0564894936978817, "115": 0.056348223239183426, "116": 0.05620342493057251, "117": 0.056060969829559326, "118": 0.05591419339179993, "119": 0.05577060580253601, "120": 0.05563000962138176, "121": 0.05550343543291092, "122": 0.055359113961458206, "123": 0.05524472892284393, "124": 0.05511246621608734, "125": 0.05497576296329498, "126": 0.05483749508857727, "127": 0.05470166727900505, "128": 0.054585520178079605, "129": 0.05445832759141922, "130": 0.05434650927782059, "131": 0.054233577102422714, "132": 0.05411315709352493, "133": 0.05396965891122818, "134": 0.05383366718888283, "135": 0.05371703580021858, "136": 0.05361820012331009, "137": 0.05353308469057083, "138": 0.05344035476446152, "139": 0.053356364369392395, "140": 0.053274378180503845, "141": 0.053189508616924286, "142": 0.053109124302864075, "143": 0.05302083119750023, "144": 0.052930980920791626, "145": 0.05285853520035744, "146": 0.052775587886571884, "147": 0.05270202085375786, "148": 0.05262704938650131, "149": 0.052556879818439484, "150": 0.052488114684820175, "151": 0.052418019622564316, "152": 0.05234680324792862, "153": 0.05227133631706238, "154": 0.05219895392656326, "155": 0.052131567150354385, "156": 0.05206144601106644, "157": 0.05199344456195831, "158": 0.05193103849887848, "159": 0.05186816304922104, "160": 0.05179758369922638, "161": 0.05173182487487793, "162": 0.05166909098625183, "163": 0.05162179470062256, "164": 0.05158360302448273, "165": 0.051537759602069855, "166": 0.05149699002504349, "167": 0.05145803838968277, "168": 0.05140475928783417, "169": 0.05135492980480194, "170": 0.05130777508020401, "171": 0.05126067250967026, "172": 0.05121365934610367, "173": 0.05116846039891243, "174": 0.051120612770318985, "175": 0.05106773599982262, "176": 0.051008857786655426, "177": 0.05094676464796066, "178": 0.05088847875595093, "179": 0.05081792548298836, "180": 0.05075668543577194, "181": 0.05069534853100777, "182": 0.05062440037727356, "183": 0.050545040518045425, "184": 0.050447072833776474, "185": 0.050380267202854156, "186": 0.05031062662601471, "187": 0.05026473104953766, "188": 0.0502130351960659, "189": 0.05016728863120079, "190": 0.05011756718158722, "191": 0.05005611479282379, "192": 0.04997459799051285, "193": 0.0499216690659523, "194": 0.04988426715135574, "195": 0.04984356462955475, "196": 0.049772702157497406, "197": 0.04974408075213432, "198": 0.049714528024196625, "199": 0.04968041926622391, "200": 0.0496503971517086, "201": 0.04962003976106644, "202": 0.0495874285697937, "203": 0.04955195635557175, "204": 0.04948832094669342, "205": 0.04945538565516472, "206": 0.04941575229167938, "207": 0.049372948706150055, "208": 0.04932516813278198, "209": 0.04928286746144295, "210": 0.049235038459300995, "211": 0.04918935149908066, "212": 0.04914125055074692, "213": 0.04909685254096985, "214": 0.049034226685762405, "215": 0.048978403210639954, "216": 0.048940666019916534, "217": 0.04891114681959152, "218": 0.0488850474357605, "219": 0.048860855400562286, "220": 0.048833563923835754, "221": 0.04880834370851517, "222": 0.04878120869398117, "223": 0.04875693470239639, "224": 0.04873214662075043, "225": 0.048710718750953674, "226": 0.04867727309465408, "227": 0.048660121858119965, "228": 0.04864458367228508, "229": 0.048629045486450195, "230": 0.048609718680381775, "231": 0.04859454184770584, "232": 0.04857957363128662, "233": 0.04856586083769798, "234": 0.048552341759204865, "235": 0.048535965383052826, "236": 0.04850975424051285, "237": 0.048496197909116745, "238": 0.048484548926353455, "239": 0.0484720841050148, "240": 0.04845823347568512, "241": 0.04844607040286064, "242": 0.04843439161777496, "243": 0.048423707485198975, "244": 0.04841204732656479, "245": 0.04839976876974106, "246": 0.04838767647743225, "247": 0.048375204205513, "248": 0.04836249724030495, "249": 0.0483500212430954, "250": 0.048337265849113464, "251": 0.048324380069971085, "252": 0.04831378534436226, "253": 0.04830322414636612, "254": 0.048292338848114014, "255": 0.04827897623181343, "256": 0.048268914222717285, "257": 0.04825937747955322, "258": 0.04824984818696976, "259": 0.048240140080451965, "260": 0.04823102802038193, "261": 0.04822206497192383, "262": 0.048211269080638885, "263": 0.048202671110630035, "264": 0.04819421470165253, "265": 0.04818406701087952, "266": 0.04817701131105423, "267": 0.048169977962970734, "268": 0.04816296696662903, "269": 0.048156023025512695, "270": 0.04814842343330383, "271": 0.04814162105321884, "272": 0.04813467711210251, "273": 0.04812803864479065, "274": 0.04811953008174896, "275": 0.048113107681274414, "276": 0.04810686409473419, "277": 0.04810144752264023, "278": 0.0480961948633194, "279": 0.04809047281742096, "280": 0.04808522015810013, "281": 0.04807993024587631, "282": 0.04807421192526817, "283": 0.048070669174194336, "284": 0.04806751757860184, "285": 0.04806379973888397, "286": 0.04805980622768402, "287": 0.04805571213364601,