{"0": 998.3068526983261, "1": 0.5939048528671265, "2": 0.00012578070163726807, "3": 0.0061997100710868835, "4": 0.002170972526073456, "5": 0.001488417387008667, "6": 0.001325845718383789, "7": 0.0012321919202804565, "8": 0.001105569303035736, "9": 0.0009620562195777893, "10": 0.0007624998688697815, "11": 0.0006465241312980652, "12": 0.0006843209266662598, "13": 0.0006335750222206116, "14": 0.0005815699696540833, "15": 0.0005531087517738342, "16": 0.0005144327878952026, "17": 0.0004698336124420166, "18": 0.00040490925312042236, "19": 0.0003581419587135315, "20": 0.00032317638397216797, "21": 0.0003148987889289856, "22": 0.000318087637424469, "23": 0.0002982914447784424, "24": 0.00027614086866378784, "25": 0.00024628639221191406, "26": 0.00022433698177337646, "27": 0.00022277981042861938, "28": 0.00022568553686141968, "29": 0.00021748244762420654, "30": 0.0002084672451019287, "31": 0.0001932010054588318, "32": 0.00017528235912322998, "33": 0.00015170127153396606, "34": 0.00014387071132659912, "35": 0.00013841688632965088, "36": 0.00012923777103424072, "37": 0.0001264438033103943, "38": 0.00012381374835968018, "39": 0.00011698156595230103, "40": 0.00011377781629562378, "41": 0.00010395050048828125, "42": 9.708106517791748e-05, "43": 9.476393461227417e-05, "44": 9.787827730178833e-05, "45": 0.00010269135236740112, "46": 0.00010109692811965942, "47": 0.00010112673044204712, "48": 0.0001057162880897522, "49": 0.00010345876216888428, "50": 0.00010262429714202881, "51": 0.0001023709774017334, "52": 0.00010605156421661377, "53": 0.00011163204908370972, "54": 0.00012173503637313843, "55": 0.00013039261102676392, "56": 0.00014008581638336182, "57": 0.00014274567365646362, "58": 0.0001401156187057495, "59": 0.00014547258615493774, "60": 0.00014647096395492554, "61": 0.00015082955360412598, "62": 0.00014141201972961426, "63": 0.00013787299394607544, "64": 0.00014185160398483276, "65": 0.00015635788440704346, "66": 0.00017198920249938965, "67": 0.00018918514251708984, "68": 0.00020919740200042725, "69": 0.00023164600133895874, "70": 0.00025895237922668457, "71": 0.00031354278326034546, "72": 0.0003981068730354309, "73": 0.0003434494137763977, "74": 0.00039602816104888916, "75": 0.0003554821014404297, "76": 0.0004147961735725403, "77": 0.0002517625689506531, "78": 0.00026467442512512207, "79": 0.00027689337730407715, "80": 0.0002849772572517395, "81": 0.000272899866104126, "82": 0.00033370405435562134, "83": 0.00032079964876174927, "84": 0.00037804245948791504, "85": 0.0002899840474128723, "86": 0.0003514140844345093, "87": 0.0003274381160736084, "88": 0.00023137778043746948, "89": 0.00027608126401901245, "90": 0.0002345070242881775, "91": 0.00025504082441329956, "92": 0.0002640560269355774, "93": 0.0002119988203048706, "94": 0.00026635080575942993, "95": 0.0002679899334907532, "96": 0.00027011334896087646, "97": 0.00025838613510131836, "98": 0.0002863854169845581, "99": 0.00018083304166793823, "100": 0.0001557767391204834, "101": 0.0001626238226890564, "102": 0.00015045702457427979, "103": 0.0001498013734817505, "104": 0.00015438348054885864, "105": 0.00017454102635383606, "106": 0.00017197802662849426, "107": 0.00017033517360687256, "108": 0.00021075084805488586, "109": 0.0002773478627204895, "110": 0.00020850077271461487, "111": 0.00022000446915626526, "112": 0.00018728896975517273, "113": 0.00020321831107139587, "114": 0.00019997358322143555, "115": 0.00017980113625526428, "116": 0.00017311424016952515, "117": 0.00014410540461540222, "118": 0.00013042613863945007, "119": 0.00012775510549545288, "120": 0.00013788044452667236, "121": 0.00013675540685653687, "122": 0.00013241171836853027, "123": 0.00013747066259384155, "124": 0.00014460831880569458, "125": 0.0001680031418800354, "126": 0.0001354999840259552, "127": 0.00012988969683647156, "128": 0.00011311471462249756, "129": 0.00010655820369720459, "130": 0.0001177862286567688, "131": 9.50247049331665e-05, "132": 9.477883577346802e-05, "133": 0.00010531768202781677, "134": 9.231269359588623e-05, "135": 9.32253897190094e-05, "136": 8.556991815567017e-05, "137": 8.597970008850098e-05, "138": 8.603185415267944e-05, "139": 8.442997932434082e-05, "140": 7.937103509902954e-05, "141": 8.57822597026825e-05, "142": 8.109211921691895e-05, "143": 8.184090256690979e-05, "144": 7.570534944534302e-05, "145": 7.345527410507202e-05, "146": 7.165595889091492e-05, "147": 7.192045450210571e-05, "148": 7.373839616775513e-05, "149": 7.038190960884094e-05, "150": 7.039308547973633e-05, "151": 6.972998380661011e-05, "152": 7.183849811553955e-05, "153": 6.224587559700012e-05, "154": 6.335228681564331e-05, "155": 5.974993109703064e-05, "156": 6.289780139923096e-05, "157": 5.9723854064941406e-05, "158": 6.0014426708221436e-05, "159": 6.237253546714783e-05, "160": 5.799531936645508e-05, "161": 5.827099084854126e-05, "162": 5.820766091346741e-05, "163": 5.074217915534973e-05, "164": 4.853680729866028e-05, "165": 4.902854561805725e-05, "166": 4.8745423555374146e-05, "167": 5.599111318588257e-05, "168": 4.6972185373306274e-05, "169": 6.062164902687073e-05, "170": 4.013627767562866e-05, "171": 4.0940940380096436e-05, "172": 3.976002335548401e-05, "173": 3.497675061225891e-05, "174": 3.4809112548828125e-05, "175": 3.372877836227417e-05, "176": 3.335624933242798e-05, "177": 3.260374069213867e-05, "178": 3.2320618629455566e-05, "179": 3.075599670410156e-05, "180": 3.174692392349243e-05, "181": 2.9675662517547607e-05, "182": 2.738088369369507e-05, "183": 2.9593706130981445e-05, "184": 2.577155828475952e-05, "185": 3.450363874435425e-05, "186": 2.3808330297470093e-05, "187": 2.436712384223938e-05, "188": 3.3680349588394165e-05, "189": 2.392008900642395e-05, "190": 2.4184584617614746e-05, "191": 2.543628215789795e-05, "192": 2.5004148483276367e-05, "193": 2.4087727069854736e-05, "194": 2.2962689399719238e-05, "195": 2.2638589143753052e-05, "196": 3.3799558877944946e-05, "197": 3.055110573768616e-05, "198": 2.1573156118392944e-05, "199": 2.1591782569885254e-05, "200": 2.1249055862426758e-05, "201": 2.304092049598694e-05, "202": 2.2094696760177612e-05, "203": 2.9500573873519897e-05, "204": 1.870468258857727e-05, "205": 1.8812716007232666e-05, "206": 1.8902122974395752e-05, "207": 1.85258686542511e-05, "208": 1.9215047359466553e-05, "209": 1.7974525690078735e-05, "210": 1.831725239753723e-05, "211": 2.70158052444458e-05, "212": 1.629069447517395e-05, "213": 1.563131809234619e-05, "214": 1.3470649719238281e-05, "215": 2.4672597646713257e-05, "216": 9.078532457351685e-06, "217": 8.970499038696289e-06, "218": 8.668750524520874e-06, "219": 8.430331945419312e-06, "220": 8.422881364822388e-06, "221": 8.46758484840393e-06, "222": 8.381903171539307e-06, "223": 7.867813110351562e-06, "224": 9.067356586456299e-06, "225": 7.91996717453003e-06, "226": 1.3615936040878296e-05, "227": 7.968395948410034e-06, "228": 8.195638656616211e-06, "229": 8.203089237213135e-06, "230": 8.195638656616211e-06, "231": 9.164214134216309e-06, "232": 8.296221494674683e-06, "233": 8.814036846160889e-06, "234": 8.244067430496216e-06, "235": 8.236616849899292e-06, "236": 8.594244718551636e-06, "237": 1.3414770364761353e-05, "238": 9.942799806594849e-06, "239": 9.898096323013306e-06, "240": 9.987503290176392e-06, "241": 9.927898645401001e-06, "242": 1.0523945093154907e-05, "243": 1.0069459676742554e-05, "244": 1.2036412954330444e-05, "245": 1.364201307296753e-05, "246": 1.3455748558044434e-05, "247": 1.1567026376724243e-05, "248": 1.171603798866272e-05, "249": 1.1038035154342651e-05, "250": 1.0546296834945679e-05, "251": 9.801238775253296e-06, "252": 5.155801773071289e-06, "253": 5.010515451431274e-06, "254": 4.8354268074035645e-06, "255": 4.760921001434326e-06, "256": 4.678964614868164e-06, "257": 4.626810550689697e-06, "258": 4.5299530029296875e-06, "259": 4.425644874572754e-06, "260": 4.377216100692749e-06, "261": 3.997236490249634e-06, "262": 6.645917892456055e-06, "263": 5.159527063369751e-06, "264": 5.289912223815918e-06, "265": 5.122274160385132e-06, "266": 5.014240741729736e-06,