{"0": 998.3068526983261, "1": 0.6033937707543373, "2": 8.147209882736206e-05, "3": 0.002946324646472931, "4": 0.0014301910996437073, "5": 0.001181483268737793, "6": 0.0010748803615570068, "7": 0.0009905174374580383, "8": 0.000894598662853241, "9": 0.0008020028471946716, "10": 0.000699944794178009, "11": 0.0006233975291252136, "12": 0.0006029754877090454, "13": 0.0005610361695289612, "14": 0.0005334168672561646, "15": 0.000516161322593689, "16": 0.0005122274160385132, "17": 0.0004993602633476257, "18": 0.00046994537115097046, "19": 0.00044224411249160767, "20": 0.0004214867949485779, "21": 0.0004129484295845032, "22": 0.00040481239557266235, "23": 0.0003913789987564087, "24": 0.0003743991255760193, "25": 0.0003724023699760437, "26": 0.00038123875856399536, "27": 0.0003856047987937927, "28": 0.000371493399143219, "29": 0.0003500133752822876, "30": 0.0003433898091316223, "31": 0.000322975218296051, "32": 0.00031945109367370605, "33": 0.00031745433807373047, "34": 0.00029931217432022095, "35": 0.0002875998616218567, "36": 0.0003023967146873474, "37": 0.00031131505966186523, "38": 0.00031578540802001953, "39": 0.00033476948738098145, "40": 0.0003537684679031372, "41": 0.00038617849349975586, "42": 0.00041053444147109985, "43": 0.0004057362675666809, "44": 0.00042404234409332275, "45": 0.00044749677181243896, "46": 0.0004819333553314209, "47": 0.0005136877298355103, "48": 0.0005675554275512695, "49": 0.0006165057420730591, "50": 0.0007119923830032349, "51": 0.0007778853178024292, "52": 0.0008410587906837463, "53": 0.0008759759366512299, "54": 0.0009699277579784393, "55": 0.001200266182422638, "56": 0.000750124454498291, "57": 0.0009786561131477356, "58": 0.000899098813533783, "59": 0.0007272474467754364, "60": 0.0006586126983165741, "61": 0.0005659237504005432, "62": 0.0005218535661697388, "63": 0.0005416497588157654, "64": 0.00044761598110198975, "65": 0.0004994794726371765, "66": 0.00043395161628723145, "67": 0.00045946985483169556, "68": 0.00037987902760505676, "69": 0.0004330389201641083, "70": 0.00036273151636123657, "71": 0.0003982037305831909, "72": 0.0003516264259815216, "73": 0.0003556571900844574, "74": 0.0003188028931617737, "75": 0.00033883750438690186, "76": 0.0003078952431678772, "77": 0.0003071725368499756, "78": 0.00032156333327293396, "79": 0.00034649670124053955, "80": 0.000337991863489151, "81": 0.0003215968608856201, "82": 0.0003249943256378174, "83": 0.0002998560667037964, "84": 0.00031699612736701965, "85": 0.00026618316769599915, "86": 0.00031545013189315796, "87": 0.0002793334424495697, "88": 0.000309821218252182, "89": 0.0002967230975627899, "90": 0.00031619518995285034, "91": 0.0002808868885040283, "92": 0.0003106445074081421, "93": 0.00028822943568229675, "94": 0.000280916690826416, "95": 0.0003005973994731903, "96": 0.0003290697932243347, "97": 0.00025701895356178284, "98": 0.0002792254090309143, "99": 0.00027801841497421265, "100": 0.00027436017990112305, "101": 0.0002704411745071411, "102": 0.00025334954261779785, "103": 0.0002476349472999573, "104": 0.00023718923330307007, "105": 0.00024133920669555664, "106": 0.0002277866005897522, "107": 0.00023087114095687866, "108": 0.0002367272973060608, "109": 0.00019530951976776123, "110": 0.0002366974949836731, "111": 0.0002521127462387085, "112": 0.0002580881118774414, "113": 0.0002521425485610962, "114": 0.0002639666199684143, "115": 0.0002535991370677948, "116": 0.0002623945474624634, "117": 0.00023437663912773132, "118": 0.00023157894611358643, "119": 0.00021288171410560608, "120": 0.00018385425209999084, "121": 0.00014869123697280884, "122": 0.000205308198928833, "123": 0.0001530386507511139, "124": 0.00015690922737121582, "125": 0.00015365704894065857, "126": 0.00015853717923164368, "127": 0.00016356632113456726, "128": 0.00020519644021987915, "129": 0.00015853717923164368, "130": 0.00013946369290351868, "131": 0.00013647228479385376, "132": 0.00014251470565795898, "133": 0.00014240294694900513, "134": 0.00016574934124946594, "135": 0.00012757256627082825, "136": 0.00012347102165222168, "137": 0.00011249259114265442, "138": 0.00010747462511062622, "139": 0.0001467578113079071, "140": 0.00011827051639556885, "141": 0.00014740228652954102, "142": 7.942318916320801e-05, "143": 8.088350296020508e-05, "144": 8.014589548110962e-05, "145": 8.333474397659302e-05, "146": 8.238106966018677e-05, "147": 9.65408980846405e-05, "148": 9.139999747276306e-05, "149": 9.329989552497864e-05, "150": 0.00010629929602146149, "151": 0.00011082179844379425, "152": 0.00010724551975727081, "153": 0.00010528974235057831, "154": 0.00010927394032478333, "155": 0.00010859593749046326, "156": 0.00011302903294563293, "157": 0.00011566281318664551, "158": 0.0001243986189365387, "159": 0.0001178346574306488, "160": 0.00013356655836105347, "161": 0.00013129599392414093, "162": 0.00010616891086101532, "163": 0.00010277144610881805, "164": 0.0001057703047990799, "165": 0.00011181086301803589, "166": 0.0001154821366071701, "167": 0.00010691769421100616, "168": 9.609758853912354e-05, "169": 9.002164006233215e-05, "170": 9.185075759887695e-05, "171": 9.010359644889832e-05, "172": 7.123127579689026e-05, "173": 8.586607873439789e-05, "174": 8.821487426757812e-05, "175": 8.743070065975189e-05, "176": 8.856132626533508e-05, "177": 9.948760271072388e-05, "178": 9.331293404102325e-05, "179": 0.00010027177631855011, "180": 8.171424269676208e-05, "181": 8.321180939674377e-05, "182": 6.62393867969513e-05, "183": 5.208328366279602e-05, "184": 4.712119698524475e-05, "185": 4.37665730714798e-05, "186": 4.287064075469971e-05, "187": 4.4343993067741394e-05, "188": 4.3064355850219727e-05, "189": 5.210563540458679e-05, "190": 5.806237459182739e-05, "191": 5.678832530975342e-05, "192": 3.1717121601104736e-05, "193": 7.126852869987488e-05, "194": 4.391372203826904e-05, "195": 6.362609565258026e-05, "196": 3.6519020795822144e-05, "197": 4.252232611179352e-05, "198": 7.258355617523193e-05, "199": 4.750862717628479e-05, "200": 4.72143292427063e-05, "201": 4.7460198402404785e-05, "202": 7.226318120956421e-05, "203": 3.628432750701904e-05, "204": 3.707967698574066e-05, "205": 3.597326576709747e-05, "206": 4.4308602809906006e-05, "207": 3.672763705253601e-05, "208": 3.95067036151886e-05, "209": 3.6446377635002136e-05, "210": 3.386847674846649e-05, "211": 3.374740481376648e-05, "212": 2.898089587688446e-05, "213": 5.157105624675751e-05, "214": 4.382431507110596e-05, "215": 5.3688883781433105e-05, "216": 3.6444514989852905e-05, "217": 3.557465970516205e-05, "218": 3.4790486097335815e-05, "219": 3.5589560866355896e-05, "220": 3.6092475056648254e-05, "221": 3.255903720855713e-05, "222": 3.725476562976837e-05, "223": 3.649666905403137e-05, "224": 3.876537084579468e-05, "225": 3.749877214431763e-05, "226": 3.631412982940674e-05, "227": 3.589317202568054e-05, "228": 5.545094609260559e-05, "229": 3.0759721994400024e-05, "230": 2.1185725927352905e-05, "231": 2.5058165192604065e-05, "232": 2.7080997824668884e-05, "233": 2.5402754545211792e-05, "234": 1.9900500774383545e-05, "235": 1.8337741494178772e-05, "236": 1.7879530787467957e-05, "237": 2.6211142539978027e-05, "238": 1.5933066606521606e-05, "239": 1.5713274478912354e-05, "240": 1.5521422028541565e-05, "241": 1.2939795851707458e-05, "242": 1.31949782371521e-05, "243": 1.7870217561721802e-05, "244": 2.308189868927002e-05, "245": 1.5132129192352295e-05, "246": 1.055002212524414e-05, "247": 1.0117888450622559e-05, "248": 1.0050833225250244e-05, "249": 1.7773360013961792e-05, "250": 9.387731552124023e-06, "251": 8.178874850273132e-06, "252": 7.988885045051575e-06, "253": 7.208436727523804e-06, "254": 8.42660665512085e-06, "255": 1.4606863260269165e-05, "256": 8.13603401184082e-06, "257": 8.530914783477783e-06, "258": 8.907169103622437e-06, "259": 8.748844265937805e-06, "260": 1.0658055543899536e-05, "261": 7.739290595054626e-06, "262": 8.046627044677734e-06, "263": 1.2291595339775085e-05, "264": 7.918104529380798e-06, "265": 8.229166269302368e-06, "266": 7.8640878200531e-06,