{"0": 0.6931473016738892, "1": 0.08975353091955185, "2": 0.08967205882072449, "3": 0.08672573417425156, "4": 0.08529554307460785, "5": 0.08411405980587006, "6": 0.08303917944431305, "7": 0.08204866200685501, "8": 0.08115406334400177, "9": 0.0803520604968071, "10": 0.07965211570262909, "11": 0.07902871817350388, "12": 0.07842574268579483, "13": 0.07786470651626587, "14": 0.0773312896490097, "15": 0.07681512832641602, "16": 0.0763029009103775, "17": 0.07580354064702988, "18": 0.0753335952758789, "19": 0.0748913511633873, "20": 0.07446986436843872, "21": 0.07405691593885422, "22": 0.07365210354328156, "23": 0.07326072454452515, "24": 0.07288632541894913, "25": 0.07251392304897308, "26": 0.07213268429040909, "27": 0.0717470794916153, "28": 0.07137558609247208, "29": 0.07102557271718979, "30": 0.07068218290805817, "31": 0.07035920768976212, "32": 0.07003975659608841, "33": 0.06972230225801468, "34": 0.06942299008369446, "35": 0.0691353902220726, "36": 0.06883299350738525, "37": 0.06852167844772339, "38": 0.06820589303970337, "39": 0.06787112355232239, "40": 0.06751735508441925, "41": 0.0671311765909195, "42": 0.0667206421494484, "43": 0.06631490588188171, "44": 0.06589086353778839, "45": 0.06544336676597595, "46": 0.06496143341064453, "47": 0.06444774568080902, "48": 0.06388019025325775, "49": 0.06326368451118469, "50": 0.06255169212818146, "51": 0.06177380681037903, "52": 0.06093274801969528, "53": 0.06005677208304405, "54": 0.05908684432506561, "55": 0.057886578142642975, "56": 0.057136453688144684, "57": 0.05615779757499695, "58": 0.055258698761463165, "59": 0.05453145131468773, "60": 0.053872838616371155, "61": 0.05330691486597061, "62": 0.05278506129980087, "63": 0.05224341154098511, "64": 0.05179579555988312, "65": 0.05129631608724594, "66": 0.05086236447095871, "67": 0.050402894616127014, "68": 0.05002301558852196, "69": 0.04958997666835785, "70": 0.04922724515199661, "71": 0.04882904142141342, "72": 0.0484774149954319, "73": 0.04812175780534744, "74": 0.04780295491218567, "75": 0.04746411740779877, "76": 0.04715622216463089, "77": 0.046849049627780914, "78": 0.04652748629450798, "79": 0.04618098959326744, "80": 0.04584299772977829, "81": 0.04552140086889267, "82": 0.04519640654325485, "83": 0.044896550476551056, "84": 0.044579554349184036, "85": 0.04431337118148804, "86": 0.04399792104959488, "87": 0.04371858760714531, "88": 0.04340876638889313, "89": 0.04311204329133034, "90": 0.04279584810137749, "91": 0.04251496121287346, "92": 0.04220431670546532, "93": 0.04191608726978302, "94": 0.041635170578956604, "95": 0.041334573179483414, "96": 0.04100550338625908, "97": 0.040748484432697296, "98": 0.04046925902366638, "99": 0.04019124060869217, "100": 0.039916880428791046, "101": 0.039646439254283905, "102": 0.03939308971166611, "103": 0.03914545476436615, "104": 0.03890826553106308, "105": 0.03866692632436752, "106": 0.03843913972377777, "107": 0.03820826858282089, "108": 0.03797154128551483, "109": 0.03777623176574707, "110": 0.0375395342707634, "111": 0.03728742152452469, "112": 0.03702933341264725, "113": 0.03677719086408615, "114": 0.03651322424411774, "115": 0.03625962510704994, "116": 0.03599723055958748, "117": 0.03576285392045975, "118": 0.03553127497434616, "119": 0.035318393260240555, "120": 0.035134539008140564, "121": 0.034985847771167755, "122": 0.03478053957223892, "123": 0.03462750092148781, "124": 0.03447059169411659, "125": 0.034316934645175934, "126": 0.03415839746594429, "127": 0.03399483114480972, "128": 0.033789634704589844, "129": 0.0336310975253582, "130": 0.03349163383245468, "131": 0.03335516154766083, "132": 0.03321264684200287, "133": 0.033070243895053864, "134": 0.0329044945538044, "135": 0.03277692198753357, "136": 0.03265345096588135, "137": 0.03254095837473869, "138": 0.03243348374962807, "139": 0.03228672593832016, "140": 0.03216845542192459, "141": 0.03202105313539505, "142": 0.03194162994623184, "143": 0.03186074644327164, "144": 0.03178060054779053, "145": 0.031697265803813934, "146": 0.03161488473415375, "147": 0.03151834383606911, "148": 0.031426943838596344, "149": 0.031333643943071365, "150": 0.031227344647049904, "151": 0.03111652284860611, "152": 0.03100927732884884, "153": 0.03090398758649826, "154": 0.030794713646173477, "155": 0.030686117708683014, "156": 0.03057308867573738, "157": 0.030457425862550735, "158": 0.030333027243614197, "159": 0.030215192586183548, "160": 0.030081626027822495, "161": 0.029950330033898354, "162": 0.029844161123037338, "163": 0.02974138967692852, "164": 0.02963561937212944, "165": 0.029523808509111404, "166": 0.029408326372504234, "167": 0.029301408678293228, "168": 0.029205311089754105, "169": 0.029115289449691772, "170": 0.029023438692092896, "171": 0.028933335095643997, "172": 0.028862103819847107, "173": 0.02877623774111271, "174": 0.02868802286684513, "175": 0.02860059216618538, "176": 0.028512030839920044, "177": 0.02841254323720932, "178": 0.028319230303168297, "179": 0.028218958526849747, "180": 0.028137244284152985, "181": 0.02805403247475624, "182": 0.02798779308795929, "183": 0.027935709804296494, "184": 0.02788858860731125, "185": 0.02784482203423977, "186": 0.02780195139348507, "187": 0.027757607400417328, "188": 0.027714543044567108, "189": 0.02766243740916252, "190": 0.027604375034570694, "191": 0.02754758670926094, "192": 0.027515869587659836, "193": 0.02744460105895996, "194": 0.027400687336921692, "195": 0.02733706124126911, "196": 0.02730054222047329, "197": 0.027258019894361496, "198": 0.027185436338186264, "199": 0.02713792771100998, "200": 0.027090713381767273, "201": 0.027043253183364868, "202": 0.026970990002155304, "203": 0.026934705674648285, "204": 0.026897625997662544, "205": 0.026861652731895447, "206": 0.02681734412908554, "207": 0.026780616492033005, "208": 0.026741109788417816, "209": 0.026704663410782814, "210": 0.026670794934034348, "211": 0.02663704752922058, "212": 0.026608066633343697, "213": 0.02655649557709694, "214": 0.026512671262025833, "215": 0.0264589823782444, "216": 0.026422537863254547, "217": 0.026386963203549385, "218": 0.02635217271745205, "219": 0.026316583156585693, "220": 0.026280490681529045, "221": 0.026247931644320488, "222": 0.02621067687869072, "223": 0.026174180209636688, "224": 0.026135414838790894, "225": 0.026097916066646576, "226": 0.02606160193681717, "227": 0.02602570876479149, "228": 0.025970257818698883, "229": 0.025939498096704483, "230": 0.02591831237077713, "231": 0.025893254205584526, "232": 0.025866173207759857, "233": 0.025840770453214645, "234": 0.025820869952440262, "235": 0.025802532210946083, "236": 0.025784652680158615, "237": 0.025758441537618637, "238": 0.025742508471012115, "239": 0.025726795196533203, "240": 0.02571127377450466, "241": 0.025698333978652954, "242": 0.025685139000415802, "243": 0.02566726878285408, "244": 0.02564418688416481, "245": 0.025629054754972458, "246": 0.025618504732847214, "247": 0.02560838684439659, "248": 0.02559833601117134, "249": 0.02558056265115738, "250": 0.025571174919605255, "251": 0.025562996044754982, "252": 0.02555500715970993, "253": 0.025547798722982407, "254": 0.025539372116327286, "255": 0.025524765253067017, "256": 0.025516629219055176, "257": 0.025508098304271698, "258": 0.025499191135168076, "259": 0.025490442290902138, "260": 0.025479784235358238, "261": 0.025472044944763184, "262": 0.025463998317718506, "263": 0.02545170672237873, "264": 0.02544378861784935, "265": 0.025435559451580048, "266": 0.025427695363759995, "267": 0.025416061282157898, "268": 0.02540845423936844, "269": 0.02540123648941517, "270": 0.025394193828105927, "271": 0.025381918996572495, "272": 0.02537444792687893, "273": 0.025367701426148415, "274": 0.02536126598715782, "275": 0.025355108082294464, "276": 0.025349101051688194, "277": 0.025341428816318512, "278": 0.025335868820548058, "279": 0.02533039078116417, "280": 0.025324981659650803, "281": 0.02531972900032997, "282": 0.025314927101135254, "283": 0.025310318917036057, "284": 0.025305915623903275, "285": 0.025294944643974304,