{"0": 998.3068526983261, "1": 0.43219250440597534, "2": 0.0001755356788635254, "3": 0.0033582746982574463, "4": 0.0035241246223449707, "5": 0.0033436715602874756, "6": 0.0027099549770355225, "7": 0.002166450023651123, "8": 0.001822635531425476, "9": 0.0015558600425720215, "10": 0.0013211965560913086, "11": 0.00104522705078125, "12": 0.0009177476167678833, "13": 0.0008461028337478638, "14": 0.0007949769496917725, "15": 0.0007341504096984863, "16": 0.0007410049438476562, "17": 0.0007582604885101318, "18": 0.0007744729518890381, "19": 0.0007729232311248779, "20": 0.000803336501121521, "21": 0.0008427947759628296, "22": 0.0008813440799713135, "23": 0.0008672624826431274, "24": 0.00095328688621521, "25": 0.0010022372007369995, "26": 0.0010427087545394897, "27": 0.0011302083730697632, "28": 0.0011927932500839233, "29": 0.0012958496809005737, "30": 0.0014384984970092773, "31": 0.001548662781715393, "32": 0.0016293525695800781, "33": 0.0016269385814666748, "34": 0.0017155557870864868, "35": 0.0017291009426116943, "36": 0.0020644068717956543, "37": 0.001207694411277771, "38": 0.0014646351337432861, "39": 0.0013419240713119507, "40": 0.0015415102243423462, "41": 0.0015079081058502197, "42": 0.001530870795249939, "43": 0.0015248358249664307, "44": 0.0015161335468292236, "45": 0.0015158206224441528, "46": 0.0013530999422073364, "47": 0.0014019757509231567, "48": 0.0013754218816757202, "49": 0.001099124550819397, "50": 0.0012311339378356934, "51": 0.0009840577840805054, "52": 0.0011397749185562134, "53": 0.0011754930019378662, "54": 0.0011006146669387817, "55": 0.001142457127571106, "56": 0.0010838508605957031, "57": 0.0011086761951446533, "58": 0.0011237561702728271, "59": 0.0012025237083435059, "60": 0.0008330643177032471, "61": 0.0008714348077774048, "62": 0.0009363144636154175, "63": 0.000799521803855896, "64": 0.0009604990482330322, "65": 0.0008133500814437866, "66": 0.0009234696626663208, "67": 0.0008973181247711182, "68": 0.0008530914783477783, "69": 0.0008444786071777344, "70": 0.0009797364473342896, "71": 0.0006214678287506104, "72": 0.0006104409694671631, "73": 0.0007108300924301147, "74": 0.0006142109632492065, "75": 0.0005874484777450562, "76": 0.0005681663751602173, "77": 0.0005601942539215088, "78": 0.0006285309791564941, "79": 0.0005727112293243408, "80": 0.0005642473697662354, "81": 0.0007119476795196533, "82": 0.000501587986946106, "83": 0.0005965232849121094, "84": 0.0004682987928390503, "85": 0.000466272234916687, "86": 0.00046031177043914795, "87": 0.0004407614469528198, "88": 0.00043967366218566895, "89": 0.00046071410179138184, "90": 0.00046885013580322266, "91": 0.00044761598110198975, "92": 0.0006284564733505249, "93": 0.0004786252975463867, "94": 0.0004988759756088257, "95": 0.00044696033000946045, "96": 0.0004474073648452759, "97": 0.0004769861698150635, "98": 0.00047895312309265137, "99": 0.0004513859748840332, "100": 0.0004833489656448364, "101": 0.0004735291004180908, "102": 0.0005036443471908569, "103": 0.0005039125680923462, "104": 0.00046987831592559814, "105": 0.0004869699478149414, "106": 0.00043354928493499756, "107": 0.00038939714431762695, "108": 0.0004445016384124756, "109": 0.0004345923662185669, "110": 0.0003674030303955078, "111": 0.0004038810729980469, "112": 0.0003954172134399414, "113": 0.0003463327884674072, "114": 0.00032252073287963867, "115": 0.00030784308910369873, "116": 0.00037425756454467773, "117": 0.0003208965063095093, "118": 0.0002830326557159424, "119": 0.0003167688846588135, "120": 0.0002835392951965332, "121": 0.00029584765434265137, "122": 0.0002774447202682495, "123": 0.00027307868003845215, "124": 0.00027541816234588623, "125": 0.00026844441890716553, "126": 0.0002742856740951538, "127": 0.00027060508728027344, "128": 0.00024534761905670166, "129": 0.0002383887767791748, "130": 0.00022912025451660156, "131": 0.00024259090423583984, "132": 0.00022952258586883545, "133": 0.0002358853816986084, "134": 0.00023350119590759277, "135": 0.0002355724573135376, "136": 0.00021436810493469238, "137": 0.00020970404148101807, "138": 0.00021384656429290771, "139": 0.00021851062774658203, "140": 0.00021961331367492676, "141": 0.0002247542142868042, "142": 0.00021722912788391113, "143": 0.00022605061531066895, "144": 0.00022104382514953613, "145": 0.00022839009761810303, "146": 0.00023658573627471924, "147": 0.0002461075782775879, "148": 0.0002553015947341919, "149": 0.0002678483724594116, "150": 0.00025090575218200684, "151": 0.00023777782917022705, "152": 0.0002355724573135376, "153": 0.00023131072521209717, "154": 0.00017221271991729736, "155": 0.00020140409469604492, "156": 0.0002136826515197754, "157": 0.00011552870273590088, "158": 0.00010392069816589355, "159": 0.00010208785533905029, "160": 0.00010009109973907471, "161": 9.85562801361084e-05, "162": 9.779632091522217e-05, "163": 0.00010825693607330322, "164": 0.00016692280769348145, "165": 7.845461368560791e-05, "166": 7.4043869972229e-05, "167": 9.188055992126465e-05, "168": 9.496510028839111e-05, "169": 9.799003601074219e-05, "170": 9.998679161071777e-05, "171": 0.00010031461715698242, "172": 0.00010249018669128418, "173": 0.00012412667274475098, "174": 0.00011664628982543945, "175": 0.00011123716831207275, "176": 0.00010405480861663818, "177": 0.00010031461715698242, "178": 0.00010515749454498291, "179": 0.00010144710540771484, "180": 0.00010152161121368408, "181": 9.241700172424316e-05, "182": 9.074807167053223e-05, "183": 8.668005466461182e-05, "184": 9.198486804962158e-05, "185": 0.0001004338264465332, "186": 0.00011786818504333496, "187": 0.00011073052883148193, "188": 0.00011749565601348877, "189": 0.0001157224178314209, "190": 9.509921073913574e-05, "191": 8.994340896606445e-05, "192": 9.368360042572021e-05, "193": 8.760392665863037e-05, "194": 7.840991020202637e-05, "195": 8.228421211242676e-05, "196": 6.714463233947754e-05, "197": 7.863342761993408e-05, "198": 8.015334606170654e-05, "199": 7.88569450378418e-05, "200": 7.68899917602539e-05, "201": 5.552172660827637e-05, "202": 5.190074443817139e-05, "203": 5.295872688293457e-05, "204": 5.494058132171631e-05, "205": 3.0666589736938477e-05, "206": 2.613663673400879e-05, "207": 2.6792287826538086e-05, "208": 2.6226043701171875e-05, "209": 2.726912498474121e-05, "210": 2.709031105041504e-05, "211": 2.6911497116088867e-05, "212": 2.9653310775756836e-05, "213": 2.9966235160827637e-05, "214": 2.561509609222412e-05, "215": 1.6704201698303223e-05, "216": 1.1548399925231934e-05, "217": 1.3679265975952148e-05, "218": 1.1339783668518066e-05, "219": 1.3142824172973633e-05, "220": 1.0982155799865723e-05, "221": 1.2934207916259766e-05, "222": 1.0624527931213379e-05, "223": 1.2949109077453613e-05, "224": 1.0281801223754883e-05, "225": 1.329183578491211e-05, "226": 1.0132789611816406e-05, "227": 1.1876225471496582e-05, "228": 9.28342342376709e-06, "229": 1.1205673217773438e-05, "230": 1.2040138244628906e-05, "231": 1.1548399925231934e-05, "232": 1.2576580047607422e-05, "233": 1.1041760444641113e-05, "234": 1.2248754501342773e-05, "235": 1.0773539543151855e-05, "236": 1.2233853340148926e-05, "237": 1.0922551155090332e-05, "238": 1.315772533416748e-05, "239": 1.4886260032653809e-05, "240": 1.49458646774292e-05, "241": 1.537799835205078e-05, "242": 1.519918441772461e-05, "243": 1.633167266845703e-05, "244": 1.8715858459472656e-05, "245": 1.5810132026672363e-05, "246": 1.4647841453552246e-05, "247": 1.5616416931152344e-05, "248": 1.4841556549072266e-05, "249": 1.4692544937133789e-05, "250": 1.5109777450561523e-05, "251": 1.5169382095336914e-05, "252": 1.4960765838623047e-05, "253": 1.4603137969970703e-05, "254": 1.4990568161010742e-05, "255": 1.817941665649414e-05, "256": 1.6674399375915527e-05, "257": 1.6063451766967773e-05, "258": 1.634657382965088e-05, "259": 1.6286969184875488e-05, "260": 8.985400199890137e-06, "261": 9.149312973022461e-06, "262": 9.253621101379395e-06, "263": 9.045004844665527e-06, "264": 9.03010368347168e-06, "265": 8.821487426757812e-06, "266": 8.687376976013184e-06, "267": 7.614493370056152e-06,