{"0": 0.6931473016738892, "1": 0.06716061383485794, "2": 0.06708952784538269, "3": 0.06559216976165771, "4": 0.06396692246198654, "5": 0.06232070177793503, "6": 0.06078772991895676, "7": 0.05956808477640152, "8": 0.0587167851626873, "9": 0.057933688163757324, "10": 0.057190362364053726, "11": 0.056475989520549774, "12": 0.05577695369720459, "13": 0.055115360766649246, "14": 0.054488763213157654, "15": 0.05389092490077019, "16": 0.05332548916339874, "17": 0.052793584764003754, "18": 0.05227537825703621, "19": 0.05176825448870659, "20": 0.05127186328172684, "21": 0.050786782056093216, "22": 0.05032216012477875, "23": 0.04987892508506775, "24": 0.049462661147117615, "25": 0.049062348902225494, "26": 0.048676006495952606, "27": 0.048311494290828705, "28": 0.0479656383395195, "29": 0.04764221981167793, "30": 0.04733872041106224, "31": 0.0470467172563076, "32": 0.04676491767168045, "33": 0.04648923501372337, "34": 0.04620732367038727, "35": 0.045916032046079636, "36": 0.04562067240476608, "37": 0.04532238841056824, "38": 0.04502809792757034, "39": 0.04474056884646416, "40": 0.044445816427469254, "41": 0.04415486380457878, "42": 0.043857965618371964, "43": 0.04354419559240341, "44": 0.043219923973083496, "45": 0.042883750051259995, "46": 0.0425373911857605, "47": 0.04218202456831932, "48": 0.04182245209813118, "49": 0.04145200923085213, "50": 0.0410677045583725, "51": 0.04067356884479523, "52": 0.04025993123650551, "53": 0.039825841784477234, "54": 0.0393793098628521, "55": 0.038925327360630035, "56": 0.03845860809087753, "57": 0.03797448053956032, "58": 0.037471216171979904, "59": 0.03694738447666168, "60": 0.03642240911722183, "61": 0.03589462861418724, "62": 0.035357993096113205, "63": 0.03482389450073242, "64": 0.03431390970945358, "65": 0.033838171511888504, "66": 0.033394090831279755, "67": 0.03294701129198074, "68": 0.03253486752510071, "69": 0.0321008674800396, "70": 0.031767431646585464, "71": 0.03141715005040169, "72": 0.03111441433429718, "73": 0.030769482254981995, "74": 0.0305098257958889, "75": 0.030234936624765396, "76": 0.030004864558577538, "77": 0.029757771641016006, "78": 0.029540900141000748, "79": 0.02931915409862995, "80": 0.02911926619708538, "81": 0.028912214562296867, "82": 0.028727181255817413, "83": 0.028515109792351723, "84": 0.028336994349956512, "85": 0.02811458706855774, "86": 0.027965985238552094, "87": 0.027794064953923225, "88": 0.027641963213682175, "89": 0.027484813705086708, "90": 0.027332887053489685, "91": 0.027184810489416122, "92": 0.0270403902977705, "93": 0.0268954299390316, "94": 0.026756105944514275, "95": 0.02661573514342308, "96": 0.026482440531253815, "97": 0.02632196433842182, "98": 0.02619718387722969, "99": 0.02605770342051983, "100": 0.025932032614946365, "101": 0.02579929120838642, "102": 0.02567085064947605, "103": 0.02554173395037651, "104": 0.025415824726223946, "105": 0.025286652147769928, "106": 0.025160640478134155, "107": 0.025030601769685745, "108": 0.024905553087592125, "109": 0.024769984185695648, "110": 0.024638179689645767, "111": 0.024497177451848984, "112": 0.0243744608014822, "113": 0.024234957993030548, "114": 0.024110913276672363, "115": 0.023975985124707222, "116": 0.02384963072836399, "117": 0.02371872216463089, "118": 0.023592587560415268, "119": 0.023466819897294044, "120": 0.023346928879618645, "121": 0.023226158693432808, "122": 0.023108310997486115, "123": 0.022995050996541977, "124": 0.022879641503095627, "125": 0.02276455983519554, "126": 0.022646747529506683, "127": 0.022532664239406586, "128": 0.022416723892092705, "129": 0.022302407771348953, "130": 0.022186201065778732, "131": 0.02207072451710701, "132": 0.021952776238322258, "133": 0.02183917909860611, "134": 0.021722830832004547, "135": 0.02161596156656742, "136": 0.021504737436771393, "137": 0.021400179713964462, "138": 0.021290846168994904, "139": 0.021187059581279755, "140": 0.021081048995256424, "141": 0.020974546670913696, "142": 0.020863108336925507, "143": 0.02075641229748726, "144": 0.020653698593378067, "145": 0.020547397434711456, "146": 0.02043328434228897, "147": 0.020324409008026123, "148": 0.0202106311917305, "149": 0.020107649266719818, "150": 0.02000289410352707, "151": 0.019893955439329147, "152": 0.0197821743786335, "153": 0.0196737889200449, "154": 0.019562160596251488, "155": 0.019456448033452034, "156": 0.019349249079823494, "157": 0.019238559529185295, "158": 0.01913091540336609, "159": 0.01902264729142189, "160": 0.018912628293037415, "161": 0.018804799765348434, "162": 0.01870128884911537, "163": 0.018601078540086746, "164": 0.018502183258533478, "165": 0.018403995782136917, "166": 0.01830885373055935, "167": 0.018219616264104843, "168": 0.018127363175153732, "169": 0.018033016473054886, "170": 0.017935585230588913, "171": 0.017869070172309875, "172": 0.017797347158193588, "173": 0.01772342063486576, "174": 0.01765592023730278, "175": 0.017593493685126305, "176": 0.01753292977809906, "177": 0.0174702275544405, "178": 0.01740928366780281, "179": 0.01735575869679451, "180": 0.01730003021657467, "181": 0.017243675887584686, "182": 0.017174184322357178, "183": 0.017121601849794388, "184": 0.017057381570339203, "185": 0.01698974147439003, "186": 0.01692531816661358, "187": 0.01686416007578373, "188": 0.01680395007133484, "189": 0.016743788495659828, "190": 0.016687681898474693, "191": 0.016622787341475487, "192": 0.01655476540327072, "193": 0.016493752598762512, "194": 0.016427814960479736, "195": 0.016351522877812386, "196": 0.016289204359054565, "197": 0.016228362917900085, "198": 0.016158077865839005, "199": 0.016103582456707954, "200": 0.016047799959778786, "201": 0.01598655991256237, "202": 0.015923552215099335, "203": 0.015853147953748703, "204": 0.01577063836157322, "205": 0.01568853296339512, "206": 0.01562725193798542, "207": 0.01557636633515358, "208": 0.015523683279752731, "209": 0.015468273311853409, "210": 0.015414251014590263, "211": 0.015355146490037441, "212": 0.015305720269680023, "213": 0.015256671234965324, "214": 0.01518879272043705, "215": 0.015139136463403702, "216": 0.015088935382664204, "217": 0.015040095895528793, "218": 0.014991190284490585, "219": 0.01494081411510706, "220": 0.014891115948557854, "221": 0.014857420697808266, "222": 0.014827081933617592, "223": 0.014797363430261612, "224": 0.014760318212211132, "225": 0.01472659595310688, "226": 0.014703446999192238, "227": 0.014684949070215225, "228": 0.014668405055999756, "229": 0.014651653356850147, "230": 0.014637785963714123, "231": 0.014621356502175331, "232": 0.01460813358426094, "233": 0.014594638720154762, "234": 0.014581186696887016, "235": 0.01456415094435215, "236": 0.014537014998495579, "237": 0.014523301273584366, "238": 0.014511149376630783, "239": 0.014499369077384472, "240": 0.014485420659184456, "241": 0.014469267800450325, "242": 0.014456829987466335, "243": 0.014431269839406013, "244": 0.014419365674257278, "245": 0.014406588859856129, "246": 0.014392758719623089, "247": 0.01437847875058651, "248": 0.014366205781698227, "249": 0.014353329315781593, "250": 0.01433855202049017, "251": 0.014329134486615658, "252": 0.014320281334221363, "253": 0.014312589541077614, "254": 0.01429897453635931, "255": 0.014290772378444672, "256": 0.014284893870353699, "257": 0.01427984144538641, "258": 0.014273394830524921, "259": 0.014264955185353756, "260": 0.014258649200201035, "261": 0.014251741580665112, "262": 0.014245480298995972, "263": 0.014238491654396057, "264": 0.014232134446501732, "265": 0.014225827530026436, "266": 0.014214589260518551, "267": 0.014208119362592697, "268": 0.014202309772372246, "269": 0.014196528121829033, "270": 0.014190366491675377, "271": 0.014184506610035896, "272": 0.014178534969687462, "273": 0.014172658324241638, "274": 0.014166196808218956, "275": 0.014159541577100754, "276": 0.01415286399424076, "277": 0.014146488159894943, "278": 0.014141375198960304, "279": 0.014136271551251411, "280": 0.014130521565675735, "281": 0.014123519882559776, "282": 0.014118647202849388,