,Lambda,Feature_no,Odds_ratio,P-value
0,0.010000000000000004,8,2290.3333333333335,5.33685525971079e-12
