,Lambda,Feature_no,Odds_ratio,P-value
0,0.04641588833612786,11,149.05034013605442,7.538199957867426e-08
0,0.02154434690031885,13,313.27287581699346,2.1242541915462563e-14
0,0.006812920690579613,21,166.83625285605484,9.131765348904194e-15
0,0.003162277660168382,40,92.13804713804714,4.805876640771776e-16
