,Lambda,Feature_no,Odds_ratio,P-value
0,0.010000000000000004,11,228.73333333333332,8.150326562077214e-07
0,0.004641588833612781,19,114.33333333333333,4.739701596151987e-06
0,0.0021544346900318843,36,130.6,3.8244186299806774e-11
