,Lambda,Feature_no,Odds_ratio,P-value
0,0.02154434690031885,10,832.4848484848485,1.311942488656452e-10
0,0.014677992676220709,18,686.65,7.059555365894795e-15
0,0.010000000000000004,25,433.56315789473683,6.705450840445295e-14
0,0.006812920690579613,31,329.436,2.7773291929686073e-13
0,0.004641588833612781,55,381.0138888888889,2.225916113383575e-21
0,0.0021544346900318843,79,415.3333333333333,3.2307666487696225e-27
0,0.0010000000000000002,234,283.9791666666667,4.127165907389744e-32
0,0.0006812920690579617,354,219.9219616204691,4.512206911178852e-31
