,Lambda,Feature_no,Odds_ratio,P-value
0,0.010000000000000004,11,572.3958333333334,6.304355603187811e-08
0,0.004641588833612781,25,307.69747899159665,3.1431516317854303e-09
0,0.003162277660168382,33,306.4174107142857,3.633855490935096e-11
0,0.0021544346900318843,63,306.8867132867133,9.491317977527542e-17
0,0.0010000000000000002,150,177.55194805194805,5.751690905365376e-18
0,0.0006812920690579617,222,142.17630331753554,2.4256609665563015e-18
