,Lambda,Feature_no,Odds_ratio,P-value
0,0.0316227766016838,9,312.3181818181818,0.003920424860690841
0,0.014677992676220709,26,228.9,5.638382395186316e-05
0,0.010000000000000004,42,234.64102564102564,7.214676592347503e-07
0,0.006812920690579613,53,280.03061224489795,6.01146521766956e-09
0,0.004641588833612781,65,224.84426229508196,1.386028451611458e-08
0,0.0021544346900318843,135,299.29375,4.550844777217323e-14
0,0.0010000000000000002,312,450.1655629139073,1.9762455829083356e-18
0,0.00046415888336127795,456,inf,3.73659923727693e-22
0,0.0002154434690031884,854,inf,7.448537641383524e-19
