,Lambda,Feature_no,Odds_ratio,P-value
0,0.02154434690031885,13,871.8730158730159,3.144286640353868e-15
0,0.010000000000000004,16,821.5128205128206,2.055028412615038e-17
0,0.004641588833612781,28,807.4705882352941,2.4095225802195933e-26
0,0.003162277660168382,53,518.2834008097166,1.1843523173264678e-30
0,0.0021544346900318843,55,492.9653401797176,2.1420634477650777e-30
0,0.0014677992676220694,74,387.17514124293785,6.142472108631604e-31
0,0.0010000000000000002,117,255.04950495049505,4.339472452713856e-30
