,Lambda,Feature_no,Odds_ratio,P-value
0,0.010000000000000004,13,499.6545454545454,1.357483153388103e-05
0,0.004641588833612781,24,436.04761904761904,1.2776301880603493e-07
0,0.003162277660168382,31,326.95238095238096,2.832551820331515e-07
0,0.0021544346900318843,55,269.02941176470586,6.998327035995598e-09
0,0.0014677992676220694,70,207.77272727272728,1.8748708042532996e-08
0,0.0010000000000000002,118,120.07894736842105,1.5516837929865154e-07
0,0.0006812920690579617,208,135.0990099009901,1.5483158262219902e-10
0,0.00046415888336127795,274,101.58208955223881,8.132974531317323e-10
