,Lambda,Feature_no,Odds_ratio,P-value
0,0.0021544346900318843,13,416.3484848484849,1.870683357031335e-05
0,0.0010000000000000002,15,352.2692307692308,2.5167629188382874e-05
0,0.00046415888336127795,19,269.34313725490193,4.0939618117714255e-05
0,0.0002154434690031884,38,213.93506493506493,8.763703720127299e-07
