,Lambda,Feature_no,Odds_ratio,P-value
0,0.003162277660168382,12,1099.48,3.660082358296509e-06
