,Lambda,Feature_no,Odds_ratio,P-value
0,0.006812920690579613,14,1249.2727272727273,8.80257790808404e-09
0,0.003162277660168382,24,1807.6315789473683,4.0753007872717064e-14
