,Lambda,Feature_no,Odds_ratio,P-value
0,0.0021544346900318843,11,152.51666666666668,0.00012411651357321853
0,0.0010000000000000002,16,98.02857142857142,0.0002694906928298688
