,Lambda,Feature_no,Odds_ratio,P-value
0,0.006812920690579613,9,381.75,0.0032679710077867007
0,0.004641588833612781,10,858.9375,5.345708303188525e-06
0,0.0021544346900318843,27,490.5357142857143,1.0076919998530462e-07
0,0.0014677992676220694,41,762.7222222222222,1.4325265265537018e-12
0,0.0010000000000000002,49,623.8636363636364,3.640720862725942e-12
0,0.0006812920690579617,60,498.8909090909091,1.0410009875928051e-11
