,Lambda,Feature_no,Odds_ratio,P-value
0,0.010000000000000004,8,1309.1904761904761,0.001163023012206051
0,0.004641588833612781,15,654.4285714285714,0.0021798357057683684
0,0.0021544346900318843,26,366.3333333333333,0.0037761154656674044
0,0.0010000000000000002,40,722.6842105263158,1.2350925172713258e-05
0,0.0006812920690579617,48,596.8260869565217,1.785440548705605e-05
0,0.00031622776601683783,89,315.0919540229885,6.186065075172691e-05
