,Lambda,Feature_no,Odds_ratio,P-value
0,0.0681292069057962,10,167.90204081632652,2.1239650960921533e-06
0,0.0316227766016838,19,188.87256027554534,7.480156347813971e-12
0,0.014677992676220709,27,145.36136363636365,5.877213377650403e-13
0,0.006812920690579613,32,231.57450076804915,2.5806690403133594e-21
