,Lambda,Feature_no,Odds_ratio,P-value
0,0.010000000000000004,14,249.63636363636363,5.676454768201974e-07
0,0.0021544346900318843,18,377.1703296703297,1.5339462117766924e-11
