,Lambda,Feature_no,Odds_ratio,P-value
0,0.004641588833612781,5,490.80357142857144,0.0027241012499288585
0,0.0021544346900318843,16,832.6363636363636,1.0381460976071463e-10
0,0.0010000000000000002,18,1056.7692307692307,1.9547140770184524e-13
