{"0": 0.6931474208831787, "1": 0.6548492312431335, "2": 0.6520659923553467, "3": 0.6490416526794434, "4": 0.645951509475708, "5": 0.642876386642456, "6": 0.6398359537124634, "7": 0.63683021068573, "8": 0.6338502168655396, "9": 0.630911111831665, "10": 0.6280183792114258, "11": 0.6251694560050964, "12": 0.6222409009933472, "13": 0.6192744970321655, "14": 0.6163040399551392, "15": 0.6133450865745544, "16": 0.6104000806808472, "17": 0.607462465763092, "18": 0.6045411229133606, "19": 0.6016412973403931, "20": 0.59877610206604, "21": 0.5959396958351135, "22": 0.5931125283241272, "23": 0.5902900695800781, "24": 0.5874701738357544, "25": 0.5846547484397888, "26": 0.5818465352058411, "27": 0.579047441482544, "28": 0.5762583017349243, "29": 0.5734727382659912, "30": 0.5706869959831238, "31": 0.5679150223731995, "32": 0.5651520490646362, "33": 0.562388002872467, "34": 0.5596324801445007, "35": 0.5568760633468628, "36": 0.554101824760437, "37": 0.551318347454071, "38": 0.5485309362411499, "39": 0.5457481741905212, "40": 0.5429739952087402, "41": 0.5402066111564636, "42": 0.5374516248703003, "43": 0.5346978306770325, "44": 0.531930685043335, "45": 0.5291447639465332, "46": 0.5263476967811584, "47": 0.5235345363616943, "48": 0.5207148194313049, "49": 0.5178844928741455, "50": 0.5150497555732727, "51": 0.5122174024581909, "52": 0.5093701481819153, "53": 0.5065034627914429, "54": 0.5036243796348572, "55": 0.5007386803627014, "56": 0.49783238768577576, "57": 0.49489957094192505, "58": 0.4919423758983612, "59": 0.48896273970603943, "60": 0.4859696328639984, "61": 0.48294419050216675, "62": 0.47988322377204895, "63": 0.47680479288101196, "64": 0.4737170338630676, "65": 0.4705953299999237, "66": 0.4674431085586548, "67": 0.4642767310142517, "68": 0.4610975682735443, "69": 0.4579009711742401, "70": 0.45467740297317505, "71": 0.4514164924621582, "72": 0.44813674688339233, "73": 0.44484657049179077, "74": 0.4415346384048462, "75": 0.4381975829601288, "76": 0.43485403060913086, "77": 0.43150794506073, "78": 0.42816704511642456, "79": 0.4248201847076416, "80": 0.4214690029621124, "81": 0.4181196093559265, "82": 0.4147682785987854, "83": 0.41141846776008606, "84": 0.40807288885116577, "85": 0.40474432706832886, "86": 0.40144914388656616, "87": 0.398180216550827, "88": 0.39495187997817993, "89": 0.39176005125045776, "90": 0.38858678936958313, "91": 0.3854481279850006, "92": 0.38233816623687744, "93": 0.379256933927536, "94": 0.3762124478816986, "95": 0.3731987774372101, "96": 0.3702250123023987, "97": 0.36727356910705566, "98": 0.36435258388519287, "99": 0.3614693582057953, "100": 0.3586028218269348, "101": 0.3557683825492859, "102": 0.3529634177684784, "103": 0.35022592544555664, "104": 0.3475210666656494, "105": 0.3448336720466614, "106": 0.34216949343681335, "107": 0.3395240008831024, "108": 0.33690446615219116, "109": 0.3343257009983063, "110": 0.3318113684654236, "111": 0.32934266328811646, "112": 0.3269234895706177, "113": 0.3245611786842346, "114": 0.32223600149154663, "115": 0.31992244720458984, "116": 0.31763458251953125, "117": 0.3153890371322632, "118": 0.31318673491477966, "119": 0.3110315203666687, "120": 0.30891868472099304, "121": 0.30685150623321533, "122": 0.30482035875320435, "123": 0.3028119206428528, "124": 0.30082136392593384, "125": 0.2988656461238861, "126": 0.2969420552253723, "127": 0.29506534337997437, "128": 0.29322683811187744, "129": 0.29140526056289673, "130": 0.2896175682544708, "131": 0.2878340482711792, "132": 0.2860656976699829, "133": 0.28431934118270874, "134": 0.28259822726249695, "135": 0.2808985412120819, "136": 0.2792205214500427, "137": 0.277568519115448, "138": 0.2759266495704651, "139": 0.27429500222206116, "140": 0.2726839780807495, "141": 0.2710857689380646, "142": 0.2695270776748657, "143": 0.26799672842025757, "144": 0.26649636030197144, "145": 0.2650225758552551, "146": 0.26356685161590576, "147": 0.2621329128742218, "148": 0.26073095202445984, "149": 0.2593662738800049, "150": 0.25803685188293457, "151": 0.2567090392112732, "152": 0.25540679693222046, "153": 0.2541258931159973, "154": 0.2528778314590454, "155": 0.25164979696273804, "156": 0.2504475712776184, "157": 0.2492845356464386, "158": 0.24813932180404663, "159": 0.24700358510017395, "160": 0.2458602786064148, "161": 0.24471420049667358, "162": 0.2435932755470276, "163": 0.24247416853904724, "164": 0.24135854840278625, "165": 0.24024170637130737, "166": 0.2391437292098999, "167": 0.23804262280464172, "168": 0.23697617650032043, "169": 0.23595240712165833, "170": 0.23495228588581085, "171": 0.23393934965133667, "172": 0.23291832208633423, "173": 0.2319011092185974, "174": 0.2308856099843979, "175": 0.22997042536735535, "176": 0.2299312949180603, "177": 0.23132839798927307, "178": 0.23033840954303741, "179": 0.2293943464756012, "180": 0.22843331098556519, "181": 0.22745800018310547, "182": 0.22648397088050842, "183": 0.22555005550384521, "184": 0.22463269531726837, "185": 0.22371459007263184, "186": 0.2228023111820221, "187": 0.22188228368759155, "188": 0.22097837924957275, "189": 0.220103919506073, "190": 0.2192493975162506, "191": 0.2183912992477417, "192": 0.2175482213497162, "193": 0.21675603091716766, "194": 0.21598772704601288, "195": 0.21522006392478943, "196": 0.2144773304462433, "197": 0.2137509286403656, "198": 0.21302981674671173, "199": 0.21232032775878906, "200": 0.21159754693508148, "201": 0.2108495831489563, "202": 0.21010586619377136, "203": 0.20936515927314758, "204": 0.2086198329925537, "205": 0.20833927392959595, "206": 0.20833048224449158, "207": 0.2097288966178894, "208": 0.20893819630146027, "209": 0.20814475417137146, "210": 0.20736125111579895, "211": 0.20657454431056976, "212": 0.20579750835895538, "213": 0.20505359768867493, "214": 0.2043544054031372, "215": 0.20369510352611542, "216": 0.20316249132156372, "217": 0.20264875888824463, "218": 0.20211848616600037, "219": 0.20160165429115295, "220": 0.20110002160072327, "221": 0.2005871683359146, "222": 0.20009249448776245, "223": 0.19957725703716278, "224": 0.19912226498126984, "225": 0.19867290556430817, "226": 0.19825607538223267, "227": 0.1978520303964615, "228": 0.19744877517223358, "229": 0.19705861806869507, "230": 0.19666048884391785, "231": 0.19631427526474, "232": 0.19593346118927002, "233": 0.19557903707027435, "234": 0.1952357441186905, "235": 0.1948660910129547, "236": 0.19450590014457703, "237": 0.19414660334587097, "238": 0.1937616914510727, "239": 0.19338178634643555, "240": 0.19318100810050964, "241": 0.19316667318344116, "242": 0.19456849992275238, "243": 0.19426432251930237, "244": 0.19397538900375366, "245": 0.1936706304550171, "246": 0.19356131553649902, "247": 0.1949627697467804, "248": 0.19465424120426178, "249": 0.19435445964336395, "250": 0.1940816044807434, "251": 0.1937880516052246, "252": 0.1935274451971054, "253": 0.19320201873779297, "254": 0.19287532567977905, "255": 0.19257232546806335, "256": 0.19226856529712677, "257": 0.19198794662952423, "258": 0.19174623489379883, "259": 0.19151350855827332, "260": 0.19128674268722534, "261": 0.1910596489906311, "262": 0.19071222841739655, "263": 0.19037066400051117, "264": 0.19004391133785248, "265": 0.18973243236541748, "266": 0.1894400268793106, "267": 0.18916645646095276, "268": 0.18890643119812012, "269": 0.18865421414375305, "270": 0.18840640783309937, "271": 0.18815699219703674, "272": 0.18791866302490234, "273": 0.18768805265426636, "274": 0.18746720254421234, "275": 0.18725404143333435, "276": 0.18705350160598755, "277": 0.18685489892959595, "278": 0.18666300177574158, "279": 0.18647530674934387, "280": 0.18629109859466553, "281": 0.1861160695552826, "282": 0.1859406679868698, "283": 0.18577158451080322, "284": 0.18561333417892456, "285": 0.1854611337184906, "286": 0.18530413508415222, "287": 0.1851523518562317, "288": 0.1849004626274109, "289": 0.18475475907325745, "290": 0.18457773327827454, "291": 0.18440701067447662, "292": 0.18424126505851746, "293": 0.18407973647117615, "294": 0.18392375111579895,