{"0": 998.3068525791168, "1": 0.05020266771316528, "2": 0.0007862448692321777, "3": 0.001403510570526123, "4": 0.001796722412109375, "5": 0.0020180344581604004, "6": 0.002115309238433838, "7": 0.002153158187866211, "8": 0.0021703243255615234, "9": 0.0021622180938720703, "10": 0.0021210908889770508, "11": 0.002063453197479248, "12": 0.002131164073944092, "13": 0.0022071003913879395, "14": 0.0022655725479125977, "15": 0.0023273229598999023, "16": 0.0023801326751708984, "17": 0.0024167299270629883, "18": 0.002450227737426758, "19": 0.0024796724319458008, "20": 0.002491593360900879, "21": 0.00249326229095459, "22": 0.0024967193603515625, "23": 0.0024850964546203613, "24": 0.0024920105934143066, "25": 0.002497732639312744, "26": 0.0025187134742736816, "27": 0.002533257007598877, "28": 0.002546370029449463, "29": 0.0025601983070373535, "30": 0.0025670528411865234, "31": 0.002570033073425293, "32": 0.0025601983070373535, "33": 0.002554953098297119, "34": 0.002557516098022461, "35": 0.0025578737258911133, "36": 0.00255662202835083, "37": 0.002549111843109131, "38": 0.0025547146797180176, "39": 0.0025562644004821777, "40": 0.0025548338890075684, "41": 0.0025386810302734375, "42": 0.0025424957275390625, "43": 0.0025253891944885254, "44": 0.002541840076446533, "45": 0.0025004148483276367, "46": 0.0025764107704162598, "47": 0.002515852451324463, "48": 0.0027900338172912598, "49": 0.0025492310523986816, "50": 0.0026696324348449707, "51": 0.002442598342895508, "52": 0.00251615047454834, "53": 0.0024055838584899902, "54": 0.002437770366668701, "55": 0.00238645076751709, "56": 0.002413511276245117, "57": 0.00236356258392334, "58": 0.0024672746658325195, "59": 0.0024248361587524414, "60": 0.0026506781578063965, "61": 0.0023829638957977295, "62": 0.002450704574584961, "63": 0.002272307872772217, "64": 0.002331256866455078, "65": 0.002262294292449951, "66": 0.002315610647201538, "67": 0.0022708773612976074, "68": 0.0023598074913024902, "69": 0.0023475587368011475, "70": 0.0023838281631469727, "71": 0.0022661685943603516, "72": 0.002227276563644409, "73": 0.002165496349334717, "74": 0.0023948848247528076, "75": 0.002605527639389038, "76": 0.0020442306995391846, "77": 0.0020349621772766113, "78": 0.0020287930965423584, "79": 0.0020561814308166504, "80": 0.0021221041679382324, "81": 0.0022145211696624756, "82": 0.002123326063156128, "83": 0.0020607709884643555, "84": 0.0019898414611816406, "85": 0.0020713210105895996, "86": 0.0022661685943603516, "87": 0.0022425949573516846, "88": 0.00189971923828125, "89": 0.0018862783908843994, "90": 0.0019544363021850586, "91": 0.002052873373031616, "92": 0.0019100606441497803, "93": 0.0019174814224243164, "94": 0.0018999874591827393, "95": 0.0020208358764648438, "96": 0.0018540918827056885, "97": 0.0018710792064666748, "98": 0.00206562876701355, "99": 0.001966625452041626, "100": 0.0017476379871368408, "101": 0.0017521083354949951, "102": 0.0017609000205993652, "103": 0.0018000900745391846, "104": 0.001738429069519043, "105": 0.0017637312412261963, "106": 0.0017308294773101807, "107": 0.0017836987972259521, "108": 0.001643747091293335, "109": 0.00168532133102417, "110": 0.0017982721328735352, "111": 0.0017107129096984863, "112": 0.0015999674797058105, "113": 0.0015761852264404297, "114": 0.0015876293182373047, "115": 0.001576751470565796, "116": 0.001438826322555542, "117": 0.001499563455581665, "118": 0.0015201270580291748, "119": 0.0015221238136291504, "120": 0.0013882815837860107, "121": 0.001490473747253418, "122": 0.0014883875846862793, "123": 0.0014150142669677734, "124": 0.0013474225997924805, "125": 0.0013534128665924072, "126": 0.0013508200645446777, "127": 0.0013481676578521729, "128": 0.0012103915214538574, "129": 0.0012826621532440186, "130": 0.001255422830581665, "131": 0.0012502670288085938, "132": 0.001184612512588501, "133": 0.0012478828430175781, "134": 0.0012615323066711426, "135": 0.0011864006519317627, "136": 0.0011328458786010742, "137": 0.001139521598815918, "138": 0.0011054277420043945, "139": 0.0011165440082550049, "140": 0.0009841322898864746, "141": 0.0010599493980407715, "142": 0.0010132789611816406, "143": 0.0010161101818084717, "144": 0.000995934009552002, "145": 0.0010245740413665771, "146": 0.0010311901569366455, "147": 0.0009906589984893799, "148": 0.0009400844573974609, "149": 0.0009462833404541016, "150": 0.0009165108203887939, "151": 0.0009134411811828613, "152": 0.0008284151554107666, "153": 0.0008941292762756348, "154": 0.0007665753364562988, "155": 0.000858008861541748, "156": 0.0008422732353210449, "157": 0.0008448362350463867, "158": 0.0008645057678222656, "159": 0.0008302628993988037, "160": 0.0007888972759246826, "161": 0.0007890164852142334, "162": 0.0007448196411132812, "163": 0.0007449686527252197, "164": 0.0007156431674957275, "165": 0.0007010102272033691, "166": 0.0006594359874725342, "167": 0.0006548762321472168, "168": 0.0006888508796691895, "169": 0.0006582438945770264, "170": 0.0006663203239440918, "171": 0.0006755590438842773, "172": 0.0006379485130310059, "173": 0.0006159543991088867, "174": 0.0005787312984466553, "175": 0.0006147325038909912, "176": 0.0005135238170623779, "177": 0.0005653500556945801, "178": 0.000529944896697998, "179": 0.0005238354206085205, "180": 0.0005431771278381348, "181": 0.0005050301551818848, "182": 0.0005394518375396729, "183": 0.0005351901054382324, "184": 0.0004911720752716064, "185": 0.0004887580871582031, "186": 0.0004667043685913086, "187": 0.00045612454414367676, "188": 0.0004061758518218994, "189": 0.00043785572052001953, "190": 0.00041988492012023926, "191": 0.0004036128520965576, "192": 0.00042515993118286133, "193": 0.00040203332901000977, "194": 0.0004226267337799072, "195": 0.00040581822395324707, "196": 0.00037282705307006836, "197": 0.0003833472728729248, "198": 0.0003650188446044922, "199": 0.0003375411033630371, "200": 0.0003274381160736084, "201": 0.0003479421138763428, "202": 0.0003006160259246826, "203": 0.0003255903720855713, "204": 0.0003237724304199219, "205": 0.0002963840961456299, "206": 0.00032338500022888184, "207": 0.00031504034996032715, "208": 0.0002951323986053467, "209": 0.0002900362014770508, "210": 0.000288158655166626, "211": 0.00026673078536987305, "212": 0.0002499520778656006, "213": 0.00026848912239074707, "214": 0.0002346634864807129, "215": 0.00025004148483276367, "216": 0.00024083256721496582, "217": 0.00022721290588378906, "218": 0.00022262334823608398, "219": 0.00021350383758544922, "220": 0.00021398067474365234, "221": 0.00022727251052856445, "222": 0.00022342801094055176, "223": 0.0001958906650543213, "224": 0.0001990795135498047, "225": 0.00019755959510803223, "226": 0.00020316243171691895, "227": 0.00018915534019470215, "228": 0.00017878413200378418, "229": 0.00018772482872009277, "230": 0.00016504526138305664, "231": 0.00016611814498901367, "232": 0.00017136335372924805, "233": 0.00014597177505493164, "234": 0.00017368793487548828, "235": 0.00015172362327575684, "236": 0.00015345215797424316, "237": 0.00014194846153259277, "238": 0.0001475811004638672, "239": 0.00012198090553283691, "240": 0.0001359879970550537, "241": 0.00013884902000427246, "242": 0.0001259446144104004, "243": 0.00013318657875061035, "244": 0.00010964274406433105, "245": 0.00012239813804626465, "246": 0.00011405348777770996, "247": 0.00012126564979553223, "248": 0.00012123584747314453, "249": 0.00010830163955688477, "250": 0.00010433793067932129, "251": 0.00011074542999267578, "252": 0.00010186433792114258, "253": 0.00010332465171813965, "254": 0.0001055598258972168, "255": 9.143352508544922e-05, "256": 9.414553642272949e-05, "257": 7.972121238708496e-05, "258": 8.994340896606445e-05, "259": 9.09268856048584e-05, "260": 8.115172386169434e-05, "261": 8.374452590942383e-05, "262": 7.975101470947266e-05, "263": 7.50124454498291e-05, "264": 7.75754451751709e-05, "265": 6.42240047454834e-05, "266": 7.557868957519531e-05, "267": 6.970763206481934e-05, "268": 6.35385513305664e-05, "269": 7.343292236328125e-05, "270": 5.2094459533691406e-05,