{"0": 0.6931474208831787, "1": 0.8779804110527039, "2": 0.8750277161598206, "3": 0.7828335762023926, "4": 0.714096188545227, "5": 0.670795202255249, "6": 0.6387457251548767, "7": 0.6134599447250366, "8": 0.5925214886665344, "9": 0.5746234059333801, "10": 0.5589872598648071, "11": 0.5450883507728577, "12": 0.5327125191688538, "13": 0.5214395523071289, "14": 0.5112361907958984, "15": 0.5018821954727173, "16": 0.4931844174861908, "17": 0.48507025837898254, "18": 0.4774583578109741, "19": 0.4703187644481659, "20": 0.46359166502952576, "21": 0.45716726779937744, "22": 0.45107701420783997, "23": 0.4452500343322754, "24": 0.4397103488445282, "25": 0.4343715310096741, "26": 0.42927274107933044, "27": 0.4243832528591156, "28": 0.41966697573661804, "29": 0.4151524603366852, "30": 0.4107658267021179, "31": 0.4065231680870056, "32": 0.4024159014225006, "33": 0.39843565225601196, "34": 0.3945895731449127, "35": 0.39085686206817627, "36": 0.3872084319591522, "37": 0.38366830348968506, "38": 0.38020452857017517, "39": 0.3768188953399658, "40": 0.37350258231163025, "41": 0.3702969551086426, "42": 0.3671145737171173, "43": 0.3640015125274658, "44": 0.36098548769950867, "45": 0.35799410939216614, "46": 0.3550579249858856, "47": 0.35217148065567017, "48": 0.34932953119277954, "49": 0.34654051065444946, "50": 0.34382307529449463, "51": 0.3411034941673279, "52": 0.33844122290611267, "53": 0.33582115173339844, "54": 0.3332202136516571, "55": 0.33065876364707947, "56": 0.3281407952308655, "57": 0.32567569613456726, "58": 0.32321789860725403, "59": 0.3208003044128418, "60": 0.31841757893562317, "61": 0.3160713016986847, "62": 0.31376275420188904, "63": 0.31148529052734375, "64": 0.3092414140701294, "65": 0.3070216178894043, "66": 0.3048327565193176, "67": 0.30266669392585754, "68": 0.3005271553993225, "69": 0.29842087626457214, "70": 0.29634881019592285, "71": 0.29430949687957764, "72": 0.29229599237442017, "73": 0.2903040051460266, "74": 0.2883304953575134, "75": 0.2863767445087433, "76": 0.28445005416870117, "77": 0.2825452387332916, "78": 0.280661940574646, "79": 0.27881062030792236, "80": 0.2769840359687805, "81": 0.27517250180244446, "82": 0.2733782231807709, "83": 0.27160441875457764, "84": 0.26984962821006775, "85": 0.26811671257019043, "86": 0.26640021800994873, "87": 0.26469627022743225, "88": 0.26300573348999023, "89": 0.2613237500190735, "90": 0.2596508264541626, "91": 0.25798219442367554, "92": 0.25631773471832275, "93": 0.25465723872184753, "94": 0.253003865480423, "95": 0.25135302543640137, "96": 0.249698668718338, "97": 0.24803432822227478, "98": 0.24635986983776093, "99": 0.24468249082565308, "100": 0.24300363659858704, "101": 0.24129360914230347, "102": 0.23949739336967468, "103": 0.23750713467597961, "104": 0.235418438911438, "105": 0.2329629808664322, "106": 0.2308177649974823, "107": 0.22873370349407196, "108": 0.22646044194698334, "109": 0.22434821724891663, "110": 0.22202198207378387, "111": 0.21997816860675812, "112": 0.21770909428596497, "113": 0.21560969948768616, "114": 0.21335050463676453, "115": 0.21127204596996307, "116": 0.20955100655555725, "117": 0.20786139369010925, "118": 0.20601102709770203, "119": 0.20448468625545502, "120": 0.20277799665927887, "121": 0.20131850242614746, "122": 0.19963616132736206, "123": 0.1982739269733429, "124": 0.19659249484539032, "125": 0.19520169496536255, "126": 0.1935686618089676, "127": 0.19199402630329132, "128": 0.1904502809047699, "129": 0.18921136856079102, "130": 0.18795019388198853, "131": 0.18672950565814972, "132": 0.18557266891002655, "133": 0.1844004988670349, "134": 0.1832752227783203, "135": 0.18206308782100677, "136": 0.18085536360740662, "137": 0.17979303002357483, "138": 0.1786077916622162, "139": 0.17747434973716736, "140": 0.1762925386428833, "141": 0.1752370297908783, "142": 0.17408178746700287, "143": 0.17303456366062164, "144": 0.17192204296588898, "145": 0.17082786560058594, "146": 0.16971644759178162, "147": 0.16850480437278748, "148": 0.1673317551612854, "149": 0.1661151945590973, "150": 0.16491493582725525, "151": 0.1638513207435608, "152": 0.16277450323104858, "153": 0.16179415583610535, "154": 0.1608199179172516, "155": 0.1599774956703186, "156": 0.15903183817863464, "157": 0.15817949175834656, "158": 0.1572694629430771, "159": 0.15645048022270203, "160": 0.15559685230255127, "161": 0.15478099882602692, "162": 0.15394531190395355, "163": 0.15320700407028198, "164": 0.1523716151714325, "165": 0.15159495174884796, "166": 0.15081214904785156, "167": 0.150032177567482, "168": 0.14919070899486542, "169": 0.14840491116046906, "170": 0.14760759472846985, "171": 0.14685237407684326, "172": 0.14602884650230408, "173": 0.14527660608291626, "174": 0.1444343775510788, "175": 0.1437193900346756, "176": 0.14290699362754822, "177": 0.14222076535224915, "178": 0.141495019197464, "179": 0.1408216953277588, "180": 0.14016187191009521, "181": 0.13958358764648438, "182": 0.1388939917087555, "183": 0.13826283812522888, "184": 0.13765761256217957, "185": 0.1370345801115036, "186": 0.13643811643123627, "187": 0.1358298659324646, "188": 0.1352381706237793, "189": 0.13475023210048676, "190": 0.1342073678970337, "191": 0.13366545736789703, "192": 0.13311181962490082, "193": 0.13263222575187683, "194": 0.1321261078119278, "195": 0.13166971504688263, "196": 0.1311638504266739, "197": 0.1306997686624527, "198": 0.13021475076675415, "199": 0.12975388765335083, "200": 0.12934711575508118, "201": 0.12891817092895508, "202": 0.12850922346115112, "203": 0.12814493477344513, "204": 0.12775251269340515, "205": 0.1273851841688156, "206": 0.12701880931854248, "207": 0.12665227055549622, "208": 0.1262855976819992, "209": 0.12590861320495605, "210": 0.12551209330558777, "211": 0.12515783309936523, "212": 0.12477271258831024, "213": 0.12443800270557404, "214": 0.12412133067846298, "215": 0.12378916144371033, "216": 0.12343260645866394, "217": 0.12306001782417297, "218": 0.12271996587514877, "219": 0.12240457534790039, "220": 0.12208156287670135, "221": 0.12175209820270538, "222": 0.12141743302345276, "223": 0.12106745690107346, "224": 0.12072192132472992, "225": 0.12041257321834564, "226": 0.12007485330104828, "227": 0.11971066892147064, "228": 0.11934138834476471, "229": 0.1189950555562973, "230": 0.1185985654592514, "231": 0.11820320785045624, "232": 0.11780285835266113, "233": 0.11744329333305359, "234": 0.11706618964672089, "235": 0.11673247069120407, "236": 0.11645656079053879, "237": 0.11625640094280243, "238": 0.1159944236278534, "239": 0.11577553302049637, "240": 0.1156083419919014, "241": 0.11541149020195007, "242": 0.11521632969379425, "243": 0.11493087559938431, "244": 0.11469264328479767, "245": 0.11447965353727341, "246": 0.11418364942073822, "247": 0.11383847892284393, "248": 0.1134442538022995, "249": 0.11316370964050293, "250": 0.11286264657974243, "251": 0.11251236498355865, "252": 0.11230441182851791, "253": 0.11209803819656372, "254": 0.11184659600257874, "255": 0.11149805784225464, "256": 0.11124708503484726, "257": 0.11096839606761932, "258": 0.11067374050617218, "259": 0.11049839854240417, "260": 0.11018376052379608, "261": 0.11008375883102417, "262": 0.11001642048358917, "263": 0.10988396406173706, "264": 0.10981918126344681, "265": 0.10975562036037445, "266": 0.1096874475479126, "267": 0.10961014032363892, "268": 0.10951846837997437, "269": 0.10935855656862259, "270": 0.10920725017786026, "271": 0.10911725461483002, "272": 0.10901971161365509, "273": 0.10892120748758316, "274": 0.10881885141134262, "275": 0.10871557891368866, "276": 0.10860784351825714, "277": 0.10850995033979416, "278": 0.10842478275299072, "279": 0.10835444927215576, "280": 0.10828796774148941, "281": 0.10822217166423798, "282": 0.10815700888633728, "283": 0.10810106247663498, "284": 0.10804674029350281, "285": 0.10798993706703186, "286": 0.10793418437242508, "287": 0.10788175463676453, "288": 0.10784856975078583, "289": 0.10780559480190277, "290": 0.1077653244137764, "291": 0.10760714113712311, "292": 0.10743336379528046,