{"0": 998.3068525791168, "1": -0.10640847682952881, "2": 0.003035902976989746, "3": 0.01989006996154785, "4": 0.019926607608795166, "5": 0.01873224973678589, "6": 0.01711636781692505, "7": 0.015571057796478271, "8": 0.014203846454620361, "9": 0.012804090976715088, "10": 0.01160883903503418, "11": 0.010513067245483398, "12": 0.009605765342712402, "13": 0.008742451667785645, "14": 0.00803154706954956, "15": 0.007402002811431885, "16": 0.0068245530128479, "17": 0.0063280463218688965, "18": 0.005894362926483154, "19": 0.005563259124755859, "20": 0.005298256874084473, "21": 0.00497812032699585, "22": 0.004687905311584473, "23": 0.004417538642883301, "24": 0.004185199737548828, "25": 0.0039969682693481445, "26": 0.0038033127784729004, "27": 0.0036553144454956055, "28": 0.003469109535217285, "29": 0.0033015012741088867, "30": 0.003146052360534668, "31": 0.002970457077026367, "32": 0.002843618392944336, "33": 0.002745687961578369, "34": 0.002635061740875244, "35": 0.0025027990341186523, "36": 0.0024043917655944824, "37": 0.002319157123565674, "38": 0.002242743968963623, "39": 0.0021677613258361816, "40": 0.002088606357574463, "41": 0.002004861831665039, "42": 0.0019436478614807129, "43": 0.0018963217735290527, "44": 0.0018115043640136719, "45": 0.0017396807670593262, "46": 0.0016765594482421875, "47": 0.0016205310821533203, "48": 0.0015676021575927734, "49": 0.0015177726745605469, "50": 0.0014761686325073242, "51": 0.0014314055442810059, "52": 0.0013745427131652832, "53": 0.0013319849967956543, "54": 0.0012922883033752441, "55": 0.0012635588645935059, "56": 0.001229703426361084, "57": 0.0012012124061584473, "58": 0.0011600255966186523, "59": 0.001137375831604004, "60": 0.00109061598777771, "61": 0.001071333885192871, "62": 0.0010384321212768555, "63": 0.0010082125663757324, "64": 0.0009546279907226562, "65": 0.0009371042251586914, "66": 0.0009068548679351807, "67": 0.0008908212184906006, "68": 0.0008613169193267822, "69": 0.000844806432723999, "70": 0.0008168816566467285, "71": 0.0007897913455963135, "72": 0.0007763206958770752, "73": 0.0007398426532745361, "74": 0.0007254481315612793, "75": 0.0007085800170898438, "76": 0.0006975531578063965, "77": 0.0006787776947021484, "78": 0.000668257474899292, "79": 0.0006540417671203613, "80": 0.0006414353847503662, "81": 0.000630497932434082, "82": 0.0006177127361297607, "83": 0.0006065964698791504, "84": 0.0005851089954376221, "85": 0.0005825459957122803, "86": 0.000565648078918457, "87": 0.000552058219909668, "88": 0.0005285441875457764, "89": 0.0005270540714263916, "90": 0.0005149245262145996, "91": 0.0005090832710266113, "92": 0.0005034506320953369, "93": 0.000500023365020752, "94": 0.0004942119121551514, "95": 0.0004892945289611816, "96": 0.0004901289939880371, "97": 0.0004833042621612549, "98": 0.0004774332046508789, "99": 0.00047466158866882324, "100": 0.000469893217086792, "101": 0.0004659891128540039, "102": 0.0004654228687286377, "103": 0.0004654228687286377, "104": 0.0004628896713256836, "105": 0.0004710853099822998, "106": 0.0004754960536956787, "107": 0.0004820525646209717, "108": 0.00048619508743286133, "109": 0.0004936754703521729, "110": 0.0004974007606506348, "111": 0.0005094408988952637, "112": 0.0005213618278503418, "113": 0.0005247592926025391, "114": 0.0005226433277130127, "115": 0.0005268752574920654, "116": 0.0005577206611633301, "117": 0.0005705952644348145, "118": 0.0005905330181121826, "119": 0.0006313621997833252, "120": 0.0006564557552337646, "121": 0.0006948411464691162, "122": 0.0007287561893463135, "123": 0.0007539689540863037, "124": 0.0007874965667724609, "125": 0.0008483231067657471, "126": 0.0009027719497680664, "127": 0.0009728372097015381, "128": 0.0010316967964172363, "129": 0.00110587477684021, "130": 0.0012464523315429688, "131": 0.0017460882663726807, "132": 0.0014840662479400635, "133": 0.0020917654037475586, "134": 0.0016019940376281738, "135": 0.00209653377532959, "136": 0.0016299188137054443, "137": 0.0019981861114501953, "138": 0.0015933811664581299, "139": 0.0018561184406280518, "140": 0.0016996562480926514, "141": 0.0016226470470428467, "142": 0.0017741918563842773, "143": 0.0017576217651367188, "144": 0.001789867877960205, "145": 0.0017647743225097656, "146": 0.0016743838787078857, "147": 0.0014054179191589355, "148": 0.0016475915908813477, "149": 0.0015816092491149902, "150": 0.0015421807765960693, "151": 0.001410156488418579, "152": 0.001329183578491211, "153": 0.0013740956783294678, "154": 0.0013838708400726318, "155": 0.001339048147201538, "156": 0.0013287663459777832, "157": 0.0013156533241271973, "158": 0.001020193099975586, "159": 0.0011376738548278809, "160": 0.0010522902011871338, "161": 0.0010153651237487793, "162": 0.0009717047214508057, "163": 0.0009178817272186279, "164": 0.000981837511062622, "165": 0.0010032951831817627, "166": 0.0009593665599822998, "167": 0.0009087622165679932, "168": 0.0008604228496551514, "169": 0.0007385313510894775, "170": 0.000721663236618042, "171": 0.0007433295249938965, "172": 0.0007573068141937256, "173": 0.0007714629173278809, "174": 0.0007354617118835449, "175": 0.0007276833057403564, "176": 0.0007205009460449219, "177": 0.0007219910621643066, "178": 0.0007216334342956543, "179": 0.0007256269454956055, "180": 0.0007156729698181152, "181": 0.0006368756294250488, "182": 0.0006236433982849121, "183": 0.0005819201469421387, "184": 0.0005581378936767578, "185": 0.0005487799644470215, "186": 0.0005531907081604004, "187": 0.000559687614440918, "188": 0.0005519390106201172, "189": 0.000551074743270874, "190": 0.0005315542221069336, "191": 0.0005264580249786377, "192": 0.0005779564380645752, "193": 0.0005403459072113037, "194": 0.0006160736083984375, "195": 0.0005728006362915039, "196": 0.000549614429473877, "197": 0.0005501508712768555, "198": 0.0005888640880584717, "199": 0.0005331933498382568, "200": 0.000526726245880127, "201": 0.0005443990230560303, "202": 0.0005646347999572754, "203": 0.0005313456058502197, "204": 0.000525057315826416, "205": 0.0005026757717132568, "206": 0.0004858970642089844, "207": 0.00041297078132629395, "208": 0.000450819730758667, "209": 0.00037607550621032715, "210": 0.00036984682083129883, "211": 0.0003101229667663574, "212": 0.0002816319465637207, "213": 0.00027889013290405273, "214": 0.0002669095993041992, "215": 0.00026416778564453125, "216": 0.0002460479736328125, "217": 0.0002505183219909668, "218": 0.0002422034740447998, "219": 0.0002391040325164795, "220": 0.0002351999282836914, "221": 0.00021985173225402832, "222": 0.0002180039882659912, "223": 0.00020045042037963867, "224": 0.00021404027938842773, "225": 0.00020837783813476562, "226": 0.00020936131477355957, "227": 0.0002123713493347168, "228": 0.00021308660507202148, "229": 0.00017452239990234375, "230": 0.00018230080604553223, "231": 0.00019073486328125, "232": 0.00019693374633789062, "233": 0.0001895427703857422, "234": 0.0001907050609588623, "235": 0.00019249320030212402, "236": 0.00020122528076171875, "237": 0.00019094347953796387, "238": 0.0001849830150604248, "239": 0.0001887977123260498, "240": 0.00020492076873779297, "241": 0.00020110607147216797, "242": 0.0002103745937347412, "243": 0.0001881718635559082, "244": 0.00018459558486938477, "245": 0.00018930435180664062, "246": 0.0002034306526184082, "247": 0.0002002716064453125, "248": 0.000239640474319458, "249": 0.00017964839935302734, "250": 0.00017520785331726074, "251": 9.53972339630127e-05, "252": 7.876753807067871e-05, "253": 7.766485214233398e-05, "254": 7.829070091247559e-05, "255": 0.0001424252986907959, "256": 8.362531661987305e-05, "257": 8.225440979003906e-05, "258": 9.167194366455078e-05, "259": 8.314847946166992e-05, "260": 7.483363151550293e-05, "261": 7.650256156921387e-05, "262": 8.07046890258789e-05, "263": 8.296966552734375e-05, "264": 9.584426879882812e-05, "265": 9.334087371826172e-05, "266": 9.810924530029297e-05, "267": 0.00011909008026123047, "268": 0.00011900067329406738, "269": 0.00010380148887634277, "270": 0.00010088086128234863, "271": 6.133317947387695e-05,