{"0": 0.6931474208831787, "1": 0.7880539298057556, "2": 0.7851171493530273, "3": 0.7640489339828491, "4": 0.7429977655410767, "5": 0.7234529256820679, "6": 0.7056658864021301, "7": 0.6897627711296082, "8": 0.6754233241081238, "9": 0.6625628471374512, "10": 0.6509436368942261, "11": 0.6404446959495544, "12": 0.6311600804328918, "13": 0.6225363612174988, "14": 0.6147276163101196, "15": 0.6076332926750183, "16": 0.601203978061676, "17": 0.595106840133667, "18": 0.5894734263420105, "19": 0.5842522978782654, "20": 0.5793770551681519, "21": 0.5747857093811035, "22": 0.5704478025436401, "23": 0.5663278698921204, "24": 0.5624373555183411, "25": 0.5587230324745178, "26": 0.5551565885543823, "27": 0.5517775416374207, "28": 0.5485875606536865, "29": 0.5455302000045776, "30": 0.5426127910614014, "31": 0.5398339033126831, "32": 0.5371530055999756, "33": 0.5345959067344666, "34": 0.5321504473686218, "35": 0.5298211574554443, "36": 0.5275710821151733, "37": 0.5254275798797607, "38": 0.5233637094497681, "39": 0.5213800668716431, "40": 0.5194581151008606, "41": 0.5176101922988892, "42": 0.515817403793335, "43": 0.5140820741653442, "44": 0.5124197006225586, "45": 0.5108118653297424, "46": 0.5092568397521973, "47": 0.5077619552612305, "48": 0.5063260793685913, "49": 0.5049420595169067, "50": 0.5036135315895081, "51": 0.5023366808891296, "52": 0.5010903477668762, "53": 0.49988386034965515, "54": 0.498713880777359, "55": 0.4975810647010803, "56": 0.49649032950401306, "57": 0.49542248249053955, "58": 0.494387149810791, "59": 0.4933727979660034, "60": 0.4923819303512573, "61": 0.4914131760597229, "62": 0.4904767870903015, "63": 0.4895663261413574, "64": 0.4886736273765564, "65": 0.48779717087745667, "66": 0.48694300651550293, "67": 0.48610708117485046, "68": 0.4852878451347351, "69": 0.4844951033592224, "70": 0.4837155342102051, "71": 0.4829568862915039, "72": 0.4822174310684204, "73": 0.4814884066581726, "74": 0.4807686507701874, "75": 0.4800634980201721, "76": 0.479370653629303, "77": 0.4786815941333771, "78": 0.47801947593688965, "79": 0.47736406326293945, "80": 0.476726233959198, "81": 0.47611767053604126, "82": 0.4755129814147949, "83": 0.4749300479888916, "84": 0.47435373067855835, "85": 0.4738028943538666, "86": 0.4732639491558075, "87": 0.4727334976196289, "88": 0.4722106456756592, "89": 0.4716910123825073, "90": 0.4711802005767822, "91": 0.47067591547966003, "92": 0.4701789915561676, "93": 0.46968644857406616, "94": 0.46920427680015564, "95": 0.4687132239341736, "96": 0.46821922063827515, "97": 0.46772629022598267, "98": 0.46723437309265137, "99": 0.46674883365631104, "100": 0.466274231672287, "101": 0.46580779552459717, "102": 0.465351939201355, "103": 0.4648917615413666, "104": 0.46442505717277527, "105": 0.463957279920578, "106": 0.4634891152381897, "107": 0.46303823590278625, "108": 0.4625871479511261, "109": 0.4621366858482361, "110": 0.4616825580596924, "111": 0.4612334072589874, "112": 0.46077626943588257, "113": 0.4603174328804016, "114": 0.4598521292209625, "115": 0.45938682556152344, "116": 0.4588898718357086, "117": 0.4583927094936371, "118": 0.4578910768032074, "119": 0.4573594331741333, "120": 0.4568277597427368, "121": 0.4562777876853943, "122": 0.4557083249092102, "123": 0.4551229178905487, "124": 0.45453330874443054, "125": 0.45391494035720825, "126": 0.4532269537448883, "127": 0.4524640440940857, "128": 0.4516507387161255, "129": 0.450765997171402, "130": 0.44981658458709717, "131": 0.4488183856010437, "132": 0.44778043031692505, "133": 0.4467088580131531, "134": 0.4456213414669037, "135": 0.44446635246276855, "136": 0.4432336986064911, "137": 0.44190457463264465, "138": 0.4404429495334625, "139": 0.43879935145378113, "140": 0.43706515431404114, "141": 0.4352566599845886, "142": 0.4334518313407898, "143": 0.43160533905029297, "144": 0.43005117774009705, "145": 0.4285035729408264, "146": 0.42686235904693604, "147": 0.42532142996788025, "148": 0.423758327960968, "149": 0.422201007604599, "150": 0.4206395149230957, "151": 0.41913625597953796, "152": 0.4176509380340576, "153": 0.4162294864654541, "154": 0.4148801863193512, "155": 0.41362646222114563, "156": 0.41261258721351624, "157": 0.41133570671081543, "158": 0.41014307737350464, "159": 0.4089662432670593, "160": 0.40797343850135803, "161": 0.40678614377975464, "162": 0.40581047534942627, "163": 0.4046262502670288, "164": 0.40342605113983154, "165": 0.4022715389728546, "166": 0.40115997195243835, "167": 0.4001587927341461, "168": 0.39902013540267944, "169": 0.39799463748931885, "170": 0.39689895510673523, "171": 0.3959203362464905, "172": 0.3947770297527313, "173": 0.3936290740966797, "174": 0.3926318287849426, "175": 0.39157816767692566, "176": 0.3905051648616791, "177": 0.38946786522865295, "178": 0.3885208070278168, "179": 0.38760805130004883, "180": 0.386671245098114, "181": 0.3856560289859772, "182": 0.38473883271217346, "183": 0.3838607668876648, "184": 0.38279959559440613, "185": 0.3818596303462982, "186": 0.3808824419975281, "187": 0.37990880012512207, "188": 0.3789205849170685, "189": 0.37791162729263306, "190": 0.37700414657592773, "191": 0.3762074410915375, "192": 0.37526217103004456, "193": 0.3743908703327179, "194": 0.37349992990493774, "195": 0.37247973680496216, "196": 0.3714332580566406, "197": 0.37037330865859985, "198": 0.3693943917751312, "199": 0.3684141933917999, "200": 0.36752212047576904, "201": 0.36673372983932495, "202": 0.36582738161087036, "203": 0.36501407623291016, "204": 0.3641621470451355, "205": 0.3631882071495056, "206": 0.3623546361923218, "207": 0.3615467846393585, "208": 0.3607942461967468, "209": 0.35992199182510376, "210": 0.359067440032959, "211": 0.3582676947116852, "212": 0.3577287495136261, "213": 0.3571266531944275, "214": 0.35634681582450867, "215": 0.3557721972465515, "216": 0.3551921546459198, "217": 0.3545841872692108, "218": 0.35396382212638855, "219": 0.3531891405582428, "220": 0.35249125957489014, "221": 0.3517872095108032, "222": 0.3510611951351166, "223": 0.350307822227478, "224": 0.34955888986587524, "225": 0.3488394021987915, "226": 0.34813812375068665, "227": 0.3474438488483429, "228": 0.3467855751514435, "229": 0.3460662364959717, "230": 0.34535664319992065, "231": 0.34465670585632324, "232": 0.34391945600509644, "233": 0.3430948257446289, "234": 0.34239864349365234, "235": 0.34157830476760864, "236": 0.3409762382507324, "237": 0.3404691815376282, "238": 0.3399510085582733, "239": 0.33939826488494873, "240": 0.338908314704895, "241": 0.3384019434452057, "242": 0.33792153000831604, "243": 0.3371974229812622, "244": 0.3365837335586548, "245": 0.33611202239990234, "246": 0.3356133997440338, "247": 0.3351559042930603, "248": 0.3347126245498657, "249": 0.33427974581718445, "250": 0.3338584899902344, "251": 0.3334539532661438, "252": 0.3330363631248474, "253": 0.33245939016342163, "254": 0.33206266164779663, "255": 0.33143332600593567, "256": 0.3309917747974396, "257": 0.330624520778656, "258": 0.33020782470703125, "259": 0.3298318386077881, "260": 0.329487681388855, "261": 0.3291369378566742, "262": 0.3287985026836395, "263": 0.32843685150146484, "264": 0.3280579149723053, "265": 0.3277662992477417, "266": 0.3274807035923004, "267": 0.32721734046936035, "268": 0.32696062326431274, "269": 0.32670852541923523, "270": 0.3264646530151367, "271": 0.32623106241226196, "272": 0.3259996771812439, "273": 0.3257717192173004, "274": 0.325547456741333, "275": 0.3251972794532776, "276": 0.3249167799949646, "277": 0.3246232271194458, "278": 0.32431963086128235, "279": 0.32401418685913086, "280": 0.32368871569633484, "281": 0.32336029410362244, "282": 0.3230406641960144, "283": 0.32272401452064514, "284": 0.3224141299724579, "285": 0.3221246600151062, "286": 0.321869432926178, "287": 0.3215995132923126, "288": 0.3213140368461609, "289": 0.3211039900779724, "290": 0.3208809494972229, "291": 0.3206585943698883, "292": 0.32043591141700745, "293": 0.3202225863933563, "294": 0.32003170251846313, "295": 0.31984901428222656, "296": 0.31966549158096313,