{"0": 0.6931474208831787, "1": 0.6423888206481934, "2": 0.6406586170196533, "3": 0.46411824226379395, "4": 0.4119777977466583, "5": 0.38730448484420776, "6": 0.37055182456970215, "7": 0.35797274112701416, "8": 0.34796974062919617, "9": 0.339603453874588, "10": 0.3326670825481415, "11": 0.3267747461795807, "12": 0.3215998411178589, "13": 0.31702354550361633, "14": 0.31295621395111084, "15": 0.30930233001708984, "16": 0.30590367317199707, "17": 0.3027535378932953, "18": 0.29987430572509766, "19": 0.2972160875797272, "20": 0.29469993710517883, "21": 0.2923519015312195, "22": 0.29014143347740173, "23": 0.28806573152542114, "24": 0.28606975078582764, "25": 0.28415969014167786, "26": 0.2823337912559509, "27": 0.2805668115615845, "28": 0.27886050939559937, "29": 0.2772280275821686, "30": 0.2756877541542053, "31": 0.2742159366607666, "32": 0.27280882000923157, "33": 0.27147313952445984, "34": 0.27019035816192627, "35": 0.2689342498779297, "36": 0.26772359013557434, "37": 0.26658523082733154, "38": 0.26550543308258057, "39": 0.26446229219436646, "40": 0.2634848654270172, "41": 0.2625463008880615, "42": 0.2616293430328369, "43": 0.2607533037662506, "44": 0.2599085569381714, "45": 0.25909659266471863, "46": 0.25831368565559387, "47": 0.2575652003288269, "48": 0.2568374574184418, "49": 0.2561297118663788, "50": 0.25544172525405884, "51": 0.25476399064064026, "52": 0.25410765409469604, "53": 0.25347578525543213, "54": 0.25285032391548157, "55": 0.2522472143173218, "56": 0.25165823101997375, "57": 0.25107938051223755, "58": 0.25050750374794006, "59": 0.24994170665740967, "60": 0.2493852823972702, "61": 0.24883721768856049, "62": 0.2482914924621582, "63": 0.2477564960718155, "64": 0.24723835289478302, "65": 0.24674884974956512, "66": 0.2462681084871292, "67": 0.24579888582229614, "68": 0.2453346848487854, "69": 0.24487288296222687, "70": 0.2444070279598236, "71": 0.24395814538002014, "72": 0.2435159683227539, "73": 0.2430793046951294, "74": 0.24264667928218842, "75": 0.24221071600914001, "76": 0.24178332090377808, "77": 0.24133549630641937, "78": 0.24090661108493805, "79": 0.24049441516399384, "80": 0.24009138345718384, "81": 0.23970021307468414, "82": 0.23929965496063232, "83": 0.2388741672039032, "84": 0.23844552040100098, "85": 0.23800517618656158, "86": 0.23756176233291626, "87": 0.23710602521896362, "88": 0.23667249083518982, "89": 0.23624487221240997, "90": 0.23579421639442444, "91": 0.23534151911735535, "92": 0.23490026593208313, "93": 0.2344374656677246, "94": 0.2339746057987213, "95": 0.23350822925567627, "96": 0.23303857445716858, "97": 0.23256902396678925, "98": 0.23209835588932037, "99": 0.23162472248077393, "100": 0.23116350173950195, "101": 0.23070266842842102, "102": 0.2302243411540985, "103": 0.22976213693618774, "104": 0.22928816080093384, "105": 0.2288011759519577, "106": 0.22830113768577576, "107": 0.22777248919010162, "108": 0.22723311185836792, "109": 0.226655513048172, "110": 0.22606059908866882, "111": 0.2254209816455841, "112": 0.22474363446235657, "113": 0.22402234375476837, "114": 0.22321461141109467, "115": 0.22236694395542145, "116": 0.2215595692396164, "117": 0.22072799503803253, "118": 0.22002772986888885, "119": 0.21930837631225586, "120": 0.2185865342617035, "121": 0.21783259510993958, "122": 0.21717236936092377, "123": 0.21642841398715973, "124": 0.21575602889060974, "125": 0.21498841047286987, "126": 0.21422548592090607, "127": 0.2134605348110199, "128": 0.21279823780059814, "129": 0.21211056411266327, "130": 0.2115233838558197, "131": 0.2108442783355713, "132": 0.21024592220783234, "133": 0.20958469808101654, "134": 0.20896075665950775, "135": 0.20832118391990662, "136": 0.20776313543319702, "137": 0.207144632935524, "138": 0.20649577677249908, "139": 0.20586064457893372, "140": 0.20523567497730255, "141": 0.2046138346195221, "142": 0.20399391651153564, "143": 0.20334069430828094, "144": 0.2027359902858734, "145": 0.202108234167099, "146": 0.2014641910791397, "147": 0.2008381187915802, "148": 0.20038729906082153, "149": 0.1999492347240448, "150": 0.1995205134153366, "151": 0.19912020862102509, "152": 0.1987001895904541, "153": 0.19828054308891296, "154": 0.1978447288274765, "155": 0.19740840792655945, "156": 0.19693630933761597, "157": 0.1964607834815979, "158": 0.19596095383167267, "159": 0.19546322524547577, "160": 0.19492045044898987, "161": 0.1944378912448883, "162": 0.1939966082572937, "163": 0.19354626536369324, "164": 0.19312596321105957, "165": 0.19272565841674805, "166": 0.19236114621162415, "167": 0.192021444439888, "168": 0.19165831804275513, "169": 0.19132956862449646, "170": 0.19098123908042908, "171": 0.19061428308486938, "172": 0.19028988480567932, "173": 0.1899767369031906, "174": 0.1896534562110901, "175": 0.1893017292022705, "176": 0.18895383179187775, "177": 0.18860548734664917, "178": 0.18826334178447723, "179": 0.1879410743713379, "180": 0.18759797513484955, "181": 0.18723872303962708, "182": 0.18688970804214478, "183": 0.18657641112804413, "184": 0.18625381588935852, "185": 0.18592676520347595, "186": 0.18560706079006195, "187": 0.18526265025138855, "188": 0.1849394589662552, "189": 0.18459057807922363, "190": 0.18422439694404602, "191": 0.18386414647102356, "192": 0.18351328372955322, "193": 0.18317297101020813, "194": 0.18289467692375183, "195": 0.18267351388931274, "196": 0.18246346712112427, "197": 0.18229934573173523, "198": 0.1821213811635971, "199": 0.18194091320037842, "200": 0.1817559450864792, "201": 0.18156445026397705, "202": 0.18133322894573212, "203": 0.18114224076271057, "204": 0.18092691898345947, "205": 0.1807297319173813, "206": 0.180583193898201, "207": 0.180436372756958, "208": 0.18032830953598022, "209": 0.18020130693912506, "210": 0.18011558055877686, "211": 0.17999687790870667, "212": 0.17987895011901855, "213": 0.17976224422454834, "214": 0.17964154481887817, "215": 0.17950710654258728, "216": 0.17936944961547852, "217": 0.1792086809873581, "218": 0.17903175950050354, "219": 0.17884978652000427, "220": 0.1786780059337616, "221": 0.17854365706443787, "222": 0.17835760116577148, "223": 0.1781887263059616, "224": 0.177983820438385, "225": 0.1777828186750412, "226": 0.1775829941034317, "227": 0.17733854055404663, "228": 0.17712315917015076, "229": 0.17691311240196228, "230": 0.17677399516105652, "231": 0.17659887671470642, "232": 0.17647790908813477, "233": 0.17635464668273926, "234": 0.17625832557678223, "235": 0.1761699914932251, "236": 0.17605271935462952, "237": 0.17595714330673218, "238": 0.17588230967521667, "239": 0.17582455277442932, "240": 0.17576342821121216, "241": 0.175704687833786, "242": 0.175653338432312, "243": 0.17560675740242004, "244": 0.17556482553482056, "245": 0.1755218207836151, "246": 0.1754785180091858, "247": 0.17543664574623108, "248": 0.1753874123096466, "249": 0.1753442883491516, "250": 0.175308495759964, "251": 0.17524459958076477, "252": 0.17513513565063477, "253": 0.17506679892539978, "254": 0.17499396204948425, "255": 0.17492476105690002, "256": 0.17485958337783813, "257": 0.17477932572364807, "258": 0.17469918727874756, "259": 0.1746007800102234, "260": 0.17449983954429626, "261": 0.17437659204006195, "262": 0.17425867915153503, "263": 0.17413781583309174, "264": 0.17404210567474365, "265": 0.1739460825920105, "266": 0.1738373190164566, "267": 0.17374464869499207, "268": 0.17365552484989166, "269": 0.17359758913516998, "270": 0.17355336248874664, "271": 0.1735018938779831, "272": 0.17344845831394196, "273": 0.1734016239643097, "274": 0.1733601838350296, "275": 0.17332136631011963, "276": 0.17329078912734985, "277": 0.17325812578201294, "278": 0.1732310652732849, "279": 0.17320707440376282, "280": 0.17318135499954224, "281": 0.17315492033958435, "282": 0.17311716079711914, "283": 0.17309334874153137, "284": 0.17306959629058838, "285": 0.1730220913887024, "286": 0.1730002462863922, "287": 0.17297494411468506, "288": 0.1729290932416916, "289": 0.17290246486663818, "290": 0.17287391424179077, "291": 0.1728476881980896, "292": 0.1728280782699585,