{"0": 0.6931474208831787, "1": 0.8338390588760376, "2": 0.8307947516441345, "3": 0.7755938768386841, "4": 0.7225328683853149, "5": 0.6788489818572998, "6": 0.6419087648391724, "7": 0.610711932182312, "8": 0.583304226398468, "9": 0.5594570636749268, "10": 0.538445234298706, "11": 0.5198535323143005, "12": 0.5033894777297974, "13": 0.4886045753955841, "14": 0.47545984387397766, "15": 0.4631451666355133, "16": 0.4517545998096466, "17": 0.4412524700164795, "18": 0.43136119842529297, "19": 0.4221397638320923, "20": 0.4135000705718994, "21": 0.40536943078041077, "22": 0.39769428968429565, "23": 0.39044055342674255, "24": 0.3835849165916443, "25": 0.37707585096359253, "26": 0.3708871006965637, "27": 0.36498695611953735, "28": 0.3593652844429016, "29": 0.3539937138557434, "30": 0.34886205196380615, "31": 0.34393876791000366, "32": 0.3392174243927002, "33": 0.3346806764602661, "34": 0.33031803369522095, "35": 0.32611748576164246, "36": 0.32207196950912476, "37": 0.3181689977645874, "38": 0.31440532207489014, "39": 0.3107656240463257, "40": 0.3072453439235687, "41": 0.30383214354515076, "42": 0.3005237579345703, "43": 0.2973265051841736, "44": 0.2942267060279846, "45": 0.2912193834781647, "46": 0.2883116602897644, "47": 0.28548598289489746, "48": 0.2827417552471161, "49": 0.2800751030445099, "50": 0.277483731508255, "51": 0.274960994720459, "52": 0.2725074291229248, "53": 0.2701179087162018, "54": 0.2677893340587616, "55": 0.2655206024646759, "56": 0.26330769062042236, "57": 0.2611488699913025, "58": 0.2590448260307312, "59": 0.2569925785064697, "60": 0.25498998165130615, "61": 0.2530363202095032, "62": 0.25112801790237427, "63": 0.24926379323005676, "64": 0.24744123220443726, "65": 0.24566343426704407, "66": 0.24393104016780853, "67": 0.24223673343658447, "68": 0.2405819147825241, "69": 0.2389639914035797, "70": 0.23738272488117218, "71": 0.23583760857582092, "72": 0.23432841897010803, "73": 0.2328522652387619, "74": 0.23140740394592285, "75": 0.22999313473701477, "76": 0.22861020267009735, "77": 0.22725822031497955, "78": 0.22593341767787933, "79": 0.22463467717170715, "80": 0.22336167097091675, "81": 0.22211800515651703, "82": 0.22090142965316772, "83": 0.2197093367576599, "84": 0.2185422033071518, "85": 0.21739888191223145, "86": 0.21627900004386902, "87": 0.2151808738708496, "88": 0.2141038179397583, "89": 0.2130470871925354, "90": 0.2120116651058197, "91": 0.21099506318569183, "92": 0.20999681949615479, "93": 0.20901581645011902, "94": 0.2080533504486084, "95": 0.20711097121238708, "96": 0.20618632435798645, "97": 0.20527887344360352, "98": 0.20438824594020844, "99": 0.20351430773735046, "100": 0.20265521109104156, "101": 0.20181205868721008, "102": 0.2009841501712799, "103": 0.20017164945602417, "104": 0.1993733048439026, "105": 0.19858911633491516, "106": 0.1978190839290619, "107": 0.19706256687641144, "108": 0.1963191032409668, "109": 0.19558683037757874, "110": 0.19486495852470398, "111": 0.1941540241241455, "112": 0.19345393776893616, "113": 0.19276173412799835, "114": 0.192072331905365, "115": 0.19138456881046295, "116": 0.19069835543632507, "117": 0.19000683724880219, "118": 0.18931034207344055, "119": 0.18860310316085815, "120": 0.187885582447052, "121": 0.1871476173400879, "122": 0.18638253211975098, "123": 0.18558014929294586, "124": 0.1847374141216278, "125": 0.18385455012321472, "126": 0.1829369068145752, "127": 0.1819850355386734, "128": 0.18098977208137512, "129": 0.17994588613510132, "130": 0.17887896299362183, "131": 0.1777876615524292, "132": 0.17667511105537415, "133": 0.17553994059562683, "134": 0.17439605295658112, "135": 0.17313560843467712, "136": 0.1716132014989853, "137": 0.17070725560188293, "138": 0.16968214511871338, "139": 0.16869115829467773, "140": 0.16766557097434998, "141": 0.1666380763053894, "142": 0.1655987948179245, "143": 0.16456511616706848, "144": 0.16353727877140045, "145": 0.16253535449504852, "146": 0.16152843832969666, "147": 0.16044031083583832, "148": 0.15943241119384766, "149": 0.1585588902235031, "150": 0.1576513946056366, "151": 0.15680721402168274, "152": 0.15586991608142853, "153": 0.15498033165931702, "154": 0.1540328413248062, "155": 0.1530981957912445, "156": 0.15216603875160217, "157": 0.15127485990524292, "158": 0.15042391419410706, "159": 0.14959082007408142, "160": 0.14885446429252625, "161": 0.14812543988227844, "162": 0.1474272757768631, "163": 0.14672574400901794, "164": 0.14605861902236938, "165": 0.14536741375923157, "166": 0.14471077919006348, "167": 0.14403113722801208, "168": 0.14339731633663177, "169": 0.1427212357521057, "170": 0.14211873710155487, "171": 0.14147812128067017, "172": 0.1409088671207428, "173": 0.14031168818473816, "174": 0.13974514603614807, "175": 0.13915853202342987, "176": 0.13858315348625183, "177": 0.13798800110816956, "178": 0.13739877939224243, "179": 0.13680365681648254, "180": 0.13623759150505066, "181": 0.13564565777778625, "182": 0.13509370386600494, "183": 0.134576216340065, "184": 0.13410207629203796, "185": 0.1336156725883484, "186": 0.13312998414039612, "187": 0.13260924816131592, "188": 0.13211295008659363, "189": 0.13161322474479675, "190": 0.1311185657978058, "191": 0.1306014209985733, "192": 0.13012906908988953, "193": 0.12963318824768066, "194": 0.1292031705379486, "195": 0.12877334654331207, "196": 0.12836307287216187, "197": 0.1279512345790863, "198": 0.12752291560173035, "199": 0.1270836889743805, "200": 0.12663426995277405, "201": 0.1261792927980423, "202": 0.12574195861816406, "203": 0.1253020465373993, "204": 0.12488264590501785, "205": 0.12442906945943832, "206": 0.12405523657798767, "207": 0.12366427481174469, "208": 0.12328827381134033, "209": 0.12289558351039886, "210": 0.12250547856092453, "211": 0.1221238225698471, "212": 0.12174396961927414, "213": 0.12137885391712189, "214": 0.1210121139883995, "215": 0.12066738307476044, "216": 0.12032286077737808, "217": 0.11996293067932129, "218": 0.11967950314283371, "219": 0.11935746669769287, "220": 0.11907235532999039, "221": 0.11876986920833588, "222": 0.11845263093709946, "223": 0.11813262104988098, "224": 0.11781903356313705, "225": 0.11749885231256485, "226": 0.11718349903821945, "227": 0.11685924977064133, "228": 0.11655741184949875, "229": 0.11627920717000961, "230": 0.11603867262601852, "231": 0.11580825597047806, "232": 0.11556197702884674, "233": 0.11531452089548111, "234": 0.11505711078643799, "235": 0.11479238420724869, "236": 0.11452700197696686, "237": 0.11426077038049698, "238": 0.11399820446968079, "239": 0.11372464150190353, "240": 0.11350375413894653, "241": 0.11329585313796997, "242": 0.11309666931629181, "243": 0.11288922280073166, "244": 0.11268121749162674, "245": 0.11243553459644318, "246": 0.11219871044158936, "247": 0.11195959150791168, "248": 0.11170358955860138, "249": 0.11144722998142242, "250": 0.11119911074638367, "251": 0.11093398928642273, "252": 0.1106981635093689, "253": 0.11044570058584213, "254": 0.11020833253860474, "255": 0.11001448333263397, "256": 0.10980359464883804, "257": 0.1096196323633194, "258": 0.10944326221942902, "259": 0.10928235948085785, "260": 0.10912944376468658, "261": 0.10898373275995255, "262": 0.10882821679115295, "263": 0.10864049196243286, "264": 0.1084677204489708, "265": 0.10829205811023712, "266": 0.10811491310596466, "267": 0.10793954879045486, "268": 0.10776293277740479, "269": 0.10762645304203033, "270": 0.10746895521879196, "271": 0.10733310878276825, "272": 0.1072283685207367, "273": 0.1071162223815918, "274": 0.10699799656867981, "275": 0.10685250163078308, "276": 0.10672149062156677, "277": 0.10658474266529083, "278": 0.10645519196987152, "279": 0.10631650686264038, "280": 0.10617299377918243, "281": 0.10602308064699173, "282": 0.10586296021938324, "283": 0.10573238134384155, "284": 0.10561800748109818, "285": 0.10548494756221771, "286": 0.10535848885774612, "287": 0.10520167648792267, "288": 0.10508415848016739, "289": 0.1049840897321701, "290": 0.10486200451850891, "291": 0.10474108159542084, "292": 0.1045069620013237,