{"0": 0.6931474208831787, "1": 0.23021690547466278, "2": 0.23005357384681702, "3": 0.17295978963375092, "4": 0.15766243636608124, "5": 0.15183323621749878, "6": 0.1474776268005371, "7": 0.1437211036682129, "8": 0.14038798213005066, "9": 0.1374114751815796, "10": 0.13471898436546326, "11": 0.13229215145111084, "12": 0.13008147478103638, "13": 0.12808921933174133, "14": 0.12626630067825317, "15": 0.1245548203587532, "16": 0.12295126914978027, "17": 0.12141680717468262, "18": 0.1199568659067154, "19": 0.11856159567832947, "20": 0.11722693592309952, "21": 0.11595246195793152, "22": 0.11471997201442719, "23": 0.11353377997875214, "24": 0.11239437758922577, "25": 0.11128715425729752, "26": 0.11021565645933151, "27": 0.10917961597442627, "28": 0.1081778034567833, "29": 0.1072063222527504, "30": 0.10626459866762161, "31": 0.10534470528364182, "32": 0.10445104539394379, "33": 0.1035848930478096, "34": 0.10274338722229004, "35": 0.10192887485027313, "36": 0.10114189982414246, "37": 0.10037858784198761, "38": 0.09963769465684891, "39": 0.0989176407456398, "40": 0.09821827709674835, "41": 0.09753651916980743, "42": 0.0968739464879036, "43": 0.09622927010059357, "44": 0.09560582786798477, "45": 0.09499615430831909, "46": 0.09440524876117706, "47": 0.09383296221494675, "48": 0.09327725321054459, "49": 0.09273628145456314, "50": 0.0922098383307457, "51": 0.09169702231884003, "52": 0.09119734913110733, "53": 0.09070921689271927, "54": 0.09023229777812958, "55": 0.08976814150810242, "56": 0.08931683003902435, "57": 0.08887726068496704, "58": 0.08844910562038422, "59": 0.08803235739469528, "60": 0.08762676268815994, "61": 0.0872315838932991, "62": 0.08684540539979935, "63": 0.0864683985710144, "64": 0.0861002653837204, "65": 0.08574075996875763, "66": 0.08538934588432312, "67": 0.08504548668861389, "68": 0.08470872789621353, "69": 0.084379643201828, "70": 0.08405841886997223, "71": 0.0837426632642746, "72": 0.08343254774808884, "73": 0.08312808722257614, "74": 0.08282776176929474, "75": 0.0825304314494133, "76": 0.08223611116409302, "77": 0.08194431662559509, "78": 0.08165480941534042, "79": 0.08136807382106781, "80": 0.08108224719762802, "81": 0.08079622685909271, "82": 0.08050940185785294, "83": 0.08022225648164749, "84": 0.0799325704574585, "85": 0.07964058220386505, "86": 0.07934536039829254, "87": 0.07904563099145889, "88": 0.07873974740505219, "89": 0.07841863483190536, "90": 0.07805364578962326, "91": 0.07765917479991913, "92": 0.0771748349070549, "93": 0.07664527744054794, "94": 0.07629262655973434, "95": 0.07587996870279312, "96": 0.07539226114749908, "97": 0.07484408468008041, "98": 0.07426767796278, "99": 0.07366133481264114, "100": 0.073123998939991, "101": 0.07255338877439499, "102": 0.07209677249193192, "103": 0.07157427817583084, "104": 0.07096414268016815, "105": 0.0705844983458519, "106": 0.07023563981056213, "107": 0.06986722350120544, "108": 0.06951051205396652, "109": 0.06915009766817093, "110": 0.06879866868257523, "111": 0.06845007836818695, "112": 0.068108931183815, "113": 0.06775860488414764, "114": 0.0674075186252594, "115": 0.06694859266281128, "116": 0.0666055679321289, "117": 0.06629554182291031, "118": 0.06594971567392349, "119": 0.06562846899032593, "120": 0.06527256220579147, "121": 0.06494147330522537, "122": 0.0645810067653656, "123": 0.0642189309000969, "124": 0.06383540481328964, "125": 0.06341777741909027, "126": 0.0628284364938736, "127": 0.06248818337917328, "128": 0.06217334046959877, "129": 0.06184818595647812, "130": 0.06143065541982651, "131": 0.061040475964546204, "132": 0.06065315008163452, "133": 0.060281962156295776, "134": 0.05985026806592941, "135": 0.059463225305080414, "136": 0.05911284685134888, "137": 0.05869126692414284, "138": 0.058348555117845535, "139": 0.05805833637714386, "140": 0.05767359584569931, "141": 0.05737946927547455, "142": 0.05705558508634567, "143": 0.05676621198654175, "144": 0.05646315589547157, "145": 0.05615978315472603, "146": 0.05588185042142868, "147": 0.055558253079652786, "148": 0.055231038480997086, "149": 0.054992660880088806, "150": 0.054775919765233994, "151": 0.05455539748072624, "152": 0.05424663424491882, "153": 0.05402977019548416, "154": 0.05375362187623978, "155": 0.05353245139122009, "156": 0.05328276753425598, "157": 0.05304022133350372, "158": 0.052826035767793655, "159": 0.05261549726128578, "160": 0.05232981964945793, "161": 0.052137985825538635, "162": 0.05195431038737297, "163": 0.05176454782485962, "164": 0.05149437487125397, "165": 0.05131719633936882, "166": 0.05114005506038666, "167": 0.05088351294398308, "168": 0.05070130527019501, "169": 0.05050577595829964, "170": 0.05030549317598343, "171": 0.050093457102775574, "172": 0.049882858991622925, "173": 0.04968401417136192, "174": 0.04951227828860283, "175": 0.04935727268457413, "176": 0.04918413236737251, "177": 0.049032554030418396, "178": 0.04886164143681526, "179": 0.048713259398937225, "180": 0.04856914281845093, "181": 0.04841231554746628, "182": 0.04826899990439415, "183": 0.04811842367053032, "184": 0.04795699566602707, "185": 0.047759342938661575, "186": 0.04759443178772926, "187": 0.047456614673137665, "188": 0.047323256731033325, "189": 0.04718795791268349, "190": 0.047046758234500885, "191": 0.046912528574466705, "192": 0.046784184873104095, "193": 0.046599723398685455, "194": 0.04647202789783478, "195": 0.04634455591440201, "196": 0.046217046678066254, "197": 0.046058736741542816, "198": 0.045880354940891266, "199": 0.04573807865381241, "200": 0.04560905694961548, "201": 0.04544442519545555, "202": 0.045323729515075684, "203": 0.04520499333739281, "204": 0.04509010910987854, "205": 0.044978901743888855, "206": 0.04486885666847229, "207": 0.04475316405296326, "208": 0.04464039206504822, "209": 0.04452703148126602, "210": 0.044380445033311844, "211": 0.04426358640193939, "212": 0.044107433408498764, "213": 0.0439983531832695, "214": 0.043889135122299194, "215": 0.0437849685549736, "216": 0.04362858831882477, "217": 0.04352852702140808, "218": 0.04343121126294136, "219": 0.04334089905023575, "220": 0.04319671168923378, "221": 0.043107904493808746, "222": 0.04301914572715759, "223": 0.04293469339609146, "224": 0.042799212038517, "225": 0.04271507263183594, "226": 0.04263003170490265, "227": 0.042548805475234985, "228": 0.042421113699674606, "229": 0.0423421710729599, "230": 0.04226849600672722, "231": 0.04219581186771393, "232": 0.04212651029229164, "233": 0.04205982759594917, "234": 0.04194072633981705, "235": 0.04187241941690445, "236": 0.04180322587490082, "237": 0.041738394647836685, "238": 0.041673459112644196, "239": 0.04160827770829201, "240": 0.04154150187969208, "241": 0.0414634607732296, "242": 0.04140104725956917, "243": 0.04133769869804382, "244": 0.041276298463344574, "245": 0.04121547192335129, "246": 0.04113060235977173, "247": 0.04103867709636688, "248": 0.04096728563308716, "249": 0.04090335965156555, "250": 0.04084978252649307, "251": 0.04079827666282654, "252": 0.040720079094171524, "253": 0.0406695120036602, "254": 0.040598876774311066, "255": 0.04052896052598953, "256": 0.04045693203806877, "257": 0.040401309728622437, "258": 0.04035341367125511, "259": 0.04030880331993103, "260": 0.04026351124048233, "261": 0.04021744802594185, "262": 0.040172234177589417, "263": 0.040110111236572266, "264": 0.04007129743695259, "265": 0.040031712502241135, "266": 0.03999175876379013, "267": 0.03995228558778763, "268": 0.03991264849901199, "269": 0.03986293449997902, "270": 0.03981954604387283, "271": 0.03977841138839722, "272": 0.03971382975578308, "273": 0.03967348486185074, "274": 0.03963489830493927, "275": 0.03959490358829498, "276": 0.03955625742673874, "277": 0.03951942175626755, "278": 0.039480943232774734, "279": 0.03944368660449982, "280": 0.03940354660153389, "281": 0.03936726599931717, "282": 0.039331696927547455, "283": 0.03929061442613602, "284": 0.03924708068370819, "285": 0.03920954838395119, "286": 0.03917210176587105, "287": 0.03913448005914688, "288": 0.03909686952829361,