{"0": 0.6931474208831787, "1": 0.27361318469047546, "2": 0.27341458201408386, "3": 0.2108813375234604, "4": 0.18943804502487183, "5": 0.18178609013557434, "6": 0.17647987604141235, "7": 0.17198437452316284, "8": 0.16797854006290436, "9": 0.16437841951847076, "10": 0.1611201912164688, "11": 0.15814800560474396, "12": 0.15542680025100708, "13": 0.15297706425189972, "14": 0.15071162581443787, "15": 0.14858746528625488, "16": 0.14658290147781372, "17": 0.14468488097190857, "18": 0.14287793636322021, "19": 0.14115305244922638, "20": 0.1394987553358078, "21": 0.1379113495349884, "22": 0.13637784123420715, "23": 0.1348964124917984, "24": 0.1334603726863861, "25": 0.13206790387630463, "26": 0.1307135671377182, "27": 0.12939472496509552, "28": 0.1281137317419052, "29": 0.12687619030475616, "30": 0.12565606832504272, "31": 0.1244625374674797, "32": 0.12330402433872223, "33": 0.12216739356517792, "34": 0.1210581436753273, "35": 0.11998096108436584, "36": 0.11891879141330719, "37": 0.11788694560527802, "38": 0.11688099801540375, "39": 0.11589933931827545, "40": 0.11494080722332001, "41": 0.11400540918111801, "42": 0.1130913645029068, "43": 0.112199567258358, "44": 0.11133316904306412, "45": 0.11048617959022522, "46": 0.10966415703296661, "47": 0.10886243730783463, "48": 0.1080835834145546, "49": 0.10732540488243103, "50": 0.10658714175224304, "51": 0.10586679726839066, "52": 0.10516618937253952, "53": 0.10448237508535385, "54": 0.10381639748811722, "55": 0.10316655784845352, "56": 0.10253127664327621, "57": 0.10191227495670319, "58": 0.10130942612886429, "59": 0.10072150826454163, "60": 0.1001473143696785, "61": 0.099586121737957, "62": 0.09903697669506073, "63": 0.09849922358989716, "64": 0.09797188639640808, "65": 0.09745495021343231, "66": 0.09694849699735641, "67": 0.0964520275592804, "68": 0.09596554189920425, "69": 0.09548809379339218, "70": 0.095018669962883, "71": 0.09455692023038864, "72": 0.09410154074430466, "73": 0.09365196526050568, "74": 0.09320715069770813, "75": 0.09276750683784485, "76": 0.09233279526233673, "77": 0.09190325438976288, "78": 0.09147820621728897, "79": 0.09105663746595383, "80": 0.09063461422920227, "81": 0.09021111577749252, "82": 0.08978499472141266, "83": 0.08935569226741791, "84": 0.08892101794481277, "85": 0.08848109096288681, "86": 0.08803489059209824, "87": 0.08758124709129333, "88": 0.08711759001016617, "89": 0.08662395179271698, "90": 0.08605391532182693, "91": 0.08528880774974823, "92": 0.08435378968715668, "93": 0.08378876745700836, "94": 0.08309118449687958, "95": 0.08226419240236282, "96": 0.08132202178239822, "97": 0.08036896586418152, "98": 0.07938960194587708, "99": 0.07849422097206116, "100": 0.07755441963672638, "101": 0.07670766860246658, "102": 0.07576952874660492, "103": 0.07445179671049118, "104": 0.07370829582214355, "105": 0.0730411559343338, "106": 0.07239300012588501, "107": 0.07171791046857834, "108": 0.07106105238199234, "109": 0.07040395587682724, "110": 0.06974141299724579, "111": 0.0690995305776596, "112": 0.06843546777963638, "113": 0.06781274080276489, "114": 0.06707516312599182, "115": 0.06642673164606094, "116": 0.06587160378694534, "117": 0.06525236368179321, "118": 0.06469585001468658, "119": 0.06406167894601822, "120": 0.06352277845144272, "121": 0.06288013607263565, "122": 0.062348827719688416, "123": 0.06173618510365486, "124": 0.06120383366942406, "125": 0.06060227006673813, "126": 0.059882160276174545, "127": 0.05937332659959793, "128": 0.058861978352069855, "129": 0.05837492644786835, "130": 0.05790010094642639, "131": 0.05736333504319191, "132": 0.056896451860666275, "133": 0.05642685294151306, "134": 0.055981285870075226, "135": 0.0555260106921196, "136": 0.05507025867700577, "137": 0.0545823872089386, "138": 0.05414412543177605, "139": 0.05372633785009384, "140": 0.053311675786972046, "141": 0.052916884422302246, "142": 0.05251702666282654, "143": 0.052135203033685684, "144": 0.051748983561992645, "145": 0.051382727921009064, "146": 0.05100535973906517, "147": 0.05063402280211449, "148": 0.05024382844567299, "149": 0.04988255351781845, "150": 0.049512285739183426, "151": 0.049170345067977905, "152": 0.0488198921084404, "153": 0.048492684960365295, "154": 0.04815926402807236, "155": 0.047839462757110596, "156": 0.04751592501997948, "157": 0.047204308211803436, "158": 0.04688776284456253, "159": 0.04658198356628418, "160": 0.046272896230220795, "161": 0.04597307741641998, "162": 0.04567388445138931, "163": 0.045382969081401825, "164": 0.04509565979242325, "165": 0.04481688141822815, "166": 0.04453786090016365, "167": 0.04426705464720726, "168": 0.04399382323026657, "169": 0.04372807964682579, "170": 0.043455254286527634, "171": 0.043192002922296524, "172": 0.042922493070364, "173": 0.042668621987104416, "174": 0.042405225336551666, "175": 0.042160019278526306, "176": 0.04190682992339134, "177": 0.04166864603757858, "178": 0.041422173380851746, "179": 0.04118982329964638, "180": 0.04094795510172844, "181": 0.04071906581521034, "182": 0.040481168776750565, "183": 0.040254417806863785, "184": 0.040022820234298706, "185": 0.03979916125535965, "186": 0.03957272320985794, "187": 0.03935305401682854, "188": 0.03913330286741257, "189": 0.03891906142234802, "190": 0.038705334067344666, "191": 0.03849496692419052, "192": 0.03828464448451996, "193": 0.03807821124792099, "194": 0.03787117823958397, "195": 0.03766966983675957, "196": 0.03746496140956879, "197": 0.03726721554994583, "198": 0.0370665080845356, "199": 0.03687579184770584, "200": 0.036682069301605225, "201": 0.03650882840156555, "202": 0.036286380141973495, "203": 0.03609512373805046, "204": 0.03589414060115814, "205": 0.03571228310465813, "206": 0.0355265811085701, "207": 0.03534811735153198, "208": 0.035169512033462524, "209": 0.03499449044466019, "210": 0.03481624275445938, "211": 0.034632399678230286, "212": 0.034465253353118896, "213": 0.03431018814444542, "214": 0.03413507342338562, "215": 0.033974789083004, "216": 0.03380595147609711, "217": 0.03364943712949753, "218": 0.033484600484371185, "219": 0.033328041434288025, "220": 0.033167216926813126, "221": 0.033015672117471695, "222": 0.03285599127411842, "223": 0.032709620893001556, "224": 0.032569341361522675, "225": 0.032433509826660156, "226": 0.03230220824480057, "227": 0.03215659409761429, "228": 0.0320272222161293, "229": 0.03190233185887337, "230": 0.031768590211868286, "231": 0.031640972942113876, "232": 0.0315030999481678, "233": 0.031377993524074554, "234": 0.031244251877069473, "235": 0.031123971566557884, "236": 0.03100103698670864, "237": 0.03088170662522316, "238": 0.0307619571685791, "239": 0.03064131923019886, "240": 0.030524978414177895, "241": 0.030408568680286407, "242": 0.030292753130197525, "243": 0.030174721032381058, "244": 0.03006158582866192, "245": 0.029949773102998734, "246": 0.029838746413588524, "247": 0.02974139153957367, "248": 0.029605209827423096, "249": 0.029478535056114197, "250": 0.029360979795455933, "251": 0.029254015535116196, "252": 0.029146980494260788, "253": 0.029042785987257957, "254": 0.028931185603141785, "255": 0.02882811240851879, "256": 0.028719462454319, "257": 0.028615407645702362, "258": 0.02851826511323452, "259": 0.02842322550714016, "260": 0.02833106927573681, "261": 0.028243131935596466, "262": 0.028152454644441605, "263": 0.0280643068253994, "264": 0.027975255623459816, "265": 0.0278895515948534, "266": 0.027798164635896683, "267": 0.027711788192391396, "268": 0.027625326067209244, "269": 0.027544032782316208, "270": 0.027463044971227646, "271": 0.027389774098992348, "272": 0.027291443198919296, "273": 0.027194272726774216, "274": 0.02711101807653904, "275": 0.027033604681491852, "276": 0.026951434090733528, "277": 0.026872122660279274, "278": 0.026789281517267227, "279": 0.026710856705904007, "280": 0.02663382887840271, "281": 0.026547746732831, "282": 0.026472683995962143, "283": 0.02640313282608986, "284": 0.02632545307278633, "285": 0.02625342458486557, "286": 0.02618911862373352, "287": 0.026113517582416534,