{"0": 0.6931474208831787, "1": 0.44684985280036926, "2": 0.44622570276260376, "3": 0.30452772974967957, "4": 0.2679971158504486, "5": 0.25514164566993713, "6": 0.24534469842910767, "7": 0.23650820553302765, "8": 0.2287217527627945, "9": 0.22199618816375732, "10": 0.2160959541797638, "11": 0.2108951061964035, "12": 0.20624355971813202, "13": 0.20210754871368408, "14": 0.1984550654888153, "15": 0.1950446218252182, "16": 0.19181998074054718, "17": 0.18878884613513947, "18": 0.18593791127204895, "19": 0.1832589954137802, "20": 0.18073637783527374, "21": 0.1783582866191864, "22": 0.17611642181873322, "23": 0.17398907244205475, "24": 0.17195922136306763, "25": 0.17002683877944946, "26": 0.16817818582057953, "27": 0.16641254723072052, "28": 0.16473014652729034, "29": 0.16311568021774292, "30": 0.16156674921512604, "31": 0.16008445620536804, "32": 0.158661887049675, "33": 0.15729402005672455, "34": 0.15597794950008392, "35": 0.15470893681049347, "36": 0.1534862369298935, "37": 0.1523047536611557, "38": 0.1511615365743637, "39": 0.1500554084777832, "40": 0.14898596704006195, "41": 0.14795085787773132, "42": 0.14694878458976746, "43": 0.1459786742925644, "44": 0.1450391560792923, "45": 0.1441275179386139, "46": 0.14324027299880981, "47": 0.14237575232982635, "48": 0.1415354609489441, "49": 0.1407156139612198, "50": 0.13991853594779968, "51": 0.13914385437965393, "52": 0.13838981091976166, "53": 0.137655109167099, "54": 0.13693973422050476, "55": 0.13624195754528046, "56": 0.13556255400180817, "57": 0.1348981261253357, "58": 0.13424807786941528, "59": 0.13361378014087677, "60": 0.13299471139907837, "61": 0.13238978385925293, "62": 0.13179755210876465, "63": 0.13121925294399261, "64": 0.13065378367900848, "65": 0.13009901344776154, "66": 0.12955495715141296, "67": 0.12902043759822845, "68": 0.1284947395324707, "69": 0.12797772884368896, "70": 0.12747031450271606, "71": 0.12697014212608337, "72": 0.12647749483585358, "73": 0.1259928047657013, "74": 0.12551482021808624, "75": 0.12504342198371887, "76": 0.12457552552223206, "77": 0.12411115318536758, "78": 0.12365005910396576, "79": 0.12319184094667435, "80": 0.12273646146059036, "81": 0.12227793037891388, "82": 0.12180166691541672, "83": 0.12129943072795868, "84": 0.12076839059591293, "85": 0.1201898455619812, "86": 0.11955911666154861, "87": 0.11887207627296448, "88": 0.1181175708770752, "89": 0.11731021106243134, "90": 0.11644472926855087, "91": 0.11551352590322495, "92": 0.11450443416833878, "93": 0.1134125217795372, "94": 0.11226117610931396, "95": 0.1108485758304596, "96": 0.10991228371858597, "97": 0.1088980883359909, "98": 0.10780515521764755, "99": 0.10665558278560638, "100": 0.10549025237560272, "101": 0.10431423783302307, "102": 0.10317909717559814, "103": 0.10204486548900604, "104": 0.10098475962877274, "105": 0.09995555877685547, "106": 0.09895685315132141, "107": 0.09812086075544357, "108": 0.09732325375080109, "109": 0.09647514671087265, "110": 0.09575732797384262, "111": 0.09495044499635696, "112": 0.09417945891618729, "113": 0.09338032454252243, "114": 0.0926872193813324, "115": 0.09192880243062973, "116": 0.09124458581209183, "117": 0.09047391265630722, "118": 0.0898360013961792, "119": 0.0892011746764183, "120": 0.08854477852582932, "121": 0.08794457465410233, "122": 0.08731363713741302, "123": 0.08672204613685608, "124": 0.08609531074762344, "125": 0.08550393581390381, "126": 0.08488612622022629, "127": 0.08427354693412781, "128": 0.08362118899822235, "129": 0.08304078876972198, "130": 0.0825183168053627, "131": 0.0819602683186531, "132": 0.08147411048412323, "133": 0.0809507817029953, "134": 0.08047384023666382, "135": 0.07995467633008957, "136": 0.0794563889503479, "137": 0.07896117120981216, "138": 0.07845956087112427, "139": 0.07794290035963058, "140": 0.07741254568099976, "141": 0.07692594826221466, "142": 0.07649800926446915, "143": 0.07605843245983124, "144": 0.07562848925590515, "145": 0.07518541812896729, "146": 0.07474075257778168, "147": 0.07430326193571091, "148": 0.0738554522395134, "149": 0.07341568171977997, "150": 0.07298311591148376, "151": 0.07253225147724152, "152": 0.07210485637187958, "153": 0.07172180712223053, "154": 0.07135546952486038, "155": 0.07099443674087524, "156": 0.07062631845474243, "157": 0.07026096433401108, "158": 0.06987975537776947, "159": 0.06949598342180252, "160": 0.06911951303482056, "161": 0.06873859465122223, "162": 0.06835466623306274, "163": 0.0679524764418602, "164": 0.06762105226516724, "165": 0.06729400157928467, "166": 0.06699049472808838, "167": 0.0666690319776535, "168": 0.0663558691740036, "169": 0.06601332128047943, "170": 0.06568071246147156, "171": 0.06533609330654144, "172": 0.0650051087141037, "173": 0.06466726213693619, "174": 0.06432268023490906, "175": 0.06399525701999664, "176": 0.06371889263391495, "177": 0.06344599276781082, "178": 0.06317827105522156, "179": 0.0628989040851593, "180": 0.06262156367301941, "181": 0.06232656165957451, "182": 0.062028370797634125, "183": 0.061732567846775055, "184": 0.06144668906927109, "185": 0.06116613373160362, "186": 0.06090258061885834, "187": 0.06065573915839195, "188": 0.0604153536260128, "189": 0.060195598751306534, "190": 0.059968747198581696, "191": 0.059752076864242554, "192": 0.05950764939188957, "193": 0.05925612151622772, "194": 0.059021513909101486, "195": 0.0587952621281147, "196": 0.05855465680360794, "197": 0.05832010507583618, "198": 0.05809106305241585, "199": 0.0578896701335907, "200": 0.05767756700515747, "201": 0.057477325201034546, "202": 0.05727419629693031, "203": 0.05706252157688141, "204": 0.05683837831020355, "205": 0.056639332324266434, "206": 0.056443192064762115, "207": 0.05622521787881851, "208": 0.056014642119407654, "209": 0.055789388716220856, "210": 0.05561722069978714, "211": 0.05541731044650078, "212": 0.05521188676357269, "213": 0.055018551647663116, "214": 0.05483423173427582, "215": 0.05465557426214218, "216": 0.05446265637874603, "217": 0.05429445207118988, "218": 0.05410866439342499, "219": 0.05393539369106293, "220": 0.053760915994644165, "221": 0.053603917360305786, "222": 0.05346633121371269, "223": 0.05331146717071533, "224": 0.05316976085305214, "225": 0.05301518365740776, "226": 0.05284439027309418, "227": 0.052675820887088776, "228": 0.05250510200858116, "229": 0.05233822017908096, "230": 0.05218353867530823, "231": 0.05204010754823685, "232": 0.0519041009247303, "233": 0.05179092288017273, "234": 0.05169238522648811, "235": 0.051572248339653015, "236": 0.05145689845085144, "237": 0.0513450913131237, "238": 0.05124622583389282, "239": 0.051117271184921265, "240": 0.05100106820464134, "241": 0.05087511986494064, "242": 0.050763800740242004, "243": 0.05064528062939644, "244": 0.05055639147758484, "245": 0.050446998327970505, "246": 0.050358232110738754, "247": 0.05026434734463692, "248": 0.05017195641994476, "249": 0.050074897706508636, "250": 0.04996165633201599, "251": 0.04984183609485626, "252": 0.049727339297533035, "253": 0.04962828755378723, "254": 0.049509067088365555, "255": 0.0494203045964241, "256": 0.0493108294904232, "257": 0.0492187924683094, "258": 0.04913724586367607, "259": 0.04906296730041504, "260": 0.048988714814186096, "261": 0.048912204802036285, "262": 0.04882412403821945, "263": 0.04875204712152481, "264": 0.04866459220647812, "265": 0.04857569932937622, "266": 0.04848484694957733, "267": 0.04839120805263519, "268": 0.04829872399568558, "269": 0.04821325093507767, "270": 0.048122912645339966, "271": 0.048027679324150085, "272": 0.04793035238981247, "273": 0.04784005507826805, "274": 0.047764554619789124, "275": 0.04768712818622589, "276": 0.04759529232978821, "277": 0.047515012323856354, "278": 0.047418445348739624, "279": 0.04733065888285637, "280": 0.04724378138780594, "281": 0.047191448509693146, "282": 0.04711531102657318, "283": 0.04707229882478714, "284": 0.04700122028589249, "285": 0.04696106165647507, "286": 0.046893879771232605, "287": 0.04685530066490173, "288": 0.04681307077407837, "289": 0.04677339643239975,