{"0": 998.3068525791168, "1": 0.009196639060974121, "2": 0.0012824535369873047, "3": 0.15523773431777954, "4": 0.06111866235733032, "5": 0.021197885274887085, "6": 0.013843625783920288, "7": 0.011445283889770508, "8": 0.009942293167114258, "9": 0.008775383234024048, "10": 0.007827907800674438, "11": 0.00703093409538269, "12": 0.006392419338226318, "13": 0.005759179592132568, "14": 0.005266159772872925, "15": 0.004850596189498901, "16": 0.004518091678619385, "17": 0.004212677478790283, "18": 0.003948390483856201, "19": 0.0037027597427368164, "20": 0.0034791529178619385, "21": 0.003257185220718384, "22": 0.003117114305496216, "23": 0.0029691457748413086, "24": 0.002839505672454834, "25": 0.002711564302444458, "26": 0.002581477165222168, "27": 0.00247916579246521, "28": 0.0023863613605499268, "29": 0.0022770166397094727, "30": 0.002212226390838623, "31": 0.0021347105503082275, "32": 0.002066582441329956, "33": 0.001990020275115967, "34": 0.001936197280883789, "35": 0.001880645751953125, "36": 0.0018295347690582275, "37": 0.0017804205417633057, "38": 0.0017203986644744873, "39": 0.0016984641551971436, "40": 0.0016551613807678223, "41": 0.0016050934791564941, "42": 0.001582115888595581, "43": 0.0015466809272766113, "44": 0.0015217065811157227, "45": 0.0014858543872833252, "46": 0.0014599859714508057, "47": 0.0014397501945495605, "48": 0.001415342092514038, "49": 0.001386106014251709, "50": 0.0013647377490997314, "51": 0.0013299882411956787, "52": 0.001325160264968872, "53": 0.0013010203838348389, "54": 0.0012900233268737793, "55": 0.001263648271560669, "56": 0.001246035099029541, "57": 0.001225590705871582, "58": 0.0012043118476867676, "59": 0.0011770129203796387, "60": 0.0011668801307678223, "61": 0.0011483430862426758, "62": 0.001127481460571289, "63": 0.0011127889156341553, "64": 0.0010932683944702148, "65": 0.0010724961757659912, "66": 0.0010526776313781738, "67": 0.0010325312614440918, "68": 0.0010117292404174805, "69": 0.0009952187538146973, "70": 0.0009753704071044922, "71": 0.0009561479091644287, "72": 0.0009384751319885254, "73": 0.0009205341339111328, "74": 0.0009021162986755371, "75": 0.0008851587772369385, "76": 0.0008684992790222168, "77": 0.0008526444435119629, "78": 0.0008361339569091797, "79": 0.0008220672607421875, "80": 0.0008067488670349121, "81": 0.0007916092872619629, "82": 0.0007772743701934814, "83": 0.0007634162902832031, "84": 0.0007508546113967896, "85": 0.000738099217414856, "86": 0.0007259547710418701, "87": 0.0007141381502151489, "88": 0.0007029324769973755, "89": 0.0006911009550094604, "90": 0.0006793439388275146, "91": 0.000669628381729126, "92": 0.0006600171327590942, "93": 0.000649765133857727, "94": 0.0006391257047653198, "95": 0.0006285607814788818, "96": 0.0006195008754730225, "97": 0.0006112605333328247, "98": 0.0006061792373657227, "99": 0.0006029456853866577, "100": 0.0006030052900314331, "101": 0.0006080269813537598, "102": 0.0006206780672073364, "103": 0.0006268620491027832, "104": 0.0006348788738250732, "105": 0.000652015209197998, "106": 0.0006746053695678711, "107": 0.0007021427154541016, "108": 0.0007282644510269165, "109": 0.0007646530866622925, "110": 0.0008278787136077881, "111": 0.0009426325559616089, "112": 0.001097351312637329, "113": 0.0013910681009292603, "114": 0.0010490119457244873, "115": 0.001511901617050171, "116": 0.0015513747930526733, "117": 0.0016730129718780518, "118": 0.0016341358423233032, "119": 0.0016546696424484253, "120": 0.001617535948753357, "121": 0.001656457781791687, "122": 0.0015045106410980225, "123": 0.0015462934970855713, "124": 0.0015914887189865112, "125": 0.0014285445213317871, "126": 0.0014461278915405273, "127": 0.001370951533317566, "128": 0.0013544857501983643, "129": 0.0013391375541687012, "130": 0.0012850165367126465, "131": 0.0012347251176834106, "132": 0.0012577325105667114, "133": 0.0012312382459640503, "134": 0.001227155327796936, "135": 0.0012222528457641602, "136": 0.0011877268552780151, "137": 0.0011902600526809692, "138": 0.0011556893587112427, "139": 0.0010886341333389282, "140": 0.0011582821607589722, "141": 0.0011040866374969482, "142": 0.0010839253664016724, "143": 0.001089528203010559, "144": 0.0010606348514556885, "145": 0.0010499656200408936, "146": 0.0010356009006500244, "147": 0.0010212510824203491, "148": 0.0010252445936203003, "149": 0.0009844154119491577, "150": 0.0009837299585342407, "151": 0.0009715855121612549, "152": 0.0009523481130599976, "153": 0.0009539872407913208, "154": 0.0009357631206512451, "155": 0.0009191036224365234, "156": 0.0009085685014724731, "157": 0.0008836835622787476, "158": 0.0008843094110488892, "159": 0.0008833557367324829, "160": 0.0008527189493179321, "161": 0.0008246749639511108, "162": 0.0008267909288406372, "163": 0.0007992386817932129, "164": 0.0008043944835662842, "165": 0.0007885396480560303, "166": 0.0007836669683456421, "167": 0.0007623732089996338, "168": 0.0007533282041549683, "169": 0.000740736722946167, "170": 0.0007424652576446533, "171": 0.000721469521522522, "172": 0.0007103085517883301, "173": 0.0006938725709915161, "174": 0.0006877779960632324, "175": 0.0006623268127441406, "176": 0.0006709247827529907, "177": 0.0006529837846755981, "178": 0.0006545484066009521, "179": 0.0006421655416488647, "180": 0.0006395876407623291, "181": 0.0006363391876220703, "182": 0.0006239116191864014, "183": 0.0006177425384521484, "184": 0.0006071031093597412, "185": 0.0005804747343063354, "186": 0.0005979090929031372, "187": 0.000578269362449646, "188": 0.0005784183740615845, "189": 0.0005725622177124023, "190": 0.0005610734224319458, "191": 0.0005618482828140259, "192": 0.0005556643009185791, "193": 0.0005486011505126953, "194": 0.0005498677492141724, "195": 0.0005441159009933472, "196": 0.0005241632461547852, "197": 0.0005211234092712402, "198": 0.0005036741495132446, "199": 0.00048726797103881836, "200": 0.0005026906728744507, "201": 0.0004821270704269409, "202": 0.0005002021789550781, "203": 0.0004785805940628052, "204": 0.00048194825649261475, "205": 0.00048075616359710693, "206": 0.00046816468238830566, "207": 0.00047281384468078613, "208": 0.0004579871892929077, "209": 0.0004658997058868408, "210": 0.0004431307315826416, "211": 0.0004237145185470581, "212": 0.0004532039165496826, "213": 0.0004312843084335327, "214": 0.0004321187734603882, "215": 0.00042691826820373535, "216": 0.0004303157329559326, "217": 0.0004177689552307129, "218": 0.0004233419895172119, "219": 0.00041216611862182617, "220": 0.0004231184720993042, "221": 0.00041572749614715576, "222": 0.0003867894411087036, "223": 0.0004108995199203491, "224": 0.00038142502307891846, "225": 0.0003670305013656616, "226": 0.0004108995199203491, "227": 0.00036938488483428955, "228": 0.00037954747676849365, "229": 0.000369146466255188, "230": 0.0003626793622970581, "231": 0.0003690570592880249, "232": 0.0003692209720611572, "233": 0.0003508627414703369, "234": 0.00036419928073883057, "235": 0.00035253167152404785, "236": 0.0003383457660675049, "237": 0.00032711029052734375, "238": 0.0003145486116409302, "239": 0.0003098994493484497, "240": 0.00031153857707977295, "241": 0.00030274689197540283, "242": 0.0003078877925872803, "243": 0.00030416250228881836, "244": 0.0003029555082321167, "245": 0.0002899765968322754, "246": 0.00029884278774261475, "247": 0.0002795606851577759, "248": 0.0002828836441040039, "249": 0.00028546154499053955, "250": 0.00026960670948028564, "251": 0.0002783834934234619, "252": 0.00026138126850128174, "253": 0.00025354325771331787, "254": 0.0002599656581878662, "255": 0.00025244057178497314, "256": 0.00025087594985961914, "257": 0.0002509653568267822, "258": 0.00023752450942993164, "259": 0.0002155900001525879, "260": 0.00030174851417541504, "261": 0.00023149698972702026, "262": 0.000284537672996521, "263": 0.0002435445785522461, "264": 0.00023915618658065796, "265": 0.00029064714908599854, "266": 0.0003031417727470398, "267": 0.0002498924732208252, "268": 0.00025973469018936157, "269": 0.0002774372696876526, "270": 0.0002172216773033142,