{"0": 0.6931474208831787, "1": 0.023412752896547318, "2": 0.023403428494930267, "3": 0.017372384667396545, "4": 0.017087610438466072, "5": 0.016868717968463898, "6": 0.016628911718726158, "7": 0.01638784445822239, "8": 0.01616235449910164, "9": 0.015955306589603424, "10": 0.015769341960549355, "11": 0.015599898062646389, "12": 0.01544533297419548, "13": 0.01530633494257927, "14": 0.015179088339209557, "15": 0.015057990327477455, "16": 0.01494101993739605, "17": 0.014829447492957115, "18": 0.014723777770996094, "19": 0.014624588191509247, "20": 0.014530619606375694, "21": 0.014441033825278282, "22": 0.014356239698827267, "23": 0.01427588239312172, "24": 0.014199716970324516, "25": 0.014124726876616478, "26": 0.014051215723156929, "27": 0.013980016112327576, "28": 0.013909581117331982, "29": 0.01384037360548973, "30": 0.013772567734122276, "31": 0.013706045225262642, "32": 0.013641025871038437, "33": 0.01357608288526535, "34": 0.013511174358427525, "35": 0.013445040211081505, "36": 0.013376750983297825, "37": 0.013304912485182285, "38": 0.01322566345334053, "39": 0.013137038797140121, "40": 0.013037150725722313, "41": 0.012919421307742596, "42": 0.012781745754182339, "43": 0.012615334242582321, "44": 0.012428530491888523, "45": 0.012215221300721169, "46": 0.011990530416369438, "47": 0.011724298819899559, "48": 0.011482827365398407, "49": 0.01122266985476017, "50": 0.010992757976055145, "51": 0.010758473537862301, "52": 0.010577129200100899, "53": 0.010397067293524742, "54": 0.010223041288554668, "55": 0.010064840316772461, "56": 0.009912329725921154, "57": 0.009781643748283386, "58": 0.009640340693295002, "59": 0.009521916508674622, "60": 0.00939137116074562, "61": 0.009281540289521217, "62": 0.009165405295789242, "63": 0.009063436649739742, "64": 0.00896151177585125, "65": 0.008865032345056534, "66": 0.008772467263042927, "67": 0.008686336688697338, "68": 0.008604098111391068, "69": 0.008525120094418526, "70": 0.008448854088783264, "71": 0.008373584598302841, "72": 0.008300920017063618, "73": 0.008230064995586872, "74": 0.008160254918038845, "75": 0.008095151744782925, "76": 0.00802847184240818, "77": 0.007966463454067707, "78": 0.007902772165834904, "79": 0.00784502923488617, "80": 0.007785170339047909, "81": 0.007730869576334953, "82": 0.007673719897866249, "83": 0.0076204207725822926, "84": 0.007564951200038195, "85": 0.0075144171714782715, "86": 0.007461062632501125, "87": 0.007411489263176918, "88": 0.0073603736236691475, "89": 0.007313315290957689, "90": 0.00726581085473299, "91": 0.007221055217087269, "92": 0.007176916114985943, "93": 0.007136200554668903, "94": 0.007093685679137707, "95": 0.0070516387932002544, "96": 0.007008860819041729, "97": 0.0069679273292422295, "98": 0.006925995461642742, "99": 0.006887464784085751, "100": 0.006848142482340336, "101": 0.006812356412410736, "102": 0.00677549047395587, "103": 0.0067407917231321335, "104": 0.006705732084810734, "105": 0.0066719381138682365, "106": 0.006638611201196909, "107": 0.006604576483368874, "108": 0.006570396013557911, "109": 0.006536433007568121, "110": 0.006501822732388973, "111": 0.006469252519309521, "112": 0.00643612165004015, "113": 0.0064073363319039345, "114": 0.006378491874784231, "115": 0.006350131705403328, "116": 0.006321405991911888, "117": 0.006295886822044849, "118": 0.006267039105296135, "119": 0.006238287314772606, "120": 0.006208676844835281, "121": 0.006179693154990673, "122": 0.006150295492261648, "123": 0.006121470592916012, "124": 0.006091979332268238, "125": 0.0060675605200231075, "126": 0.006042234133929014, "127": 0.006016792729496956, "128": 0.00599182303994894, "129": 0.005966688506305218, "130": 0.005941902752965689, "131": 0.005915505811572075, "132": 0.0058896769769489765, "133": 0.005862812511622906, "134": 0.00583631731569767, "135": 0.005810447968542576, "136": 0.005785906687378883, "137": 0.005763688124716282, "138": 0.0057403454557061195, "139": 0.005718379281461239, "140": 0.0056954240426421165, "141": 0.005673228297382593, "142": 0.005647934507578611, "143": 0.005623750388622284, "144": 0.005599095486104488, "145": 0.0055738817900419235, "146": 0.005550112575292587, "147": 0.005525331944227219, "148": 0.005500960163772106, "149": 0.005479025654494762, "150": 0.005461341701447964, "151": 0.005441741086542606, "152": 0.005420461297035217, "153": 0.005398687906563282, "154": 0.005375649314373732, "155": 0.005355156026780605, "156": 0.005334631074219942, "157": 0.005314082372933626, "158": 0.005292926914989948, "159": 0.005271053873002529, "160": 0.005249288864433765, "161": 0.00523125845938921, "162": 0.00521266832947731, "163": 0.005195372737944126, "164": 0.005175000987946987, "165": 0.005157266277819872, "166": 0.005138013977557421, "167": 0.0051210843957960606, "168": 0.005101735703647137, "169": 0.005084305070340633, "170": 0.0050632767379283905, "171": 0.005041780881583691, "172": 0.005025573540478945, "173": 0.00500611774623394, "174": 0.004990017972886562, "175": 0.004973321221768856, "176": 0.004955478012561798, "177": 0.004937833175063133, "178": 0.004918025806546211, "179": 0.004900459665805101, "180": 0.0048857745714485645, "181": 0.004866994917392731, "182": 0.004847717471420765, "183": 0.004829375073313713, "184": 0.004811522550880909, "185": 0.004797374829649925, "186": 0.004782039672136307, "187": 0.004764926619827747, "188": 0.004749517887830734, "189": 0.004733463749289513, "190": 0.004719551187008619, "191": 0.004703210666775703, "192": 0.0046892305836081505, "193": 0.004673775285482407, "194": 0.004658794961869717, "195": 0.0046414341777563095, "196": 0.0046246834099292755, "197": 0.004612006712704897, "198": 0.004598392639309168, "199": 0.004586391616612673, "200": 0.0045732157304883, "201": 0.004560110159218311, "202": 0.00454656733199954, "203": 0.004529460798949003, "204": 0.004517890512943268, "205": 0.004508767277002335, "206": 0.004499451257288456, "207": 0.0044906106777489185, "208": 0.004483016207814217, "209": 0.004472448490560055, "210": 0.004464348778128624, "211": 0.004455626010894775, "212": 0.0044463383965194225, "213": 0.004437435418367386, "214": 0.004427435342222452, "215": 0.00441678985953331, "216": 0.004403701052069664, "217": 0.004393216222524643, "218": 0.004382896702736616, "219": 0.0043740407563745975, "220": 0.004357427358627319, "221": 0.00434613972902298, "222": 0.004334812052547932, "223": 0.004323722794651985, "224": 0.004312974400818348, "225": 0.004302515648305416, "226": 0.004292659927159548, "227": 0.004283322021365166, "228": 0.004273699130862951, "229": 0.00426495261490345, "230": 0.004256377927958965, "231": 0.004247856792062521, "232": 0.004239968024194241, "233": 0.004233811981976032, "234": 0.00422392413020134, "235": 0.004218477755784988, "236": 0.004212489351630211, "237": 0.004207530990242958, "238": 0.004201405681669712, "239": 0.004196604713797569, "240": 0.00419206265360117, "241": 0.0041880360804498196, "242": 0.00418404396623373, "243": 0.00417995173484087, "244": 0.004174523986876011, "245": 0.00416956003755331, "246": 0.004165499471127987, "247": 0.004161791410297155, "248": 0.004158410709351301, "249": 0.004155954346060753, "250": 0.004153769463300705, "251": 0.004151374567300081, "252": 0.00414898619055748, "253": 0.004146600142121315, "254": 0.0041440813802182674, "255": 0.004141679033637047, "256": 0.004139397758990526, "257": 0.004137182142585516, "258": 0.004134851042181253, "259": 0.004133358597755432, "260": 0.004131706897169352, "261": 0.004129710607230663, "262": 0.004127414897084236, "263": 0.004124806262552738, "264": 0.00412185862660408, "265": 0.004118857905268669, "266": 0.004115790128707886, "267": 0.004113122820854187, "268": 0.004110383335500956, "269": 0.004107498563826084, "270": 0.004104618914425373, "271": 0.004102079663425684, "272": 0.0040996745228767395, "273": 0.004097408149391413, "274": 0.004095429554581642, "275": 0.004093291237950325, "276": 0.004091177135705948, "277": 0.004089000169187784, "278": 0.00408721249550581, "279": 0.00408510398119688,