{"0": 998.3068525791168, "1": 0.6697346679866314, "2": 9.324401617050171e-06, "3": 0.006031043827533722, "4": 0.00028477422893047333, "5": 0.00021889247000217438, "6": 0.00023980624973773956, "7": 0.00024106726050376892, "8": 0.00022548995912075043, "9": 0.00020704790949821472, "10": 0.00018596462905406952, "11": 0.00016944389790296555, "12": 0.00015456508845090866, "13": 0.00013899803161621094, "14": 0.00012724660336971283, "15": 0.00012109801173210144, "16": 0.00011697039008140564, "17": 0.00011157244443893433, "18": 0.00010566972196102142, "19": 9.918957948684692e-05, "20": 9.396858513355255e-05, "21": 8.958578109741211e-05, "22": 8.479412645101547e-05, "23": 8.035730570554733e-05, "24": 7.616542279720306e-05, "25": 7.499009370803833e-05, "26": 7.351115345954895e-05, "27": 7.119961082935333e-05, "28": 7.043499499559402e-05, "29": 6.920751184225082e-05, "30": 6.780587136745453e-05, "31": 6.65225088596344e-05, "32": 6.501935422420502e-05, "33": 6.494298577308655e-05, "34": 6.490852683782578e-05, "35": 6.613414734601974e-05, "36": 6.828922778367996e-05, "37": 7.183849811553955e-05, "38": 7.924903184175491e-05, "39": 8.862465620040894e-05, "40": 9.988807141780853e-05, "41": 0.00011772941797971725, "42": 0.00013767555356025696, "43": 0.00016641151160001755, "44": 0.00018680375069379807, "45": 0.00021330919116735458, "46": 0.00022469088435173035, "47": 0.00026623159646987915, "48": 0.00024147145450115204, "49": 0.000260157510638237, "50": 0.00022991187870502472, "51": 0.0002342844381928444, "52": 0.00018134433776140213, "53": 0.00018006190657615662, "54": 0.0001740260049700737, "55": 0.0001582009717822075, "56": 0.00015251059085130692, "57": 0.0001306859776377678, "58": 0.00014130305498838425, "59": 0.0001184241846203804, "60": 0.00013054534792900085, "61": 0.00010983087122440338, "62": 0.00011613499373197556, "63": 0.00010196864604949951, "64": 0.00010192487388849258, "65": 9.647943079471588e-05, "66": 9.256508201360703e-05, "67": 8.613057434558868e-05, "68": 8.22385773062706e-05, "69": 7.897801697254181e-05, "70": 7.626600563526154e-05, "71": 7.526949048042297e-05, "72": 7.266458123922348e-05, "73": 7.08550214767456e-05, "74": 6.981007754802704e-05, "75": 6.510317325592041e-05, "76": 6.667990237474442e-05, "77": 6.200838834047318e-05, "78": 6.369128823280334e-05, "79": 5.7742930948734283e-05, "80": 5.985889583826065e-05, "81": 5.4300762712955475e-05, "82": 5.7149678468704224e-05, "83": 5.329912528395653e-05, "84": 5.54695725440979e-05, "85": 5.053402855992317e-05, "86": 5.335453897714615e-05, "87": 4.9573369324207306e-05, "88": 5.111563950777054e-05, "89": 4.7058332711458206e-05, "90": 4.750443622469902e-05, "91": 4.4755637645721436e-05, "92": 4.413910210132599e-05, "93": 4.071556031703949e-05, "94": 4.2514875531196594e-05, "95": 4.2046885937452316e-05, "96": 4.277797415852547e-05, "97": 4.093348979949951e-05, "98": 4.1931867599487305e-05, "99": 3.853067755699158e-05, "100": 3.9322301745414734e-05, "101": 3.578606992959976e-05, "102": 3.686593845486641e-05, "103": 3.469875082373619e-05, "104": 3.505963832139969e-05, "105": 3.3793970942497253e-05, "106": 3.332691267132759e-05, "107": 3.4034717828035355e-05, "108": 3.418046981096268e-05, "109": 3.396300598978996e-05, "110": 3.461027517914772e-05, "111": 3.2570213079452515e-05, "112": 3.313086926937103e-05, "113": 2.878531813621521e-05, "114": 2.8844457119703293e-05, "115": 2.8360169380903244e-05, "116": 2.872571349143982e-05, "117": 2.5519169867038727e-05, "118": 2.8847716748714447e-05, "119": 2.8751790523529053e-05, "120": 2.9610469937324524e-05, "121": 2.8983689844608307e-05, "122": 2.9397662729024887e-05, "123": 2.8824899345636368e-05, "124": 2.9491260647773743e-05, "125": 2.441881224513054e-05, "126": 2.5326386094093323e-05, "127": 2.5441404432058334e-05, "128": 2.4969689548015594e-05, "129": 2.5134533643722534e-05, "130": 2.4785753339529037e-05, "131": 2.6396941393613815e-05, "132": 2.5828834623098373e-05, "133": 2.6864465326070786e-05, "134": 2.6495195925235748e-05, "135": 2.5869347155094147e-05, "136": 2.4541281163692474e-05, "137": 2.221856266260147e-05, "138": 2.3342669010162354e-05, "139": 2.1966174244880676e-05, "140": 2.2955238819122314e-05, "141": 2.2195745259523392e-05, "142": 2.529378980398178e-05, "143": 2.418411895632744e-05, "144": 2.4654902517795563e-05, "145": 2.521369606256485e-05, "146": 2.3769214749336243e-05, "147": 2.4780631065368652e-05, "148": 2.4371780455112457e-05, "149": 2.193450927734375e-05, "150": 1.7683953046798706e-05, "151": 1.960061490535736e-05, "152": 2.127978950738907e-05, "153": 2.1773390471935272e-05, "154": 2.30385921895504e-05, "155": 2.0493287593126297e-05, "156": 2.0524952560663223e-05, "157": 2.0548701286315918e-05, "158": 2.1155457943677902e-05, "159": 2.187304198741913e-05, "160": 2.1765008568763733e-05, "161": 1.8030405044555664e-05, "162": 1.8590129911899567e-05, "163": 1.729559153318405e-05, "164": 2.0371749997138977e-05, "165": 1.773471012711525e-05, "166": 1.9252300262451172e-05, "167": 1.692958176136017e-05, "168": 1.9348692148923874e-05, "169": 1.7430633306503296e-05, "170": 2.102833241224289e-05, "171": 2.149585634469986e-05, "172": 1.6207341104745865e-05, "173": 1.9455794245004654e-05, "174": 1.6099773347377777e-05, "175": 1.66967511177063e-05, "176": 1.7843209207057953e-05, "177": 1.7644837498664856e-05, "178": 1.9807368516921997e-05, "179": 1.7566140741109848e-05, "180": 1.4685094356536865e-05, "181": 1.8779654055833817e-05, "182": 1.927744597196579e-05, "183": 1.834239810705185e-05, "184": 1.7852522432804108e-05, "185": 1.4147721230983734e-05, "186": 1.533515751361847e-05, "187": 1.7113052308559418e-05, "188": 1.5408731997013092e-05, "189": 1.605413854122162e-05, "190": 1.3912562280893326e-05, "191": 1.6340520232915878e-05, "192": 1.3980083167552948e-05, "193": 1.5455298125743866e-05, "194": 1.4980323612689972e-05, "195": 1.7360784113407135e-05, "196": 1.6750767827033997e-05, "197": 1.2676697224378586e-05, "198": 1.3614073395729065e-05, "199": 1.2001022696495056e-05, "200": 1.3175886124372482e-05, "201": 1.3105571269989014e-05, "202": 1.354282721877098e-05, "203": 1.710653305053711e-05, "204": 1.1570286005735397e-05, "205": 9.123235940933228e-06, "206": 9.316019713878632e-06, "207": 8.84057953953743e-06, "208": 7.5944699347019196e-06, "209": 1.0567717254161835e-05, "210": 8.099712431430817e-06, "211": 8.722767233848572e-06, "212": 9.28761437535286e-06, "213": 8.902978152036667e-06, "214": 1.00000761449337e-05, "215": 1.0645482689142227e-05, "216": 1.3088807463645935e-05, "217": 1.0484829545021057e-05, "218": 1.031951978802681e-05, "219": 8.855946362018585e-06, "220": 1.6613397747278214e-05, "221": 1.12876296043396e-05, "222": 1.1327676475048065e-05, "223": 1.1089257895946503e-05, "224": 1.0748393833637238e-05, "225": 1.0458752512931824e-05, "226": 9.855721145868301e-06, "227": 9.337905794382095e-06, "228": 9.622890502214432e-06, "229": 8.746515959501266e-06, "230": 8.57468694448471e-06, "231": 8.52113589644432e-06, "232": 7.88876786828041e-06, "233": 6.156042218208313e-06, "234": 9.887851774692535e-06, "235": 5.446374416351318e-06, "236": 5.988404154777527e-06, "237": 4.958361387252808e-06, "238": 6.125308573246002e-06, "239": 4.800967872142792e-06, "240": 4.542060196399689e-06, "241": 4.026573151350021e-06, "242": 3.992114216089249e-06, "243": 4.092231392860413e-06, "244": 5.427747964859009e-06, "245": 4.9639493227005005e-06, "246": 4.060566425323486e-06, "247": 3.7080608308315277e-06, "248": 3.380700945854187e-06, "249": 2.4563632905483246e-06, "250": 2.1848827600479126e-06, "251": 2.394896000623703e-06, "252": 2.3883767426013947e-06, "253": 2.386048436164856e-06, "254": 2.5187619030475616e-06, "255": 2.402346581220627e-06, "256": 2.2812746465206146e-06, "257": 2.2156164050102234e-06, "258": 2.3311004042625427e-06, "259": 1.4924444258213043e-06, "260": 1.6517005860805511e-06, "261": 1.996289938688278e-06, "262": 2.2957101464271545e-06, "263": 2.6086345314979553e-06, "264": 2.9476359486579895e-06, "265": 3.0007213354110718e-06,