{"0": 0.6931474208831787, "1": 0.01973666250705719, "2": 0.019730407744646072, "3": 0.01519761886447668, "4": 0.014960464090108871, "5": 0.014761928468942642, "6": 0.014541962184011936, "7": 0.014321931637823582, "8": 0.01412053033709526, "9": 0.013938741758465767, "10": 0.013778342865407467, "11": 0.013637224212288857, "12": 0.013511165045201778, "13": 0.013398081064224243, "14": 0.013295170851051807, "15": 0.01319725252687931, "16": 0.013105581514537334, "17": 0.013018377125263214, "18": 0.012936530634760857, "19": 0.012860259972512722, "20": 0.012788714841008186, "21": 0.012721183709800243, "22": 0.01265788171440363, "23": 0.012598750181496143, "24": 0.012543294578790665, "25": 0.012490622699260712, "26": 0.012440669350326061, "27": 0.012392816133797169, "28": 0.012347274459898472, "29": 0.012303393334150314, "30": 0.01226104237139225, "31": 0.012220094911754131, "32": 0.012181049212813377, "33": 0.012142329476773739, "34": 0.012104624882340431, "35": 0.012067708186805248, "36": 0.012031622231006622, "37": 0.011996249668300152, "38": 0.011961372569203377, "39": 0.011926756240427494, "40": 0.011892326176166534, "41": 0.011857392266392708, "42": 0.011820423416793346, "43": 0.011781151406466961, "44": 0.011737806722521782, "45": 0.011688290163874626, "46": 0.011630571447312832, "47": 0.011562320403754711, "48": 0.01147944014519453, "49": 0.011383128352463245, "50": 0.011273845098912716, "51": 0.011155065149068832, "52": 0.01102697104215622, "53": 0.010889912955462933, "54": 0.010753515176475048, "55": 0.010584107600152493, "56": 0.010478353127837181, "57": 0.010355269536376, "58": 0.010224265046417713, "59": 0.010091247968375683, "60": 0.009961888194084167, "61": 0.009844250977039337, "62": 0.00972999818623066, "63": 0.009633961133658886, "64": 0.009531233459711075, "65": 0.009444672614336014, "66": 0.009346527978777885, "67": 0.009268726222217083, "68": 0.009187517687678337, "69": 0.00910304393619299, "70": 0.009029452688992023, "71": 0.008949700742959976, "72": 0.008879808709025383, "73": 0.008807444013655186, "74": 0.008743000216782093, "75": 0.00867580994963646, "76": 0.008614614605903625, "77": 0.008548907935619354, "78": 0.008494637906551361, "79": 0.008441549725830555, "80": 0.008388291113078594, "81": 0.00833746138960123, "82": 0.008283267728984356, "83": 0.00823166687041521, "84": 0.008177489042282104, "85": 0.008126728236675262, "86": 0.008072244003415108, "87": 0.008021315559744835, "88": 0.007964265532791615, "89": 0.007920129224658012, "90": 0.00787385180592537, "91": 0.00782867707312107, "92": 0.007784329354763031, "93": 0.007738410960882902, "94": 0.007695329375565052, "95": 0.007649631705135107, "96": 0.007605806924402714, "97": 0.007560390047729015, "98": 0.007517189718782902, "99": 0.007474896963685751, "100": 0.007434672210365534, "101": 0.007400026544928551, "102": 0.007365267723798752, "103": 0.0073300874792039394, "104": 0.007295564748346806, "105": 0.0072606406174600124, "106": 0.007225195877254009, "107": 0.007189272437244654, "108": 0.007150517776608467, "109": 0.007113202009350061, "110": 0.0070748524740338326, "111": 0.007041857577860355, "112": 0.007009393535554409, "113": 0.006980111822485924, "114": 0.0069505199790000916, "115": 0.006920215208083391, "116": 0.0068897525779902935, "117": 0.0068584647960960865, "118": 0.006826820783317089, "119": 0.006793792359530926, "120": 0.006759009789675474, "121": 0.0067264847457408905, "122": 0.0066924369893968105, "123": 0.006663690786808729, "124": 0.006634477525949478, "125": 0.00660738255828619, "126": 0.00657989177852869, "127": 0.006549665238708258, "128": 0.006522288545966148, "129": 0.006492298562079668, "130": 0.006463139783591032, "131": 0.006431219168007374, "132": 0.006399983540177345, "133": 0.00637144036591053, "134": 0.006341785658150911, "135": 0.006317645311355591, "136": 0.006293196231126785, "137": 0.006269203498959541, "138": 0.006245034281164408, "139": 0.006221752613782883, "140": 0.006197446957230568, "141": 0.006172481924295425, "142": 0.006145504303276539, "143": 0.006122153252363205, "144": 0.006098278798162937, "145": 0.006072087213397026, "146": 0.006050529889762402, "147": 0.006030438467860222, "148": 0.006007730029523373, "149": 0.005985117517411709, "150": 0.0059600411914289, "151": 0.005933927372097969, "152": 0.00591171532869339, "153": 0.005890971049666405, "154": 0.005870808381587267, "155": 0.0058471462689340115, "156": 0.005822054110467434, "157": 0.005801070481538773, "158": 0.005783995613455772, "159": 0.005760282278060913, "160": 0.00574037991464138, "161": 0.0057188039645552635, "162": 0.0056944480165839195, "163": 0.005673870909959078, "164": 0.005648888647556305, "165": 0.005628649145364761, "166": 0.005612580105662346, "167": 0.005593730602413416, "168": 0.005575118120759726, "169": 0.0055550383403897285, "170": 0.005534679163247347, "171": 0.005515407770872116, "172": 0.005500973202288151, "173": 0.005483146291226149, "174": 0.0054644993506371975, "175": 0.005445359740406275, "176": 0.005430057179182768, "177": 0.005411331541836262, "178": 0.005397079512476921, "179": 0.005384722258895636, "180": 0.005370659288018942, "181": 0.005357855930924416, "182": 0.005344764795154333, "183": 0.005332218483090401, "184": 0.005319776479154825, "185": 0.005307674407958984, "186": 0.005294552072882652, "187": 0.005280096549540758, "188": 0.005263644270598888, "189": 0.005249143578112125, "190": 0.005233390722423792, "191": 0.005218967795372009, "192": 0.0052068643271923065, "193": 0.0051925694569945335, "194": 0.005183232948184013, "195": 0.005174514837563038, "196": 0.005159730091691017, "197": 0.005151136312633753, "198": 0.005142778158187866, "199": 0.005132101476192474, "200": 0.005124399904161692, "201": 0.005116767715662718, "202": 0.0051046013832092285, "203": 0.005097659304738045, "204": 0.005090764723718166, "205": 0.005083467811346054, "206": 0.005075693130493164, "207": 0.005068731494247913, "208": 0.0050594499334692955, "209": 0.00505241472274065, "210": 0.0050454409793019295, "211": 0.005035027861595154, "212": 0.005027784500271082, "213": 0.005020207725465298, "214": 0.005009226500988007, "215": 0.005002056248486042, "216": 0.004994390532374382, "217": 0.004986477084457874, "218": 0.004978633485734463, "219": 0.004971581045538187, "220": 0.004964135587215424, "221": 0.004956984892487526, "222": 0.004948093555867672, "223": 0.004942053463310003, "224": 0.004935180768370628, "225": 0.004928550682961941, "226": 0.004921980667859316, "227": 0.004913501441478729, "228": 0.004907164257019758, "229": 0.004900621250271797, "230": 0.004893559962511063, "231": 0.00488637387752533, "232": 0.004879179876297712, "233": 0.00487074488773942, "234": 0.004861974623054266, "235": 0.004853961989283562, "236": 0.004846781492233276, "237": 0.004833768121898174, "238": 0.0048275357112288475, "239": 0.004822329618036747, "240": 0.004816723056137562, "241": 0.0048117320984601974, "242": 0.004806375131011009, "243": 0.0048015909269452095, "244": 0.004796463530510664, "245": 0.004791925195604563, "246": 0.00478711910545826, "247": 0.004783086013048887, "248": 0.0047810496762394905, "249": 0.0047763641923666, "250": 0.0047684647142887115, "251": 0.0047632553614676, "252": 0.004757953807711601, "253": 0.004752280190587044, "254": 0.004747103434056044, "255": 0.0047381967306137085, "256": 0.004733053036034107, "257": 0.004728076513856649, "258": 0.004723706748336554, "259": 0.004718616604804993, "260": 0.004713809583336115, "261": 0.004708603955805302, "262": 0.004703575745224953, "263": 0.004698669537901878, "264": 0.004694129340350628, "265": 0.004689852707087994, "266": 0.004681041464209557, "267": 0.0046760281547904015, "268": 0.004670905414968729, "269": 0.004662076942622662, "270": 0.004655519500374794, "271": 0.0046513881534338, "272": 0.004647290799766779, "273": 0.004643043968826532, "274": 0.004639348480850458, "275": 0.004635664634406567, "276": 0.004631957039237022, "277": 0.004628058057278395, "278": 0.0046211788430809975, "279": 0.004617384634912014,