{"0": 998.3068525791168, "1": 0.12471550703048706, "2": 0.0008673667907714844, "3": 0.1437482237815857, "4": 0.04989847540855408, "5": 0.016314387321472168, "6": 0.010759592056274414, "7": 0.009056121110916138, "8": 0.007932811975479126, "9": 0.006997019052505493, "10": 0.006274789571762085, "11": 0.005639970302581787, "12": 0.005123883485794067, "13": 0.0045166015625, "14": 0.004111677408218384, "15": 0.0038082003593444824, "16": 0.0035512447357177734, "17": 0.0033225417137145996, "18": 0.003107696771621704, "19": 0.0029264986515045166, "20": 0.0027459561824798584, "21": 0.0025869011878967285, "22": 0.002461850643157959, "23": 0.002345561981201172, "24": 0.002234041690826416, "25": 0.002128392457962036, "26": 0.0020310282707214355, "27": 0.0019350051879882812, "28": 0.0018593668937683105, "29": 0.0017957687377929688, "30": 0.0017146170139312744, "31": 0.001664668321609497, "32": 0.0016045570373535156, "33": 0.001550525426864624, "34": 0.0015006065368652344, "35": 0.0014465004205703735, "36": 0.0014102011919021606, "37": 0.0013518929481506348, "38": 0.0013348758220672607, "39": 0.0013018548488616943, "40": 0.0012705326080322266, "41": 0.0012323111295700073, "42": 0.0012126415967941284, "43": 0.001189202070236206, "44": 0.0011606365442276, "45": 0.0011452138423919678, "46": 0.001124262809753418, "47": 0.0010974258184432983, "48": 0.0010945051908493042, "49": 0.001056179404258728, "50": 0.001073405146598816, "51": 0.001057162880897522, "52": 0.0010399222373962402, "53": 0.0010295361280441284, "54": 0.0010135024785995483, "55": 0.0010045915842056274, "56": 0.0009966939687728882, "57": 0.0009852200746536255, "58": 0.0009807497262954712, "59": 0.0009763836860656738, "60": 0.0009694993495941162, "61": 0.0009561479091644287, "62": 0.000966489315032959, "63": 0.0009580403566360474, "64": 0.0009452104568481445, "65": 0.0009526461362838745, "66": 0.0009405612945556641, "67": 0.0009410679340362549, "68": 0.0009346157312393188, "69": 0.0009272247552871704, "70": 0.0009209215641021729, "71": 0.0009202957153320312, "72": 0.0009154975414276123, "73": 0.0009191632270812988, "74": 0.0009178072214126587, "75": 0.0009120851755142212, "76": 0.000911325216293335, "77": 0.0009077787399291992, "78": 0.0009028017520904541, "79": 0.0008990168571472168, "80": 0.0008940994739532471, "81": 0.000891461968421936, "82": 0.0008920580148696899, "83": 0.0008923560380935669, "84": 0.0008916854858398438, "85": 0.0008900761604309082, "86": 0.0008888393640518188, "87": 0.0008851438760757446, "88": 0.0008814334869384766, "89": 0.0008797943592071533, "90": 0.0008779317140579224, "91": 0.000876501202583313, "92": 0.0008766353130340576, "93": 0.000875130295753479, "94": 0.0008742362260818481, "95": 0.0008741170167922974, "96": 0.0008746236562728882, "97": 0.0008809119462966919, "98": 0.0008902400732040405, "99": 0.0008971691131591797, "100": 0.0009080618619918823, "101": 0.0009194016456604004, "102": 0.000931471586227417, "103": 0.0009412765502929688, "104": 0.0009505152702331543, "105": 0.0009619593620300293, "106": 0.0009772628545761108, "107": 0.000996410846710205, "108": 0.001039847731590271, "109": 0.0010799318552017212, "110": 0.001165151596069336, "111": 0.0011820793151855469, "112": 0.0013785958290100098, "113": 0.001426786184310913, "114": 0.001390889286994934, "115": 0.0014210492372512817, "116": 0.001623496413230896, "117": 0.0014874935150146484, "118": 0.0011038631200790405, "119": 0.0011721700429916382, "120": 0.0013472139835357666, "121": 0.001435205340385437, "122": 0.0014336556196212769, "123": 0.0013615936040878296, "124": 0.0013580173254013062, "125": 0.0013236701488494873, "126": 0.0015855878591537476, "127": 0.0012915879487991333, "128": 0.0016066581010818481, "129": 0.001397833228111267, "130": 0.001146554946899414, "131": 0.0014418363571166992, "132": 0.0011628270149230957, "133": 0.0015869587659835815, "134": 0.0012833178043365479, "135": 0.0013556331396102905, "136": 0.0012187808752059937, "137": 0.001245260238647461, "138": 0.0011823922395706177, "139": 0.0013999342918395996, "140": 0.0011364370584487915, "141": 0.0010246634483337402, "142": 0.0012459605932235718, "143": 0.001027628779411316, "144": 0.001269504427909851, "145": 0.0010534077882766724, "146": 0.0010130107402801514, "147": 0.0011738240718841553, "148": 0.0010006427764892578, "149": 0.0010250136256217957, "150": 0.0012658610939979553, "151": 0.0009162947535514832, "152": 0.0008674412965774536, "153": 0.0008623823523521423, "154": 0.0008703693747520447, "155": 0.0008804574608802795, "156": 0.0010144561529159546, "157": 0.000836104154586792, "158": 0.0008706599473953247, "159": 0.0008156299591064453, "160": 0.0008187964558601379, "161": 0.0008475705981254578, "162": 0.0009003803133964539, "163": 0.000886671245098114, "164": 0.0008097589015960693, "165": 0.000792481005191803, "166": 0.000760979950428009, "167": 0.000768706202507019, "168": 0.0007394403219223022, "169": 0.0007423907518386841, "170": 0.0007188916206359863, "171": 0.0007241591811180115, "172": 0.0007114782929420471, "173": 0.0007690265774726868, "174": 0.0007017329335212708, "175": 0.0007222965359687805, "176": 0.00066346675157547, "177": 0.0006736293435096741, "178": 0.0006460249423980713, "179": 0.0006475672125816345, "180": 0.0006300881505012512, "181": 0.0006254687905311584, "182": 0.0006176158785820007, "183": 0.0006131976842880249, "184": 0.0006244108080863953, "185": 0.0006123557686805725, "186": 0.0006159469485282898, "187": 0.0006017088890075684, "188": 0.0005712732672691345, "189": 0.0005832314491271973, "190": 0.0005526170134544373, "191": 0.0005679801106452942, "192": 0.0005396530032157898, "193": 0.0005550384521484375, "194": 0.000531509518623352, "195": 0.0005467608571052551, "196": 0.0005217716097831726, "197": 0.0005416199564933777, "198": 0.0005175545811653137, "199": 0.0005201473832130432, "200": 0.0005052462220191956, "201": 0.0004994943737983704, "202": 0.00048808008432388306, "203": 0.00048045814037323, "204": 0.00047169625759124756, "205": 0.0004678964614868164, "206": 0.0004653260111808777, "207": 0.00046548992395401, "208": 0.0004631727933883667, "209": 0.00045937299728393555, "210": 0.0004493445158004761, "211": 0.00044930726289749146, "212": 0.0004352182149887085, "213": 0.000440351665019989, "214": 0.0004242733120918274, "215": 0.00043520331382751465, "216": 0.00041478127241134644, "217": 0.0004310533404350281, "218": 0.00040812790393829346, "219": 0.00042144954204559326, "220": 0.0003924071788787842, "221": 0.0004070848226547241, "222": 0.00038504600524902344, "223": 0.00038902461528778076, "224": 0.0003805309534072876, "225": 0.00037648528814315796, "226": 0.00037486106157302856, "227": 0.0003614500164985657, "228": 0.00036838650703430176, "229": 0.0003506690263748169, "230": 0.00036397576332092285, "231": 0.0003464818000793457, "232": 0.0003233030438423157, "233": 0.0004309117794036865, "234": 0.0003623589873313904, "235": 0.00037326663732528687, "236": 0.0004360899329185486, "237": 0.0003679990768432617, "238": 0.00036666542291641235, "239": 0.0003906041383743286, "240": 0.00035712122917175293, "241": 0.00039011240005493164, "242": 0.00036057084798812866, "243": 0.0002980083227157593, "244": 0.00028452277183532715, "245": 0.00035784393548965454, "246": 0.00027852505445480347, "247": 0.0002733990550041199, "248": 0.0003415346145629883, "249": 0.00026379525661468506, "250": 0.00026419758796691895, "251": 0.0003048703074455261, "252": 0.0002571865916252136, "253": 0.00025253742933273315, "254": 0.0002565234899520874, "255": 0.0002384185791015625, "256": 0.00033424049615859985, "257": 0.0002334117889404297, "258": 0.00023652613162994385, "259": 0.00023304671049118042, "260": 0.0002452656626701355, "261": 0.00022532790899276733, "262": 0.00029106438159942627, "263": 0.00023048371076583862, "264": 0.0002551153302192688, "265": 0.00021995604038238525, "266": 0.00021845847368240356, "267": 0.00021239370107650757, "268": 0.0002108737826347351, "269": 0.00020746886730194092, "270": 0.00025991350412368774,