{"0": 0.6931474208831787, "1": 0.02972746081650257, "2": 0.02971443347632885, "3": 0.02173103764653206, "4": 0.02134566940367222, "5": 0.021078383550047874, "6": 0.020795149728655815, "7": 0.020521875470876694, "8": 0.02026372030377388, "9": 0.020021919161081314, "10": 0.019796449691057205, "11": 0.019588172435760498, "12": 0.019391734153032303, "13": 0.019216077402234077, "14": 0.0190485417842865, "15": 0.018883679062128067, "16": 0.018721839413046837, "17": 0.01856466382741928, "18": 0.018413234502077103, "19": 0.018266793340444565, "20": 0.018125953152775764, "21": 0.01799098588526249, "22": 0.01786099374294281, "23": 0.017734436318278313, "24": 0.017610987648367882, "25": 0.017490698024630547, "26": 0.017372991889715195, "27": 0.017257923260331154, "28": 0.017143746837973595, "29": 0.017031654715538025, "30": 0.01692076399922371, "31": 0.016811374574899673, "32": 0.016704458743333817, "33": 0.016596687957644463, "34": 0.016490209847688675, "35": 0.01638420857489109, "36": 0.016276493668556213, "37": 0.016165507957339287, "38": 0.01605094037950039, "39": 0.01593288965523243, "40": 0.015809621661901474, "41": 0.015680354088544846, "42": 0.015543114393949509, "43": 0.015396751463413239, "44": 0.015241511166095734, "45": 0.01507315319031477, "46": 0.014889726415276527, "47": 0.014686339534819126, "48": 0.01446128636598587, "49": 0.01421109028160572, "50": 0.013920692726969719, "51": 0.013556680642068386, "52": 0.013199785724282265, "53": 0.012805645354092121, "54": 0.012525800615549088, "55": 0.012218564748764038, "56": 0.011913983151316643, "57": 0.011638748459517956, "58": 0.011391566134989262, "59": 0.011151324957609177, "60": 0.010939671657979488, "61": 0.010718290694057941, "62": 0.010528672486543655, "63": 0.010332080535590649, "64": 0.010147296823561192, "65": 0.009982556104660034, "66": 0.009829558432102203, "67": 0.009682527743279934, "68": 0.009540732949972153, "69": 0.009405888617038727, "70": 0.009272128343582153, "71": 0.009149635210633278, "72": 0.00902946200221777, "73": 0.008914809674024582, "74": 0.00879998505115509, "75": 0.008689409121870995, "76": 0.008582757785916328, "77": 0.008481301367282867, "78": 0.00838327594101429, "79": 0.008288368582725525, "80": 0.008196340873837471, "81": 0.008106127381324768, "82": 0.008018743246793747, "83": 0.007933450862765312, "84": 0.007851677015423775, "85": 0.007769813761115074, "86": 0.007689926773309708, "87": 0.007612488232553005, "88": 0.0075363172218203545, "89": 0.007463179528713226, "90": 0.007391062565147877, "91": 0.0073210131376981735, "92": 0.007251635193824768, "93": 0.0071840789169073105, "94": 0.00711657851934433, "95": 0.007051360327750444, "96": 0.0069849612191319466, "97": 0.006920557003468275, "98": 0.006857156287878752, "99": 0.006795348599553108, "100": 0.006734099239110947, "101": 0.006674929987639189, "102": 0.006615818478167057, "103": 0.0065588089637458324, "104": 0.006502346135675907, "105": 0.006446619518101215, "106": 0.006392201408743858, "107": 0.006337879691272974, "108": 0.006283093243837357, "109": 0.0062290336936712265, "110": 0.006176047958433628, "111": 0.006124551873654127, "112": 0.006075417157262564, "113": 0.006026584655046463, "114": 0.005977874621748924, "115": 0.005930839106440544, "116": 0.005883268546313047, "117": 0.005837160162627697, "118": 0.005789813585579395, "119": 0.00574437715113163, "120": 0.005699528846889734, "121": 0.005656302906572819, "122": 0.005613221786916256, "123": 0.005570380017161369, "124": 0.005528089590370655, "125": 0.005484849214553833, "126": 0.005441953428089619, "127": 0.005399365443736315, "128": 0.005356933921575546, "129": 0.005314105190336704, "130": 0.0052722543478012085, "131": 0.00522899255156517, "132": 0.0051878588274121284, "133": 0.0051466734148561954, "134": 0.005107499659061432, "135": 0.005069178994745016, "136": 0.005031708162277937, "137": 0.004994439426809549, "138": 0.004957696422934532, "139": 0.004921124316751957, "140": 0.004884080030024052, "141": 0.00484880805015564, "142": 0.00481497123837471, "143": 0.004781537223607302, "144": 0.004747549071907997, "145": 0.004714389331638813, "146": 0.004680371843278408, "147": 0.004646468907594681, "148": 0.004614308942109346, "149": 0.004582050256431103, "150": 0.0045502521097660065, "151": 0.004517834633588791, "152": 0.004485385026782751, "153": 0.004452250897884369, "154": 0.004420773591846228, "155": 0.004389124922454357, "156": 0.004358988720923662, "157": 0.004329435992985964, "158": 0.00430111400783062, "159": 0.004271728917956352, "160": 0.00424467958509922, "161": 0.004214870743453503, "162": 0.004186611156910658, "163": 0.004158180207014084, "164": 0.004128692671656609, "165": 0.004101364873349667, "166": 0.004074050113558769, "167": 0.004046841990202665, "168": 0.00402035191655159, "169": 0.003993980586528778, "170": 0.00396882975474, "171": 0.0039425496943295, "172": 0.003918447066098452, "173": 0.003894544206559658, "174": 0.003871556371450424, "175": 0.0038488334976136684, "176": 0.003826061962172389, "177": 0.0038024005480110645, "178": 0.0037795952521264553, "179": 0.0037570910062640905, "180": 0.0037338794209063053, "181": 0.0037105518858879805, "182": 0.0036884485743939877, "183": 0.0036647235974669456, "184": 0.003641703398898244, "185": 0.0036187032237648964, "186": 0.0035988069139420986, "187": 0.0035777678713202477, "188": 0.003557651536539197, "189": 0.003537085372954607, "190": 0.0035174922086298466, "191": 0.0034970841370522976, "192": 0.0034776446409523487, "193": 0.003457698505371809, "194": 0.003440487664192915, "195": 0.0034213578328490257, "196": 0.003404962597414851, "197": 0.0033885424491018057, "198": 0.0033708508126437664, "199": 0.0033535868860781193, "200": 0.003336532972753048, "201": 0.003319509793072939, "202": 0.0033031124621629715, "203": 0.0032864087261259556, "204": 0.003268986940383911, "205": 0.0032526813447475433, "206": 0.003236845601350069, "207": 0.00322140846401453, "208": 0.003205761779099703, "209": 0.0031904331408441067, "210": 0.003174544544890523, "211": 0.0031589395366609097, "212": 0.0031456979922950268, "213": 0.0031337991822510958, "214": 0.0031212856993079185, "215": 0.003107618074864149, "216": 0.0030934729147702456, "217": 0.003079404355958104, "218": 0.0030650135595351458, "219": 0.0030528439674526453, "220": 0.003040084382519126, "221": 0.0030272467993199825, "222": 0.003014181973412633, "223": 0.003000226803123951, "224": 0.002986142411828041, "225": 0.0029742566403001547, "226": 0.002961708465591073, "227": 0.0029494785703718662, "228": 0.002939124358817935, "229": 0.0029273133259266615, "230": 0.0029132398776710033, "231": 0.0029005359392613173, "232": 0.0028869537636637688, "233": 0.002872258424758911, "234": 0.0028584643732756376, "235": 0.002845508512109518, "236": 0.0028345242608338594, "237": 0.002824721857905388, "238": 0.0028143716044723988, "239": 0.0028040450997650623, "240": 0.0027927171904593706, "241": 0.0027825525030493736, "242": 0.002772966865450144, "243": 0.0027645903173834085, "244": 0.0027508107014000416, "245": 0.002739846706390381, "246": 0.002732161432504654, "247": 0.0027243501972407103, "248": 0.002715663518756628, "249": 0.0027092311065644026, "250": 0.0027027269825339317, "251": 0.002696843584999442, "252": 0.0026892428286373615, "253": 0.0026765367947518826, "254": 0.0026645720936357975, "255": 0.0026536269579082727, "256": 0.0026426720432937145, "257": 0.002632717601954937, "258": 0.002613678341731429, "259": 0.0026043334510177374, "260": 0.002594959456473589, "261": 0.00258175958879292, "262": 0.0025767867919057608, "263": 0.0025719611439853907, "264": 0.0025675243232399225, "265": 0.002564571099355817, "266": 0.0025620884262025356, "267": 0.0025590262375772, "268": 0.00255577196367085, "269": 0.002552472287788987, "270": 0.002549754921346903, "271": 0.002546459436416626, "272": 0.0025424896739423275, "273": 0.0025375548284500837, "274": 0.0025326949544250965, "275": 0.002528426004573703, "276": 0.002524749608710408, "277": 0.0025204489938914776,