{"0": 998.3068525791168, "1": 0.6235471963882446, "2": 6.717443466186523e-05, "3": 0.030767738819122314, "4": 0.0005598217248916626, "5": 0.0003625452518463135, "6": 0.00034300610423088074, "7": 0.0003118589520454407, "8": 0.00028360262513160706, "9": 0.00025613605976104736, "10": 0.00023182108998298645, "11": 0.00020898878574371338, "12": 0.00019109994173049927, "13": 0.00012996047735214233, "14": 0.0001257769763469696, "15": 0.0001296810805797577, "16": 0.00013252347707748413, "17": 0.00013253092765808105, "18": 0.00012575089931488037, "19": 0.00011943280696868896, "20": 0.00011045485734939575, "21": 0.00010542944073677063, "22": 9.966641664505005e-05, "23": 9.337440133094788e-05, "24": 9.126588702201843e-05, "25": 8.802860975265503e-05, "26": 8.407235145568848e-05, "27": 8.164346218109131e-05, "28": 7.839500904083252e-05, "29": 7.46697187423706e-05, "30": 7.012113928794861e-05, "31": 6.801262497901917e-05, "32": 6.543472409248352e-05, "33": 6.324052810668945e-05, "34": 6.154552102088928e-05, "35": 5.8360397815704346e-05, "36": 5.618482828140259e-05, "37": 5.4758042097091675e-05, "38": 5.2988529205322266e-05, "39": 5.1040202379226685e-05, "40": 4.900991916656494e-05, "41": 4.7948211431503296e-05, "42": 4.626065492630005e-05, "43": 4.455074667930603e-05, "44": 4.3198466300964355e-05, "45": 4.235655069351196e-05, "46": 4.105269908905029e-05, "47": 3.939121961593628e-05, "48": 3.8642436265945435e-05, "49": 3.8642436265945435e-05, "50": 3.819167613983154e-05, "51": 3.824383020401001e-05, "52": 3.847479820251465e-05, "53": 3.851205110549927e-05, "54": 3.8817524909973145e-05, "55": 3.980472683906555e-05, "56": 4.029273986816406e-05, "57": 4.161521792411804e-05, "58": 4.3623149394989014e-05, "59": 4.769861698150635e-05, "60": 5.0518661737442017e-05, "61": 5.498528480529785e-05, "62": 5.863979458808899e-05, "63": 6.45369291305542e-05, "64": 7.367879152297974e-05, "65": 8.545815944671631e-05, "66": 0.00010729953646659851, "67": 0.00013981014490127563, "68": 0.00021865218877792358, "69": 0.0002829544246196747, "70": 0.0002895444631576538, "71": 0.00032877177000045776, "72": 0.00024323537945747375, "73": 0.000257028266787529, "74": 0.0002833642065525055, "75": 0.0002740509808063507, "76": 0.00021567381918430328, "77": 0.0001996941864490509, "78": 0.0002398137003183365, "79": 0.00018477998673915863, "80": 0.00021616369485855103, "81": 0.00018316879868507385, "82": 0.00022247247397899628, "83": 0.000202057883143425, "84": 0.00017345137894153595, "85": 0.00022183172404766083, "86": 0.0002029314637184143, "87": 0.0001858435571193695, "88": 0.0001584850251674652, "89": 0.0001849159598350525, "90": 0.000155668705701828, "91": 0.0001529604196548462, "92": 0.0001477506011724472, "93": 0.00013249367475509644, "94": 0.0001532379537820816, "95": 0.0001200307160615921, "96": 0.00015621446073055267, "97": 0.00013600289821624756, "98": 0.0001263786107301712, "99": 0.0001160893589258194, "100": 0.00011971220374107361, "101": 0.00011064484715461731, "102": 0.00010536424815654755, "103": 0.00010756216943264008, "104": 9.533204138278961e-05, "105": 0.00011776760220527649, "106": 0.00012310780584812164, "107": 9.969621896743774e-05, "108": 9.664706885814667e-05, "109": 0.00011070258915424347, "110": 9.245797991752625e-05, "111": 0.00011905469000339508, "112": 0.00011689215898513794, "113": 9.613297879695892e-05, "114": 9.329058229923248e-05, "115": 9.567849338054657e-05, "116": 9.106658399105072e-05, "117": 9.765848517417908e-05, "118": 9.121745824813843e-05, "119": 9.720958769321442e-05, "120": 9.524449706077576e-05, "121": 8.842535316944122e-05, "122": 9.793229401111603e-05, "123": 9.841471910476685e-05, "124": 8.74549150466919e-05, "125": 0.00011158548295497894, "126": 0.00011260621249675751, "127": 9.862706065177917e-05, "128": 8.348189294338226e-05, "129": 9.909830987453461e-05, "130": 0.0001021604984998703, "131": 8.537061512470245e-05, "132": 8.032657206058502e-05, "133": 0.00010010786354541779, "134": 8.686818182468414e-05, "135": 7.700175046920776e-05, "136": 7.13597983121872e-05, "137": 7.171370089054108e-05, "138": 9.59690660238266e-05, "139": 8.107908070087433e-05, "140": 7.949955761432648e-05, "141": 7.664412260055542e-05, "142": 8.266419172286987e-05, "143": 6.819143891334534e-05, "144": 8.073821663856506e-05, "145": 8.280947804450989e-05, "146": 8.569657802581787e-05, "147": 7.439404726028442e-05, "148": 7.456354796886444e-05, "149": 7.644109427928925e-05, "150": 6.294623017311096e-05, "151": 6.388872861862183e-05, "152": 6.391853094100952e-05, "153": 7.254630327224731e-05, "154": 5.964934825897217e-05, "155": 7.685646414756775e-05, "156": 7.904693484306335e-05, "157": 6.845034658908844e-05, "158": 5.218386650085449e-05, "159": 5.6605786085128784e-05, "160": 6.204284727573395e-05, "161": 5.103647708892822e-05, "162": 4.729069769382477e-05, "163": 5.0090253353118896e-05, "164": 6.221607327461243e-05, "165": 5.1332637667655945e-05, "166": 4.7225505113601685e-05, "167": 5.638599395751953e-05, "168": 5.43743371963501e-05, "169": 5.008280277252197e-05, "170": 4.790350794792175e-05, "171": 3.55355441570282e-05, "172": 3.59024852514267e-05, "173": 3.4166499972343445e-05, "174": 3.33636999130249e-05, "175": 3.8154423236846924e-05, "176": 3.0135735869407654e-05, "177": 3.0053779482841492e-05, "178": 3.092363476753235e-05, "179": 3.699958324432373e-05, "180": 3.297068178653717e-05, "181": 3.725476562976837e-05, "182": 3.637000918388367e-05, "183": 4.49642539024353e-05, "184": 4.2924657464027405e-05, "185": 2.939067780971527e-05, "186": 3.04393470287323e-05, "187": 3.632344305515289e-05, "188": 3.1752511858940125e-05, "189": 4.1970983147621155e-05, "190": 2.974085509777069e-05, "191": 2.7291476726531982e-05, "192": 2.697296440601349e-05, "193": 2.5967136025428772e-05, "194": 2.4959444999694824e-05, "195": 2.481788396835327e-05, "196": 2.1500512957572937e-05, "197": 3.257766366004944e-05, "198": 1.9770115613937378e-05, "199": 1.985393464565277e-05, "200": 2.5345012545585632e-05, "201": 2.847425639629364e-05, "202": 2.3400411009788513e-05, "203": 2.6358291506767273e-05, "204": 2.4244189262390137e-05, "205": 1.9069761037826538e-05, "206": 1.936405897140503e-05, "207": 1.9922852516174316e-05, "208": 2.0235776901245117e-05, "209": 1.6763806343078613e-05, "210": 1.7797574400901794e-05, "211": 2.1239742636680603e-05, "212": 2.6104971766471863e-05, "213": 1.757591962814331e-05, "214": 1.7018988728523254e-05, "215": 1.6007572412490845e-05, "216": 2.3759901523590088e-05, "217": 1.4487653970718384e-05, "218": 1.446157693862915e-05, "219": 1.4320015907287598e-05, "220": 1.3686716556549072e-05, "221": 1.3530254364013672e-05, "222": 2.4762004613876343e-05, "223": 2.4884939193725586e-05, "224": 1.3183802366256714e-05, "225": 1.2965872883796692e-05, "226": 1.2082979083061218e-05, "227": 1.1846423149108887e-05, "228": 1.1205673217773438e-05, "229": 1.115351915359497e-05, "230": 1.0769814252853394e-05, "231": 1.0233372449874878e-05, "232": 1.0088086128234863e-05, "233": 1.0654330253601074e-05, "234": 9.551644325256348e-06, "235": 9.339302778244019e-06, "236": 9.328126907348633e-06, "237": 8.260831236839294e-06, "238": 7.372349500656128e-06, "239": 7.625669240951538e-06, "240": 1.3304874300956726e-05, "241": 7.277354598045349e-06, "242": 7.3015689849853516e-06, "243": 9.061768651008606e-06, "244": 7.022172212600708e-06, "245": 6.94766640663147e-06, "246": 6.619840860366821e-06, "247": 7.987022399902344e-06, "248": 6.156042218208313e-06, "249": 6.018206477165222e-06, "250": 5.984678864479065e-06, "251": 5.910173058509827e-06, "252": 8.046627044677734e-06, "253": 5.373731255531311e-06, "254": 5.345791578292847e-06, "255": 5.347654223442078e-06, "256": 8.083879947662354e-06, "257": 5.751848220825195e-06, "258": 5.776062607765198e-06, "259": 6.502494215965271e-06, "260": 5.824491381645203e-06, "261": 6.319954991340637e-06, "262": 5.37186861038208e-06, "263": 8.318573236465454e-06, "264": 4.854053258895874e-06, "265": 4.641711711883545e-06, "266": 4.664063453674316e-06,