{"0": 998.3068525791168, "1": 0.5903685167431831, "2": 8.21724534034729e-05, "3": 0.04041581228375435, "4": 0.0023473426699638367, "5": 0.0013280771672725677, "6": 0.0012648850679397583, "7": 0.001109641045331955, "8": 0.000933576375246048, "9": 0.000810135155916214, "10": 0.0006867833435535431, "11": 0.0006066858768463135, "12": 0.0005297660827636719, "13": 0.00043037161231040955, "14": 0.00037237629294395447, "15": 0.00035135820508003235, "16": 0.0003317110240459442, "17": 0.00031087175011634827, "18": 0.0002932511270046234, "19": 0.0002780519425868988, "20": 0.0002620331943035126, "21": 0.00024785101413726807, "22": 0.00023233890533447266, "23": 0.00021984800696372986, "24": 0.00020976364612579346, "25": 0.00019947439432144165, "26": 0.0001893937587738037, "27": 0.00017835572361946106, "28": 0.00016999989748001099, "29": 0.0001626536250114441, "30": 0.00015623867511749268, "31": 0.00014880672097206116, "32": 0.0001425519585609436, "33": 0.000135127454996109, "34": 0.00012996047735214233, "35": 0.0001239590346813202, "36": 0.00011835619807243347, "37": 0.00011377781629562378, "38": 0.00010935589671134949, "39": 0.00010441988706588745, "40": 0.0001004151999950409, "41": 9.678304195404053e-05, "42": 9.426102042198181e-05, "43": 9.137764573097229e-05, "44": 8.785352110862732e-05, "45": 8.42362642288208e-05, "46": 7.920339703559875e-05, "47": 7.849186658859253e-05, "48": 7.604435086250305e-05, "49": 7.366016507148743e-05, "50": 7.109344005584717e-05, "51": 6.882846355438232e-05, "52": 6.708130240440369e-05, "53": 6.426125764846802e-05, "54": 6.292387843132019e-05, "55": 6.103515625e-05, "56": 5.924329161643982e-05, "57": 5.756691098213196e-05, "58": 5.537271499633789e-05, "59": 5.3301453590393066e-05, "60": 5.179643630981445e-05, "61": 5.093589425086975e-05, "62": 4.976615309715271e-05, "63": 4.883110523223877e-05, "64": 4.778429865837097e-05, "65": 4.678219556808472e-05, "66": 4.5847147703170776e-05, "67": 4.538148641586304e-05, "68": 4.449114203453064e-05, "69": 4.339590668678284e-05, "70": 4.276260733604431e-05, "71": 4.198402166366577e-05, "72": 4.221126437187195e-05, "73": 4.236772656440735e-05, "74": 4.279240965843201e-05, "75": 4.3783336877822876e-05, "76": 4.533305764198303e-05, "77": 4.684925079345703e-05, "78": 4.879385232925415e-05, "79": 5.182623863220215e-05, "80": 5.63301146030426e-05, "81": 5.978718400001526e-05, "82": 6.335601210594177e-05, "83": 7.040798664093018e-05, "84": 7.504597306251526e-05, "85": 7.928907871246338e-05, "86": 8.367747068405151e-05, "87": 8.908659219741821e-05, "88": 9.495764970779419e-05, "89": 0.00010059773921966553, "90": 0.00010673701763153076, "91": 0.0001119561493396759, "92": 0.00011887028813362122, "93": 0.0001247003674507141, "94": 0.00012987852096557617, "95": 0.00013322383165359497, "96": 0.00016668811440467834, "97": 0.00010214373469352722, "98": 0.00011693313717842102, "99": 0.00011996552348136902, "100": 0.00012623146176338196, "101": 0.0001370646059513092, "102": 0.000136643648147583, "103": 0.00013523921370506287, "104": 0.00013599172234535217, "105": 0.00013525038957595825, "106": 0.00013936683535575867, "107": 0.00015153735876083374, "108": 0.00011577829718589783, "109": 0.00012192502617835999, "110": 0.00013681873679161072, "111": 0.00013222545385360718, "112": 0.0001397840678691864, "113": 0.0001362226903438568, "114": 0.0001364201307296753, "115": 0.00013286620378494263, "116": 0.00013495981693267822, "117": 0.0001320764422416687, "118": 0.00013209879398345947, "119": 0.00011463463306427002, "120": 0.00010016560554504395, "121": 0.00011055171489715576, "122": 9.683892130851746e-05, "123": 0.00011047720909118652, "124": 9.791553020477295e-05, "125": 0.00011367723345756531, "126": 9.940564632415771e-05, "127": 0.000102948397397995, "128": 0.00010001286864280701, "129": 0.00010026618838310242, "130": 7.87004828453064e-05, "131": 8.528679609298706e-05, "132": 8.97720456123352e-05, "133": 8.623301982879639e-05, "134": 9.252503514289856e-05, "135": 8.382648229598999e-05, "136": 8.074566721916199e-05, "137": 7.233023643493652e-05, "138": 7.677450776100159e-05, "139": 7.529556751251221e-05, "140": 7.867813110351562e-05, "141": 6.860867142677307e-05, "142": 7.195770740509033e-05, "143": 6.613507866859436e-05, "144": 7.492303848266602e-05, "145": 7.586181163787842e-05, "146": 6.7196786403656e-05, "147": 7.630512118339539e-05, "148": 7.401779294013977e-05, "149": 6.99758529663086e-05, "150": 7.147714495658875e-05, "151": 6.900355219841003e-05, "152": 5.346164107322693e-05, "153": 6.0770660638809204e-05, "154": 6.62095844745636e-05, "155": 5.957856774330139e-05, "156": 6.717443466186523e-05, "157": 5.7969242334365845e-05, "158": 5.862489342689514e-05, "159": 6.509199738502502e-05, "160": 5.5495649576187134e-05, "161": 5.336478352546692e-05, "162": 6.3382089138031e-05, "163": 6.470829248428345e-05, "164": 6.636232137680054e-05, "165": 5.739927291870117e-05, "166": 5.813688039779663e-05, "167": 6.730109453201294e-05, "168": 7.083266973495483e-05, "169": 6.68056309223175e-05, "170": 6.763637065887451e-05, "171": 5.968660116195679e-05, "172": 5.694478750228882e-05, "173": 4.5709311962127686e-05, "174": 5.085021257400513e-05, "175": 4.733726382255554e-05, "176": 4.0393322706222534e-05, "177": 4.5493245124816895e-05, "178": 3.723055124282837e-05, "179": 4.410743713378906e-05, "180": 5.334243178367615e-05, "181": 4.345923662185669e-05, "182": 4.0300190448760986e-05, "183": 4.05237078666687e-05, "184": 4.199892282485962e-05, "185": 3.774464130401611e-05, "186": 3.6094337701797485e-05, "187": 4.277750849723816e-05, "188": 3.657117486000061e-05, "189": 3.732740879058838e-05, "190": 3.8370490074157715e-05, "191": 3.559142351150513e-05, "192": 3.3836811780929565e-05, "193": 4.670768976211548e-05, "194": 3.1188130378723145e-05, "195": 3.2532960176467896e-05, "196": 2.9843300580978394e-05, "197": 2.7660280466079712e-05, "198": 2.9068440198898315e-05, "199": 4.4636428356170654e-05, "200": 5.0183385610580444e-05, "201": 3.599002957344055e-05, "202": 3.7301331758499146e-05, "203": 3.645196557044983e-05, "204": 4.177168011665344e-05, "205": 3.2961368560791016e-05, "206": 2.8558075428009033e-05, "207": 2.5194138288497925e-05, "208": 3.8485974073410034e-05, "209": 2.70940363407135e-05, "210": 3.569945693016052e-05, "211": 2.4534761905670166e-05, "212": 2.501159906387329e-05, "213": 2.5045126676559448e-05, "214": 2.4121254682540894e-05, "215": 3.9964914321899414e-05, "216": 2.802908420562744e-05, "217": 2.9437243938446045e-05, "218": 2.7827918529510498e-05, "219": 2.2783875465393066e-05, "220": 2.4128705263137817e-05, "221": 2.3659318685531616e-05, "222": 2.356991171836853e-05, "223": 2.282857894897461e-05, "224": 2.2839754819869995e-05, "225": 2.3815780878067017e-05, "226": 2.2698193788528442e-05, "227": 2.286583185195923e-05, "228": 2.4810433387756348e-05, "229": 2.968311309814453e-05, "230": 2.2280961275100708e-05, "231": 1.892074942588806e-05, "232": 1.8544495105743408e-05, "233": 1.778826117515564e-05, "234": 1.8592923879623413e-05, "235": 2.0381063222885132e-05, "236": 1.8611550331115723e-05, "237": 1.7445534467697144e-05, "238": 2.0798295736312866e-05, "239": 3.859773278236389e-05, "240": 1.4234334230422974e-05, "241": 1.4502555131912231e-05, "242": 1.4696270227432251e-05, "243": 1.4439225196838379e-05, "244": 1.4964491128921509e-05, "245": 3.920122981071472e-05, "246": 1.1652708053588867e-05, "247": 1.2081116437911987e-05, "248": 1.1086463928222656e-05, "249": 1.2017786502838135e-05, "250": 1.2833625078201294e-05, "251": 1.1865049600601196e-05, "252": 1.1574476957321167e-05, "253": 1.0922551155090332e-05, "254": 1.956149935722351e-05, "255": 1.0270625352859497e-05, "256": 1.333281397819519e-05, "257": 1.0192394256591797e-05, "258": 1.0963529348373413e-05, "259": 1.0944902896881104e-05, "260": 1.049041748046875e-05, "261": 1.0401010513305664e-05, "262": 1.0263174772262573e-05, "263": 1.0527670383453369e-05, "264": 9.622424840927124e-06, "265": 9.88692045211792e-06, "266": 9.402632713317871e-06,