{"0": 998.3068525791168, "1": 0.3586321473121643, "2": 0.00046950578689575195, "3": 0.11866769194602966, "4": 0.013883605599403381, "5": 0.005866825580596924, "6": 0.004749685525894165, "7": 0.00408579409122467, "8": 0.003505691885948181, "9": 0.0030208975076675415, "10": 0.0026241540908813477, "11": 0.0023012161254882812, "12": 0.0020640790462493896, "13": 0.0017430037260055542, "14": 0.001536145806312561, "15": 0.0014474540948867798, "16": 0.001383766531944275, "17": 0.0013206899166107178, "18": 0.0012452304363250732, "19": 0.0011795908212661743, "20": 0.0011080503463745117, "21": 0.0010418444871902466, "22": 0.0009793192148208618, "23": 0.0009424090385437012, "24": 0.0009034425020217896, "25": 0.0008732527494430542, "26": 0.0008400976657867432, "27": 0.0008031725883483887, "28": 0.0007673949003219604, "29": 0.0007410943508148193, "30": 0.0007129013538360596, "31": 0.0006793886423110962, "32": 0.0006586462259292603, "33": 0.0006344020366668701, "34": 0.0006111562252044678, "35": 0.0005885213613510132, "36": 0.0005662143230438232, "37": 0.0005496442317962646, "38": 0.000530928373336792, "39": 0.0005113333463668823, "40": 0.0004976540803909302, "41": 0.000479772686958313, "42": 0.00046515464782714844, "43": 0.0004547536373138428, "44": 0.00044351816177368164, "45": 0.00042860209941864014, "46": 0.0004145801067352295, "47": 0.0004019737243652344, "48": 0.00039489567279815674, "49": 0.00038392841815948486, "50": 0.0003744661808013916, "51": 0.0003680586814880371, "52": 0.000360339879989624, "53": 0.0003527700901031494, "54": 0.0003451108932495117, "55": 0.00033770501613616943, "56": 0.00033052265644073486, "57": 0.0003252774477005005, "58": 0.00032144784927368164, "59": 0.0003134012222290039, "60": 0.0003078579902648926, "61": 0.00030240416526794434, "62": 0.0002980083227157593, "63": 0.0002919435501098633, "64": 0.00028634071350097656, "65": 0.0002803206443786621, "66": 0.00027652084827423096, "67": 0.0002725869417190552, "68": 0.00026872754096984863, "69": 0.00026476383209228516, "70": 0.000260964035987854, "71": 0.0002563297748565674, "72": 0.00025337934494018555, "73": 0.00024913251399993896, "74": 0.00024369359016418457, "75": 0.00023888051509857178, "76": 0.0002351701259613037, "77": 0.00023308396339416504, "78": 0.00023035705089569092, "79": 0.00022830069065093994, "80": 0.00022748112678527832, "81": 0.00022664666175842285, "82": 0.00022399425506591797, "83": 0.00021912157535552979, "84": 0.00021630525588989258, "85": 0.00021347403526306152, "86": 0.0002104043960571289, "87": 0.00020751357078552246, "88": 0.00020498037338256836, "89": 0.00020302832126617432, "90": 0.00020116567611694336, "91": 0.00020116567611694336, "92": 0.00020034611225128174, "93": 0.0001990795135498047, "94": 0.00019784271717071533, "95": 0.0001983642578125, "96": 0.00020056962966918945, "97": 0.00019881129264831543, "98": 0.00019815564155578613, "99": 0.00019812583923339844, "100": 0.00019825994968414307, "101": 0.00019803643226623535, "102": 0.0001961439847946167, "103": 0.00019903481006622314, "104": 0.00020456314086914062, "105": 0.00021038949489593506, "106": 0.0002352297306060791, "107": 0.00026257336139678955, "108": 0.00030834972858428955, "109": 0.00034148991107940674, "110": 0.00041109323501586914, "111": 0.000580519437789917, "112": 0.0005961060523986816, "113": 0.0006055384874343872, "114": 0.0007029026746749878, "115": 0.0006642788648605347, "116": 0.0006708428263664246, "117": 0.0008351504802703857, "118": 0.0006385818123817444, "119": 0.0006798356771469116, "120": 0.0006212666630744934, "121": 0.0008114650845527649, "122": 0.0007302090525627136, "123": 0.0008726641535758972, "124": 0.000690944492816925, "125": 0.0008403882384300232, "126": 0.0006697177886962891, "127": 0.0007598176598548889, "128": 0.0007809922099113464, "129": 0.000674709677696228, "130": 0.0006575360894203186, "131": 0.0008742809295654297, "132": 0.0006751641631126404, "133": 0.0008041858673095703, "134": 0.0007856562733650208, "135": 0.0008135661482810974, "136": 0.0007133185863494873, "137": 0.0007217377424240112, "138": 0.0007801353931427002, "139": 0.0008770301938056946, "140": 0.0006185472011566162, "141": 0.0005380585789680481, "142": 0.0005842298269271851, "143": 0.0010071322321891785, "144": 0.0006134584546089172, "145": 0.0006227493286132812, "146": 0.0006423592567443848, "147": 0.000706017017364502, "148": 0.0006423071026802063, "149": 0.0007599666714668274, "150": 0.0006411448121070862, "151": 0.000613577663898468, "152": 0.0006176233291625977, "153": 0.0006090998649597168, "154": 0.0006524771451950073, "155": 0.0005961209535598755, "156": 0.0007531121373176575, "157": 0.0005553290247917175, "158": 0.0006235167384147644, "159": 0.0005856379866600037, "160": 0.000527113676071167, "161": 0.0007388293743133545, "162": 0.0005142688751220703, "163": 0.0004989132285118103, "164": 0.0005255565047264099, "165": 0.000556357204914093, "166": 0.00047753751277923584, "167": 0.000491999089717865, "168": 0.00042920559644699097, "169": 0.0005845949053764343, "170": 0.0004407912492752075, "171": 0.0004203915596008301, "172": 0.00043673813343048096, "173": 0.00044067949056625366, "174": 0.0005455911159515381, "175": 0.0004062354564666748, "176": 0.0003786161541938782, "177": 0.00038285553455352783, "178": 0.00037567317485809326, "179": 0.0003938451409339905, "180": 0.0003658011555671692, "181": 0.0003530532121658325, "182": 0.0003540217876434326, "183": 0.00043945014476776123, "184": 0.0003570467233657837, "185": 0.0004192143678665161, "186": 0.00039765238761901855, "187": 0.0005422234535217285, "188": 0.00036440789699554443, "189": 0.00032278895378112793, "190": 0.0004200488328933716, "191": 0.00034392625093460083, "192": 0.0003350973129272461, "193": 0.00032329559326171875, "194": 0.0004588663578033447, "195": 0.00031317025423049927, "196": 0.0002832487225532532, "197": 0.0003102719783782959, "198": 0.00028843432664871216, "199": 0.0002923309803009033, "200": 0.00027683377265930176, "201": 0.00029633939266204834, "202": 0.00039473921060562134, "203": 0.00027617812156677246, "204": 0.0002666860818862915, "205": 0.00028315186500549316, "206": 0.0003398880362510681, "207": 0.0003085881471633911, "208": 0.00028634071350097656, "209": 0.0002562403678894043, "210": 0.0002735704183578491, "211": 0.00023846328258514404, "212": 0.00021947920322418213, "213": 0.00022186338901519775, "214": 0.0002196282148361206, "215": 0.0002277866005897522, "216": 0.00018453598022460938, "217": 0.00019153952598571777, "218": 0.0001841410994529724, "219": 0.00018490850925445557, "220": 0.00020794570446014404, "221": 0.00017854571342468262, "222": 0.00018839538097381592, "223": 0.00019330531358718872, "224": 0.00016547739505767822, "225": 0.00017895549535751343, "226": 0.00018195807933807373, "227": 0.00023408234119415283, "228": 0.00016960501670837402, "229": 0.00013296306133270264, "230": 0.0001308843493461609, "231": 0.00014115124940872192, "232": 0.00017845630645751953, "233": 0.00020225346088409424, "234": 0.00019107013940811157, "235": 0.00013812631368637085, "236": 0.00025350600481033325, "237": 0.00012887269258499146, "238": 0.00010697543621063232, "239": 0.000131949782371521, "240": 0.00010417401790618896, "241": 0.0001039654016494751, "242": 0.00016002357006072998, "243": 0.00010387599468231201, "244": 9.785592555999756e-05, "245": 9.50545072555542e-05, "246": 9.964406490325928e-05, "247": 9.08002257347107e-05, "248": 0.00010175257921218872, "249": 9.098649024963379e-05, "250": 9.320676326751709e-05, "251": 9.96217131614685e-05, "252": 9.227544069290161e-05, "253": 9.161978960037231e-05, "254": 9.10535454750061e-05, "255": 9.312480688095093e-05, "256": 9.039044380187988e-05, "257": 8.780509233474731e-05, "258": 8.458644151687622e-05, "259": 7.530301809310913e-05, "260": 0.0001260712742805481, "261": 8.40499997138977e-05, "262": 8.060038089752197e-05, "263": 7.915496826171875e-05, "264": 7.674843072891235e-05, "265": 7.513165473937988e-05, "266": 9.414553642272949e-05, "267": 7.933378219604492e-05,