{"0": 998.3068525791168, "1": 0.6654415559023619, "2": 1.4225021004676819e-05, "3": 0.008691102266311646, "4": 0.00020703859627246857, "5": 0.00015065446496009827, "6": 0.00016022473573684692, "7": 0.00015399418771266937, "8": 0.0001431722193956375, "9": 0.0001312103122472763, "10": 0.0001202709972858429, "11": 0.00010879896581172943, "12": 9.878911077976227e-05, "13": 8.472427725791931e-05, "14": 8.007325232028961e-05, "15": 7.726810872554779e-05, "16": 7.417052984237671e-05, "17": 7.201917469501495e-05, "18": 6.930343806743622e-05, "19": 6.523542106151581e-05, "20": 6.105378270149231e-05, "21": 5.702488124370575e-05, "22": 5.494430661201477e-05, "23": 5.2616000175476074e-05, "24": 5.0960108637809753e-05, "25": 4.836544394493103e-05, "26": 4.639849066734314e-05, "27": 4.494190216064453e-05, "28": 4.365108907222748e-05, "29": 4.153698682785034e-05, "30": 4.023313522338867e-05, "31": 3.937631845474243e-05, "32": 3.8158148527145386e-05, "33": 3.6813318729400635e-05, "34": 3.593228757381439e-05, "35": 3.517046570777893e-05, "36": 3.473646938800812e-05, "37": 3.378279507160187e-05, "38": 3.311969339847565e-05, "39": 3.260187804698944e-05, "40": 3.2043084502220154e-05, "41": 3.205053508281708e-05, "42": 3.15103679895401e-05, "43": 3.1210482120513916e-05, "44": 3.174319863319397e-05, "45": 3.1750649213790894e-05, "46": 3.2590702176094055e-05, "47": 3.237277269363403e-05, "48": 3.3192336559295654e-05, "49": 3.441609442234039e-05, "50": 3.546290099620819e-05, "51": 3.6831945180892944e-05, "52": 3.98438423871994e-05, "53": 4.3487176299095154e-05, "54": 4.6698376536369324e-05, "55": 5.231983959674835e-05, "56": 6.112642586231232e-05, "57": 6.827712059020996e-05, "58": 7.747113704681396e-05, "59": 8.643325418233871e-05, "60": 0.0001042420044541359, "61": 0.0001358557492494583, "62": 0.00017760507762432098, "63": 0.0003321431577205658, "64": 0.00026563089340925217, "65": 0.0003015957772731781, "66": 0.0002667512744665146, "67": 0.00027659349143505096, "68": 0.000265294685959816, "69": 0.00025358330458402634, "70": 0.00024274922907352448, "71": 0.0002263728529214859, "72": 0.00021570082753896713, "73": 0.00019591860473155975, "74": 0.00022253207862377167, "75": 0.00017911195755004883, "76": 0.00016081053763628006, "77": 0.00020068883895874023, "78": 0.00016214698553085327, "79": 0.00016045384109020233, "80": 0.00015013385564088821, "81": 0.00014032237231731415, "82": 0.0001365523785352707, "83": 0.00012053642421960831, "84": 0.00012166239321231842, "85": 0.00011476688086986542, "86": 0.00010506436228752136, "87": 0.00010056793689727783, "88": 9.724311530590057e-05, "89": 8.995365351438522e-05, "90": 8.661393076181412e-05, "91": 8.602440357208252e-05, "92": 8.034147322177887e-05, "93": 8.100643754005432e-05, "94": 7.411185652017593e-05, "95": 7.50841572880745e-05, "96": 7.326807826757431e-05, "97": 6.67273998260498e-05, "98": 6.729364395141602e-05, "99": 6.35683536529541e-05, "100": 6.0002319514751434e-05, "101": 6.0616061091423035e-05, "102": 6.155483424663544e-05, "103": 5.78220933675766e-05, "104": 5.753803998231888e-05, "105": 5.645863711833954e-05, "106": 5.7433731853961945e-05, "107": 5.6199729442596436e-05, "108": 5.166791379451752e-05, "109": 5.653314292430878e-05, "110": 5.2247196435928345e-05, "111": 5.064532160758972e-05, "112": 5.114264786243439e-05, "113": 4.8257410526275635e-05, "114": 5.301181226968765e-05, "115": 4.768837243318558e-05, "116": 4.506111145019531e-05, "117": 4.898570477962494e-05, "118": 4.843715578317642e-05, "119": 4.352722316980362e-05, "120": 4.8502348363399506e-05, "121": 4.35924157500267e-05, "122": 4.038587212562561e-05, "123": 4.509091377258301e-05, "124": 3.9616599678993225e-05, "125": 4.580896347761154e-05, "126": 4.138890653848648e-05, "127": 4.179263487458229e-05, "128": 4.077469930052757e-05, "129": 4.0976330637931824e-05, "130": 3.821728751063347e-05, "131": 3.892742097377777e-05, "132": 3.813114017248154e-05, "133": 3.599468618631363e-05, "134": 4.250742495059967e-05, "135": 3.567710518836975e-05, "136": 3.3536460250616074e-05, "137": 3.9795879274606705e-05, "138": 3.720307722687721e-05, "139": 3.809761255979538e-05, "140": 3.584660589694977e-05, "141": 3.630947321653366e-05, "142": 3.521842882037163e-05, "143": 3.615254536271095e-05, "144": 3.427919000387192e-05, "145": 3.7674326449632645e-05, "146": 3.397371619939804e-05, "147": 3.3488962799310684e-05, "148": 4.1318126022815704e-05, "149": 3.5881996154785156e-05, "150": 4.206690937280655e-05, "151": 3.939773887395859e-05, "152": 3.480259329080582e-05, "153": 3.34298238158226e-05, "154": 3.44645231962204e-05, "155": 2.9905233532190323e-05, "156": 3.2887328416109085e-05, "157": 2.8713606297969818e-05, "158": 2.894364297389984e-05, "159": 3.5118311643600464e-05, "160": 3.032386302947998e-05, "161": 2.7020461857318878e-05, "162": 3.067962825298309e-05, "163": 2.7917325496673584e-05, "164": 2.6903580874204636e-05, "165": 2.9457267373800278e-05, "166": 2.6522204279899597e-05, "167": 2.598203718662262e-05, "168": 2.5852583348751068e-05, "169": 2.391217276453972e-05, "170": 2.8195325285196304e-05, "171": 2.4840235710144043e-05, "172": 2.842675894498825e-05, "173": 2.5305896997451782e-05, "174": 2.5973189622163773e-05, "175": 2.9587652534246445e-05, "176": 2.6162713766098022e-05, "177": 3.265915438532829e-05, "178": 3.235507756471634e-05, "179": 2.6309862732887268e-05, "180": 2.233032137155533e-05, "181": 1.912051811814308e-05, "182": 2.3517757654190063e-05, "183": 2.7419067919254303e-05, "184": 2.1843239665031433e-05, "185": 2.5451183319091797e-05, "186": 2.6814639568328857e-05, "187": 1.975521445274353e-05, "188": 1.8318183720111847e-05, "189": 1.591816544532776e-05, "190": 2.079783007502556e-05, "191": 2.0984094589948654e-05, "192": 1.7900019884109497e-05, "193": 2.1169893443584442e-05, "194": 1.6864389181137085e-05, "195": 1.6664154827594757e-05, "196": 2.2376887500286102e-05, "197": 1.83936208486557e-05, "198": 2.0634382963180542e-05, "199": 1.901574432849884e-05, "200": 1.5725381672382355e-05, "201": 1.5766359865665436e-05, "202": 2.0815059542655945e-05, "203": 1.8077902495861053e-05, "204": 1.5014782547950745e-05, "205": 1.6174279153347015e-05, "206": 1.3887416571378708e-05, "207": 1.2599397450685501e-05, "208": 1.262640580534935e-05, "209": 1.3573560863733292e-05, "210": 1.0854564607143402e-05, "211": 1.0800547897815704e-05, "212": 1.0609626770019531e-05, "213": 1.7188023775815964e-05, "214": 1.3874378055334091e-05, "215": 1.4135614037513733e-05, "216": 1.3971701264381409e-05, "217": 1.7642974853515625e-05, "218": 1.6257166862487793e-05, "219": 1.6087666153907776e-05, "220": 1.4240853488445282e-05, "221": 1.3297423720359802e-05, "222": 1.2576580047607422e-05, "223": 1.4021992683410645e-05, "224": 1.3162381947040558e-05, "225": 1.0411255061626434e-05, "226": 1.198984682559967e-05, "227": 9.259209036827087e-06, "228": 1.0624527931213379e-05, "229": 1.0175630450248718e-05, "230": 1.080334186553955e-05, "231": 9.473878890275955e-06, "232": 7.805880159139633e-06, "233": 7.695518434047699e-06, "234": 1.1205673217773438e-05, "235": 7.987488061189651e-06, "236": 9.689945727586746e-06, "237": 8.521601557731628e-06, "238": 9.980052709579468e-06, "239": 8.272938430309296e-06, "240": 8.065253496170044e-06, "241": 7.879454642534256e-06, "242": 7.623340934514999e-06, "243": 9.649433195590973e-06, "244": 6.885267794132233e-06, "245": 9.883195161819458e-06, "246": 6.792135536670685e-06, "247": 6.360933184623718e-06, "248": 6.176065653562546e-06, "249": 1.107761636376381e-05, "250": 8.560717105865479e-06, "251": 7.223337888717651e-06, "252": 1.0569579899311066e-05, "253": 7.175374776124954e-06, "254": 7.116701453924179e-06, "255": 7.252208888530731e-06, "256": 6.899237632751465e-06, "257": 6.259419023990631e-06, "258": 4.751607775688171e-06, "259": 4.818663001060486e-06, "260": 4.569999873638153e-06, "261": 4.364177584648132e-06, "262": 4.037283360958099e-06, "263": 6.686896085739136e-06, "264": 3.1241215765476227e-06, "265": 3.103632479906082e-06, "266": 3.4281983971595764e-06,