{"0": 998.3068525791168, "1": -0.037112653255462646, "2": 0.0018460750579833984, "3": 0.17112267017364502, "4": 0.06728595495223999, "5": 0.029334962368011475, "6": 0.020437806844711304, "7": 0.01661860942840576, "8": 0.014174789190292358, "9": 0.012580007314682007, "10": 0.011181801557540894, "11": 0.009921908378601074, "12": 0.008888185024261475, "13": 0.008092880249023438, "14": 0.00713115930557251, "15": 0.006583750247955322, "16": 0.006092667579650879, "17": 0.005735874176025391, "18": 0.0054329633712768555, "19": 0.00513613224029541, "20": 0.004841536283493042, "21": 0.004591107368469238, "22": 0.0043707191944122314, "23": 0.004139810800552368, "24": 0.003955185413360596, "25": 0.003789246082305908, "26": 0.003638923168182373, "27": 0.003497481346130371, "28": 0.0033431947231292725, "29": 0.0032137632369995117, "30": 0.0030850470066070557, "31": 0.0029724836349487305, "32": 0.0028671622276306152, "33": 0.002760976552963257, "34": 0.00264778733253479, "35": 0.002580106258392334, "36": 0.0024853646755218506, "37": 0.0024060308933258057, "38": 0.0023243725299835205, "39": 0.0022566616535186768, "40": 0.0021873116493225098, "41": 0.0021222829818725586, "42": 0.0020570755004882812, "43": 0.0019935816526412964, "44": 0.0019396543502807617, "45": 0.001886114478111267, "46": 0.0018339157104492188, "47": 0.0017799586057662964, "48": 0.0017401725053787231, "49": 0.0016944706439971924, "50": 0.0016483664512634277, "51": 0.001612350344657898, "52": 0.0015737265348434448, "53": 0.0015378743410110474, "54": 0.0015047043561935425, "55": 0.0014691203832626343, "56": 0.0014355480670928955, "57": 0.0014059841632843018, "58": 0.001376420259475708, "59": 0.0013488680124282837, "60": 0.001321539282798767, "61": 0.0012952238321304321, "62": 0.0012674331665039062, "63": 0.0012441575527191162, "64": 0.0012196451425552368, "65": 0.0011971443891525269, "66": 0.0011721700429916382, "67": 0.0011466890573501587, "68": 0.0011241286993026733, "69": 0.0011004358530044556, "70": 0.0010764896869659424, "71": 0.0010492652654647827, "72": 0.0010279864072799683, "73": 0.0010144710540771484, "74": 0.0009987801313400269, "75": 0.0009785592555999756, "76": 0.0009594261646270752, "77": 0.0009418129920959473, "78": 0.0009228736162185669, "79": 0.0009064972400665283, "80": 0.0008873045444488525, "81": 0.0008629262447357178, "82": 0.000852435827255249, "83": 0.0008462965488433838, "84": 0.0008365064859390259, "85": 0.0008242875337600708, "86": 0.0008123517036437988, "87": 0.0008017420768737793, "88": 0.0007916688919067383, "89": 0.0007819831371307373, "90": 0.0007684379816055298, "91": 0.0007581412792205811, "92": 0.0007570087909698486, "93": 0.000753745436668396, "94": 0.0007465481758117676, "95": 0.0007515549659729004, "96": 0.0007753670215606689, "97": 0.0008016228675842285, "98": 0.0008381754159927368, "99": 0.0008800774812698364, "100": 0.0009347051382064819, "101": 0.0009971261024475098, "102": 0.001101866364479065, "103": 0.001223057508468628, "104": 0.0012658238410949707, "105": 0.0013583898544311523, "106": 0.0013008862733840942, "107": 0.0013745278120040894, "108": 0.001302570104598999, "109": 0.0013702213764190674, "110": 0.0010742098093032837, "111": 0.0011490434408187866, "112": 0.001230686902999878, "113": 0.0011908859014511108, "114": 0.001139327883720398, "115": 0.001088455319404602, "116": 0.0011104345321655273, "117": 0.0010983943939208984, "118": 0.0010444074869155884, "119": 0.001087576150894165, "120": 0.0010282844305038452, "121": 0.0009322911500930786, "122": 0.0009553730487823486, "123": 0.0009160935878753662, "124": 0.0010242462158203125, "125": 0.0008095204830169678, "126": 0.000977158546447754, "127": 0.0008346140384674072, "128": 0.0008780807256698608, "129": 0.0008260160684585571, "130": 0.0008325427770614624, "131": 0.000916793942451477, "132": 0.0007295906543731689, "133": 0.0008658170700073242, "134": 0.0008752644062042236, "135": 0.0008647441864013672, "136": 0.0008067190647125244, "137": 0.0007657706737518311, "138": 0.0007849037647247314, "139": 0.0007603317499160767, "140": 0.0007733851671218872, "141": 0.0007763504981994629, "142": 0.0007704496383666992, "143": 0.0006759911775588989, "144": 0.000623852014541626, "145": 0.0006476938724517822, "146": 0.0005985647439956665, "147": 0.0006399154663085938, "148": 0.0005839765071868896, "149": 0.0006243884563446045, "150": 0.0005716532468795776, "151": 0.0005983114242553711, "152": 0.0006113499402999878, "153": 0.0005755722522735596, "154": 0.0005914270877838135, "155": 0.0004840046167373657, "156": 0.0005319267511367798, "157": 0.0005066841840744019, "158": 0.0005266517400741577, "159": 0.0004783719778060913, "160": 0.0005072355270385742, "161": 0.0004954785108566284, "162": 0.0005426108837127686, "163": 0.0005203038454055786, "164": 0.0005426257848739624, "165": 0.00047519803047180176, "166": 0.000500604510307312, "167": 0.000501677393913269, "168": 0.0004831552505493164, "169": 0.0004348456859588623, "170": 0.00036397576332092285, "171": 0.0003539174795150757, "172": 0.000405728816986084, "173": 0.00036619603633880615, "174": 0.0004131793975830078, "175": 0.00043179094791412354, "176": 0.00034564733505249023, "177": 0.0003926903009414673, "178": 0.00031998008489608765, "179": 0.000335007905960083, "180": 0.00031729787588119507, "181": 0.00026658177375793457, "182": 0.0003059804439544678, "183": 0.00030778348445892334, "184": 0.00028918683528900146, "185": 0.0003085136413574219, "186": 0.00029018521308898926, "187": 0.00024232268333435059, "188": 0.0002595633268356323, "189": 0.0002767518162727356, "190": 0.0002567097544670105, "191": 0.00026373565196990967, "192": 0.0002486482262611389, "193": 0.00019323080778121948, "194": 0.00022201240062713623, "195": 0.0002685561776161194, "196": 0.00023546069860458374, "197": 0.00027142465114593506, "198": 0.00027821213006973267, "199": 0.0002593398094177246, "200": 0.0002587810158729553, "201": 0.00021380186080932617, "202": 0.00025369226932525635, "203": 0.0002757757902145386, "204": 0.00020378828048706055, "205": 0.00021658092737197876, "206": 0.0002000555396080017, "207": 0.00020132958889007568, "208": 0.00016360729932785034, "209": 0.0001643449068069458, "210": 0.00021549314260482788, "211": 0.0001907646656036377, "212": 0.00022470951080322266, "213": 0.00019760429859161377, "214": 0.00020584464073181152, "215": 0.00020373612642288208, "216": 0.0001708194613456726, "217": 0.0001801028847694397, "218": 0.00016788393259048462, "219": 0.0002018958330154419, "220": 0.0001909509301185608, "221": 0.00016369670629501343, "222": 0.00016458332538604736, "223": 0.00016070157289505005, "224": 0.0001691579818725586, "225": 0.00016582012176513672, "226": 0.00015491992235183716, "227": 0.0001345425844192505, "228": 0.00013881176710128784, "229": 0.0001401454210281372, "230": 0.00016532093286514282, "231": 0.00016120076179504395, "232": 0.00013080239295959473, "233": 0.00014586001634597778, "234": 0.0001491829752922058, "235": 0.00013759732246398926, "236": 0.00015426427125930786, "237": 0.00011979788541793823, "238": 0.00012255460023880005, "239": 0.00011730194091796875, "240": 0.00011755526065826416, "241": 0.00012487173080444336, "242": 0.0001119077205657959, "243": 0.00010522454977035522, "244": 0.00011809170246124268, "245": 0.0001031532883644104, "246": 9.781867265701294e-05, "247": 0.00010002404451370239, "248": 9.533017873764038e-05, "249": 7.813423871994019e-05, "250": 8.042901754379272e-05, "251": 0.00012070685625076294, "252": 8.834898471832275e-05, "253": 7.254630327224731e-05, "254": 7.43567943572998e-05, "255": 7.666647434234619e-05, "256": 8.10772180557251e-05, "257": 9.091943502426147e-05, "258": 0.0001004636287689209, "259": 8.098036050796509e-05, "260": 7.149577140808105e-05, "261": 6.854534149169922e-05, "262": 7.008016109466553e-05, "263": 7.097423076629639e-05, "264": 6.442517042160034e-05, "265": 6.851553916931152e-05, "266": 7.697939872741699e-05, "267": 6.599724292755127e-05, "268": 6.687641143798828e-05, "269": 6.569921970367432e-05,