{"0": 0.6931474208831787, "1": 0.7302600741386414, "2": 0.728413999080658, "3": 0.5572913289070129, "4": 0.49000537395477295, "5": 0.4606704115867615, "6": 0.44023260474205017, "7": 0.4236139953136444, "8": 0.40943920612335205, "9": 0.39685919880867004, "10": 0.38567739725112915, "11": 0.3757554888725281, "12": 0.3668673038482666, "13": 0.35877442359924316, "14": 0.35164326429367065, "15": 0.34505951404571533, "16": 0.33896684646606445, "17": 0.33323097229003906, "18": 0.3277980089187622, "19": 0.3226618766784668, "20": 0.31782034039497375, "21": 0.3132292330265045, "22": 0.3088585138320923, "23": 0.3047187030315399, "24": 0.3007635176181793, "25": 0.2969742715358734, "26": 0.29333534836769104, "27": 0.28983786702156067, "28": 0.2864946722984314, "29": 0.2832809090614319, "30": 0.28019586205482483, "31": 0.2772233784198761, "32": 0.2743562161922455, "33": 0.2715952396392822, "34": 0.26894745230674744, "35": 0.2663673460483551, "36": 0.26388198137283325, "37": 0.26147595047950745, "38": 0.2591515779495239, "39": 0.25689491629600525, "40": 0.25470760464668274, "41": 0.2525853216648102, "42": 0.2505282461643219, "43": 0.2485346645116806, "44": 0.24659501016139984, "45": 0.24470889568328857, "46": 0.24287497997283936, "47": 0.24109502136707306, "48": 0.23935484886169434, "49": 0.23766037821769714, "50": 0.23601201176643372, "51": 0.23439966142177582, "52": 0.23282593488693237, "53": 0.23128806054592133, "54": 0.22978335618972778, "55": 0.22831423580646515, "56": 0.22687868773937225, "57": 0.22547270357608795, "58": 0.22409628331661224, "59": 0.22274741530418396, "60": 0.2214258760213852, "61": 0.22013065218925476, "62": 0.21886321902275085, "63": 0.21761906147003174, "64": 0.2163994163274765, "65": 0.21520227193832397, "66": 0.21403010189533234, "67": 0.21288341283798218, "68": 0.2117592841386795, "69": 0.21065884828567505, "70": 0.2095823585987091, "71": 0.20853309333324432, "72": 0.20750510692596436, "73": 0.2064906358718872, "74": 0.20549185574054718, "75": 0.2045132964849472, "76": 0.20355387032032013, "77": 0.20261205732822418, "78": 0.20168918371200562, "79": 0.2007826864719391, "80": 0.19989538192749023, "81": 0.19903245568275452, "82": 0.19818001985549927, "83": 0.19733372330665588, "84": 0.19649721682071686, "85": 0.1956729292869568, "86": 0.194860577583313, "87": 0.1940588355064392, "88": 0.19326716661453247, "89": 0.19248518347740173, "90": 0.1917167454957962, "91": 0.19095860421657562, "92": 0.19020159542560577, "93": 0.18944784998893738, "94": 0.1887013018131256, "95": 0.1879497468471527, "96": 0.18717437982559204, "97": 0.1863727569580078, "98": 0.18553458154201508, "99": 0.18465450406074524, "100": 0.18371979892253876, "101": 0.18272267282009125, "102": 0.18162080645561218, "103": 0.18039774894714355, "104": 0.17913192510604858, "105": 0.17777353525161743, "106": 0.17647264897823334, "107": 0.17509812116622925, "108": 0.17379555106163025, "109": 0.17242532968521118, "110": 0.1713511198759079, "111": 0.1702020764350891, "112": 0.16897138953208923, "113": 0.16778050363063812, "114": 0.16664117574691772, "115": 0.16555272042751312, "116": 0.1644422858953476, "117": 0.1633438915014267, "118": 0.1622994840145111, "119": 0.16121190786361694, "120": 0.1601836234331131, "121": 0.15925133228302002, "122": 0.15829595923423767, "123": 0.1573798656463623, "124": 0.156355619430542, "125": 0.15554609894752502, "126": 0.15456894040107727, "127": 0.15373432636260986, "128": 0.15285624563694, "129": 0.15203022956848145, "130": 0.15119768679141998, "131": 0.1502808928489685, "132": 0.14955130219459534, "133": 0.148685485124588, "134": 0.1478102207183838, "135": 0.14694547653198242, "136": 0.1461387574672699, "137": 0.14537298679351807, "138": 0.14458808302879333, "139": 0.14382775127887726, "140": 0.14305436611175537, "141": 0.1422780156135559, "142": 0.1415075659751892, "143": 0.1408315747976303, "144": 0.14020772278308868, "145": 0.1395600289106369, "146": 0.13896146416664124, "147": 0.13832154870033264, "148": 0.13773757219314575, "149": 0.13711318373680115, "150": 0.13654153048992157, "151": 0.1359432190656662, "152": 0.1353318691253662, "153": 0.13475629687309265, "154": 0.13416486978530884, "155": 0.13368086516857147, "156": 0.1331489384174347, "157": 0.1326422542333603, "158": 0.13211560249328613, "159": 0.13163723051548004, "160": 0.13112999498844147, "161": 0.13063451647758484, "162": 0.13009190559387207, "163": 0.1295716017484665, "164": 0.12902897596359253, "165": 0.12855377793312073, "166": 0.12805317342281342, "167": 0.12755149602890015, "168": 0.12706834077835083, "169": 0.12663349509239197, "170": 0.12626951932907104, "171": 0.12591560184955597, "172": 0.12550987303256989, "173": 0.12514367699623108, "174": 0.12473049759864807, "175": 0.12429870665073395, "176": 0.12395305931568146, "177": 0.12356036901473999, "178": 0.1232403889298439, "179": 0.12290538102388382, "180": 0.12258808314800262, "181": 0.12232150137424469, "182": 0.12201552093029022, "183": 0.1217077374458313, "184": 0.1214185506105423, "185": 0.12111003696918488, "186": 0.12081985175609589, "187": 0.12057752907276154, "188": 0.1203179657459259, "189": 0.12004121392965317, "190": 0.11978450417518616, "191": 0.11952076852321625, "192": 0.11927212029695511, "193": 0.11907888948917389, "194": 0.11885687708854675, "195": 0.11858832091093063, "196": 0.11835286021232605, "197": 0.11808143556118011, "198": 0.11780322343111038, "199": 0.11754388362169266, "200": 0.1172851026058197, "201": 0.11707130074501038, "202": 0.11681760847568512, "203": 0.11654183268547058, "204": 0.11633804440498352, "205": 0.11612146347761154, "206": 0.11592140793800354, "207": 0.11572007834911346, "208": 0.11555647104978561, "209": 0.11539212614297867, "210": 0.11517663300037384, "211": 0.1149858683347702, "212": 0.11476115882396698, "213": 0.11456355452537537, "214": 0.11435770988464355, "215": 0.11415397375822067, "216": 0.113983154296875, "217": 0.11380305141210556, "218": 0.11363516747951508, "219": 0.11343327164649963, "220": 0.11324232071638107, "221": 0.11307862401008606, "222": 0.11291404068470001, "223": 0.11275333911180496, "224": 0.1125841811299324, "225": 0.11241836100816727, "226": 0.11226344108581543, "227": 0.11212889850139618, "228": 0.11199008673429489, "229": 0.11184994131326675, "230": 0.11168462038040161, "231": 0.11152341961860657, "232": 0.11139261722564697, "233": 0.111246757209301, "234": 0.11109757423400879, "235": 0.1109599769115448, "236": 0.11080571264028549, "237": 0.11068591475486755, "238": 0.11056336015462875, "239": 0.11044605821371078, "240": 0.11032850295305252, "241": 0.11020363122224808, "242": 0.11009172350168228, "243": 0.10998649895191193, "244": 0.10986840724945068, "245": 0.10976525396108627, "246": 0.10966743528842926, "247": 0.10956741124391556, "248": 0.10947208106517792, "249": 0.10939394682645798, "250": 0.10931351780891418, "251": 0.10919281095266342, "252": 0.1091044619679451, "253": 0.10903191566467285, "254": 0.10895755887031555, "255": 0.1088808923959732, "256": 0.10879981517791748, "257": 0.10870889574289322, "258": 0.1086084321141243, "259": 0.10852745175361633, "260": 0.10845595598220825, "261": 0.10838741064071655, "262": 0.10831733047962189, "263": 0.10824635624885559, "264": 0.10818193107843399, "265": 0.10811341553926468, "266": 0.10803643614053726, "267": 0.10797043889760971, "268": 0.10790356248617172, "269": 0.10783786326646805, "270": 0.10773433744907379, "271": 0.10766866058111191, "272": 0.10759952664375305, "273": 0.10753221809864044, "274": 0.10742083191871643, "275": 0.10736057162284851, "276": 0.10730060189962387, "277": 0.1072467640042305, "278": 0.10718046873807907, "279": 0.10713618993759155, "280": 0.10709015280008316, "281": 0.10705038905143738, "282": 0.10701283812522888, "283": 0.10697050392627716, "284": 0.10693149268627167, "285": 0.1068638414144516, "286": 0.10682876408100128, "287": 0.10679361969232559, "288": 0.10675952583551407, "289": 0.10672564804553986, "290": 0.10669204592704773, "291": 0.10665712505578995,