{"0": 998.3068525791168, "1": 0.613534040749073, "2": 3.87728214263916e-05, "3": 0.021432820707559586, "4": 0.0032717324793338776, "5": 0.00180739164352417, "6": 0.0016919001936912537, "7": 0.0015521161258220673, "8": 0.0013191215693950653, "9": 0.0011119954288005829, "10": 0.000957045704126358, "11": 0.000838201493024826, "12": 0.0007467381656169891, "13": 0.0006527341902256012, "14": 0.000584673136472702, "15": 0.0005489438772201538, "16": 0.0005232281982898712, "17": 0.0004966966807842255, "18": 0.0004638172686100006, "19": 0.00043542683124542236, "20": 0.0004087202250957489, "21": 0.0003879815340042114, "22": 0.0003681853413581848, "23": 0.0003498084843158722, "24": 0.0003359951078891754, "25": 0.00032260268926620483, "26": 0.00030737370252609253, "27": 0.0002971626818180084, "28": 0.0002861209213733673, "29": 0.00027431920170783997, "30": 0.00026249513030052185, "31": 0.0002535581588745117, "32": 0.00024330243468284607, "33": 0.000234261155128479, "34": 0.00022586435079574585, "35": 0.00022111833095550537, "36": 0.000215824693441391, "37": 0.00021035224199295044, "38": 0.000205308198928833, "39": 0.00020062923431396484, "40": 0.00019651278853416443, "41": 0.00019173696637153625, "42": 0.0001879855990409851, "43": 0.0001835860311985016, "44": 0.000180073082447052, "45": 0.0001771189272403717, "46": 0.00017383694648742676, "47": 0.00017220526933670044, "48": 0.0001699402928352356, "49": 0.00017064809799194336, "50": 0.0001728534698486328, "51": 0.0001822151243686676, "52": 0.0001921616494655609, "53": 0.00021162256598472595, "54": 0.00023499131202697754, "55": 0.0002686306834220886, "56": 0.00030075758695602417, "57": 0.0003268122673034668, "58": 0.00034499168395996094, "59": 0.00036398693919181824, "60": 0.0003837812691926956, "61": 0.0004083607345819473, "62": 0.00044253841042518616, "63": 0.00045328959822654724, "64": 0.0005231387913227081, "65": 0.00034261494874954224, "66": 0.000355573371052742, "67": 0.000374719500541687, "68": 0.0003719013184309006, "69": 0.00037052668631076813, "70": 0.00035844556987285614, "71": 0.0003479570150375366, "72": 0.0003343205899000168, "73": 0.0003273915499448776, "74": 0.00031088292598724365, "75": 0.00030392035841941833, "76": 0.00027760863304138184, "77": 0.0002513192594051361, "78": 0.00025031156837940216, "79": 0.00022149085998535156, "80": 0.0002400428056716919, "81": 0.00021500326693058014, "82": 0.000228051096200943, "83": 0.0002078171819448471, "84": 0.000216800719499588, "85": 0.00020506419241428375, "86": 0.00020860135555267334, "87": 0.0002017281949520111, "88": 0.00022384710609912872, "89": 0.0001956019550561905, "90": 0.00017595291137695312, "91": 0.00016925297677516937, "92": 0.00016543641686439514, "93": 0.00016771256923675537, "94": 0.00016449205577373505, "95": 0.00017109885811805725, "96": 0.00016882270574569702, "97": 0.0001679304987192154, "98": 0.000167209655046463, "99": 0.00015825405716896057, "100": 0.00017008371651172638, "101": 0.0001427140086889267, "102": 0.00014457665383815765, "103": 0.00013439729809761047, "104": 0.0001394357532262802, "105": 0.00013605691492557526, "106": 0.00014045089483261108, "107": 0.00013821013271808624, "108": 0.00014245323836803436, "109": 0.00013769976794719696, "110": 0.00014259479939937592, "111": 0.0001315772533416748, "112": 0.0001367032527923584, "113": 0.00011664815247058868, "114": 0.00011893175542354584, "115": 0.00011142902076244354, "116": 0.00011497735977172852, "117": 0.00011624768376350403, "118": 0.00011782720685005188, "119": 0.00012017600238323212, "120": 0.0001214928925037384, "121": 0.0001184903085231781, "122": 0.0001269206404685974, "123": 0.00011699646711349487, "124": 0.00011447444558143616, "125": 9.901262819766998e-05, "126": 9.808875620365143e-05, "127": 9.579584002494812e-05, "128": 9.584985673427582e-05, "129": 0.00010296516120433807, "130": 0.0001021847128868103, "131": 0.00010691210627555847, "132": 0.00010723434388637543, "133": 0.00010236725211143494, "134": 0.00010954029858112335, "135": 9.89958643913269e-05, "136": 0.00010127946734428406, "137": 8.505955338478088e-05, "138": 8.72202217578888e-05, "139": 8.379202336072922e-05, "140": 8.480250835418701e-05, "141": 9.113829582929611e-05, "142": 8.962489664554596e-05, "143": 9.256042540073395e-05, "144": 9.222142398357391e-05, "145": 8.889660239219666e-05, "146": 9.557418525218964e-05, "147": 9.329337626695633e-05, "148": 9.064190089702606e-05, "149": 7.38147646188736e-05, "150": 7.688719779253006e-05, "151": 8.048862218856812e-05, "152": 7.745809853076935e-05, "153": 8.144788444042206e-05, "154": 8.306559175252914e-05, "155": 8.423998951911926e-05, "156": 8.301902562379837e-05, "157": 7.930956780910492e-05, "158": 8.126907050609589e-05, "159": 7.873401045799255e-05, "160": 7.26412981748581e-05, "161": 6.117764860391617e-05, "162": 6.223190575838089e-05, "163": 7.006432861089706e-05, "164": 6.592273712158203e-05, "165": 7.364712655544281e-05, "166": 7.320288568735123e-05, "167": 7.519591599702835e-05, "168": 7.343944162130356e-05, "169": 6.643123924732208e-05, "170": 6.991997361183167e-05, "171": 6.070919334888458e-05, "172": 6.309151649475098e-05, "173": 5.454942584037781e-05, "174": 5.748681724071503e-05, "175": 5.995947867631912e-05, "176": 6.400886923074722e-05, "177": 6.853509694337845e-05, "178": 6.85686245560646e-05, "179": 6.96452334523201e-05, "180": 6.727688014507294e-05, "181": 6.166193634271622e-05, "182": 6.437394767999649e-05, "183": 5.267839878797531e-05, "184": 4.8832967877388e-05, "185": 5.2269548177719116e-05, "186": 4.853680729866028e-05, "187": 5.3573399782180786e-05, "188": 5.5806711316108704e-05, "189": 5.5791810154914856e-05, "190": 5.1783397793769836e-05, "191": 5.118176341056824e-05, "192": 5.5184587836265564e-05, "193": 5.045346915721893e-05, "194": 4.8673711717128754e-05, "195": 3.6347657442092896e-05, "196": 4.087761044502258e-05, "197": 3.928784281015396e-05, "198": 4.1717663407325745e-05, "199": 3.9276666939258575e-05, "200": 4.586484283208847e-05, "201": 4.791002720594406e-05, "202": 4.7208741307258606e-05, "203": 4.282500594854355e-05, "204": 4.530325531959534e-05, "205": 3.9594247937202454e-05, "206": 3.92301008105278e-05, "207": 3.8811005651950836e-05, "208": 3.66847962141037e-05, "209": 4.09688800573349e-05, "210": 3.876257687807083e-05, "211": 4.5486725866794586e-05, "212": 4.1185878217220306e-05, "213": 3.802496939897537e-05, "214": 3.896653652191162e-05, "215": 4.318077117204666e-05, "216": 3.459770232439041e-05, "217": 3.166869282722473e-05, "218": 2.7875415980815887e-05, "219": 2.5548972189426422e-05, "220": 3.1031668186187744e-05, "221": 2.6572495698928833e-05, "222": 3.355368971824646e-05, "223": 2.7064234018325806e-05, "224": 2.9148533940315247e-05, "225": 2.3266300559043884e-05, "226": 2.9841437935829163e-05, "227": 2.4081207811832428e-05, "228": 2.6862137019634247e-05, "229": 2.2085383534431458e-05, "230": 2.5792047381401062e-05, "231": 2.3359432816505432e-05, "232": 2.1439045667648315e-05, "233": 2.253614366054535e-05, "234": 2.455431967973709e-05, "235": 2.299342304468155e-05, "236": 1.6512349247932434e-05, "237": 1.8603168427944183e-05, "238": 1.7794780433177948e-05, "239": 1.3816170394420624e-05, "240": 1.4897435903549194e-05, "241": 1.85500830411911e-05, "242": 1.7690472304821014e-05, "243": 1.738220453262329e-05, "244": 1.5916302800178528e-05, "245": 1.6357749700546265e-05, "246": 1.8640421330928802e-05, "247": 2.0213425159454346e-05, "248": 1.8091872334480286e-05, "249": 2.1814368665218353e-05, "250": 2.208910882472992e-05, "251": 1.7629936337471008e-05, "252": 1.7969869077205658e-05, "253": 2.1997839212417603e-05, "254": 1.402292400598526e-05, "255": 1.4767982065677643e-05, "256": 1.3037584722042084e-05, "257": 1.2675300240516663e-05, "258": 1.2328848242759705e-05, "259": 1.2342818081378937e-05, "260": 2.0083971321582794e-05, "261": 1.2094154953956604e-05, "262": 1.2935139238834381e-05, "263": 1.2606382369995117e-05, "264": 1.3095326721668243e-05, "265": 1.2464821338653564e-05, "266": 2.380460500717163e-05,