{"0": 998.3068525791168, "1": 0.3852676749229431, "2": 0.0010815858840942383, "3": 0.1628294438123703, "4": 0.009323015809059143, "5": 0.00797148048877716, "6": 0.0057717859745025635, "7": 0.004069581627845764, "8": 0.003405623137950897, "9": 0.0027970075607299805, "10": 0.002399034798145294, "11": 0.002159819006919861, "12": 0.0018472224473953247, "13": 0.001507297158241272, "14": 0.0011871382594108582, "15": 0.0011245086789131165, "16": 0.0011167973279953003, "17": 0.0010760501027107239, "18": 0.0010484978556632996, "19": 0.0009941235184669495, "20": 0.0009468123316764832, "21": 0.0008914470672607422, "22": 0.000827595591545105, "23": 0.0007793456315994263, "24": 0.0007562413811683655, "25": 0.0007287934422492981, "26": 0.0007136017084121704, "27": 0.0007070004940032959, "28": 0.0006910264492034912, "29": 0.0006662905216217041, "30": 0.0006360113620758057, "31": 0.0006147921085357666, "32": 0.0005898922681808472, "33": 0.0005661249160766602, "34": 0.0005553960800170898, "35": 0.0005458295345306396, "36": 0.000528976321220398, "37": 0.0005113184452056885, "38": 0.0004998594522476196, "39": 0.0004869624972343445, "40": 0.0004777833819389343, "41": 0.0004629790782928467, "42": 0.00045371055603027344, "43": 0.00044064968824386597, "44": 0.0004244893789291382, "45": 0.000413745641708374, "46": 0.0004055425524711609, "47": 0.0003977566957473755, "48": 0.0003907531499862671, "49": 0.0003808438777923584, "50": 0.00036879628896713257, "51": 0.00036387890577316284, "52": 0.00035772472620010376, "53": 0.0003498494625091553, "54": 0.0003477334976196289, "55": 0.00034392625093460083, "56": 0.0003325268626213074, "57": 0.000328749418258667, "58": 0.0003223493695259094, "59": 0.0003144592046737671, "60": 0.0003163069486618042, "61": 0.0003163069486618042, "62": 0.0003159865736961365, "63": 0.00030869990587234497, "64": 0.0003054961562156677, "65": 0.00030399858951568604, "66": 0.00030425935983657837, "67": 0.0003007650375366211, "68": 0.0003108009696006775, "69": 0.0003191903233528137, "70": 0.0003269314765930176, "71": 0.0003353804349899292, "72": 0.0003400146961212158, "73": 0.0003386661410331726, "74": 0.0003328844904899597, "75": 0.00033742189407348633, "76": 0.0003470182418823242, "77": 0.0003578290343284607, "78": 0.00036347657442092896, "79": 0.00036447495222091675, "80": 0.0003720596432685852, "81": 0.00037948787212371826, "82": 0.0003796890377998352, "83": 0.00038188695907592773, "84": 0.0003650858998298645, "85": 0.0003587305545806885, "86": 0.0003599822521209717, "87": 0.0003681182861328125, "88": 0.00035928189754486084, "89": 0.00035688281059265137, "90": 0.0003185644745826721, "91": 0.00032586604356765747, "92": 0.0003237426280975342, "93": 0.00032614171504974365, "94": 0.00031094253063201904, "95": 0.0003048554062843323, "96": 0.0002964213490486145, "97": 0.0003072768449783325, "98": 0.00030131638050079346, "99": 0.0003110617399215698, "100": 0.00029343366622924805, "101": 0.0003141053020954132, "102": 0.0003123283386230469, "103": 0.00032565370202064514, "104": 0.00031435489654541016, "105": 0.00032916292548179626, "106": 0.0003342963755130768, "107": 0.0003515109419822693, "108": 0.0003415234386920929, "109": 0.00036185234785079956, "110": 0.0003515854477882385, "111": 0.00036362186074256897, "112": 0.0003271326422691345, "113": 0.0003172159194946289, "114": 0.0002701282501220703, "115": 0.0002749115228652954, "116": 0.000290699303150177, "117": 0.00028464198112487793, "118": 0.0002866573631763458, "119": 0.0002736225724220276, "120": 0.00027481839060783386, "121": 0.00026238709688186646, "122": 0.00024993717670440674, "123": 0.00024681538343429565, "124": 0.00023696571588516235, "125": 0.0002272576093673706, "126": 0.0002202540636062622, "127": 0.0002164989709854126, "128": 0.00019363313913345337, "129": 0.000210590660572052, "130": 0.0002001747488975525, "131": 0.00020802021026611328, "132": 0.00021660327911376953, "133": 0.00024272873997688293, "134": 0.00023316964507102966, "135": 0.00024409964680671692, "136": 0.00022337213158607483, "137": 0.00024045631289482117, "138": 0.000233333557844162, "139": 0.0002305731177330017, "140": 0.000255778431892395, "141": 0.00025607645511627197, "142": 0.00022837892174720764, "143": 0.00019628927111625671, "144": 0.00019357725977897644, "145": 0.0001895017921924591, "146": 0.00018173083662986755, "147": 0.0001748017966747284, "148": 0.0001737251877784729, "149": 0.0001787729561328888, "150": 0.0001826956868171692, "151": 0.0001756325364112854, "152": 0.00013239309191703796, "153": 0.00013539567589759827, "154": 0.0001428462564945221, "155": 0.0001408606767654419, "156": 0.00014397501945495605, "157": 0.0001696571707725525, "158": 0.00015456974506378174, "159": 0.00014293938875198364, "160": 0.0001294948160648346, "161": 0.0001807175576686859, "162": 0.00018890947103500366, "163": 0.0003181546926498413, "164": 0.00030765682458877563, "165": 0.0003428831696510315, "166": 0.00029867514967918396, "167": 0.00018058717250823975, "168": 0.00017900019884109497, "169": 0.00020168349146842957, "170": 0.00014709681272506714, "171": 0.00014300644397735596, "172": 0.0002370104193687439, "173": 0.00038010627031326294, "174": 0.0003460980951786041, "175": 0.0002751685678958893, "176": 0.00028669461607933044, "177": 0.0002796389162540436, "178": 0.00027403607964515686, "179": 0.000253286212682724, "180": 0.00039285793900489807, "181": 0.00017569586634635925, "182": 0.00015619397163391113, "183": 0.00018054991960525513, "184": 0.00037038326263427734, "185": 0.00010742992162704468, "186": 0.00011454522609710693, "187": 0.00015961378812789917, "188": 0.00013723224401474, "189": 0.00011571869254112244, "190": 8.887425065040588e-05, "191": 7.62157142162323e-05, "192": 4.4912099838256836e-05, "193": 5.8922916650772095e-05, "194": 7.456541061401367e-05, "195": 7.971376180648804e-05, "196": 0.0001738816499710083, "197": 0.00017795711755752563, "198": 0.00017611682415008545, "199": 0.00014366209506988525, "200": 7.691234350204468e-05, "201": 4.826858639717102e-05, "202": 4.6040862798690796e-05, "203": 5.157291889190674e-05, "204": 3.699213266372681e-05, "205": 3.711134195327759e-05, "206": 1.92299485206604e-05, "207": 9.98377799987793e-06, "208": 1.245737075805664e-05, "209": 1.4632940292358398e-05, "210": 2.0891427993774414e-05, "211": 2.2411346435546875e-05, "212": 3.1732022762298584e-05, "213": 4.8786401748657227e-05, "214": 5.889683961868286e-05, "215": 4.86224889755249e-05, "216": 6.716325879096985e-05, "217": 6.621330976486206e-05, "218": 6.183609366416931e-05, "219": 6.332248449325562e-05, "220": 4.591420292854309e-05, "221": 2.208724617958069e-05, "222": 2.7410686016082764e-05, "223": 3.0819326639175415e-05, "224": 3.533810377120972e-05, "225": 3.406032919883728e-05, "226": 3.168359398841858e-05, "227": 3.415346145629883e-05, "228": 3.64743173122406e-05, "229": 3.629177808761597e-05, "230": 3.70219349861145e-05, "231": 4.838034510612488e-05, "232": 2.4553388357162476e-05, "233": 2.8364360332489014e-05, "234": 3.3505260944366455e-05, "235": 2.9869377613067627e-05, "236": 1.7240643501281738e-05, "237": 9.130686521530151e-06, "238": 1.3697892427444458e-05, "239": 1.4007091522216797e-05, "240": 1.519918441772461e-05, "241": 1.4081597328186035e-05, "242": 1.0669231414794922e-05, "243": 4.213303327560425e-06, "244": 2.3655593395233154e-06, "245": 1.821666955947876e-06, "246": 1.7248094081878662e-06, "247": 2.5406479835510254e-06, "248": 4.641711711883545e-06, "249": 6.05359673500061e-06, "250": 6.124377250671387e-06, "251": 1.3541430234909058e-05, "252": 7.852911949157715e-06, "253": 8.940696716308594e-06, "254": 4.4442713260650635e-06, "255": 5.651265382766724e-06, "256": 5.673617124557495e-06, "257": 7.10412859916687e-06, "258": 4.4852495193481445e-06, "259": 4.1425228118896484e-06, "260": 4.187226295471191e-06, "261": 4.168599843978882e-06, "262": 5.4389238357543945e-06, "263": 3.4086406230926514e-06, "264": 4.727393388748169e-06, "265": 3.6247074604034424e-06, "266": 3.382563591003418e-06, "267": 3.203749656677246e-06,