,Accuracy,Precision,Recall,F1-score,ROC-AUC,PR-AUC,MCC
B,0.9991345202769535,0.9970887918486172,0.9927536231884058,0.9949164851125636,0.9962416399261844,0.9904817105504409,0.9944463023392397
CD4_T,0.9425692383778437,0.8824167872648335,0.8923170731707317,0.8873393160320154,0.925973872789407,0.8146890861949496,0.8488265907280658
CD8_T,0.9697082096933729,0.8826264880952381,0.9314880251276011,0.9063992359121298,0.9541694289553186,0.8329435908691157,0.8888038982408367
DC,0.9971253709198813,0.9432624113475178,0.9261838440111421,0.9346451159522136,0.9624596908618649,0.8752726355288296,0.9332163207640499
Mono,0.9927979723046488,0.9789768745620182,0.9976535400938584,0.988226971855894,0.9941704507564636,0.977390674349321,0.9831309136718389
NK,0.9909124629080118,0.9576789992014906,0.9638360567907849,0.9607476635514018,0.9791401535569983,0.9272183989263983,0.9556153951446649
other,0.9934470820969338,0.9612403100775194,0.7209302325581395,0.823920265780731,0.8601493002103482,0.6989219183893344,0.8294793518424614
other_T,0.9898615232443125,0.920751633986928,0.8298969072164949,0.8729666924864445,0.9133836346110222,0.7712691410754192,0.8689717473794574
