,Lambda,Feature_no,Odds_ratio,P-value
0,0.014677992676220709,10,517.7547169811321,8.736472962701588e-12
0,0.003162277660168382,19,399.05454545454546,1.7541298652423053e-17
