,Lambda,Feature_no,Odds_ratio,P-value
0,0.0316227766016838,14,588.3214285714286,2.2275150678578324e-14
0,0.02154434690031885,20,434.72850678733033,7.279916582948583e-16
0,0.010000000000000004,36,237.53246753246754,3.4586705753594565e-16
0,0.006812920690579613,50,188.10823170731706,3.392161336738245e-17
0,0.004641588833612781,71,144.9074563722898,7.134540818807793e-18
0,0.003162277660168382,105,92.93039049235993,4.304480226477162e-16
0,0.0014677992676220694,201,67.3584726443769,1.6866982166477405e-18
