,Lambda,Feature_no,Odds_ratio,P-value
0,0.0316227766016838,13,554.929292929293,4.458280723331458e-10
0,0.006812920690579613,23,813.7185185185185,9.359120855294212e-20
