,Lambda,Feature_no,Odds_ratio,P-value
0,0.0316227766016838,11,544.6626984126984,5.3640313248087925e-12
0,0.014677992676220709,21,267.7268292682927,9.512200521279287e-13
0,0.004641588833612781,33,148.6720867208672,1.9119398335606632e-11
0,0.0021544346900318843,37,159.99083333333334,2.6401702076171134e-13
0,0.0010000000000000002,50,158.37227214377407,1.3087738378567983e-16
