,Lambda,Feature_no,Odds_ratio,P-value
0,0.04641588833612786,11,494.25773195876286,2.9333076900104697e-15
0,0.014677992676220709,19,259.4842105263158,9.925319064778677e-18
0,0.006812920690579613,29,153.3090705487122,7.23043835738485e-18
0,0.004641588833612781,39,115.62672811059907,2.011775602367885e-18
0,0.003162277660168382,50,82.98070030328095,4.332944662161612e-17
