,Lambda,Feature_no,Odds_ratio,P-value
0,0.0681292069057962,9,195.89285714285714,1.489617596835049e-06
0,0.02154434690031885,22,241.02857142857144,5.14412208102345e-16
0,0.006812920690579613,33,189.15113871635612,8.043205021777255e-19
