{"0": 0.6931474208831787, "1": 0.8851083517074585, "2": 0.8826465010643005, "3": 0.7218518853187561, "4": 0.627976655960083, "5": 0.5850507020950317, "6": 0.556429386138916, "7": 0.532958984375, "8": 0.5125932097434998, "9": 0.4945496916770935, "10": 0.47836828231811523, "11": 0.46369245648384094, "12": 0.4502742886543274, "13": 0.4382481276988983, "14": 0.4271376430988312, "15": 0.4167848229408264, "16": 0.40711385011672974, "17": 0.3979695439338684, "18": 0.38925179839134216, "19": 0.38090550899505615, "20": 0.3729396462440491, "21": 0.36531493067741394, "22": 0.357902467250824, "23": 0.3507680296897888, "24": 0.34389305114746094, "25": 0.33723562955856323, "26": 0.3308010697364807, "27": 0.32460469007492065, "28": 0.31854692101478577, "29": 0.31267204880714417, "30": 0.30696308612823486, "31": 0.30144476890563965, "32": 0.2960250675678253, "33": 0.2907714247703552, "34": 0.2856347858905792, "35": 0.2806643843650818, "36": 0.27582335472106934, "37": 0.2710801064968109, "38": 0.26646432280540466, "39": 0.26197874546051025, "40": 0.25762122869491577, "41": 0.25338321924209595, "42": 0.24926289916038513, "43": 0.24525333940982819, "44": 0.2413521260023117, "45": 0.2375498116016388, "46": 0.23384436964988708, "47": 0.23023498058319092, "48": 0.22672197222709656, "49": 0.2233043611049652, "50": 0.21997937560081482, "51": 0.21674151718616486, "52": 0.21358655393123627, "53": 0.21050718426704407, "54": 0.20750349760055542, "55": 0.20457029342651367, "56": 0.20170415937900543, "57": 0.19890473783016205, "58": 0.19617071747779846, "59": 0.19349944591522217, "60": 0.19088874757289886, "61": 0.18833692371845245, "62": 0.1858411431312561, "63": 0.18339988589286804, "64": 0.1810091882944107, "65": 0.1786666363477707, "66": 0.17637090384960175, "67": 0.17412042617797852, "68": 0.1719132512807846, "69": 0.16974662244319916, "70": 0.16761934757232666, "71": 0.16553010046482086, "72": 0.16347698867321014, "73": 0.1614590883255005, "74": 0.15947511792182922, "75": 0.15752315521240234, "76": 0.1556016504764557, "77": 0.15370993316173553, "78": 0.15184639394283295, "79": 0.1500089168548584, "80": 0.14819687604904175, "81": 0.1464095115661621, "82": 0.14464731514453888, "83": 0.14290954172611237, "84": 0.141195148229599, "85": 0.13950353860855103, "86": 0.137834370136261, "87": 0.13618721067905426, "88": 0.13456092774868011, "89": 0.13295669853687286, "90": 0.1313735693693161, "91": 0.1298111230134964, "92": 0.12826955318450928, "93": 0.12674851715564728, "94": 0.12524858117103577, "95": 0.12377017736434937, "96": 0.1223146989941597, "97": 0.12088280916213989, "98": 0.1194765716791153, "99": 0.1180955022573471, "100": 0.11673970520496368, "101": 0.11540979146957397, "102": 0.1141095906496048, "103": 0.11283767968416214, "104": 0.11159244924783707, "105": 0.11036915332078934, "106": 0.10916338860988617, "107": 0.10797300934791565, "108": 0.10679909586906433, "109": 0.10563445091247559, "110": 0.1044788807630539, "111": 0.10332994908094406, "112": 0.10219091176986694, "113": 0.10106319934129715, "114": 0.09994972497224808, "115": 0.09883911162614822, "116": 0.09774957597255707, "117": 0.09665649384260178, "118": 0.095603808760643, "119": 0.09454499185085297, "120": 0.09353359788656235, "121": 0.09248147904872894, "122": 0.09153397381305695, "123": 0.09041285514831543, "124": 0.08949851989746094, "125": 0.08847525715827942, "126": 0.08755261451005936, "127": 0.08661473542451859, "128": 0.08570004254579544, "129": 0.08480344712734222, "130": 0.08392099291086197, "131": 0.08304709196090698, "132": 0.08218486607074738, "133": 0.0813310518860817, "134": 0.08051052689552307, "135": 0.07961046695709229, "136": 0.07870767265558243, "137": 0.0780109241604805, "138": 0.0772373229265213, "139": 0.07651063799858093, "140": 0.07578633725643158, "141": 0.07506727427244186, "142": 0.0743546187877655, "143": 0.07364961504936218, "144": 0.07295165956020355, "145": 0.07226482778787613, "146": 0.07159001380205154, "147": 0.07074499130249023, "148": 0.06957628577947617, "149": 0.06899120658636093, "150": 0.06835886836051941, "151": 0.06769563257694244, "152": 0.06703250110149384, "153": 0.06638683378696442, "154": 0.0657515749335289, "155": 0.06512308120727539, "156": 0.0644986554980278, "157": 0.06388317048549652, "158": 0.06327037513256073, "159": 0.06262089312076569, "160": 0.06166669353842735, "161": 0.06114007905125618, "162": 0.060610827058553696, "163": 0.06005941331386566, "164": 0.05952397361397743, "165": 0.05898038297891617, "166": 0.05843660235404968, "167": 0.05789361894130707, "168": 0.05735562741756439, "169": 0.056815050542354584, "170": 0.056284788995981216, "171": 0.05560578405857086, "172": 0.05513724684715271, "173": 0.05464924871921539, "174": 0.05416744574904442, "175": 0.053689733147621155, "176": 0.053217269480228424, "177": 0.05274799093604088, "178": 0.05227877199649811, "179": 0.051809728145599365, "180": 0.05134694278240204, "181": 0.050880223512649536, "182": 0.050309740006923676, "183": 0.04989473894238472, "184": 0.04946993291378021, "185": 0.049035005271434784, "186": 0.04861799255013466, "187": 0.04819507151842117, "188": 0.047778695821762085, "189": 0.04736290127038956, "190": 0.046943068504333496, "191": 0.046524688601493835, "192": 0.046102967113256454, "193": 0.04559863358736038, "194": 0.045214295387268066, "195": 0.04483567923307419, "196": 0.04442736133933067, "197": 0.04405611753463745, "198": 0.04366467520594597, "199": 0.043293893337249756, "200": 0.04291445016860962, "201": 0.04254283756017685, "202": 0.04217226058244705, "203": 0.041794463992118835, "204": 0.04137429967522621, "205": 0.040998198091983795, "206": 0.040655527263879776, "207": 0.040299177169799805, "208": 0.039979588240385056, "209": 0.039619751274585724, "210": 0.039299651980400085, "211": 0.03894495218992233, "212": 0.038624200969934464, "213": 0.0382782444357872, "214": 0.03794284909963608, "215": 0.03759407997131348, "216": 0.03722633793950081, "217": 0.03686024248600006, "218": 0.03650686889886856, "219": 0.03618849813938141, "220": 0.03588331490755081, "221": 0.03557232767343521, "222": 0.0352824442088604, "223": 0.03496831655502319, "224": 0.03468986973166466, "225": 0.0343795120716095, "226": 0.03409399092197418, "227": 0.03378141298890114, "228": 0.03346933424472809, "229": 0.03316546976566315, "230": 0.03287373483181, "231": 0.03260252997279167, "232": 0.032331593334674835, "233": 0.03206983581185341, "234": 0.031809668987989426, "235": 0.03154301643371582, "236": 0.03128403425216675, "237": 0.03101433627307415, "238": 0.030757134780287743, "239": 0.030498046427965164, "240": 0.030228007584810257, "241": 0.0299741979688406, "242": 0.02971433848142624, "243": 0.02946992591023445, "244": 0.02922489121556282, "245": 0.028990214690566063, "246": 0.028759067878127098, "247": 0.02853013202548027, "248": 0.028309006243944168, "249": 0.028091611340641975, "250": 0.027871308848261833, "251": 0.02765285037457943, "252": 0.027431167662143707, "253": 0.027218524366617203, "254": 0.0269990973174572, "255": 0.02679230272769928, "256": 0.026581166312098503, "257": 0.026378676295280457, "258": 0.026171552017331123, "259": 0.02596675604581833, "260": 0.02576364204287529, "261": 0.02555946074426174, "262": 0.025362934917211533, "263": 0.025166569277644157, "264": 0.024973642081022263, "265": 0.02478526160120964, "266": 0.024593912065029144, "267": 0.024412289261817932, "268": 0.024225326254963875, "269": 0.024045882746577263, "270": 0.023862553760409355, "271": 0.023687507957220078, "272": 0.02350589632987976, "273": 0.023330083116889, "274": 0.02314941957592964, "275": 0.022977355867624283, "276": 0.022796522825956345, "277": 0.022626183927059174, "278": 0.02245132438838482, "279": 0.022286441177129745, "280": 0.022115910425782204, "281": 0.02195427566766739, "282": 0.021789519116282463, "283": 0.021631764248013496, "284": 0.02146514132618904, "285": 0.02130632847547531, "286": 0.02113785222172737, "287": 0.020982911810278893, "288": 0.020817024633288383, "289": 0.020663771778345108,