{"0": 998.3068525791168, "1": -0.22366827726364136, "2": 0.0028814077377319336, "3": 0.14051789045333862, "4": 0.0872679352760315, "5": 0.04513055086135864, "6": 0.030867278575897217, "7": 0.024877607822418213, "8": 0.020835459232330322, "9": 0.018047630786895752, "10": 0.015933334827423096, "11": 0.01425868272781372, "12": 0.01290583610534668, "13": 0.011744052171707153, "14": 0.0106658935546875, "15": 0.00990244746208191, "16": 0.009199380874633789, "17": 0.0085659921169281, "18": 0.008096754550933838, "19": 0.007641106843948364, "20": 0.007201850414276123, "21": 0.006836384534835815, "22": 0.006536036729812622, "23": 0.00632244348526001, "24": 0.006003081798553467, "25": 0.005804836750030518, "26": 0.005589216947555542, "27": 0.005359232425689697, "28": 0.00518190860748291, "29": 0.004999279975891113, "30": 0.00482410192489624, "31": 0.0046904683113098145, "32": 0.0045709311962127686, "33": 0.004403918981552124, "34": 0.0043548643589019775, "35": 0.004243075847625732, "36": 0.004144817590713501, "37": 0.004048168659210205, "38": 0.003929883241653442, "39": 0.0038643181324005127, "40": 0.003761202096939087, "41": 0.0036858320236206055, "42": 0.00359952449798584, "43": 0.0035380125045776367, "44": 0.00346258282661438, "45": 0.003380388021469116, "46": 0.003341376781463623, "47": 0.0032431483268737793, "48": 0.0032194852828979492, "49": 0.00313723087310791, "50": 0.0030840039253234863, "51": 0.0030177831649780273, "52": 0.0029560625553131104, "53": 0.0028892159461975098, "54": 0.0028287768363952637, "55": 0.0027748942375183105, "56": 0.0027098655700683594, "57": 0.0026609301567077637, "58": 0.002604573965072632, "59": 0.002559363842010498, "60": 0.0025157928466796875, "61": 0.002470165491104126, "62": 0.0024187862873077393, "63": 0.002370476722717285, "64": 0.0023237764835357666, "65": 0.002278745174407959, "66": 0.002237856388092041, "67": 0.002200990915298462, "68": 0.002158254384994507, "69": 0.0021153688430786133, "70": 0.0020753592252731323, "71": 0.002034291625022888, "72": 0.001995384693145752, "73": 0.0019602179527282715, "74": 0.0019248723983764648, "75": 0.0018929541110992432, "76": 0.00186137855052948, "77": 0.0018267184495925903, "78": 0.0017905831336975098, "79": 0.0017573684453964233, "80": 0.0017232447862625122, "81": 0.001696363091468811, "82": 0.00167180597782135, "83": 0.0016470551490783691, "84": 0.0016303658485412598, "85": 0.0016148686408996582, "86": 0.0015976428985595703, "87": 0.001579970121383667, "88": 0.0015633702278137207, "89": 0.0015497058629989624, "90": 0.0015468001365661621, "91": 0.0015474408864974976, "92": 0.0015477240085601807, "93": 0.0015492439270019531, "94": 0.0015551447868347168, "95": 0.0015567392110824585, "96": 0.0015563517808914185, "97": 0.0015518665313720703, "98": 0.0015525370836257935, "99": 0.0015603303909301758, "100": 0.0015675276517868042, "101": 0.001573711633682251, "102": 0.001581445336341858, "103": 0.0015994161367416382, "104": 0.0016728341579437256, "105": 0.001725032925605774, "106": 0.0018810480833053589, "107": 0.001774519681930542, "108": 0.0020390450954437256, "109": 0.002025112509727478, "110": 0.0015891790390014648, "111": 0.0018184036016464233, "112": 0.0018924474716186523, "113": 0.001958802342414856, "114": 0.0020018815994262695, "115": 0.002054467797279358, "116": 0.0020550191402435303, "117": 0.002016425132751465, "118": 0.001827627420425415, "119": 0.001777544617652893, "120": 0.0016979724168777466, "121": 0.001816093921661377, "122": 0.0016615688800811768, "123": 0.0012018978595733643, "124": 0.0012308061122894287, "125": 0.0014434903860092163, "126": 0.0012179762125015259, "127": 0.0014371871948242188, "128": 0.001203000545501709, "129": 0.0013688057661056519, "130": 0.0012133419513702393, "131": 0.0012954920530319214, "132": 0.0012938231229782104, "133": 0.001257091760635376, "134": 0.0011939406394958496, "135": 0.001041308045387268, "136": 0.0010391920804977417, "137": 0.001102730631828308, "138": 0.0010378658771514893, "139": 0.00108414888381958, "140": 0.0010173320770263672, "141": 0.0011016428470611572, "142": 0.0010684430599212646, "143": 0.001077026128768921, "144": 0.0010956823825836182, "145": 0.0008844882249832153, "146": 0.0009759366512298584, "147": 0.0008389204740524292, "148": 0.0008742213249206543, "149": 0.0008762180805206299, "150": 0.00083160400390625, "151": 0.0009380504488945007, "152": 0.000868670642375946, "153": 0.0009853392839431763, "154": 0.0009134858846664429, "155": 0.0009548068046569824, "156": 0.0009660571813583374, "157": 0.000795900821685791, "158": 0.0009325593709945679, "159": 0.0008552968502044678, "160": 0.000815078616142273, "161": 0.0007731914520263672, "162": 0.0007593929767608643, "163": 0.0006759464740753174, "164": 0.000806167721748352, "165": 0.0008835643529891968, "166": 0.0007877945899963379, "167": 0.0006808936595916748, "168": 0.0007817894220352173, "169": 0.0007115155458450317, "170": 0.0007477849721908569, "171": 0.0007064342498779297, "172": 0.0007289499044418335, "173": 0.00061759352684021, "174": 0.0007731020450592041, "175": 0.0008081719279289246, "176": 0.0007768496870994568, "177": 0.0006907731294631958, "178": 0.0007095262408256531, "179": 0.0006685629487037659, "180": 0.000651136040687561, "181": 0.0005458816885948181, "182": 0.000757656991481781, "183": 0.0007100626826286316, "184": 0.0006443634629249573, "185": 0.0005967319011688232, "186": 0.0005835145711898804, "187": 0.0006128475069999695, "188": 0.0006919726729393005, "189": 0.0006797611713409424, "190": 0.0005916208028793335, "191": 0.0006365329027175903, "192": 0.0004987418651580811, "193": 0.0006856173276901245, "194": 0.0006719157099723816, "195": 0.0006609037518501282, "196": 0.0006702393293380737, "197": 0.0006633996963500977, "198": 0.0007099434733390808, "199": 0.0005920901894569397, "200": 0.0006526559591293335, "201": 0.000578366219997406, "202": 0.000660918653011322, "203": 0.0005293041467666626, "204": 0.0005411356687545776, "205": 0.0005147606134414673, "206": 0.0005205944180488586, "207": 0.000440061092376709, "208": 0.0004959926009178162, "209": 0.0005099624395370483, "210": 0.0004304051399230957, "211": 0.00047513097524642944, "212": 0.00036963075399398804, "213": 0.00042854994535446167, "214": 0.0003380700945854187, "215": 0.00041306018829345703, "216": 0.0003810375928878784, "217": 0.00038523972034454346, "218": 0.00038114190101623535, "219": 0.00038899481296539307, "220": 0.00038620829582214355, "221": 0.0003475993871688843, "222": 0.0003846585750579834, "223": 0.00038313865661621094, "224": 0.00034264475107192993, "225": 0.0003487393260002136, "226": 0.0003464818000793457, "227": 0.000314958393573761, "228": 0.0003030151128768921, "229": 0.00025960057973861694, "230": 0.00029061734676361084, "231": 0.0002929121255874634, "232": 0.0002708733081817627, "233": 0.0003027915954589844, "234": 0.00027008354663848877, "235": 0.0002973228693008423, "236": 0.000276222825050354, "237": 0.00032746046781539917, "238": 0.00028634071350097656, "239": 0.0002774372696876526, "240": 0.0002474188804626465, "241": 0.0002611875534057617, "242": 0.00023872405290603638, "243": 0.0002752542495727539, "244": 0.00026022642850875854, "245": 0.00022882968187332153, "246": 0.00025460124015808105, "247": 0.00023102760314941406, "248": 0.00024200975894927979, "249": 0.00024709850549697876, "250": 0.0002669915556907654, "251": 0.0002743825316429138, "252": 0.00022520124912261963, "253": 0.00021719932556152344, "254": 0.00020012259483337402, "255": 0.00021357834339141846, "256": 0.0002156868577003479, "257": 0.0002208426594734192, "258": 0.00022191554307937622, "259": 0.0002168789505958557, "260": 0.0002393871545791626, "261": 0.00021783262491226196, "262": 0.00021217763423919678, "263": 0.00024015456438064575, "264": 0.00021733343601226807, "265": 0.00025700777769088745, "266": 0.00027586519718170166, "267": 0.00028320401906967163, "268": 0.0002940073609352112, "269": 0.00016551464796066284, "270": 0.00015772134065628052, "271": 0.0001422390341758728,