{"0": 998.3068525791168, "1": -0.11964869499206543, "2": 0.002953767776489258, "3": 0.0240480899810791, "4": 0.023646950721740723, "5": 0.021432042121887207, "6": 0.019083619117736816, "7": 0.017211735248565674, "8": 0.01542520523071289, "9": 0.013862907886505127, "10": 0.012407898902893066, "11": 0.011229217052459717, "12": 0.010197937488555908, "13": 0.009282708168029785, "14": 0.00859379768371582, "15": 0.00787961483001709, "16": 0.0073517560958862305, "17": 0.006873071193695068, "18": 0.006451606750488281, "19": 0.0060596466064453125, "20": 0.005743205547332764, "21": 0.0054337382316589355, "22": 0.005101442337036133, "23": 0.004834532737731934, "24": 0.004617631435394287, "25": 0.0044075846672058105, "26": 0.004196763038635254, "27": 0.004008233547210693, "28": 0.0038069486618041992, "29": 0.0036334991455078125, "30": 0.0034494400024414062, "31": 0.0033034682273864746, "32": 0.003130793571472168, "33": 0.0030044913291931152, "34": 0.0028963088989257812, "35": 0.002789020538330078, "36": 0.002679884433746338, "37": 0.00258558988571167, "38": 0.0024977922439575195, "39": 0.0024108290672302246, "40": 0.0023311972618103027, "41": 0.0022559165954589844, "42": 0.0021826624870300293, "43": 0.0021134614944458008, "44": 0.002048790454864502, "45": 0.0019823312759399414, "46": 0.0019225776195526123, "47": 0.0018683373928070068, "48": 0.0018030107021331787, "49": 0.001761704683303833, "50": 0.0017147064208984375, "51": 0.0016628801822662354, "52": 0.0016274750232696533, "53": 0.0015856623649597168, "54": 0.0015451014041900635, "55": 0.0014888942241668701, "56": 0.001473546028137207, "57": 0.0014183521270751953, "58": 0.0013979673385620117, "59": 0.001368403434753418, "60": 0.0013226568698883057, "61": 0.0012836456298828125, "62": 0.0012766122817993164, "63": 0.0012542903423309326, "64": 0.0012180805206298828, "65": 0.001198112964630127, "66": 0.001176685094833374, "67": 0.0011479854583740234, "68": 0.001141190528869629, "69": 0.001116931438446045, "70": 0.0011027157306671143, "71": 0.0010923147201538086, "72": 0.0010747909545898438, "73": 0.0010592341423034668, "74": 0.0010357499122619629, "75": 0.0010272562503814697, "76": 0.001028507947921753, "77": 0.0010159611701965332, "78": 0.0010137856006622314, "79": 0.001001894474029541, "80": 0.000993490219116211, "81": 0.000983506441116333, "82": 0.0009794235229492188, "83": 0.0009773671627044678, "84": 0.0009717643260955811, "85": 0.000980764627456665, "86": 0.0009787976741790771, "87": 0.0009728670120239258, "88": 0.0009662806987762451, "89": 0.0009715855121612549, "90": 0.0009697675704956055, "91": 0.0009639859199523926, "92": 0.000975877046585083, "93": 0.000980675220489502, "94": 0.000983506441116333, "95": 0.000987231731414795, "96": 0.0009846389293670654, "97": 0.0009982883930206299, "98": 0.001001894474029541, "99": 0.0010057687759399414, "100": 0.0010101795196533203, "101": 0.0010172724723815918, "102": 0.001025170087814331, "103": 0.0010294318199157715, "104": 0.0010375678539276123, "105": 0.0010477304458618164, "106": 0.00106734037399292, "107": 0.0010818243026733398, "108": 0.0011090636253356934, "109": 0.0011310279369354248, "110": 0.0011517703533172607, "111": 0.0011916160583496094, "112": 0.0012311339378356934, "113": 0.0012628734111785889, "114": 0.0012893974781036377, "115": 0.0013245344161987305, "116": 0.0013602972030639648, "117": 0.001395881175994873, "118": 0.0014222562313079834, "119": 0.0014783740043640137, "120": 0.0015816986560821533, "121": 0.0016639232635498047, "122": 0.0017134547233581543, "123": 0.0017983019351959229, "124": 0.0018838942050933838, "125": 0.0016910731792449951, "126": 0.0017331242561340332, "127": 0.0019478201866149902, "128": 0.0018318593502044678, "129": 0.0019675791263580322, "130": 0.0019103586673736572, "131": 0.002043396234512329, "132": 0.0018603503704071045, "133": 0.002007603645324707, "134": 0.0018949508666992188, "135": 0.0020070672035217285, "136": 0.00167006254196167, "137": 0.0015627741813659668, "138": 0.0014564692974090576, "139": 0.001387268304824829, "140": 0.0014268755912780762, "141": 0.0012326538562774658, "142": 0.0015555918216705322, "143": 0.0012125968933105469, "144": 0.001526176929473877, "145": 0.0012639164924621582, "146": 0.0013961195945739746, "147": 0.0014127492904663086, "148": 0.0010949373245239258, "149": 0.0012561678886413574, "150": 0.0010156333446502686, "151": 0.0011828243732452393, "152": 0.001021057367324829, "153": 0.0011847615242004395, "154": 0.0010171830654144287, "155": 0.001223534345626831, "156": 0.001047760248184204, "157": 0.0011452138423919678, "158": 0.0010527372360229492, "159": 0.0010760128498077393, "160": 0.0009909868240356445, "161": 0.001042395830154419, "162": 0.0009305179119110107, "163": 0.0009474456310272217, "164": 0.0009630322456359863, "165": 0.0009966492652893066, "166": 0.0009749233722686768, "167": 0.0010402500629425049, "168": 0.000913083553314209, "169": 0.0010558068752288818, "170": 0.0008949339389801025, "171": 0.000944972038269043, "172": 0.0007983148097991943, "173": 0.0007182955741882324, "174": 0.0007248520851135254, "175": 0.0007506310939788818, "176": 0.0007174909114837646, "177": 0.0008601546287536621, "178": 0.0007197260856628418, "179": 0.0007572174072265625, "180": 0.0007694661617279053, "181": 0.0008146762847900391, "182": 0.0006606876850128174, "183": 0.0007563233375549316, "184": 0.0006375610828399658, "185": 0.0006033480167388916, "186": 0.0006616711616516113, "187": 0.0007051229476928711, "188": 0.0007008612155914307, "189": 0.000690072774887085, "190": 0.0006901919841766357, "191": 0.0006313920021057129, "192": 0.0006548166275024414, "193": 0.0005051791667938232, "194": 0.0005460679531097412, "195": 0.0005306899547576904, "196": 0.0004851222038269043, "197": 0.0004942417144775391, "198": 0.0005124807357788086, "199": 0.0005096793174743652, "200": 0.0005322098731994629, "201": 0.0005340874195098877, "202": 0.0005130469799041748, "203": 0.0005222856998443604, "204": 0.0005031824111938477, "205": 0.000501781702041626, "206": 0.0005202293395996094, "207": 0.0004826784133911133, "208": 0.00046324729919433594, "209": 0.00047129392623901367, "210": 0.0004955530166625977, "211": 0.0004717707633972168, "212": 0.0004533529281616211, "213": 0.0004411041736602783, "214": 0.00041362643241882324, "215": 0.00041815638542175293, "216": 0.00042113661766052246, "217": 0.0004241466522216797, "218": 0.0004369020462036133, "219": 0.0004495382308959961, "220": 0.0004385709762573242, "221": 0.0004456043243408203, "222": 0.00044089555740356445, "223": 0.00042766332626342773, "224": 0.00042939186096191406, "225": 0.0004298686981201172, "226": 0.0003917515277862549, "227": 0.0003808140754699707, "228": 0.0003133118152618408, "229": 0.0003407597541809082, "230": 0.0003998279571533203, "231": 0.00038996338844299316, "232": 0.0003808438777923584, "233": 0.0003412961959838867, "234": 0.00029921531677246094, "235": 0.0003288090229034424, "236": 0.00031808018684387207, "237": 0.0003237128257751465, "238": 0.00031554698944091797, "239": 0.00030103325843811035, "240": 0.0002662837505340576, "241": 0.00027251243591308594, "242": 0.0002811849117279053, "243": 0.00030431151390075684, "244": 0.0003172159194946289, "245": 0.0003387331962585449, "246": 0.00033032894134521484, "247": 0.00031429529190063477, "248": 0.00027507543563842773, "249": 0.00018867850303649902, "250": 0.00019305944442749023, "251": 0.0001996457576751709, "252": 0.00021311640739440918, "253": 0.0003485381603240967, "254": 0.00019556283950805664, "255": 0.00013846158981323242, "256": 0.00012919306755065918, "257": 0.00012883543968200684, "258": 0.00023728609085083008, "259": 0.00028312206268310547, "260": 0.0002154707908630371, "261": 0.0002764463424682617, "262": 0.00022342801094055176, "263": 0.0002544224262237549, "264": 0.00021204352378845215, "265": 0.00019308924674987793, "266": 0.00019985437393188477, "267": 0.00014919042587280273, "268": 0.00015419721603393555, "269": 0.00015810132026672363, "270": 0.00013375282287597656,