{"0": 998.3068525791168, "1": -0.15463989973068237, "2": 0.002767622470855713, "3": 0.038112759590148926, "4": 0.03470420837402344, "5": 0.028366386890411377, "6": 0.023687005043029785, "7": 0.020250022411346436, "8": 0.0176200270652771, "9": 0.015508294105529785, "10": 0.013867497444152832, "11": 0.012495696544647217, "12": 0.011373579502105713, "13": 0.010424017906188965, "14": 0.009548664093017578, "15": 0.00888282060623169, "16": 0.008258044719696045, "17": 0.00769805908203125, "18": 0.007259666919708252, "19": 0.006790339946746826, "20": 0.006462514400482178, "21": 0.006112337112426758, "22": 0.005797743797302246, "23": 0.005519866943359375, "24": 0.005260109901428223, "25": 0.005014777183532715, "26": 0.0047789812088012695, "27": 0.0045885443687438965, "28": 0.004392683506011963, "29": 0.004235386848449707, "30": 0.004061222076416016, "31": 0.003934621810913086, "32": 0.003794729709625244, "33": 0.0036631226539611816, "34": 0.003545910120010376, "35": 0.003429979085922241, "36": 0.003323495388031006, "37": 0.0032300353050231934, "38": 0.0031323134899139404, "39": 0.0030504167079925537, "40": 0.002968907356262207, "41": 0.0028817951679229736, "42": 0.0028256773948669434, "43": 0.00275537371635437, "44": 0.002657383680343628, "45": 0.0026301145553588867, "46": 0.002575904130935669, "47": 0.0025209784507751465, "48": 0.0024710893630981445, "49": 0.0024194717407226562, "50": 0.002369821071624756, "51": 0.0023208558559417725, "52": 0.0022760629653930664, "53": 0.0022382736206054688, "54": 0.0021812617778778076, "55": 0.002161383628845215, "56": 0.002131909132003784, "57": 0.002099841833114624, "58": 0.002059042453765869, "59": 0.002025812864303589, "60": 0.001991838216781616, "61": 0.0019528567790985107, "62": 0.0019263029098510742, "63": 0.0018923580646514893, "64": 0.0018583238124847412, "65": 0.0018379390239715576, "66": 0.0017988979816436768, "67": 0.0017762184143066406, "68": 0.001742720603942871, "69": 0.0017356276512145996, "70": 0.001703798770904541, "71": 0.0016735494136810303, "72": 0.0016434788703918457, "73": 0.0016174614429473877, "74": 0.0015926659107208252, "75": 0.0015662014484405518, "76": 0.0015418827533721924, "77": 0.001526862382888794, "78": 0.001508086919784546, "79": 0.0014851391315460205, "80": 0.0014615952968597412, "81": 0.001438736915588379, "82": 0.0014162659645080566, "83": 0.0013927221298217773, "84": 0.0013701915740966797, "85": 0.0013480782508850098, "86": 0.0013279318809509277, "87": 0.0013085901737213135, "88": 0.0012900829315185547, "89": 0.0012709498405456543, "90": 0.0012510120868682861, "91": 0.0012302100658416748, "92": 0.0012085437774658203, "93": 0.0011884570121765137, "94": 0.0011689960956573486, "95": 0.0011501908302307129, "96": 0.0011324584484100342, "97": 0.0011141300201416016, "98": 0.0010981261730194092, "99": 0.0010815262794494629, "100": 0.0010656118392944336, "101": 0.0010493993759155273, "102": 0.0010344386100769043, "103": 0.001021355390548706, "104": 0.0010093450546264648, "105": 0.0009981095790863037, "106": 0.0009872019290924072, "107": 0.0009790658950805664, "108": 0.0009730756282806396, "109": 0.0009705424308776855, "110": 0.00096893310546875, "111": 0.0009672045707702637, "112": 0.0009684860706329346, "113": 0.0009744465351104736, "114": 0.0009839832782745361, "115": 0.0010002851486206055, "116": 0.0010176897048950195, "117": 0.0010460615158081055, "118": 0.0011015534400939941, "119": 0.0011622905731201172, "120": 0.0012409090995788574, "121": 0.0013555288314819336, "122": 0.0014779269695281982, "123": 0.001632392406463623, "124": 0.0021277666091918945, "125": 0.0020290613174438477, "126": 0.0024498701095581055, "127": 0.0026730597019195557, "128": 0.0023685097694396973, "129": 0.002499103546142578, "130": 0.002421647310256958, "131": 0.002344757318496704, "132": 0.002394944429397583, "133": 0.0022033751010894775, "134": 0.0026266872882843018, "135": 0.002229064702987671, "136": 0.002382636070251465, "137": 0.002177417278289795, "138": 0.002196371555328369, "139": 0.00222209095954895, "140": 0.0021665990352630615, "141": 0.0022249817848205566, "142": 0.0020289719104766846, "143": 0.0023482441902160645, "144": 0.0020896494388580322, "145": 0.002142995595932007, "146": 0.0021136999130249023, "147": 0.002065420150756836, "148": 0.00205269455909729, "149": 0.0019953548908233643, "150": 0.0019230842590332031, "151": 0.001998990774154663, "152": 0.002043485641479492, "153": 0.001933068037033081, "154": 0.0018576383590698242, "155": 0.002043992280960083, "156": 0.0019278526306152344, "157": 0.0019579529762268066, "158": 0.001879572868347168, "159": 0.0019089281558990479, "160": 0.0018852055072784424, "161": 0.0018353462219238281, "162": 0.0017929375171661377, "163": 0.0018306374549865723, "164": 0.0018149316310882568, "165": 0.0017245709896087646, "166": 0.001699000597000122, "167": 0.0017315149307250977, "168": 0.0017077624797821045, "169": 0.0016948282718658447, "170": 0.001660674810409546, "171": 0.001676514744758606, "172": 0.0016455501317977905, "173": 0.0016321837902069092, "174": 0.0015716552734375, "175": 0.001625344157218933, "176": 0.0015555918216705322, "177": 0.0015379786491394043, "178": 0.001533210277557373, "179": 0.0015190839767456055, "180": 0.0014783740043640137, "181": 0.001490473747253418, "182": 0.0014410465955734253, "183": 0.0014778077602386475, "184": 0.0014435499906539917, "185": 0.0014348030090332031, "186": 0.0013958513736724854, "187": 0.0014048367738723755, "188": 0.001363992691040039, "189": 0.0013776272535324097, "190": 0.0013448894023895264, "191": 0.0013324767351150513, "192": 0.0013151317834854126, "193": 0.001299157738685608, "194": 0.0012567490339279175, "195": 0.0012813210487365723, "196": 0.001250728964805603, "197": 0.0012569129467010498, "198": 0.0012237727642059326, "199": 0.0012305974960327148, "200": 0.0011996477842330933, "201": 0.001198694109916687, "202": 0.0011635422706604004, "203": 0.001184225082397461, "204": 0.0011572837829589844, "205": 0.0011559128761291504, "206": 0.0011272132396697998, "207": 0.0011316388845443726, "208": 0.0010455697774887085, "209": 0.0012419670820236206, "210": 0.0012297779321670532, "211": 0.001108810305595398, "212": 0.0010638386011123657, "213": 0.001227051019668579, "214": 0.001114383339881897, "215": 0.001109883189201355, "216": 0.0010861009359359741, "217": 0.0010657161474227905, "218": 0.0010243058204650879, "219": 0.001056760549545288, "220": 0.0010782182216644287, "221": 0.0010936707258224487, "222": 0.0010504275560379028, "223": 0.001010999083518982, "224": 0.0009853839874267578, "225": 0.0009898394346237183, "226": 0.0009405165910720825, "227": 0.0010139644145965576, "228": 0.0009443908929824829, "229": 0.0009421706199645996, "230": 0.0008988082408905029, "231": 0.0009304583072662354, "232": 0.0009161382913589478, "233": 0.0009139925241470337, "234": 0.0008832663297653198, "235": 0.0008741617202758789, "236": 0.0008738487958908081, "237": 0.0008373409509658813, "238": 0.0008626878261566162, "239": 0.0008243173360824585, "240": 0.0007729977369308472, "241": 0.0008103400468826294, "242": 0.0007610470056533813, "243": 0.0008294135332107544, "244": 0.0007435083389282227, "245": 0.0007649064064025879, "246": 0.0007423162460327148, "247": 0.000751495361328125, "248": 0.0007150471210479736, "249": 0.000769004225730896, "250": 0.0007086992263793945, "251": 0.0006962865591049194, "252": 0.0006811022758483887, "253": 0.0006631463766098022, "254": 0.0006729364395141602, "255": 0.0006534010171890259, "256": 0.0006581544876098633, "257": 0.0006538331508636475, "258": 0.0006421953439712524, "259": 0.0006499886512756348, "260": 0.0006656348705291748, "261": 0.0006349831819534302, "262": 0.0006185173988342285, "263": 0.0006091445684432983, "264": 0.000537872314453125, "265": 0.000623747706413269, "266": 0.0006027966737747192, "267": 0.0005829036235809326, "268": 0.0007859319448471069, "269": 0.000585213303565979, "270": 0.0005646646022796631, "271": 0.0006000399589538574, "272": 0.0005675256252288818,