{"0": 0.6931474208831787, "1": 0.8081781268119812, "2": 0.8054410815238953, "3": 0.7778199315071106, "4": 0.7513634562492371, "5": 0.7282127737998962, "6": 0.7081181406974792, "7": 0.6903563737869263, "8": 0.6746144890785217, "9": 0.6606797575950623, "10": 0.6482146382331848, "11": 0.636942982673645, "12": 0.6267404556274414, "13": 0.6174269318580627, "14": 0.6088115572929382, "15": 0.6008778810501099, "16": 0.5935114622116089, "17": 0.5866355299949646, "18": 0.5801723003387451, "19": 0.5741254091262817, "20": 0.5684410929679871, "21": 0.5631069540977478, "22": 0.5580278038978577, "23": 0.5531956553459167, "24": 0.548600435256958, "25": 0.5442193150520325, "26": 0.5400487780570984, "27": 0.5360680818557739, "28": 0.5322548151016235, "29": 0.5285822153091431, "30": 0.5250635147094727, "31": 0.5216959118843079, "32": 0.5184504389762878, "33": 0.5153306126594543, "34": 0.5123571753501892, "35": 0.5094562768936157, "36": 0.5066505670547485, "37": 0.5039366483688354, "38": 0.5013085007667542, "39": 0.4987577795982361, "40": 0.4962869882583618, "41": 0.4938819706439972, "42": 0.49154791235923767, "43": 0.4892752468585968, "44": 0.4870572090148926, "45": 0.48490914702415466, "46": 0.4828099310398102, "47": 0.48077258467674255, "48": 0.47878673672676086, "49": 0.4768519997596741, "50": 0.4749453365802765, "51": 0.4730876386165619, "52": 0.4712757468223572, "53": 0.46950027346611023, "54": 0.467768132686615, "55": 0.46607208251953125, "56": 0.4644147753715515, "57": 0.4627781808376312, "58": 0.461173951625824, "59": 0.45960232615470886, "60": 0.45806339383125305, "61": 0.45653897523880005, "62": 0.45503708720207214, "63": 0.4535602331161499, "64": 0.45210057497024536, "65": 0.4506690502166748, "66": 0.44925227761268616, "67": 0.44785675406455994, "68": 0.4464818835258484, "69": 0.44512444734573364, "70": 0.4437862038612366, "71": 0.44245439767837524, "72": 0.44114166498184204, "73": 0.43984678387641907, "74": 0.4385722875595093, "75": 0.43729865550994873, "76": 0.43604451417922974, "77": 0.4347953498363495, "78": 0.43356287479400635, "79": 0.43235278129577637, "80": 0.4311419427394867, "81": 0.42994511127471924, "82": 0.4287658631801605, "83": 0.4276053011417389, "84": 0.4264501631259918, "85": 0.4252936840057373, "86": 0.42414501309394836, "87": 0.42301076650619507, "88": 0.42188897728919983, "89": 0.420772910118103, "90": 0.4196647107601166, "91": 0.41856706142425537, "92": 0.4174816310405731, "93": 0.4164038300514221, "94": 0.4153282940387726, "95": 0.4142571687698364, "96": 0.41319555044174194, "97": 0.41214126348495483, "98": 0.4110930860042572, "99": 0.4100518822669983, "100": 0.4090188443660736, "101": 0.40799564123153687, "102": 0.40697625279426575, "103": 0.4059605300426483, "104": 0.40495023131370544, "105": 0.4039469063282013, "106": 0.40295034646987915, "107": 0.40195491909980774, "108": 0.400960236787796, "109": 0.39997026324272156, "110": 0.3989831805229187, "111": 0.3979964554309845, "112": 0.3970109522342682, "113": 0.39603039622306824, "114": 0.39504602551460266, "115": 0.39405766129493713, "116": 0.3930642306804657, "117": 0.3920622169971466, "118": 0.39104968309402466, "119": 0.3900218605995178, "120": 0.38896241784095764, "121": 0.3878670930862427, "122": 0.3867188096046448, "123": 0.38550591468811035, "124": 0.3842177391052246, "125": 0.3828316330909729, "126": 0.38132283091545105, "127": 0.37949222326278687, "128": 0.37698695063591003, "129": 0.3749217987060547, "130": 0.3725471794605255, "131": 0.37003445625305176, "132": 0.36783307790756226, "133": 0.36545246839523315, "134": 0.36329665780067444, "135": 0.36117324233055115, "136": 0.35905951261520386, "137": 0.3571831285953522, "138": 0.35456180572509766, "139": 0.35251232981681824, "140": 0.3503720462322235, "141": 0.34850528836250305, "142": 0.3464857041835785, "143": 0.3446350693702698, "144": 0.3427208662033081, "145": 0.34093141555786133, "146": 0.3390827775001526, "147": 0.3372165858745575, "148": 0.33545100688934326, "149": 0.33360448479652405, "150": 0.3317583203315735, "151": 0.3298845589160919, "152": 0.3282376527786255, "153": 0.32604870200157166, "154": 0.3240991234779358, "155": 0.3220307230949402, "156": 0.320229709148407, "157": 0.3186033368110657, "158": 0.31654462218284607, "159": 0.3149399757385254, "160": 0.31340816617012024, "161": 0.31128913164138794, "162": 0.30959996581077576, "163": 0.3080863058567047, "164": 0.30599451065063477, "165": 0.30435556173324585, "166": 0.30282214283943176, "167": 0.30085989832878113, "168": 0.29920971393585205, "169": 0.29770928621292114, "170": 0.29599282145500183, "171": 0.29423025250434875, "172": 0.2925100326538086, "173": 0.2905065417289734, "174": 0.28902462124824524, "175": 0.2876858711242676, "176": 0.2859160304069519, "177": 0.28453052043914795, "178": 0.28290414810180664, "179": 0.2814382314682007, "180": 0.2799886167049408, "181": 0.2780013680458069, "182": 0.2765202522277832, "183": 0.2748926281929016, "184": 0.27329128980636597, "185": 0.2719636559486389, "186": 0.2705863118171692, "187": 0.26931318640708923, "188": 0.26802054047584534, "189": 0.2667188048362732, "190": 0.26538145542144775, "191": 0.2642049491405487, "192": 0.26307621598243713, "193": 0.2614823877811432, "194": 0.26040157675743103, "195": 0.25934767723083496, "196": 0.25829845666885376, "197": 0.2571035325527191, "198": 0.25610464811325073, "199": 0.2551075518131256, "200": 0.2541099488735199, "201": 0.2530742287635803, "202": 0.2521289885044098, "203": 0.25116896629333496, "204": 0.25013020634651184, "205": 0.24854391813278198, "206": 0.24753159284591675, "207": 0.24654331803321838, "208": 0.2455163449048996, "209": 0.24452020227909088, "210": 0.24354368448257446, "211": 0.24229754507541656, "212": 0.2413329780101776, "213": 0.24042323231697083, "214": 0.23937824368476868, "215": 0.23844660818576813, "216": 0.2375539392232895, "217": 0.23659564554691315, "218": 0.23560741543769836, "219": 0.23458905518054962, "220": 0.23364108800888062, "221": 0.23247098922729492, "222": 0.23154325783252716, "223": 0.2304374873638153, "224": 0.22950229048728943, "225": 0.2286013662815094, "226": 0.22755080461502075, "227": 0.22655540704727173, "228": 0.22552916407585144, "229": 0.22448652982711792, "230": 0.22346168756484985, "231": 0.22243154048919678, "232": 0.22117270529270172, "233": 0.22014638781547546, "234": 0.219255730509758, "235": 0.2183322012424469, "236": 0.21742889285087585, "237": 0.21665090322494507, "238": 0.21586903929710388, "239": 0.21503296494483948, "240": 0.21424686908721924, "241": 0.21351662278175354, "242": 0.2127712368965149, "243": 0.21189016103744507, "244": 0.21093258261680603, "245": 0.21013109385967255, "246": 0.20933498442173004, "247": 0.20854061841964722, "248": 0.20774590969085693, "249": 0.20693925023078918, "250": 0.20628848671913147, "251": 0.20560908317565918, "252": 0.2048589587211609, "253": 0.20423786342144012, "254": 0.20362600684165955, "255": 0.2029287964105606, "256": 0.20219451189041138, "257": 0.20168320834636688, "258": 0.2011912614107132, "259": 0.20074307918548584, "260": 0.20028555393218994, "261": 0.19983451068401337, "262": 0.1993909627199173, "263": 0.198947012424469, "264": 0.19835595786571503, "265": 0.19797679781913757, "266": 0.19760411977767944, "267": 0.19723153114318848, "268": 0.1966799646615982, "269": 0.19631069898605347, "270": 0.19594815373420715, "271": 0.19559656083583832, "272": 0.19525666534900665, "273": 0.19492511451244354, "274": 0.19459842145442963, "275": 0.1942538172006607, "276": 0.19393500685691833, "277": 0.1936180293560028, "278": 0.19320496916770935, "279": 0.19288820028305054, "280": 0.19257311522960663, "281": 0.19225817918777466, "282": 0.19186577200889587, "283": 0.1915583312511444, "284": 0.19125431776046753, "285": 0.19093841314315796, "286": 0.19062499701976776, "287": 0.19031952321529388, "288": 0.19002483785152435, "289": 0.18974468111991882, "290": 0.18947145342826843, "291": 0.18920092284679413, "292": 0.18893009424209595, "293": 0.18863414227962494,