{"0": 0.6931474208831787, "1": 0.8477873206138611, "2": 0.8450196981430054, "3": 0.8069069385528564, "4": 0.772202730178833, "5": 0.7438363432884216, "6": 0.7201493382453918, "7": 0.6998993158340454, "8": 0.6822792887687683, "9": 0.6667709946632385, "10": 0.6529034972190857, "11": 0.6404078006744385, "12": 0.6290342211723328, "13": 0.6186102032661438, "14": 0.6090615391731262, "15": 0.6001787185668945, "16": 0.5919206738471985, "17": 0.5842226147651672, "18": 0.576962947845459, "19": 0.5701726078987122, "20": 0.56371009349823, "21": 0.5575977563858032, "22": 0.551800012588501, "23": 0.5462801456451416, "24": 0.5410200357437134, "25": 0.5360052585601807, "26": 0.5312262773513794, "27": 0.5266377329826355, "28": 0.5222450494766235, "29": 0.5180096626281738, "30": 0.5139484405517578, "31": 0.5100138187408447, "32": 0.5062190890312195, "33": 0.5025559663772583, "34": 0.4990100562572479, "35": 0.4955800771713257, "36": 0.4922565817832947, "37": 0.4890265464782715, "38": 0.48589423298835754, "39": 0.482843816280365, "40": 0.4798749089241028, "41": 0.4769931137561798, "42": 0.47416743636131287, "43": 0.4714120626449585, "44": 0.46875467896461487, "45": 0.466124564409256, "46": 0.4635486602783203, "47": 0.46102768182754517, "48": 0.458556592464447, "49": 0.45613712072372437, "50": 0.4537672996520996, "51": 0.45144644379615784, "52": 0.44917038083076477, "53": 0.4469321072101593, "54": 0.4447508454322815, "55": 0.4425894618034363, "56": 0.4404575526714325, "57": 0.43835771083831787, "58": 0.436298668384552, "59": 0.4342728555202484, "60": 0.4322810173034668, "61": 0.4303281605243683, "62": 0.4284018576145172, "63": 0.4265094995498657, "64": 0.424651175737381, "65": 0.4228132367134094, "66": 0.42101433873176575, "67": 0.4192381203174591, "68": 0.41749539971351624, "69": 0.41575977206230164, "70": 0.4140559732913971, "71": 0.41238242387771606, "72": 0.4107389450073242, "73": 0.40912148356437683, "74": 0.407528817653656, "75": 0.40596261620521545, "76": 0.40442073345184326, "77": 0.40289387106895447, "78": 0.4013857841491699, "79": 0.3999006450176239, "80": 0.39843904972076416, "81": 0.3970003128051758, "82": 0.3955840468406677, "83": 0.39419132471084595, "84": 0.39282113313674927, "85": 0.39147305488586426, "86": 0.39014512300491333, "87": 0.388836532831192, "88": 0.38754644989967346, "89": 0.3862755000591278, "90": 0.3850244879722595, "91": 0.38379427790641785, "92": 0.382585734128952, "93": 0.3813972771167755, "94": 0.38022828102111816, "95": 0.37907809019088745, "96": 0.3779456317424774, "97": 0.3768315017223358, "98": 0.3757333755493164, "99": 0.37465184926986694, "100": 0.3735862374305725, "101": 0.372536838054657, "102": 0.3715023994445801, "103": 0.37048104405403137, "104": 0.3694716989994049, "105": 0.3684735894203186, "106": 0.3674863874912262, "107": 0.36650732159614563, "108": 0.365534245967865, "109": 0.3645637035369873, "110": 0.36359477043151855, "111": 0.3626275658607483, "112": 0.36165907979011536, "113": 0.3606846332550049, "114": 0.35970064997673035, "115": 0.35870036482810974, "116": 0.3576826751232147, "117": 0.3566366136074066, "118": 0.3555350601673126, "119": 0.3543727695941925, "120": 0.35313186049461365, "121": 0.3517763316631317, "122": 0.3502984046936035, "123": 0.3486660122871399, "124": 0.346538245677948, "125": 0.34450918436050415, "126": 0.34205931425094604, "127": 0.3393862545490265, "128": 0.3370177447795868, "129": 0.3345186412334442, "130": 0.33209699392318726, "131": 0.32975223660469055, "132": 0.32735729217529297, "133": 0.3251539170742035, "134": 0.3225272297859192, "135": 0.3202981650829315, "136": 0.31791552901268005, "137": 0.31573811173439026, "138": 0.3135417401790619, "139": 0.31131964921951294, "140": 0.3091530501842499, "141": 0.3069280683994293, "142": 0.30489909648895264, "143": 0.3025508522987366, "144": 0.30046120285987854, "145": 0.29831820726394653, "146": 0.29620450735092163, "147": 0.2941390872001648, "148": 0.2920863926410675, "149": 0.29009103775024414, "150": 0.28816795349121094, "151": 0.2861689627170563, "152": 0.2841254770755768, "153": 0.2821924090385437, "154": 0.2803347706794739, "155": 0.2782907783985138, "156": 0.27636292576789856, "157": 0.27440497279167175, "158": 0.2725253999233246, "159": 0.27061647176742554, "160": 0.2687312662601471, "161": 0.26689592003822327, "162": 0.26510298252105713, "163": 0.26327234506607056, "164": 0.2614574134349823, "165": 0.25973284244537354, "166": 0.2580338418483734, "167": 0.2563023269176483, "168": 0.2545945644378662, "169": 0.25289973616600037, "170": 0.2512390613555908, "171": 0.24956254661083221, "172": 0.24791699647903442, "173": 0.24628481268882751, "174": 0.24471315741539001, "175": 0.24308781325817108, "176": 0.24153222143650055, "177": 0.23999424278736115, "178": 0.23846103250980377, "179": 0.23694194853305817, "180": 0.23546357452869415, "181": 0.23397310078144073, "182": 0.2325320541858673, "183": 0.23105424642562866, "184": 0.22961069643497467, "185": 0.22817589342594147, "186": 0.22678004205226898, "187": 0.2253752052783966, "188": 0.22401121258735657, "189": 0.22263358533382416, "190": 0.22128869593143463, "191": 0.21995621919631958, "192": 0.21864108741283417, "193": 0.21734192967414856, "194": 0.21608518064022064, "195": 0.21480385959148407, "196": 0.21355313062667847, "197": 0.21229621767997742, "198": 0.21107244491577148, "199": 0.20984184741973877, "200": 0.20864219963550568, "201": 0.207443505525589, "202": 0.2062799632549286, "203": 0.20509573817253113, "204": 0.20393845438957214, "205": 0.202782541513443, "206": 0.2016553282737732, "207": 0.20052368938922882, "208": 0.1994781196117401, "209": 0.1982361525297165, "210": 0.19700637459754944, "211": 0.19589756429195404, "212": 0.19483372569084167, "213": 0.1936066746711731, "214": 0.1924922913312912, "215": 0.19138240814208984, "216": 0.19029630720615387, "217": 0.18923059105873108, "218": 0.188206285238266, "219": 0.1871495246887207, "220": 0.18607130646705627, "221": 0.18497763574123383, "222": 0.18392720818519592, "223": 0.18291620910167694, "224": 0.18193082511425018, "225": 0.18094098567962646, "226": 0.18000046908855438, "227": 0.17898650467395782, "228": 0.17804211378097534, "229": 0.17709994316101074, "230": 0.17620113492012024, "231": 0.175270676612854, "232": 0.17435453832149506, "233": 0.17344054579734802, "234": 0.1725572794675827, "235": 0.17168311774730682, "236": 0.17080926895141602, "237": 0.16997192800045013, "238": 0.16910924017429352, "239": 0.16828492283821106, "240": 0.1675119251012802, "241": 0.16670158505439758, "242": 0.1659405380487442, "243": 0.16511112451553345, "244": 0.16436761617660522, "245": 0.16360270977020264, "246": 0.16286039352416992, "247": 0.1621088981628418, "248": 0.16139385104179382, "249": 0.16062484681606293, "250": 0.15991614758968353, "251": 0.1592198610305786, "252": 0.15853875875473022, "253": 0.15787561237812042, "254": 0.15720267593860626, "255": 0.15654927492141724, "256": 0.15589112043380737, "257": 0.15523728728294373, "258": 0.15459509193897247, "259": 0.15394510328769684, "260": 0.15327946841716766, "261": 0.15264448523521423, "262": 0.15202596783638, "263": 0.1514168232679367, "264": 0.15087895095348358, "265": 0.1502552032470703, "266": 0.1496524065732956, "267": 0.14906950294971466, "268": 0.14828357100486755, "269": 0.14769835770130157, "270": 0.1471336930990219, "271": 0.14653365314006805, "272": 0.14596612751483917, "273": 0.1453685760498047, "274": 0.14473028481006622, "275": 0.14420539140701294, "276": 0.1437259018421173, "277": 0.14324723184108734, "278": 0.14276401698589325, "279": 0.14229954779148102, "280": 0.1417953372001648, "281": 0.14130540192127228, "282": 0.14062516391277313, "283": 0.14015613496303558, "284": 0.1396944373846054, "285": 0.1392199695110321, "286": 0.1387338787317276, "287": 0.1382066011428833, "288": 0.13768728077411652, "289": 0.13724415004253387, "290": 0.1368328183889389, "291": 0.13643336296081543, "292": 0.13602307438850403, "293": 0.13563331961631775, "294": 0.1352492868900299,