{"0": 0.6931474208831787, "1": 0.542864203453064, "2": 0.5419927835464478, "3": 0.3907884359359741, "4": 0.34307512640953064, "5": 0.3262447118759155, "6": 0.3141474425792694, "7": 0.30386972427368164, "8": 0.2948497235774994, "9": 0.28685593605041504, "10": 0.2798170745372772, "11": 0.27346163988113403, "12": 0.26775670051574707, "13": 0.262678861618042, "14": 0.25813812017440796, "15": 0.25392481684684753, "16": 0.249977707862854, "17": 0.2462608814239502, "18": 0.24272160232067108, "19": 0.2393750548362732, "20": 0.23621608316898346, "21": 0.2332061529159546, "22": 0.23034563660621643, "23": 0.22761675715446472, "24": 0.2250175029039383, "25": 0.2225220650434494, "26": 0.22012628614902496, "27": 0.21782776713371277, "28": 0.215626060962677, "29": 0.21351054310798645, "30": 0.2114759087562561, "31": 0.20951953530311584, "32": 0.20763614773750305, "33": 0.20582371950149536, "34": 0.20407897233963013, "35": 0.20239603519439697, "36": 0.20076869428157806, "37": 0.1992008090019226, "38": 0.19767600297927856, "39": 0.19620230793952942, "40": 0.19477219879627228, "41": 0.19338929653167725, "42": 0.19204995036125183, "43": 0.190751850605011, "44": 0.18949519097805023, "45": 0.18827471137046814, "46": 0.18708926439285278, "47": 0.18593549728393555, "48": 0.18481218814849854, "49": 0.18371891975402832, "50": 0.18265549838542938, "51": 0.18162041902542114, "52": 0.18061186373233795, "53": 0.1796296387910843, "54": 0.17867252230644226, "55": 0.1777370572090149, "56": 0.17682427167892456, "57": 0.17593011260032654, "58": 0.17505177855491638, "59": 0.1741904467344284, "60": 0.17334723472595215, "61": 0.172520250082016, "62": 0.17170928418636322, "63": 0.17091231048107147, "64": 0.17012760043144226, "65": 0.16935507953166962, "66": 0.16858971118927002, "67": 0.167835533618927, "68": 0.16708990931510925, "69": 0.16635218262672424, "70": 0.16562312841415405, "71": 0.16490072011947632, "72": 0.16418510675430298, "73": 0.16347305476665497, "74": 0.16276484727859497, "75": 0.16205625236034393, "76": 0.16135212779045105, "77": 0.16063469648361206, "78": 0.15990892052650452, "79": 0.1591762900352478, "80": 0.15843284130096436, "81": 0.15767404437065125, "82": 0.15689679980278015, "83": 0.15609809756278992, "84": 0.15527014434337616, "85": 0.15441134572029114, "86": 0.15351349115371704, "87": 0.1525687873363495, "88": 0.15157389640808105, "89": 0.15050609409809113, "90": 0.149339959025383, "91": 0.14807382225990295, "92": 0.14642535150051117, "93": 0.14509278535842896, "94": 0.14354461431503296, "95": 0.14189162850379944, "96": 0.14035475254058838, "97": 0.13860994577407837, "98": 0.13679099082946777, "99": 0.134990394115448, "100": 0.13335466384887695, "101": 0.13168439269065857, "102": 0.13025027513504028, "103": 0.12875252962112427, "104": 0.12749116122722626, "105": 0.12620046734809875, "106": 0.12496012449264526, "107": 0.12380395829677582, "108": 0.12260787934064865, "109": 0.12146717309951782, "110": 0.12036759406328201, "111": 0.11924494057893753, "112": 0.11821029335260391, "113": 0.11712638288736343, "114": 0.11606940627098083, "115": 0.1150345504283905, "116": 0.11408360302448273, "117": 0.11311227083206177, "118": 0.11220542341470718, "119": 0.11129456758499146, "120": 0.11039925366640091, "121": 0.10953690111637115, "122": 0.10863377898931503, "123": 0.10776899755001068, "124": 0.10688941925764084, "125": 0.10602309554815292, "126": 0.1051810011267662, "127": 0.10435053706169128, "128": 0.10355956107378006, "129": 0.10278022289276123, "130": 0.10202977806329727, "131": 0.10124774277210236, "132": 0.10051572322845459, "133": 0.09975960850715637, "134": 0.09903483092784882, "135": 0.09829546511173248, "136": 0.09758281707763672, "137": 0.09685155749320984, "138": 0.09613814949989319, "139": 0.09543462842702866, "140": 0.09475763887166977, "141": 0.09407403320074081, "142": 0.09341933578252792, "143": 0.09276116639375687, "144": 0.09211111068725586, "145": 0.09146108478307724, "146": 0.09080462157726288, "147": 0.09016505628824234, "148": 0.08954015374183655, "149": 0.08890389651060104, "150": 0.08830741047859192, "151": 0.08768606185913086, "152": 0.08708346635103226, "153": 0.0865020751953125, "154": 0.08593600988388062, "155": 0.08535760641098022, "156": 0.08480316400527954, "157": 0.08421435952186584, "158": 0.08363854885101318, "159": 0.08306847512722015, "160": 0.08252231031656265, "161": 0.08195027709007263, "162": 0.08141185343265533, "163": 0.08084743469953537, "164": 0.08028664439916611, "165": 0.07975737005472183, "166": 0.07922077924013138, "167": 0.07872068136930466, "168": 0.07823006808757782, "169": 0.07770036160945892, "170": 0.07719194144010544, "171": 0.07668612152338028, "172": 0.07621650397777557, "173": 0.07572925835847855, "174": 0.07526716589927673, "175": 0.0747804343700409, "176": 0.0743151307106018, "177": 0.07385173439979553, "178": 0.07339458167552948, "179": 0.0729803666472435, "180": 0.0725589394569397, "181": 0.07210541516542435, "182": 0.07165287435054779, "183": 0.0712195336818695, "184": 0.07079718261957169, "185": 0.07037569582462311, "186": 0.06999354064464569, "187": 0.06959797441959381, "188": 0.0692327469587326, "189": 0.06882473081350327, "190": 0.06845620274543762, "191": 0.06808462738990784, "192": 0.06773132085800171, "193": 0.0673484355211258, "194": 0.06700925529003143, "195": 0.06661742180585861, "196": 0.06622946262359619, "197": 0.06585671007633209, "198": 0.06548531353473663, "199": 0.06514906883239746, "200": 0.06480175256729126, "201": 0.06447634100914001, "202": 0.06414907425642014, "203": 0.0638405978679657, "204": 0.06352394819259644, "205": 0.06322638690471649, "206": 0.06290601193904877, "207": 0.06260593235492706, "208": 0.06229497492313385, "209": 0.0620063841342926, "210": 0.06169956922531128, "211": 0.061403051018714905, "212": 0.06110316514968872, "213": 0.06083463877439499, "214": 0.06056300550699234, "215": 0.06028403341770172, "216": 0.060014910995960236, "217": 0.059739597141742706, "218": 0.05947333946824074, "219": 0.05921749770641327, "220": 0.05900251120328903, "221": 0.05877916142344475, "222": 0.05853896588087082, "223": 0.0582846999168396, "224": 0.05803380534052849, "225": 0.05777714401483536, "226": 0.05754144489765167, "227": 0.05728720873594284, "228": 0.057035334408283234, "229": 0.05678153783082962, "230": 0.056530021131038666, "231": 0.056278716772794724, "232": 0.05604144185781479, "233": 0.055795006453990936, "234": 0.05555609613656998, "235": 0.055320776998996735, "236": 0.05509558320045471, "237": 0.054897721856832504, "238": 0.05469894036650658, "239": 0.05448439344763756, "240": 0.05428507179021835, "241": 0.05409780144691467, "242": 0.0538952574133873, "243": 0.05372590944170952, "244": 0.05353064462542534, "245": 0.05333532392978668, "246": 0.05318259447813034, "247": 0.05302052944898605, "248": 0.052839744836091995, "249": 0.052665114402770996, "250": 0.05249156057834625, "251": 0.052315711975097656, "252": 0.05213462933897972, "253": 0.0519426167011261, "254": 0.05177128314971924, "255": 0.05161965265870094, "256": 0.051485009491443634, "257": 0.051352087408304214, "258": 0.0512118861079216, "259": 0.051080867648124695, "260": 0.050946302711963654, "261": 0.050807416439056396, "262": 0.05070433020591736, "263": 0.05058424174785614, "264": 0.05047682672739029, "265": 0.05037219822406769, "266": 0.0502701960504055, "267": 0.05017130821943283, "268": 0.05009276419878006, "269": 0.05000803992152214, "270": 0.049922600388526917, "271": 0.049841128289699554, "272": 0.049763381481170654, "273": 0.04968557506799698, "274": 0.04959487169981003, "275": 0.04948630556464195, "276": 0.04939012601971626, "277": 0.04927890747785568, "278": 0.04917515069246292, "279": 0.04908982664346695, "280": 0.049012113362550735, "281": 0.04892272502183914, "282": 0.04884449765086174, "283": 0.048779428005218506, "284": 0.04871203005313873, "285": 0.04863693192601204, "286": 0.04856247082352638, "287": 0.048489801585674286, "288": 0.048388294875621796, "289": 0.048317283391952515,