{"0": 998.3068525791168, "1": 0.17930889129638672, "2": 0.0007110238075256348, "3": 0.1343727707862854, "4": 0.049353569746017456, "5": 0.01681351661682129, "6": 0.01174357533454895, "7": 0.0103645920753479, "8": 0.009293675422668457, "9": 0.00836452841758728, "10": 0.007605314254760742, "11": 0.006960570812225342, "12": 0.0063568055629730225, "13": 0.005588307976722717, "14": 0.0051144808530807495, "15": 0.004769191145896912, "16": 0.0045117586851119995, "17": 0.004242151975631714, "18": 0.004021376371383667, "19": 0.0038190335035324097, "20": 0.0036266297101974487, "21": 0.0034665316343307495, "22": 0.0032815784215927124, "23": 0.00312630832195282, "24": 0.0029818713665008545, "25": 0.002841934561729431, "26": 0.0027153491973876953, "27": 0.0025877058506011963, "28": 0.002486869692802429, "29": 0.0023850202560424805, "30": 0.0022940337657928467, "31": 0.002202540636062622, "32": 0.0021138638257980347, "33": 0.002029925584793091, "34": 0.0019539743661880493, "35": 0.0018777251243591309, "36": 0.0018175840377807617, "37": 0.0017536431550979614, "38": 0.0016929060220718384, "39": 0.0016370564699172974, "40": 0.0015837699174880981, "41": 0.0015323758125305176, "42": 0.0014829784631729126, "43": 0.0014407038688659668, "44": 0.0013972222805023193, "45": 0.0013574063777923584, "46": 0.0013175904750823975, "47": 0.0012818872928619385, "48": 0.0012470483779907227, "49": 0.0012161433696746826, "50": 0.001186862587928772, "51": 0.0011606365442276, "52": 0.001135304570198059, "53": 0.0011094659566879272, "54": 0.0010846257209777832, "55": 0.0010634362697601318, "56": 0.0010425150394439697, "57": 0.0010221898555755615, "58": 0.0010070055723190308, "59": 0.0009920746088027954, "60": 0.0009797364473342896, "61": 0.0009681284427642822, "62": 0.0009599626064300537, "63": 0.0009505152702331543, "64": 0.000941053032875061, "65": 0.0009325742721557617, "66": 0.0009259730577468872, "67": 0.0009232908487319946, "68": 0.0009219646453857422, "69": 0.0009230375289916992, "70": 0.0009253770112991333, "71": 0.0009327232837677002, "72": 0.0009456425905227661, "73": 0.0009565800428390503, "74": 0.0009794533252716064, "75": 0.0010059326887130737, "76": 0.0010303705930709839, "77": 0.001059219241142273, "78": 0.0010962486267089844, "79": 0.0011410266160964966, "80": 0.0011931508779525757, "81": 0.0012549683451652527, "82": 0.0013175159692764282, "83": 0.0013881027698516846, "84": 0.0014409050345420837, "85": 0.0013598352670669556, "86": 0.001695789396762848, "87": 0.0012178421020507812, "88": 0.001351185142993927, "89": 0.0014100074768066406, "90": 0.001446157693862915, "91": 0.001444399356842041, "92": 0.001417204737663269, "93": 0.001325860619544983, "94": 0.001258261501789093, "95": 0.0011933892965316772, "96": 0.001197807490825653, "97": 0.0017010048031806946, "98": 0.0010881349444389343, "99": 0.0010182857513427734, "100": 0.0010526031255722046, "101": 0.0010451972484588623, "102": 0.0010357648134231567, "103": 0.001023799180984497, "104": 0.0010049045085906982, "105": 0.0009947270154953003, "106": 0.0009765028953552246, "107": 0.0009671226143836975, "108": 0.0009612515568733215, "109": 0.0013676807284355164, "110": 0.0008657500147819519, "111": 0.0008418560028076172, "112": 0.0008640214800834656, "113": 0.0008525103330612183, "114": 0.0008453503251075745, "115": 0.0008344575762748718, "116": 0.0008257180452346802, "117": 0.0008153244853019714, "118": 0.0008070617914199829, "119": 0.000795021653175354, "120": 0.0009359121322631836, "121": 0.0008208155632019043, "122": 0.0007447972893714905, "123": 0.0007690116763114929, "124": 0.0007256269454956055, "125": 0.0007573813199996948, "126": 0.0007220879197120667, "127": 0.0007375404238700867, "128": 0.0007074326276779175, "129": 0.0007089748978614807, "130": 0.0006970390677452087, "131": 0.0007035359740257263, "132": 0.0010294988751411438, "133": 0.0006259158253669739, "134": 0.000622875988483429, "135": 0.0006495565176010132, "136": 0.0006426423788070679, "137": 0.0006388872861862183, "138": 0.000634513795375824, "139": 0.0006248727440834045, "140": 0.0006145164370536804, "141": 0.0006095618009567261, "142": 0.0006045028567314148, "143": 0.0007997751235961914, "144": 0.0005468875169754028, "145": 0.0005259141325950623, "146": 0.0005621686577796936, "147": 0.0005271546542644501, "148": 0.0005431808531284332, "149": 0.0005223266780376434, "150": 0.0005228668451309204, "151": 0.0005129687488079071, "152": 0.0005093328654766083, "153": 0.0005090124905109406, "154": 0.0005877092480659485, "155": 0.0005454197525978088, "156": 0.0004744008183479309, "157": 0.0004997625946998596, "158": 0.0004626363515853882, "159": 0.0004954040050506592, "160": 0.0004615671932697296, "161": 0.0004833526909351349, "162": 0.000455416738986969, "163": 0.0004710741341114044, "164": 0.00045546144247055054, "165": 0.00046826526522636414, "166": 0.0004897601902484894, "167": 0.0004233419895172119, "168": 0.0004233121871948242, "169": 0.0004334188997745514, "170": 0.0004182681441307068, "171": 0.0004272535443305969, "172": 0.00041583552956581116, "173": 0.0004237033426761627, "174": 0.00040818750858306885, "175": 0.00041687116026878357, "176": 0.00041046738624572754, "177": 0.00048169493675231934, "178": 0.0003829151391983032, "179": 0.0003546029329299927, "180": 0.00039205700159072876, "181": 0.0003482811152935028, "182": 0.00037390366196632385, "183": 0.00035085901618003845, "184": 0.00036620721220970154, "185": 0.0003480464220046997, "186": 0.00035743415355682373, "187": 0.0003425180912017822, "188": 0.00035528838634490967, "189": 0.00037364661693573, "190": 0.00038494542241096497, "191": 0.00032967329025268555, "192": 0.00032691657543182373, "193": 0.0003042779862880707, "194": 0.0003187023103237152, "195": 0.00029407069087028503, "196": 0.00032378360629081726, "197": 0.00028872862458229065, "198": 0.0003208927810192108, "199": 0.00029157474637031555, "200": 0.00031662359833717346, "201": 0.0003408603370189667, "202": 0.00032341480255126953, "203": 0.00029547885060310364, "204": 0.0002888515591621399, "205": 0.00027245283126831055, "206": 0.0002750605344772339, "207": 0.00026288628578186035, "208": 0.0002771131694316864, "209": 0.00025736913084983826, "210": 0.0002773776650428772, "211": 0.00025912001729011536, "212": 0.00027781352400779724, "213": 0.00026520341634750366, "214": 0.0002647414803504944, "215": 0.0002552643418312073, "216": 0.00025043264031410217, "217": 0.0002427324652671814, "218": 0.00023517757654190063, "219": 0.0002321973443031311, "220": 0.0002292729914188385, "221": 0.00023083016276359558, "222": 0.00022878870368003845, "223": 0.00023254752159118652, "224": 0.00022527948021888733, "225": 0.00022568181157112122, "226": 0.00022007524967193604, "227": 0.00021564960479736328, "228": 0.00021439418196678162, "229": 0.00020698457956314087, "230": 0.00021044909954071045, "231": 0.0002023056149482727, "232": 0.0002099946141242981, "233": 0.0002024918794631958, "234": 0.00021485984325408936, "235": 0.00020679086446762085, "236": 0.00020951777696609497, "237": 0.00020418129861354828, "238": 0.00020099245011806488, "239": 0.00019929558038711548, "240": 0.00019442476332187653, "241": 0.00019199959933757782, "242": 0.0001869797706604004, "243": 0.00018863007426261902, "244": 0.00018534064292907715, "245": 0.00018835440278053284, "246": 0.0001870822161436081, "247": 0.00018806755542755127, "248": 0.00018578581511974335, "249": 0.00018214061856269836, "250": 0.00018186494708061218, "251": 0.0001776479184627533, "252": 0.00017882511019706726, "253": 0.00017456337809562683, "254": 0.00017498061060905457, "255": 0.0001687668263912201, "256": 0.00016567669808864594, "257": 0.0001672450453042984, "258": 0.00016545690596103668, "259": 0.00016831792891025543, "260": 0.0001631230115890503, "261": 0.00016445666551589966, "262": 0.0001557953655719757, "263": 0.00015633553266525269, "264": 0.0001507587730884552, "265": 0.000150313600897789, "266": 0.00014853663742542267, "267": 0.00014576688408851624, "268": 0.0001475401222705841,