{"0": 0.6931474208831787, "1": 0.8705477714538574, "2": 0.8674570322036743, "3": 0.7892289161682129, "4": 0.7184005379676819, "5": 0.6656308770179749, "6": 0.6243773102760315, "7": 0.5896976590156555, "8": 0.5601688623428345, "9": 0.5342484712600708, "10": 0.5116325616836548, "11": 0.49213144183158875, "12": 0.47486311197280884, "13": 0.45913293957710266, "14": 0.44501057267189026, "15": 0.4321328103542328, "16": 0.42031294107437134, "17": 0.4093174934387207, "18": 0.3990919888019562, "19": 0.3895058035850525, "20": 0.38054654002189636, "21": 0.3721335232257843, "22": 0.36421406269073486, "23": 0.35675346851348877, "24": 0.34970253705978394, "25": 0.34303656220436096, "26": 0.3366994559764862, "27": 0.3306754231452942, "28": 0.3249356150627136, "29": 0.31945720314979553, "30": 0.3142222464084625, "31": 0.3092098832130432, "32": 0.304409384727478, "33": 0.29979801177978516, "34": 0.2953711450099945, "35": 0.29110249876976013, "36": 0.2869893014431, "37": 0.28302276134490967, "38": 0.27919334173202515, "39": 0.2754952013492584, "40": 0.2719165086746216, "41": 0.26845216751098633, "42": 0.26509565114974976, "43": 0.2618412375450134, "44": 0.25868451595306396, "45": 0.2556226849555969, "46": 0.2526489794254303, "47": 0.24976061284542084, "48": 0.24695484340190887, "49": 0.24422641098499298, "50": 0.24157185852527618, "51": 0.23898860812187195, "52": 0.2364741861820221, "53": 0.2340255230665207, "54": 0.23164014518260956, "55": 0.22931498289108276, "56": 0.22704899311065674, "57": 0.22484038770198822, "58": 0.22268767654895782, "59": 0.22058750689029694, "60": 0.21853888034820557, "61": 0.21653977036476135, "62": 0.21458885073661804, "63": 0.21268413960933685, "64": 0.2108234316110611, "65": 0.2090063840150833, "66": 0.20723111927509308, "67": 0.20549608767032623, "68": 0.20380175113677979, "69": 0.20214523375034332, "70": 0.20052839815616608, "71": 0.1989467293024063, "72": 0.19739939272403717, "73": 0.19588600099086761, "74": 0.19440458714962006, "75": 0.19295480847358704, "76": 0.191535085439682, "77": 0.19014506042003632, "78": 0.1887841671705246, "79": 0.1874515861272812, "80": 0.18614569306373596, "81": 0.18486632406711578, "82": 0.18361257016658783, "83": 0.18238352239131927, "84": 0.1811782270669937, "85": 0.17999643087387085, "86": 0.17883722484111786, "87": 0.17770031094551086, "88": 0.17658492922782898, "89": 0.17549049854278564, "90": 0.17441725730895996, "91": 0.17336493730545044, "92": 0.17233242094516754, "93": 0.17131859064102173, "94": 0.17032329738140106, "95": 0.16934633255004883, "96": 0.16838675737380981, "97": 0.16744443774223328, "98": 0.16651885211467743, "99": 0.1656099557876587, "100": 0.16471713781356812, "101": 0.16384029388427734, "102": 0.162978857755661, "103": 0.1621323823928833, "104": 0.16130070388317108, "105": 0.1604834944009781, "106": 0.15968041121959686, "107": 0.1588912457227707, "108": 0.15811553597450256, "109": 0.1573529690504074, "110": 0.15660327672958374, "111": 0.1558663696050644, "112": 0.15514147281646729, "113": 0.15442852675914764, "114": 0.1537267416715622, "115": 0.15303507447242737, "116": 0.15235331654548645, "117": 0.15168139338493347, "118": 0.15101879835128784, "119": 0.1503659188747406, "120": 0.14972133934497833, "121": 0.14908434450626373, "122": 0.14845404028892517, "123": 0.14783069491386414, "124": 0.14721278846263885, "125": 0.14659802615642548, "126": 0.14598360657691956, "127": 0.14536908268928528, "128": 0.1447490155696869, "129": 0.1441182792186737, "130": 0.14347554743289948, "131": 0.14282354712486267, "132": 0.14215898513793945, "133": 0.1414767950773239, "134": 0.14077036082744598, "135": 0.14003831148147583, "136": 0.13928279280662537, "137": 0.13851161301136017, "138": 0.13773265480995178, "139": 0.1369359940290451, "140": 0.136099711060524, "141": 0.13524237275123596, "142": 0.13434231281280518, "143": 0.133452370762825, "144": 0.13241975009441376, "145": 0.13127310574054718, "146": 0.13050790131092072, "147": 0.12967586517333984, "148": 0.1288325935602188, "149": 0.12796109914779663, "150": 0.12708431482315063, "151": 0.12620507180690765, "152": 0.1253364384174347, "153": 0.12447160482406616, "154": 0.12363804876804352, "155": 0.12281735241413116, "156": 0.12194406241178513, "157": 0.12108665704727173, "158": 0.12038948386907578, "159": 0.11968757957220078, "160": 0.11903320252895355, "161": 0.11832711100578308, "162": 0.11766505241394043, "163": 0.11697559058666229, "164": 0.11632326245307922, "165": 0.11565757542848587, "166": 0.11500732600688934, "167": 0.11435838788747787, "168": 0.11362258344888687, "169": 0.11295811831951141, "170": 0.11237107962369919, "171": 0.11179289221763611, "172": 0.11123937368392944, "173": 0.11065266281366348, "174": 0.11009493470191956, "175": 0.10951370745897293, "176": 0.10895885527133942, "177": 0.10838278383016586, "178": 0.10781712085008621, "179": 0.10724356770515442, "180": 0.10664911568164825, "181": 0.10611820220947266, "182": 0.1056167334318161, "183": 0.10513272881507874, "184": 0.104644775390625, "185": 0.10415834188461304, "186": 0.10366949439048767, "187": 0.10318572074174881, "188": 0.10268642008304596, "189": 0.10219072550535202, "190": 0.10168585926294327, "191": 0.10119201242923737, "192": 0.10066769272089005, "193": 0.10019791126251221, "194": 0.09974461793899536, "195": 0.09930145740509033, "196": 0.0988592654466629, "197": 0.09840912371873856, "198": 0.09796758741140366, "199": 0.09751236438751221, "200": 0.09706361591815948, "201": 0.09661823511123657, "202": 0.0961717814207077, "203": 0.09572719782590866, "204": 0.09528490900993347, "205": 0.09488458931446075, "206": 0.09449402242898941, "207": 0.09411276876926422, "208": 0.09372380375862122, "209": 0.09333352744579315, "210": 0.09295140206813812, "211": 0.09256583452224731, "212": 0.09217613935470581, "213": 0.09178462624549866, "214": 0.09137320518493652, "215": 0.09096858650445938, "216": 0.090582937002182, "217": 0.0902278795838356, "218": 0.08987951278686523, "219": 0.08953195065259933, "220": 0.08918397128582001, "221": 0.0888269767165184, "222": 0.08847521245479584, "223": 0.08812036365270615, "224": 0.08776505291461945, "225": 0.08742247521877289, "226": 0.08706388622522354, "227": 0.0867086723446846, "228": 0.08638616651296616, "229": 0.08609938621520996, "230": 0.08581900596618652, "231": 0.08552641421556473, "232": 0.08525049686431885, "233": 0.08495350182056427, "234": 0.08467181771993637, "235": 0.08438531309366226, "236": 0.08410493284463882, "237": 0.0838252529501915, "238": 0.08354506641626358, "239": 0.0832531675696373, "240": 0.08292774856090546, "241": 0.08268076181411743, "242": 0.08244724571704865, "243": 0.08220367878675461, "244": 0.08196963369846344, "245": 0.08171435445547104, "246": 0.08145961165428162, "247": 0.08120366930961609, "248": 0.08093906939029694, "249": 0.0806792750954628, "250": 0.0804142877459526, "251": 0.08012089133262634, "252": 0.07982216030359268, "253": 0.07959258556365967, "254": 0.07936336100101471, "255": 0.0791332870721817, "256": 0.07890766113996506, "257": 0.07866199314594269, "258": 0.0784086361527443, "259": 0.0781540721654892, "260": 0.07789786159992218, "261": 0.07764974236488342, "262": 0.07740190625190735, "263": 0.07714161276817322, "264": 0.07691843807697296, "265": 0.0767279863357544, "266": 0.07654603570699692, "267": 0.07634603977203369, "268": 0.07615542411804199, "269": 0.07594957947731018, "270": 0.07574586570262909, "271": 0.07554667443037033, "272": 0.07535985112190247, "273": 0.07518383115530014, "274": 0.07500269263982773, "275": 0.07483722269535065, "276": 0.07468166947364807, "277": 0.07454600185155869, "278": 0.07440745830535889, "279": 0.07425252348184586, "280": 0.07409175485372543, "281": 0.07393409311771393, "282": 0.07377862185239792, "283": 0.07362981885671616, "284": 0.07347740232944489, "285": 0.07332053780555725, "286": 0.07315779477357864, "287": 0.07301543653011322, "288": 0.072889544069767, "289": 0.07276634126901627, "290": 0.07264279574155807, "291": 0.07251238822937012,