{"0": 998.3068525791168, "1": -0.17195039987564087, "2": 0.003033280372619629, "3": 0.08039093017578125, "4": 0.07227873802185059, "5": 0.05328565835952759, "6": 0.04114574193954468, "7": 0.034596800804138184, "8": 0.029571890830993652, "9": 0.026054084300994873, "10": 0.022519171237945557, "11": 0.019974708557128906, "12": 0.017811834812164307, "13": 0.01586928963661194, "14": 0.014308780431747437, "15": 0.013033479452133179, "16": 0.01198604702949524, "17": 0.011110067367553711, "18": 0.010372072458267212, "19": 0.0097065269947052, "20": 0.009106993675231934, "21": 0.008530408143997192, "22": 0.00802147388458252, "23": 0.007558196783065796, "24": 0.00714227557182312, "25": 0.0067650675773620605, "26": 0.006415307521820068, "27": 0.006105542182922363, "28": 0.005816549062728882, "29": 0.005544066429138184, "30": 0.005305588245391846, "31": 0.005080074071884155, "32": 0.004871964454650879, "33": 0.004678785800933838, "34": 0.004497915506362915, "35": 0.004328548908233643, "36": 0.004167139530181885, "37": 0.004022270441055298, "38": 0.003881990909576416, "39": 0.0037531256675720215, "40": 0.0036296546459198, "41": 0.003513157367706299, "42": 0.0034028291702270508, "43": 0.003297850489616394, "44": 0.003198370337486267, "45": 0.003103598952293396, "46": 0.003014400601387024, "47": 0.0029287338256835938, "48": 0.002847239375114441, "49": 0.0027694106101989746, "50": 0.00269453227519989, "51": 0.0026223361492156982, "52": 0.0025536417961120605, "53": 0.0024872124195098877, "54": 0.002423390746116638, "55": 0.0023621469736099243, "56": 0.0023033618927001953, "57": 0.0022466182708740234, "58": 0.002191513776779175, "59": 0.0021400153636932373, "60": 0.0020901858806610107, "61": 0.002041161060333252, "62": 0.001993626356124878, "63": 0.0019475817680358887, "64": 0.0019034594297409058, "65": 0.0018604546785354614, "66": 0.0018188953399658203, "67": 0.0017791688442230225, "68": 0.0017408132553100586, "69": 0.001703113317489624, "70": 0.001666426658630371, "71": 0.0016309171915054321, "72": 0.0015965104103088379, "73": 0.0015631020069122314, "74": 0.0015307962894439697, "75": 0.0014994144439697266, "76": 0.001468956470489502, "77": 0.0014393627643585205, "78": 0.00141046941280365, "79": 0.0013824552297592163, "80": 0.0013553500175476074, "81": 0.0013290643692016602, "82": 0.0013035833835601807, "83": 0.0012792795896530151, "84": 0.0012546032667160034, "85": 0.001231163740158081, "86": 0.0012082606554031372, "87": 0.0011859536170959473, "88": 0.0011641383171081543, "89": 0.0011425614356994629, "90": 0.0011217296123504639, "91": 0.001101464033126831, "92": 0.0010818392038345337, "93": 0.0010627508163452148, "94": 0.0010446012020111084, "95": 0.001026347279548645, "96": 0.0010081976652145386, "97": 0.0009907335042953491, "98": 0.0009735524654388428, "99": 0.0009569078683853149, "100": 0.0009407997131347656, "101": 0.0009249448776245117, "102": 0.0009095519781112671, "103": 0.0008946061134338379, "104": 0.0008797496557235718, "105": 0.0008652210235595703, "106": 0.0008509904146194458, "107": 0.000836983323097229, "108": 0.00082358717918396, "109": 0.0008104443550109863, "110": 0.0007978677749633789, "111": 0.000785529613494873, "112": 0.0007735192775726318, "113": 0.000761672854423523, "114": 0.000750228762626648, "115": 0.0007392466068267822, "116": 0.0007284730672836304, "117": 0.0007184445858001709, "118": 0.0007085055112838745, "119": 0.0006987899541854858, "120": 0.0006900876760482788, "121": 0.0006817877292633057, "122": 0.0006739944219589233, "123": 0.0006665587425231934, "124": 0.0006593465805053711, "125": 0.0006532371044158936, "126": 0.0006472021341323853, "127": 0.0006413757801055908, "128": 0.000636368989944458, "129": 0.0006318539381027222, "130": 0.0006288439035415649, "131": 0.0006273388862609863, "132": 0.0006276518106460571, "133": 0.0006291195750236511, "134": 0.0006384029984474182, "135": 0.0006471648812294006, "136": 0.0006570443511009216, "137": 0.0006654039025306702, "138": 0.0006721317768096924, "139": 0.0006805285811424255, "140": 0.0006888285279273987, "141": 0.0006880462169647217, "142": 0.0006699040532112122, "143": 0.0006521344184875488, "144": 0.0006552115082740784, "145": 0.0006807446479797363, "146": 0.0006698369979858398, "147": 0.0007775202393531799, "148": 0.0008123666048049927, "149": 0.0006219148635864258, "150": 0.0006596893072128296, "151": 0.000674121081829071, "152": 0.000685863196849823, "153": 0.0006947219371795654, "154": 0.0007003471255302429, "155": 0.0006992965936660767, "156": 0.0006993487477302551, "157": 0.0006886497139930725, "158": 0.0006698295474052429, "159": 0.0007117167115211487, "160": 0.0009118244051933289, "161": 0.0005986914038658142, "162": 0.0006076768040657043, "163": 0.000583261251449585, "164": 0.0005934983491897583, "165": 0.00057230144739151, "166": 0.0005830749869346619, "167": 0.0005683153867721558, "168": 0.0005705952644348145, "169": 0.0005613863468170166, "170": 0.0005567818880081177, "171": 0.0005543902516365051, "172": 0.0005649328231811523, "173": 0.0006481409072875977, "174": 0.0005775615572929382, "175": 0.0005152970552444458, "176": 0.000509209930896759, "177": 0.0005058497190475464, "178": 0.0005014315247535706, "179": 0.00049542635679245, "180": 0.000493958592414856, "181": 0.0004904270172119141, "182": 0.000487305223941803, "183": 0.000491604208946228, "184": 0.000533759593963623, "185": 0.0005454644560813904, "186": 0.0004953816533088684, "187": 0.00045195966958999634, "188": 0.00044386833906173706, "189": 0.0004377439618110657, "190": 0.00043692439794540405, "191": 0.0004328116774559021, "192": 0.00043245404958724976, "193": 0.0004272535443305969, "194": 0.00042519718408584595, "195": 0.00043179094791412354, "196": 0.00048378854990005493, "197": 0.00046518445014953613, "198": 0.00042734295129776, "199": 0.00039967894554138184, "200": 0.0003930702805519104, "201": 0.0003848448395729065, "202": 0.0003853142261505127, "203": 0.0003803446888923645, "204": 0.0003844425082206726, "205": 0.00038189440965652466, "206": 0.0003842264413833618, "207": 0.00039587169885635376, "208": 0.00043611228466033936, "209": 0.0004043951630592346, "210": 0.00037676841020584106, "211": 0.0003540217876434326, "212": 0.0003507882356643677, "213": 0.000342540442943573, "214": 0.0003463923931121826, "215": 0.000338725745677948, "216": 0.00034449994564056396, "217": 0.0003380998969078064, "218": 0.00034077465534210205, "219": 0.0003496333956718445, "220": 0.0003819465637207031, "221": 0.00034737586975097656, "222": 0.00032942742109298706, "223": 0.0003062784671783447, "224": 0.00030668824911117554, "225": 0.0002970471978187561, "226": 0.00030369311571121216, "227": 0.0002947300672531128, "228": 0.00030463188886642456, "229": 0.000296078622341156, "230": 0.0003028884530067444, "231": 0.00031314045190811157, "232": 0.0003415048122406006, "233": 0.00031069666147232056, "234": 0.00029309093952178955, "235": 0.0002769455313682556, "236": 0.0002775713801383972, "237": 0.0002726614475250244, "238": 0.00028214603662490845, "239": 0.00027510523796081543, "240": 0.00028399378061294556, "241": 0.00027690082788467407, "242": 0.00028265267610549927, "243": 0.0002985522150993347, "244": 0.00030591338872909546, "245": 0.0002741888165473938, "246": 0.00026345252990722656, "247": 0.00024896860122680664, "248": 0.00025481730699539185, "249": 0.00024868547916412354, "250": 0.00026073306798934937, "251": 0.00025403499603271484, "252": 0.00025957077741622925, "253": 0.00025518983602523804, "254": 0.00025834888219833374, "255": 0.00027282536029815674, "256": 0.0002724975347518921, "257": 0.00023640692234039307, "258": 0.00022915005683898926, "259": 0.00021560490131378174, "260": 0.00022464245557785034, "261": 0.000217340886592865, "262": 0.0002334117889404297, "263": 0.00022926181554794312, "264": 0.0002367943525314331, "265": 0.00023349374532699585, "266": 0.0002389475703239441, "267": 0.00026116520166397095, "268": 0.00022679567337036133, "269": 0.00019489973783493042, "270": 0.00019297748804092407,