{"0": 998.3068525791168, "1": -0.12785375118255615, "2": 0.0032381415367126465, "3": 0.04019707441329956, "4": 0.03993868827819824, "5": 0.03465151786804199, "6": 0.029842019081115723, "7": 0.02613508701324463, "8": 0.02230989933013916, "9": 0.01983487606048584, "10": 0.017316162586212158, "11": 0.015515804290771484, "12": 0.013996124267578125, "13": 0.012520968914031982, "14": 0.011401534080505371, "15": 0.010422050952911377, "16": 0.009340047836303711, "17": 0.00881350040435791, "18": 0.008405566215515137, "19": 0.007937699556350708, "20": 0.007403373718261719, "21": 0.006949752569198608, "22": 0.006579220294952393, "23": 0.006262481212615967, "24": 0.0059320032596588135, "25": 0.005663663148880005, "26": 0.005392134189605713, "27": 0.005157798528671265, "28": 0.004949301481246948, "29": 0.004743814468383789, "30": 0.00453069806098938, "31": 0.0043440163135528564, "32": 0.004152476787567139, "33": 0.0039955973625183105, "34": 0.003865569829940796, "35": 0.0037313997745513916, "36": 0.003629833459854126, "37": 0.003519415855407715, "38": 0.0034024417400360107, "39": 0.003285616636276245, "40": 0.0031818747520446777, "41": 0.0030662119388580322, "42": 0.0029836297035217285, "43": 0.002891242504119873, "44": 0.0028060972690582275, "45": 0.002721160650253296, "46": 0.00264856219291687, "47": 0.002576112747192383, "48": 0.0024884939193725586, "49": 0.002428203821182251, "50": 0.0023572444915771484, "51": 0.002308368682861328, "52": 0.0022558271884918213, "53": 0.0022038519382476807, "54": 0.002152770757675171, "55": 0.002105802297592163, "56": 0.00205230712890625, "57": 0.002000361680984497, "58": 0.0019485950469970703, "59": 0.0018997490406036377, "60": 0.0018508732318878174, "61": 0.0018016397953033447, "62": 0.0017592906951904297, "63": 0.0017217695713043213, "64": 0.0016859769821166992, "65": 0.0016401708126068115, "66": 0.00159493088722229, "67": 0.0015632808208465576, "68": 0.0015295147895812988, "69": 0.0014896988868713379, "70": 0.0014574825763702393, "71": 0.0014244616031646729, "72": 0.0013922452926635742, "73": 0.0013608038425445557, "74": 0.0013301968574523926, "75": 0.0013052821159362793, "76": 0.0012836754322052002, "77": 0.0012598037719726562, "78": 0.001237630844116211, "79": 0.0012158751487731934, "80": 0.0011931657791137695, "81": 0.0011654496192932129, "82": 0.0011430978775024414, "83": 0.0011116862297058105, "84": 0.0010922253131866455, "85": 0.0010702908039093018, "86": 0.0010553300380706787, "87": 0.0010412633419036865, "88": 0.0010212063789367676, "89": 0.0010017156600952148, "90": 0.0009783506393432617, "91": 0.0009533166885375977, "92": 0.000930100679397583, "93": 0.0009090006351470947, "94": 0.0008827745914459229, "95": 0.0008645355701446533, "96": 0.0008487105369567871, "97": 0.0008381009101867676, "98": 0.0008224248886108398, "99": 0.000803142786026001, "100": 0.0007761120796203613, "101": 0.0007556378841400146, "102": 0.0007385611534118652, "103": 0.0007222890853881836, "104": 0.0007159113883972168, "105": 0.0007092058658599854, "106": 0.0007024705410003662, "107": 0.0006954669952392578, "108": 0.0006952285766601562, "109": 0.0006920695304870605, "110": 0.0006909966468811035, "111": 0.000697016716003418, "112": 0.0007149875164031982, "113": 0.0007492899894714355, "114": 0.0007815062999725342, "115": 0.0008119344711303711, "116": 0.0008437931537628174, "117": 0.0008722245693206787, "118": 0.0009176731109619141, "119": 0.0009562075138092041, "120": 0.0009843409061431885, "121": 0.001024097204208374, "122": 0.0010770559310913086, "123": 0.0011332929134368896, "124": 0.0011652708053588867, "125": 0.0011823475360870361, "126": 0.0012075603008270264, "127": 0.0012805461883544922, "128": 0.001044154167175293, "129": 0.001137077808380127, "130": 0.0012139678001403809, "131": 0.0011826753616333008, "132": 0.0012291669845581055, "133": 0.0012189745903015137, "134": 0.0011179745197296143, "135": 0.0010725557804107666, "136": 0.0010062158107757568, "137": 0.0010535120964050293, "138": 0.0011537373065948486, "139": 0.0010764002799987793, "140": 0.0009130239486694336, "141": 0.0009826719760894775, "142": 0.0010114610195159912, "143": 0.0010474026203155518, "144": 0.0010435879230499268, "145": 0.0009538382291793823, "146": 0.0009377747774124146, "147": 0.0009494274854660034, "148": 0.0009275227785110474, "149": 0.0008392781019210815, "150": 0.0008366703987121582, "151": 0.0007078051567077637, "152": 0.0007426440715789795, "153": 0.0007496178150177002, "154": 0.0008134692907333374, "155": 0.0007618814706802368, "156": 0.000836297869682312, "157": 0.0008359849452972412, "158": 0.0008042901754379272, "159": 0.0007879883050918579, "160": 0.0008570700883865356, "161": 0.0007557719945907593, "162": 0.0007151961326599121, "163": 0.0007089972496032715, "164": 0.0007423311471939087, "165": 0.0007339268922805786, "166": 0.0006627440452575684, "167": 0.0006632357835769653, "168": 0.0006415396928787231, "169": 0.0006266236305236816, "170": 0.0006076395511627197, "171": 0.000586092472076416, "172": 0.0005731284618377686, "173": 0.0005151033401489258, "174": 0.0005811452865600586, "175": 0.0005591809749603271, "176": 0.0006008446216583252, "177": 0.0005601346492767334, "178": 0.0005929470062255859, "179": 0.0005250871181488037, "180": 0.0005196034908294678, "181": 0.0005004405975341797, "182": 0.0004988014698028564, "183": 0.0004684925079345703, "184": 0.00041021406650543213, "185": 0.00044451653957366943, "186": 0.0004420429468154907, "187": 0.000507161021232605, "188": 0.0004437863826751709, "189": 0.0004290342330932617, "190": 0.000462949275970459, "191": 0.00038205087184906006, "192": 0.000363081693649292, "193": 0.00035928189754486084, "194": 0.00038008391857147217, "195": 0.0003497600555419922, "196": 0.00040380656719207764, "197": 0.00035193562507629395, "198": 0.0003603249788284302, "199": 0.0003115236759185791, "200": 0.00028364360332489014, "201": 0.0002753734588623047, "202": 0.00032654404640197754, "203": 0.000326305627822876, "204": 0.0003860592842102051, "205": 0.00039714574813842773, "206": 0.000473707914352417, "207": 0.0003949403762817383, "208": 0.00033208727836608887, "209": 0.00033520162105560303, "210": 0.0003558844327926636, "211": 0.0003996342420578003, "212": 0.0004052668809890747, "213": 0.0004191547632217407, "214": 0.00041960179805755615, "215": 0.0003782510757446289, "216": 0.0004381239414215088, "217": 0.0004874765872955322, "218": 0.0004640817642211914, "219": 0.0002605020999908447, "220": 0.0003482997417449951, "221": 0.00035443902015686035, "222": 0.0004310905933380127, "223": 0.0004056394100189209, "224": 0.0004159659147262573, "225": 0.000533565878868103, "226": 0.0004650801420211792, "227": 0.0004765838384628296, "228": 0.0004982054233551025, "229": 0.0006153285503387451, "230": 0.0003536641597747803, "231": 0.0002605915069580078, "232": 0.0003256797790527344, "233": 0.00031182169914245605, "234": 0.0006810128688812256, "235": 0.0003546476364135742, "236": 0.0003571808338165283, "237": 0.0002288222312927246, "238": 0.00027680397033691406, "239": 0.0002422630786895752, "240": 0.00027573108673095703, "241": 0.0002550184726715088, "242": 0.0002785027027130127, "243": 0.00029331445693969727, "244": 0.000311434268951416, "245": 0.00030378997325897217, "246": 0.00030849874019622803, "247": 0.00023777782917022705, "248": 0.00020740926265716553, "249": 0.00023581087589263916, "250": 0.00022654235363006592, "251": 0.00022454559803009033, "252": 0.00019820034503936768, "253": 0.000238075852394104, "254": 0.00011821091175079346, "255": 0.00015121698379516602, "256": 0.00013196468353271484, "257": 0.00013744831085205078, "258": 0.00013330578804016113, "259": 0.00012797117233276367, "260": 0.00011052191257476807, "261": 9.614229202270508e-05, "262": 0.00011327862739562988, "263": 7.02589750289917e-05, "264": 6.35385513305664e-05, "265": 7.463991641998291e-05, "266": 9.156763553619385e-05, "267": 0.00010918080806732178, "268": 5.510449409484863e-05, "269": 5.619227886199951e-05, "270": 4.839897155761719e-05,