{"0": 998.3068525791168, "1": -0.1797095537185669, "2": 0.0027829408645629883, "3": 0.07598930597305298, "4": 0.06416523456573486, "5": 0.045150578022003174, "6": 0.03440636396408081, "7": 0.028171896934509277, "8": 0.024181902408599854, "9": 0.02131718397140503, "10": 0.019337356090545654, "11": 0.017347335815429688, "12": 0.015726923942565918, "13": 0.014225542545318604, "14": 0.013061195611953735, "15": 0.012046575546264648, "16": 0.011193901300430298, "17": 0.010410487651824951, "18": 0.009737640619277954, "19": 0.00924798846244812, "20": 0.008712947368621826, "21": 0.008267581462860107, "22": 0.007817268371582031, "23": 0.007386952638626099, "24": 0.007008165121078491, "25": 0.00666576623916626, "26": 0.006340503692626953, "27": 0.00606498122215271, "28": 0.00577738881111145, "29": 0.005529165267944336, "30": 0.005297422409057617, "31": 0.005076348781585693, "32": 0.004868805408477783, "33": 0.004677325487136841, "34": 0.004498213529586792, "35": 0.004323422908782959, "36": 0.004177004098892212, "37": 0.00402754545211792, "38": 0.003895401954650879, "39": 0.0037655234336853027, "40": 0.0036415159702301025, "41": 0.0035327672958374023, "42": 0.0034230053424835205, "43": 0.003323107957839966, "44": 0.0032258033752441406, "45": 0.0031327903270721436, "46": 0.003045022487640381, "47": 0.0029605627059936523, "48": 0.0028829574584960938, "49": 0.002804309129714966, "50": 0.0027326643466949463, "51": 0.00266110897064209, "52": 0.0025933682918548584, "53": 0.0025275349617004395, "54": 0.0024646222591400146, "55": 0.00240480899810791, "56": 0.0023464560508728027, "57": 0.002290010452270508, "58": 0.0022338032722473145, "59": 0.002179741859436035, "60": 0.0021258294582366943, "61": 0.0020746588706970215, "62": 0.002024918794631958, "63": 0.001976519823074341, "64": 0.0019295215606689453, "65": 0.0018850862979888916, "66": 0.0018413066864013672, "67": 0.001799076795578003, "68": 0.0017582476139068604, "69": 0.001719146966934204, "70": 0.0016805827617645264, "71": 0.0016429424285888672, "72": 0.001606866717338562, "73": 0.0015710294246673584, "74": 0.0015380829572677612, "75": 0.001505821943283081, "76": 0.0014744699001312256, "77": 0.0014442801475524902, "78": 0.0014156699180603027, "79": 0.0013876110315322876, "80": 0.001362234354019165, "81": 0.0013370513916015625, "82": 0.001311466097831726, "83": 0.0012863874435424805, "84": 0.0012629181146621704, "85": 0.0012422353029251099, "86": 0.0012212395668029785, "87": 0.0012007057666778564, "88": 0.0011807680130004883, "89": 0.0011631250381469727, "90": 0.0011495202779769897, "91": 0.0011354684829711914, "92": 0.0011219829320907593, "93": 0.0011077970266342163, "94": 0.0010968297719955444, "95": 0.0010859966278076172, "96": 0.0010757595300674438, "97": 0.0010665357112884521, "98": 0.0010586380958557129, "99": 0.0010545700788497925, "100": 0.0010523945093154907, "101": 0.001058429479598999, "102": 0.001068413257598877, "103": 0.0010952651500701904, "104": 0.0011497437953948975, "105": 0.0012175589799880981, "106": 0.0013010650873184204, "107": 0.0013774484395980835, "108": 0.0014539510011672974, "109": 0.0015147626399993896, "110": 0.0016668438911437988, "111": 0.0017990469932556152, "112": 0.001832917332649231, "113": 0.0020054131746292114, "114": 0.0022699087858200073, "115": 0.0014691650867462158, "116": 0.0016574263572692871, "117": 0.0017544180154800415, "118": 0.0018490254878997803, "119": 0.0019294023513793945, "120": 0.0019512027502059937, "121": 0.00192318856716156, "122": 0.0019008815288543701, "123": 0.0018475651741027832, "124": 0.0017803609371185303, "125": 0.0019376426935195923, "126": 0.0014237314462661743, "127": 0.001358911395072937, "128": 0.0014664679765701294, "129": 0.001360386610031128, "130": 0.0013980865478515625, "131": 0.0013685524463653564, "132": 0.001365169882774353, "133": 0.001371532678604126, "134": 0.001385912299156189, "135": 0.0013651549816131592, "136": 0.0015490204095840454, "137": 0.001261591911315918, "138": 0.0013056397438049316, "139": 0.001325950026512146, "140": 0.0012629330158233643, "141": 0.0012924671173095703, "142": 0.0012739300727844238, "143": 0.0012592077255249023, "144": 0.0012488216161727905, "145": 0.0012446492910385132, "146": 0.0012616217136383057, "147": 0.001275375485420227, "148": 0.001658603549003601, "149": 0.0011545270681381226, "150": 0.001142352819442749, "151": 0.0011345446109771729, "152": 0.0010758042335510254, "153": 0.0011478662490844727, "154": 0.001059412956237793, "155": 0.0011366605758666992, "156": 0.0010562241077423096, "157": 0.0010824203491210938, "158": 0.0011392980813980103, "159": 0.0011863559484481812, "160": 0.0010507702827453613, "161": 0.0009848624467849731, "162": 0.0009600073099136353, "163": 0.0009531974792480469, "164": 0.0009191334247589111, "165": 0.000979602336883545, "166": 0.000894203782081604, "167": 0.0009102746844291687, "168": 0.0008963420987129211, "169": 0.0009310543537139893, "170": 0.0009520277380943298, "171": 0.0009000152349472046, "172": 0.0008985772728919983, "173": 0.0008432194590568542, "174": 0.0008488819003105164, "175": 0.0008084028959274292, "176": 0.0008238479495048523, "177": 0.0008129552006721497, "178": 0.0008009821176528931, "179": 0.0007999539375305176, "180": 0.0007983669638633728, "181": 0.0007968619465827942, "182": 0.0007969588041305542, "183": 0.0007656365633010864, "184": 0.0007694438099861145, "185": 0.0007515326142311096, "186": 0.0007317513227462769, "187": 0.0007115080952644348, "188": 0.000693105161190033, "189": 0.0006969869136810303, "190": 0.0006839483976364136, "191": 0.0006904304027557373, "192": 0.000672660768032074, "193": 0.0006994083523750305, "194": 0.0006607919931411743, "195": 0.0006474778056144714, "196": 0.0006438866257667542, "197": 0.0006276369094848633, "198": 0.0006329864263534546, "199": 0.0006070658564567566, "200": 0.0006087496876716614, "201": 0.0005954504013061523, "202": 0.0006060972809791565, "203": 0.0005894973874092102, "204": 0.0006022006273269653, "205": 0.0005866140127182007, "206": 0.00057239830493927, "207": 0.0005677714943885803, "208": 0.0005615204572677612, "209": 0.0005495473742485046, "210": 0.0005455166101455688, "211": 0.0005299746990203857, "212": 0.000534743070602417, "213": 0.0005280673503875732, "214": 0.0005326718091964722, "215": 0.0005322098731994629, "216": 0.0005315765738487244, "217": 0.0005047693848609924, "218": 0.0005129873752593994, "219": 0.0004878044128417969, "220": 0.000509992241859436, "221": 0.0004883855581283569, "222": 0.0004984214901924133, "223": 0.0004795640707015991, "224": 0.000479966402053833, "225": 0.00046624988317489624, "226": 0.00047278404235839844, "227": 0.0004590526223182678, "228": 0.00044529885053634644, "229": 0.00043182075023651123, "230": 0.00043438374996185303, "231": 0.00044036656618118286, "232": 0.0004224255681037903, "233": 0.00042109936475753784, "234": 0.00041615962982177734, "235": 0.00040524452924728394, "236": 0.00041240453720092773, "237": 0.0004014521837234497, "238": 0.00041025876998901367, "239": 0.0003985390067100525, "240": 0.00038436800241470337, "241": 0.0003650486469268799, "242": 0.0003703460097312927, "243": 0.0003584325313568115, "244": 0.0003654584288597107, "245": 0.00034540146589279175, "246": 0.0003458783030509949, "247": 0.00034224241971969604, "248": 0.0003509595990180969, "249": 0.0003239065408706665, "250": 0.0003436058759689331, "251": 0.00032861530780792236, "252": 0.0003338754177093506, "253": 0.00032220780849456787, "254": 0.0003138035535812378, "255": 0.00030631572008132935, "256": 0.00030306726694107056, "257": 0.00029997527599334717, "258": 0.0002921298146247864, "259": 0.00030300766229629517, "260": 0.00029087066650390625, "261": 0.00029408931732177734, "262": 0.0002914518117904663, "263": 0.00027740001678466797, "264": 0.0002881959080696106, "265": 0.00025881826877593994, "266": 0.00028223544359207153, "267": 0.0002665296196937561, "268": 0.0002770647406578064, "269": 0.000252455472946167, "270": 0.000252358615398407, "271": 0.0002429559826850891,