{"0": 998.3068525791168, "1": -0.15588343143463135, "2": 0.0032995939254760742, "3": 0.051584064960479736, "4": 0.04693835973739624, "5": 0.0373990535736084, "6": 0.030410826206207275, "7": 0.025406599044799805, "8": 0.02112412452697754, "9": 0.01788109540939331, "10": 0.015493035316467285, "11": 0.01360863447189331, "12": 0.011869311332702637, "13": 0.010683298110961914, "14": 0.009819388389587402, "15": 0.008961677551269531, "16": 0.008235394954681396, "17": 0.007489442825317383, "18": 0.006935238838195801, "19": 0.006573677062988281, "20": 0.006156206130981445, "21": 0.005849659442901611, "22": 0.005529999732971191, "23": 0.0052681565284729, "24": 0.004991084337234497, "25": 0.004817336797714233, "26": 0.004604756832122803, "27": 0.004360854625701904, "28": 0.004170089960098267, "29": 0.004051893949508667, "30": 0.0038514435291290283, "31": 0.0036776363849639893, "32": 0.0035451650619506836, "33": 0.003414452075958252, "34": 0.0033162832260131836, "35": 0.0032379329204559326, "36": 0.003126084804534912, "37": 0.0030212700366973877, "38": 0.002927929162979126, "39": 0.0028448104858398438, "40": 0.002758890390396118, "41": 0.0026762783527374268, "42": 0.002623647451400757, "43": 0.0025570690631866455, "44": 0.002505958080291748, "45": 0.0024472475051879883, "46": 0.0023910105228424072, "47": 0.002319544553756714, "48": 0.00231364369392395, "49": 0.00222933292388916, "50": 0.002222806215286255, "51": 0.0021757185459136963, "52": 0.00212937593460083, "53": 0.002086639404296875, "54": 0.0020388364791870117, "55": 0.001995652914047241, "56": 0.0019561946392059326, "57": 0.0019426941871643066, "58": 0.0019027292728424072, "59": 0.001849830150604248, "60": 0.0018223226070404053, "61": 0.0017816126346588135, "62": 0.001748800277709961, "63": 0.0017261207103729248, "64": 0.001689910888671875, "65": 0.001667320728302002, "66": 0.0016366541385650635, "67": 0.0016079246997833252, "68": 0.0015719830989837646, "69": 0.001552194356918335, "70": 0.001533806324005127, "71": 0.001502901315689087, "72": 0.0014885962009429932, "73": 0.0014560520648956299, "74": 0.001447916030883789, "75": 0.00142708420753479, "76": 0.0014153122901916504, "77": 0.0013898909091949463, "78": 0.0013673603534698486, "79": 0.0013653934001922607, "80": 0.001362830400466919, "81": 0.0013573765754699707, "82": 0.001329660415649414, "83": 0.0013138055801391602, "84": 0.001298755407333374, "85": 0.0012806057929992676, "86": 0.0012679696083068848, "87": 0.0012552142143249512, "88": 0.0012530386447906494, "89": 0.0012425780296325684, "90": 0.0012263059616088867, "91": 0.0012086033821105957, "92": 0.0012083351612091064, "93": 0.001207590103149414, "94": 0.001198798418045044, "95": 0.0011907219886779785, "96": 0.0011706054210662842, "97": 0.0011487901210784912, "98": 0.0011333227157592773, "99": 0.0011134445667266846, "100": 0.0010966956615447998, "101": 0.0010826587677001953, "102": 0.001076042652130127, "103": 0.0010606646537780762, "104": 0.0010423064231872559, "105": 0.0010414719581604004, "106": 0.0010738372802734375, "107": 0.00111466646194458, "108": 0.0011685490608215332, "109": 0.0012064576148986816, "110": 0.0012534856796264648, "111": 0.0013334155082702637, "112": 0.0015335679054260254, "113": 0.0017603933811187744, "114": 0.0019097626209259033, "115": 0.0019099116325378418, "116": 0.001672208309173584, "117": 0.0016041994094848633, "118": 0.0016423463821411133, "119": 0.0016669631004333496, "120": 0.0015711188316345215, "121": 0.0014491379261016846, "122": 0.001609116792678833, "123": 0.0015738308429718018, "124": 0.0014228224754333496, "125": 0.0014888942241668701, "126": 0.0014156103134155273, "127": 0.001406639814376831, "128": 0.0014471113681793213, "129": 0.0013734698295593262, "130": 0.0014306604862213135, "131": 0.0010526776313781738, "132": 0.0011754930019378662, "133": 0.0012340545654296875, "134": 0.0011737048625946045, "135": 0.0010929107666015625, "136": 0.0010786354541778564, "137": 0.001087576150894165, "138": 0.0011298954486846924, "139": 0.001018226146697998, "140": 0.0011126995086669922, "141": 0.001035064458847046, "142": 0.0010007917881011963, "143": 0.0009070038795471191, "144": 0.0008428990840911865, "145": 0.0007835924625396729, "146": 0.0008032917976379395, "147": 0.0007531642913818359, "148": 0.0007156431674957275, "149": 0.0008099973201751709, "150": 0.0007987022399902344, "151": 0.0007337331771850586, "152": 0.0006833076477050781, "153": 0.0005468130111694336, "154": 0.0005368292331695557, "155": 0.00046119093894958496, "156": 0.0005557239055633545, "157": 0.0005284249782562256, "158": 0.0005623698234558105, "159": 0.0004628300666809082, "160": 0.0004887580871582031, "161": 0.0004488229751586914, "162": 0.0004609823226928711, "163": 0.00044104456901550293, "164": 0.00046694278717041016, "165": 0.0004397928714752197, "166": 0.0004451274871826172, "167": 0.0004735291004180908, "168": 0.00048783421516418457, "169": 0.0005022883415222168, "170": 0.00047719478607177734, "171": 0.0003979802131652832, "172": 0.00046634674072265625, "173": 0.0004938244819641113, "174": 0.0005143284797668457, "175": 0.0005127191543579102, "176": 0.0005368888378143311, "177": 0.0004744231700897217, "178": 0.0005203187465667725, "179": 0.0005034506320953369, "180": 0.0004754066467285156, "181": 0.0004527568817138672, "182": 0.0004406571388244629, "183": 0.0004144906997680664, "184": 0.0004950165748596191, "185": 0.0005202889442443848, "186": 0.0004917383193969727, "187": 0.00044098496437072754, "188": 0.0004909634590148926, "189": 0.0004900246858596802, "190": 0.000492587685585022, "191": 0.00040161609649658203, "192": 0.0003886222839355469, "193": 0.0004127919673919678, "194": 0.00037682056427001953, "195": 0.0004813075065612793, "196": 0.0004632323980331421, "197": 0.0003619194030761719, "198": 0.0003660470247268677, "199": 0.0003686845302581787, "200": 0.00044086575508117676, "201": 0.0003949850797653198, "202": 0.00039227306842803955, "203": 0.0003775060176849365, "204": 0.0003789961338043213, "205": 0.0003319978713989258, "206": 0.00030919909477233887, "207": 0.00034655630588531494, "208": 0.00039267539978027344, "209": 0.0003811568021774292, "210": 0.00039502978324890137, "211": 0.0003895610570907593, "212": 0.0003816932439804077, "213": 0.000362396240234375, "214": 0.0003151893615722656, "215": 0.00026829540729522705, "216": 0.00022807717323303223, "217": 0.00022564828395843506, "218": 0.0002979785203933716, "219": 0.0002786964178085327, "220": 0.0001998692750930786, "221": 0.000288546085357666, "222": 0.000189855694770813, "223": 0.0001927018165588379, "224": 0.00021047890186309814, "225": 0.0002598315477371216, "226": 0.0002447366714477539, "227": 0.00021864473819732666, "228": 0.00020171701908111572, "229": 0.00020381808280944824, "230": 0.0002091825008392334, "231": 0.0002009868621826172, "232": 0.0002326667308807373, "233": 0.00024016201496124268, "234": 0.0002482682466506958, "235": 0.00026416778564453125, "236": 0.00021207332611083984, "237": 0.00020731985569000244, "238": 0.00022490322589874268, "239": 0.0002019256353378296, "240": 0.0002802908420562744, "241": 0.00017789006233215332, "242": 0.00017611682415008545, "243": 0.00019672513008117676, "244": 0.00019925832748413086, "245": 0.00017204880714416504, "246": 0.00010351836681365967, "247": 0.00013653934001922607, "248": 0.0001131296157836914, "249": 0.00010040402412414551, "250": 9.444355964660645e-05, "251": 9.642541408538818e-05, "252": 8.675456047058105e-05, "253": 7.718801498413086e-05, "254": 7.249414920806885e-05, "255": 7.82310962677002e-05, "256": 9.503960609436035e-05, "257": 9.861588478088379e-05, "258": 9.97781753540039e-05, "259": 0.00010704994201660156, "260": 9.140372276306152e-05, "261": 9.512901306152344e-05, "262": 0.0001586824655532837, "263": 9.879469871520996e-05, "264": 9.521842002868652e-05, "265": 0.00010110437870025635, "266": 9.483098983764648e-05, "267": 0.00010050833225250244, "268": 9.356439113616943e-05, "269": 0.00011461973190307617, "270": 8.991360664367676e-05,