{"0": 0.6931474208831787, "1": 0.7263332009315491, "2": 0.7246708273887634, "3": 0.5675569772720337, "4": 0.5048264265060425, "5": 0.4793946146965027, "6": 0.46243971586227417, "7": 0.44870394468307495, "8": 0.43721815943717957, "9": 0.42732349038124084, "10": 0.41864025592803955, "11": 0.4109913408756256, "12": 0.4041799306869507, "13": 0.3979697823524475, "14": 0.39236515760421753, "15": 0.38719046115875244, "16": 0.3823860287666321, "17": 0.37792423367500305, "18": 0.3737621605396271, "19": 0.3698616921901703, "20": 0.3661899268627167, "21": 0.3627426028251648, "22": 0.3594760000705719, "23": 0.3563763499259949, "24": 0.35342690348625183, "25": 0.35061508417129517, "26": 0.34792011976242065, "27": 0.34535112977027893, "28": 0.3428817391395569, "29": 0.34051474928855896, "30": 0.33824217319488525, "31": 0.33606287837028503, "32": 0.33396533131599426, "33": 0.3319372534751892, "34": 0.3299839496612549, "35": 0.3280982971191406, "36": 0.3262678384780884, "37": 0.3245009481906891, "38": 0.32277458906173706, "39": 0.3210977017879486, "40": 0.3194732666015625, "41": 0.3178994357585907, "42": 0.3163645267486572, "43": 0.31486645340919495, "44": 0.3134068548679352, "45": 0.3120034337043762, "46": 0.31061163544654846, "47": 0.3092494606971741, "48": 0.30792656540870667, "49": 0.3066340982913971, "50": 0.30537348985671997, "51": 0.304142564535141, "52": 0.30293238162994385, "53": 0.301753431558609, "54": 0.3005983233451843, "55": 0.2994672358036041, "56": 0.2983497679233551, "57": 0.29725900292396545, "58": 0.29619070887565613, "59": 0.29514914751052856, "60": 0.29413050413131714, "61": 0.29313355684280396, "62": 0.292160302400589, "63": 0.29120633006095886, "64": 0.2902718782424927, "65": 0.28935399651527405, "66": 0.288456529378891, "67": 0.28757405281066895, "68": 0.28670650720596313, "69": 0.28584983944892883, "70": 0.2850082218647003, "71": 0.28418296575546265, "72": 0.2833738625049591, "73": 0.28257936239242554, "74": 0.2818010449409485, "75": 0.2810390591621399, "76": 0.2802879810333252, "77": 0.2795450687408447, "78": 0.2788096070289612, "79": 0.27808523178100586, "80": 0.2773747444152832, "81": 0.2766725420951843, "82": 0.27598312497138977, "83": 0.27530622482299805, "84": 0.27464285492897034, "85": 0.27398964762687683, "86": 0.27334633469581604, "87": 0.2727124094963074, "88": 0.2720881998538971, "89": 0.27147427201271057, "90": 0.27086737751960754, "91": 0.2702680826187134, "92": 0.26967641711235046, "93": 0.2690948247909546, "94": 0.26852208375930786, "95": 0.2679586708545685, "96": 0.26740384101867676, "97": 0.2668558955192566, "98": 0.26631271839141846, "99": 0.26577359437942505, "100": 0.26523977518081665, "101": 0.2647109031677246, "102": 0.2641846835613251, "103": 0.263664573431015, "104": 0.2631494402885437, "105": 0.2626357972621918, "106": 0.26212286949157715, "107": 0.26161035895347595, "108": 0.26109135150909424, "109": 0.26056620478630066, "110": 0.26003241539001465, "111": 0.2594814598560333, "112": 0.2588951885700226, "113": 0.25827541947364807, "114": 0.2576119899749756, "115": 0.25688064098358154, "116": 0.2560616433620453, "117": 0.2551134526729584, "118": 0.2537364959716797, "119": 0.252172589302063, "120": 0.250506192445755, "121": 0.24898740649223328, "122": 0.24717965722084045, "123": 0.24556352198123932, "124": 0.2438308596611023, "125": 0.24235810339450836, "126": 0.2409130483865738, "127": 0.23946259915828705, "128": 0.23824448883533478, "129": 0.2367381602525711, "130": 0.2354748696088791, "131": 0.2339530736207962, "132": 0.23275981843471527, "133": 0.23149454593658447, "134": 0.23039333522319794, "135": 0.22938770055770874, "136": 0.22826895117759705, "137": 0.22710318863391876, "138": 0.2260560542345047, "139": 0.22517606616020203, "140": 0.22406820952892303, "141": 0.22276560962200165, "142": 0.2217787355184555, "143": 0.22090519964694977, "144": 0.21977545320987701, "145": 0.21887175738811493, "146": 0.21802778542041779, "147": 0.21719996631145477, "148": 0.21614861488342285, "149": 0.21529611945152283, "150": 0.21457043290138245, "151": 0.2135622203350067, "152": 0.212770476937294, "153": 0.2120165228843689, "154": 0.21120290458202362, "155": 0.21021640300750732, "156": 0.20937052369117737, "157": 0.20863530039787292, "158": 0.20782127976417542, "159": 0.20692451298236847, "160": 0.20613455772399902, "161": 0.20543791353702545, "162": 0.20457492768764496, "163": 0.2038581371307373, "164": 0.20314623415470123, "165": 0.20250177383422852, "166": 0.20190837979316711, "167": 0.20107531547546387, "168": 0.20046734809875488, "169": 0.1999140977859497, "170": 0.1990830898284912, "171": 0.19853205978870392, "172": 0.1980070322751999, "173": 0.1973724067211151, "174": 0.19685429334640503, "175": 0.1963452696800232, "176": 0.1955498456954956, "177": 0.1950465738773346, "178": 0.19454316794872284, "179": 0.19384613633155823, "180": 0.1933581829071045, "181": 0.19287189841270447, "182": 0.19233088195323944, "183": 0.19183658063411713, "184": 0.191355362534523, "185": 0.19087527692317963, "186": 0.19039905071258545, "187": 0.189803346991539, "188": 0.18935540318489075, "189": 0.18890854716300964, "190": 0.18846789002418518, "191": 0.18801748752593994, "192": 0.18758265674114227, "193": 0.18713998794555664, "194": 0.1867075115442276, "195": 0.18615436553955078, "196": 0.18572869896888733, "197": 0.18530458211898804, "198": 0.18489378690719604, "199": 0.1844906061887741, "200": 0.18410031497478485, "201": 0.1836974024772644, "202": 0.18329893052577972, "203": 0.18279018998146057, "204": 0.18241539597511292, "205": 0.18203911185264587, "206": 0.18168002367019653, "207": 0.18132400512695312, "208": 0.18095965683460236, "209": 0.18063029646873474, "210": 0.18029770255088806, "211": 0.17996442317962646, "212": 0.17963744699954987, "213": 0.17930831015110016, "214": 0.17897620797157288, "215": 0.1786629557609558, "216": 0.1783406138420105, "217": 0.17803187668323517, "218": 0.17770855128765106, "219": 0.17740146815776825, "220": 0.17710182070732117, "221": 0.1768156886100769, "222": 0.17638954520225525, "223": 0.1760985255241394, "224": 0.1758018136024475, "225": 0.17548507452011108, "226": 0.1751946657896042, "227": 0.1749025583267212, "228": 0.17459991574287415, "229": 0.17431440949440002, "230": 0.17403505742549896, "231": 0.17370769381523132, "232": 0.17343589663505554, "233": 0.17316079139709473, "234": 0.1728707253932953, "235": 0.17260006070137024, "236": 0.17233195900917053, "237": 0.17206743359565735, "238": 0.17175671458244324, "239": 0.17149531841278076, "240": 0.17123839259147644, "241": 0.17098909616470337, "242": 0.17073576152324677, "243": 0.17048871517181396, "244": 0.17016640305519104, "245": 0.16992038488388062, "246": 0.16967128217220306, "247": 0.16941556334495544, "248": 0.16917955875396729, "249": 0.16894672811031342, "250": 0.16871437430381775, "251": 0.1684889793395996, "252": 0.16826674342155457, "253": 0.16803936660289764, "254": 0.16782048344612122, "255": 0.1676076352596283, "256": 0.16740363836288452, "257": 0.16720333695411682, "258": 0.16700497269630432, "259": 0.1667417585849762, "260": 0.16655346751213074, "261": 0.16636614501476288, "262": 0.16617831587791443, "263": 0.16599467396736145, "264": 0.16579870879650116, "265": 0.16561783850193024, "266": 0.16543957591056824, "267": 0.1652546525001526, "268": 0.1650833785533905, "269": 0.16491417586803436, "270": 0.16474169492721558, "271": 0.1645697057247162, "272": 0.1642935872077942, "273": 0.1641184687614441, "274": 0.16394487023353577, "275": 0.16376149654388428, "276": 0.16357824206352234, "277": 0.1633523851633072, "278": 0.1632002294063568, "279": 0.16304811835289001, "280": 0.1628509908914566, "281": 0.1627068668603897, "282": 0.16256028413772583, "283": 0.16241198778152466, "284": 0.16226869821548462, "285": 0.16212758421897888, "286": 0.16198384761810303, "287": 0.16184519231319427, "288": 0.16171082854270935, "289": 0.1615816354751587, "290": 0.16144979000091553, "291": 0.16132637858390808, "292": 0.16119484603405, "293": 0.16107462346553802,