{"0": 998.3068525791168, "1": -0.03318578004837036, "2": 0.0016623735427856445, "3": 0.15711385011672974, "4": 0.06273055076599121, "5": 0.025431811809539795, "6": 0.016954898834228516, "7": 0.013735771179199219, "8": 0.011485785245895386, "9": 0.00989466905593872, "10": 0.008683234453201294, "11": 0.00764891505241394, "12": 0.006811410188674927, "13": 0.006210148334503174, "14": 0.0056046247482299805, "15": 0.005174696445465088, "16": 0.004804432392120361, "17": 0.004461795091629028, "18": 0.0041620731353759766, "19": 0.003900468349456787, "20": 0.0036717653274536133, "21": 0.00344732403755188, "22": 0.0032666027545928955, "23": 0.0030996501445770264, "24": 0.002949446439743042, "25": 0.002811819314956665, "26": 0.0026949644088745117, "27": 0.0025689899921417236, "28": 0.002469390630722046, "29": 0.002366989850997925, "30": 0.002272576093673706, "31": 0.0021792948246002197, "32": 0.0020975470542907715, "33": 0.0020280778408050537, "34": 0.001953303813934326, "35": 0.0018856525421142578, "36": 0.001830458641052246, "37": 0.001766890287399292, "38": 0.0017263591289520264, "39": 0.0016768872737884521, "40": 0.0016244351863861084, "41": 0.0015738308429718018, "42": 0.0015349090099334717, "43": 0.0014980733394622803, "44": 0.0014595985412597656, "45": 0.00140342116355896, "46": 0.0013917982578277588, "47": 0.0013621747493743896, "48": 0.0013228952884674072, "49": 0.0012924671173095703, "50": 0.001260608434677124, "51": 0.0012309253215789795, "52": 0.0012101829051971436, "53": 0.0011789500713348389, "54": 0.0011551082134246826, "55": 0.0011310875415802002, "56": 0.0011174678802490234, "57": 0.0010907649993896484, "58": 0.0010682940483093262, "59": 0.0010415613651275635, "60": 0.0010186433792114258, "61": 0.0009969472885131836, "62": 0.0009732544422149658, "63": 0.000953972339630127, "64": 0.0009344518184661865, "65": 0.0009178817272186279, "66": 0.0008974671363830566, "67": 0.0008824765682220459, "68": 0.0008675456047058105, "69": 0.0008566677570343018, "70": 0.0008416175842285156, "71": 0.0008252561092376709, "72": 0.00080910325050354, "73": 0.0007945001125335693, "74": 0.0007783174514770508, "75": 0.0007619857788085938, "76": 0.0007510781288146973, "77": 0.0007429122924804688, "78": 0.0007354617118835449, "79": 0.0007243752479553223, "80": 0.0007104873657226562, "81": 0.000702202320098877, "82": 0.0006894171237945557, "83": 0.0006769001483917236, "84": 0.00066336989402771, "85": 0.0006532073020935059, "86": 0.000643312931060791, "87": 0.000633925199508667, "88": 0.0006242096424102783, "89": 0.0006139278411865234, "90": 0.0006068944931030273, "91": 0.000599294900894165, "92": 0.000591665506362915, "93": 0.000581592321395874, "94": 0.0005727410316467285, "95": 0.0005634129047393799, "96": 0.0005548298358917236, "97": 0.000547945499420166, "98": 0.0005431771278381348, "99": 0.0005391240119934082, "100": 0.0005338191986083984, "101": 0.000528872013092041, "102": 0.0005262196063995361, "103": 0.0005201101303100586, "104": 0.0005151331424713135, "105": 0.0005136430263519287, "106": 0.000512927770614624, "107": 0.0005125105381011963, "108": 0.0005190074443817139, "109": 0.0005251467227935791, "110": 0.0005337893962860107, "111": 0.0005509555339813232, "112": 0.0005862712860107422, "113": 0.0006197690963745117, "114": 0.0006634294986724854, "115": 0.000731348991394043, "116": 0.0008189976215362549, "117": 0.0009481906890869141, "118": 0.0013769567012786865, "119": 0.0015639066696166992, "120": 0.0016663968563079834, "121": 0.0015187859535217285, "122": 0.0018077492713928223, "123": 0.0016161352396011353, "124": 0.001732662320137024, "125": 0.001472756266593933, "126": 0.0014450550079345703, "127": 0.0014504492282867432, "128": 0.0012181103229522705, "129": 0.0015063285827636719, "130": 0.0012632906436920166, "131": 0.0015217959880828857, "132": 0.0011932551860809326, "133": 0.0012652724981307983, "134": 0.0011012107133865356, "135": 0.0010056346654891968, "136": 0.0011187493801116943, "137": 0.0011657625436782837, "138": 0.0010471343994140625, "139": 0.0008799880743026733, "140": 0.0011078566312789917, "141": 0.0013025999069213867, "142": 0.0009868741035461426, "143": 0.0008735358715057373, "144": 0.001129746437072754, "145": 0.000903695821762085, "146": 0.0008439719676971436, "147": 0.0008278191089630127, "148": 0.0010513514280319214, "149": 0.0008524954319000244, "150": 0.0007256865501403809, "151": 0.0010082125663757324, "152": 0.0007917433977127075, "153": 0.0007539540529251099, "154": 0.0008136183023452759, "155": 0.0009865015745162964, "156": 0.0008458793163299561, "157": 0.0007352232933044434, "158": 0.0008140206336975098, "159": 0.0008967667818069458, "160": 0.0007899552583694458, "161": 0.0006966441869735718, "162": 0.0008629858493804932, "163": 0.0007167905569076538, "164": 0.0007119029760360718, "165": 0.0006444603204727173, "166": 0.0005933940410614014, "167": 0.0008330643177032471, "168": 0.0006079673767089844, "169": 0.0005532503128051758, "170": 0.0008310079574584961, "171": 0.0005510300397872925, "172": 0.0005250275135040283, "173": 0.0006346255540847778, "174": 0.000518113374710083, "175": 0.0005090236663818359, "176": 0.0007954239845275879, "177": 0.0005032718181610107, "178": 0.0005034059286117554, "179": 0.0006970316171646118, "180": 0.00048795342445373535, "181": 0.0004862844944000244, "182": 0.0005410164594650269, "183": 0.0004943013191223145, "184": 0.0004812180995941162, "185": 0.0004800856113433838, "186": 0.00047622621059417725, "187": 0.0005957037210464478, "188": 0.0004479438066482544, "189": 0.0004468560218811035, "190": 0.0004406571388244629, "191": 0.00045040249824523926, "192": 0.00043483078479766846, "193": 0.0004426687955856323, "194": 0.00043247640132904053, "195": 0.0005531460046768188, "196": 0.00042566657066345215, "197": 0.000424116849899292, "198": 0.0004107952117919922, "199": 0.00040318071842193604, "200": 0.0003902912139892578, "201": 0.0004029124975204468, "202": 0.0003984719514846802, "203": 0.0005087405443191528, "204": 0.00037479400634765625, "205": 0.000376284122467041, "206": 0.0003590881824493408, "207": 0.0003560185432434082, "208": 0.00036434829235076904, "209": 0.00032936036586761475, "210": 0.0003325939178466797, "211": 0.0003332793712615967, "212": 0.0003269761800765991, "213": 0.00032913684844970703, "214": 0.0003321021795272827, "215": 0.00031325221061706543, "216": 0.0003223419189453125, "217": 0.0003087371587753296, "218": 0.00032332539558410645, "219": 0.0003070831298828125, "220": 0.0002996474504470825, "221": 0.0002861320972442627, "222": 0.0004261434078216553, "223": 0.0002910196781158447, "224": 0.00029671192169189453, "225": 0.0003167390823364258, "226": 0.00029040873050689697, "227": 0.0002921074628829956, "228": 0.0003026425838470459, "229": 0.0002855062484741211, "230": 0.000279352068901062, "231": 0.00032736361026763916, "232": 0.00027179718017578125, "233": 0.00027510523796081543, "234": 0.0002900660037994385, "235": 0.00027066469192504883, "236": 0.00026810169219970703, "237": 0.0002645254135131836, "238": 0.00031071901321411133, "239": 0.0002613961696624756, "240": 0.0002569258213043213, "241": 0.0002492964267730713, "242": 0.000253334641456604, "243": 0.0002470463514328003, "244": 0.0003223121166229248, "245": 0.0002460181713104248, "246": 0.00024910271167755127, "247": 0.00025571882724761963, "248": 0.00023600459098815918, "249": 0.00023283064365386963, "250": 0.0002323538064956665, "251": 0.00022539496421813965, "252": 0.00022223591804504395, "253": 0.0002273768186569214, "254": 0.00021888315677642822, "255": 0.00021284818649291992, "256": 0.00020399689674377441, "257": 0.0002003014087677002, "258": 0.0001983642578125, "259": 0.000263214111328125, "260": 0.00018829107284545898, "261": 0.0001873224973678589, "262": 0.0001878291368484497, "263": 0.00018364191055297852, "264": 0.00019596517086029053, "265": 0.00018087029457092285, "266": 0.0001782625913619995, "267": 0.00018492341041564941, "268": 0.00017127394676208496, "269": 0.00016920268535614014, "270": 0.00017248094081878662,