{"ASDC": 0.0028162554372102022, "B_intermediate": 0.053557612001895905, "B_memory": 0.04282033443450928, "B_naive": 0.027356276288628578, "CD14_Mono": 0.17201513051986694, "CD16_Mono": 0.028833184391260147, "CD4_CTL": 0.027232035994529724, "CD4_Naive": 0.16988743841648102, "CD4_Proliferating": 0.00409366749227047, "CD4_TCM": 0.1617870330810547, "CD4_TEM": 0.09023559093475342, "CD8_Naive": 0.08211573958396912, "CD8_Proliferating": 0.004145641811192036, "CD8_TCM": 0.11039377748966217, "CD8_TEM": 0.11373816430568695, "Doublet": 0.016932159662246704, "Eryth": 0.003148547373712063, "HSPC": 0.020226703956723213, "ILC": 0.006411104463040829, "MAIT": 0.05320014804601669, "NK": 0.090245321393013, "NK_CD56bright": 0.020044740289449692, "NK_Proliferating": 0.011500239372253418, "Plasmablast": 0.008481767028570175, "Platelet": 0.03293983265757561, "Treg": 0.10237788408994675, "cDC1": 0.004576041363179684, "cDC2": 0.03714961186051369, "dnT": 0.008100599981844425, "gdT": 0.05169670283794403, "pDC": 0.014559292234480381}