{"CD8_Naive": 0.0021544346900318864, "CD14_Mono": 0.004641588833612781, "CD4_Naive": 0.0004641588833612784, "CD4_Proliferating": 0.00010000000000000009, "CD8_TCM": 0.0002154434690031884, "CD8_Proliferating": 0.0006812920690579617, "B_intermediate": 0.0010000000000000002, "CD4_TEM": 0.0014677992676220707, "ASDC": 0.0003162277660168384, "B_naive": 0.0004641588833612784}