{"0": 998.3068525791168, "1": 0.0017680525779724121, "2": 0.0001831650733947754, "3": 0.00020045042037963867, "4": 0.0002066493034362793, "5": 0.0002053380012512207, "6": 0.00020360946655273438, "7": 0.0002028346061706543, "8": 0.00020045042037963867, "9": 0.00019729137420654297, "10": 0.00019109249114990234, "11": 0.00018775463104248047, "12": 0.00019317865371704102, "13": 0.00019621849060058594, "14": 0.00019729137420654297, "15": 0.0001971125602722168, "16": 0.00019723176956176758, "17": 0.00019693374633789062, "18": 0.0001957416534423828, "19": 0.00019174814224243164, "20": 0.00018829107284545898, "21": 0.00018453598022460938, "22": 0.00018298625946044922, "23": 0.00018292665481567383, "24": 0.0001824498176574707, "25": 0.00018167495727539062, "26": 0.00018107891082763672, "27": 0.00017970800399780273, "28": 0.00017648935317993164, "29": 0.00017464160919189453, "30": 0.00017243623733520508, "31": 0.00016957521438598633, "32": 0.00016731023788452148, "33": 0.00016605854034423828, "34": 0.00016421079635620117, "35": 0.00016117095947265625, "36": 0.00015991926193237305, "37": 0.00015795230865478516, "38": 0.0001569986343383789, "39": 0.0001557469367980957, "40": 0.00015348196029663086, "41": 0.00015157461166381836, "42": 0.00015044212341308594, "43": 0.0001481175422668457, "44": 0.00014632940292358398, "45": 0.00014507770538330078, "46": 0.00014406442642211914, "47": 0.0001430511474609375, "48": 0.00014138221740722656, "49": 0.0001404285430908203, "50": 0.00014013051986694336, "51": 0.0001392364501953125, "52": 0.00013822317123413086, "53": 0.0001366734504699707, "54": 0.00013577938079833984, "55": 0.00013560056686401367, "56": 0.0001354813575744629, "57": 0.00013494491577148438, "58": 0.0001354813575744629, "59": 0.00013625621795654297, "60": 0.00013715028762817383, "61": 0.00013786554336547852, "62": 0.00013715028762817383, "63": 0.00013619661331176758, "64": 0.00013703107833862305, "65": 0.00013870000839233398, "66": 0.00013762712478637695, "67": 0.00013375282287597656, "68": 0.0001341104507446289, "69": 0.00013458728790283203, "70": 0.00013643503189086914, "71": 0.00013840198516845703, "72": 0.0001404881477355957, "73": 0.00014156103134155273, "74": 0.00014227628707885742, "75": 0.00014024972915649414, "76": 0.00013685226440429688, "77": 0.0001379847526550293, "78": 0.00013977289199829102, "79": 0.00014215707778930664, "80": 0.00014466047286987305, "81": 0.000148773193359375, "82": 0.0001525282859802246, "83": 0.0001571178436279297, "84": 0.00015801191329956055, "85": 0.0001583695411682129, "86": 0.00015926361083984375, "87": 0.00015628337860107422, "88": 0.00015419721603393555, "89": 0.0001538395881652832, "90": 0.00015604496002197266, "91": 0.00015467405319213867, "92": 0.00015783309936523438, "93": 0.00015813112258911133, "94": 0.00015676021575927734, "95": 0.0001628398895263672, "96": 0.00015866756439208984, "97": 0.0001679062843322754, "98": 0.00015372037887573242, "99": 0.0001583695411682129, "100": 0.00015121698379516602, "101": 0.00014990568161010742, "102": 0.00014847517013549805, "103": 0.00014787912368774414, "104": 0.00015157461166381836, "105": 0.00014835596084594727, "106": 0.0001493692398071289, "107": 0.00014328956604003906, "108": 0.0001443028450012207, "109": 0.00014531612396240234, "110": 0.00013786554336547852, "111": 0.00014901161193847656, "112": 0.00013643503189086914, "113": 0.00014954805374145508, "114": 0.00013327598571777344, "115": 0.00014024972915649414, "116": 0.00013566017150878906, "117": 0.00013118982315063477, "118": 0.00012814998626708984, "119": 0.0001246929168701172, "120": 0.0001208186149597168, "121": 0.00012099742889404297, "122": 0.0001163482666015625, "123": 0.00012862682342529297, "124": 0.0001112222671508789, "125": 0.00012153387069702148, "126": 0.0001119375228881836, "127": 0.00011289119720458984, "128": 0.00010913610458374023, "129": 0.00010156631469726562, "130": 0.00010472536087036133, "131": 9.721517562866211e-05, "132": 9.566545486450195e-05, "133": 9.79304313659668e-05, "134": 9.775161743164062e-05, "135": 9.685754776000977e-05, "136": 9.03010368347168e-05, "137": 8.875131607055664e-05, "138": 8.738040924072266e-05, "139": 8.481740951538086e-05, "140": 8.559226989746094e-05, "141": 7.861852645874023e-05, "142": 7.677078247070312e-05, "143": 7.575750350952148e-05, "144": 7.361173629760742e-05, "145": 7.319450378417969e-05, "146": 6.99758529663086e-05, "147": 7.098913192749023e-05, "148": 6.473064422607422e-05, "149": 6.4849853515625e-05, "150": 6.282329559326172e-05, "151": 6.03795051574707e-05, "152": 5.888938903808594e-05, "153": 5.626678466796875e-05, "154": 5.4717063903808594e-05, "155": 5.4001808166503906e-05, "156": 5.161762237548828e-05, "157": 5.370378494262695e-05, "158": 4.881620407104492e-05, "159": 4.9173831939697266e-05, "160": 4.601478576660156e-05, "161": 4.684925079345703e-05, "162": 4.607439041137695e-05, "163": 4.3451786041259766e-05, "164": 4.2319297790527344e-05, "165": 4.106760025024414e-05, "166": 3.93986701965332e-05, "167": 3.933906555175781e-05, "168": 3.88026237487793e-05, "169": 3.904104232788086e-05, "170": 3.618001937866211e-05, "171": 3.534555435180664e-05, "172": 3.409385681152344e-05, "173": 3.361701965332031e-05, "174": 3.36766242980957e-05, "175": 3.129243850708008e-05, "176": 3.135204315185547e-05, "177": 2.9385089874267578e-05, "178": 2.86102294921875e-05, "179": 2.9385089874267578e-05, "180": 2.8252601623535156e-05, "181": 2.759695053100586e-05, "182": 2.5510787963867188e-05, "183": 2.5510787963867188e-05, "184": 2.473592758178711e-05, "185": 2.467632293701172e-05, "186": 2.3424625396728516e-05, "187": 2.294778823852539e-05, "188": 2.1517276763916016e-05, "189": 2.1398067474365234e-05, "190": 2.1338462829589844e-05, "191": 2.0802021026611328e-05, "192": 2.002716064453125e-05, "193": 1.9609928131103516e-05, "194": 1.8477439880371094e-05, "195": 1.823902130126953e-05, "196": 1.7821788787841797e-05, "197": 1.728534698486328e-05, "198": 1.6927719116210938e-05, "199": 1.5795230865478516e-05, "200": 1.5497207641601562e-05, "201": 1.5914440155029297e-05, "202": 1.4722347259521484e-05, "203": 1.4424324035644531e-05, "204": 1.3887882232666016e-05, "205": 1.329183578491211e-05, "206": 1.2993812561035156e-05, "207": 1.2695789337158203e-05, "208": 1.2159347534179688e-05, "209": 1.1682510375976562e-05, "210": 1.1324882507324219e-05, "211": 1.1086463928222656e-05, "212": 1.0728836059570312e-05, "213": 1.0907649993896484e-05, "214": 9.775161743164062e-06, "215": 9.715557098388672e-06, "216": 9.5367431640625e-06, "217": 9.119510650634766e-06, "218": 8.64267349243164e-06, "219": 8.821487426757812e-06, "220": 8.463859558105469e-06, "221": 7.987022399902344e-06, "222": 7.62939453125e-06, "223": 7.510185241699219e-06, "224": 7.510185241699219e-06, "225": 7.092952728271484e-06, "226": 6.735324859619141e-06, "227": 6.67572021484375e-06, "228": 6.4373016357421875e-06, "229": 6.139278411865234e-06, "230": 6.139278411865234e-06, "231": 5.841255187988281e-06, "232": 5.4836273193359375e-06, "233": 5.304813385009766e-06, "234": 5.304813385009766e-06, "235": 5.066394805908203e-06, "236": 4.947185516357422e-06, "237": 4.827976226806641e-06, "238": 4.708766937255859e-06, "239": 4.351139068603516e-06, "240": 4.351139068603516e-06, "241": 4.231929779052734e-06, "242": 3.993511199951172e-06, "243": 3.814697265625e-06, "244": 3.874301910400391e-06, "245": 3.4570693969726562e-06, "246": 3.635883331298828e-06, "247": 3.3974647521972656e-06, "248": 3.4570693969726562e-06, "249": 3.2782554626464844e-06, "250": 3.039836883544922e-06, "251": 2.9206275939941406e-06, "252": 2.9802322387695312e-06, "253": 2.682209014892578e-06, "254": 2.7418136596679688e-06, "255": 2.5033950805664062e-06, "256": 2.562999725341797e-06, "257": 2.4437904357910156e-06, "258": 2.384185791015625e-06, "259": 2.384185791015625e-06, "260": 2.2649765014648438e-06, "261": 2.086162567138672e-06, "262": 2.086162567138672e-06, "263": 1.9669532775878906e-06, "264": 1.9073486328125e-06, "265": 1.8477439880371094e-06,