{"0": 0.6931474208831787, "1": 0.6916324496269226, "2": 0.6915984153747559, "3": 0.6915348768234253, "4": 0.6914459466934204, "5": 0.6913380026817322, "6": 0.6912199258804321, "7": 0.6910950541496277, "8": 0.6909664869308472, "9": 0.6908385157585144, "10": 0.6907132267951965, "11": 0.6905887126922607, "12": 0.6904548406600952, "13": 0.6903090476989746, "14": 0.6901504993438721, "15": 0.6899819374084473, "16": 0.6898027062416077, "17": 0.6896150708198547, "18": 0.6894218325614929, "19": 0.6892247796058655, "20": 0.6890244483947754, "21": 0.6888225078582764, "22": 0.6886201500892639, "23": 0.6884188055992126, "24": 0.6882184147834778, "25": 0.688017725944519, "26": 0.6878159046173096, "27": 0.6876147389411926, "28": 0.6874117255210876, "29": 0.6872087717056274, "30": 0.6870019435882568, "31": 0.6867968440055847, "32": 0.6865791082382202, "33": 0.6863694190979004, "34": 0.6861507296562195, "35": 0.6859524250030518, "36": 0.6857479810714722, "37": 0.6855504512786865, "38": 0.685348629951477, "39": 0.6851494312286377, "40": 0.6849443912506104, "41": 0.6847442984580994, "42": 0.6845381259918213, "43": 0.6843390464782715, "44": 0.6841286420822144, "45": 0.6839313507080078, "46": 0.6837318539619446, "47": 0.6835436224937439, "48": 0.6833521127700806, "49": 0.6831645965576172, "50": 0.6829743981361389, "51": 0.6827871799468994, "52": 0.682597815990448, "53": 0.682410478591919, "54": 0.6822190284729004, "55": 0.6820312738418579, "56": 0.6818405389785767, "57": 0.6816597580909729, "58": 0.6814789175987244, "59": 0.6813070774078369, "60": 0.6811327934265137, "61": 0.680962085723877, "62": 0.6807901263237, "63": 0.6806197762489319, "64": 0.6804474592208862, "65": 0.6802688837051392, "66": 0.6800929307937622, "67": 0.6799255609512329, "68": 0.6797579526901245, "69": 0.6795883178710938, "70": 0.6794306635856628, "71": 0.6792783737182617, "72": 0.6791245937347412, "73": 0.6789728999137878, "74": 0.6788251996040344, "75": 0.6786727905273438, "76": 0.6785148978233337, "77": 0.6783517599105835, "78": 0.6782048344612122, "79": 0.6780610084533691, "80": 0.6779105067253113, "81": 0.6777603030204773, "82": 0.6776161789894104, "83": 0.6774799227714539, "84": 0.6773501634597778, "85": 0.6772224307060242, "86": 0.6770983934402466, "87": 0.6769695281982422, "88": 0.6768394112586975, "89": 0.6767123937606812, "90": 0.67659991979599, "91": 0.67648845911026, "92": 0.6763721108436584, "93": 0.6762508153915405, "94": 0.6761305332183838, "95": 0.6760204434394836, "96": 0.6759158372879028, "97": 0.6758106350898743, "98": 0.675710916519165, "99": 0.6756024956703186, "100": 0.6755012273788452, "101": 0.6754064559936523, "102": 0.6753136515617371, "103": 0.6752333045005798, "104": 0.6751450896263123, "105": 0.6750572919845581, "106": 0.6749659180641174, "107": 0.6748716831207275, "108": 0.6747831106185913, "109": 0.6746994853019714, "110": 0.6746159195899963, "111": 0.6745367646217346, "112": 0.6744557023048401, "113": 0.6743771433830261, "114": 0.6743064522743225, "115": 0.6742351651191711, "116": 0.6741693615913391, "117": 0.6741018295288086, "118": 0.6740349531173706, "119": 0.6739733815193176, "120": 0.6739100217819214, "121": 0.6738380789756775, "122": 0.6737685799598694, "123": 0.6737039089202881, "124": 0.6736414432525635, "125": 0.6735821962356567, "126": 0.6735245585441589, "127": 0.673473060131073, "128": 0.6734181642532349, "129": 0.6733642220497131, "130": 0.6733153462409973, "131": 0.6732633113861084, "132": 0.6732221245765686, "133": 0.6731709837913513, "134": 0.6731213927268982, "135": 0.6730743646621704, "136": 0.6730249524116516, "137": 0.6729758977890015, "138": 0.6729291677474976, "139": 0.6728866696357727, "140": 0.6728457808494568, "141": 0.6728038191795349, "142": 0.6727595925331116, "143": 0.6727203130722046, "144": 0.6726837754249573, "145": 0.672649085521698, "146": 0.6726106405258179, "147": 0.672577440738678, "148": 0.6725417375564575, "149": 0.6725012063980103, "150": 0.6724637746810913, "151": 0.6724255084991455, "152": 0.6723908185958862, "153": 0.6723546385765076, "154": 0.6723232269287109, "155": 0.6722930669784546, "156": 0.6722644567489624, "157": 0.6722354888916016, "158": 0.6722065210342407, "159": 0.6721823215484619, "160": 0.6721563935279846, "161": 0.6721259951591492, "162": 0.6720998883247375, "163": 0.672071099281311, "164": 0.6720434427261353, "165": 0.6720154881477356, "166": 0.6719896197319031, "167": 0.6719641089439392, "168": 0.6719398498535156, "169": 0.6719139814376831, "170": 0.6718931198120117, "171": 0.6718708276748657, "172": 0.6718501448631287, "173": 0.6718279123306274, "174": 0.6718090772628784, "175": 0.6717880964279175, "176": 0.6717670559883118, "177": 0.6717442274093628, "178": 0.6717227697372437, "179": 0.6717042922973633, "180": 0.6716848015785217, "181": 0.6716659069061279, "182": 0.6716461181640625, "183": 0.6716281771659851, "184": 0.6716088056564331, "185": 0.6715919971466064, "186": 0.6715748310089111, "187": 0.6715576648712158, "188": 0.6715417504310608, "189": 0.6715249419212341, "190": 0.6715111136436462, "191": 0.6714963912963867, "192": 0.6714798808097839, "193": 0.6714668869972229, "194": 0.6714510917663574, "195": 0.6714364290237427, "196": 0.6714218854904175, "197": 0.6714075207710266, "198": 0.6713947057723999, "199": 0.6713818907737732, "200": 0.6713688373565674, "201": 0.671355664730072, "202": 0.6713436245918274, "203": 0.6713318228721619, "204": 0.671319305896759, "205": 0.6713090538978577, "206": 0.6712971925735474, "207": 0.6712852716445923, "208": 0.6712743639945984, "209": 0.6712626814842224, "210": 0.6712542176246643, "211": 0.6712474226951599, "212": 0.6712403297424316, "213": 0.6712327003479004, "214": 0.6712231040000916, "215": 0.6712170243263245, "216": 0.6712110638618469, "217": 0.6712050437927246, "218": 0.6711985468864441, "219": 0.671191930770874, "220": 0.6711853742599487, "221": 0.6711769700050354, "222": 0.6711708307266235, "223": 0.6711641550064087, "224": 0.6711550951004028, "225": 0.671149730682373, "226": 0.6711410880088806, "227": 0.671134352684021, "228": 0.6711262464523315, "229": 0.671118974685669, "230": 0.671112060546875, "231": 0.6711050868034363, "232": 0.6710988283157349, "233": 0.6710925102233887, "234": 0.671085774898529, "235": 0.6710789799690247, "236": 0.6710721254348755, "237": 0.6710670590400696, "238": 0.6710608005523682, "239": 0.6710540652275085, "240": 0.6710491180419922, "241": 0.671043336391449, "242": 0.6710376143455505, "243": 0.6710325479507446, "244": 0.6710272431373596, "245": 0.6710221767425537, "246": 0.6710172891616821, "247": 0.6710121631622314, "248": 0.6710070371627808, "249": 0.6710034608840942, "250": 0.6710003614425659, "251": 0.6709973216056824, "252": 0.6709942817687988, "253": 0.6709913611412048, "254": 0.6709883809089661, "255": 0.6709852814674377, "256": 0.6709807515144348, "257": 0.6709779500961304, "258": 0.6709749698638916, "259": 0.6709710955619812, "260": 0.6709674596786499, "261": 0.6709637641906738, "262": 0.6709606051445007, "263": 0.6709571480751038, "264": 0.670953631401062, "265": 0.6709504127502441, "266": 0.6709471940994263, "267": 0.6709439158439636, "268": 0.6709411144256592, "269": 0.67093825340271, "270": 0.6709349751472473, "271": 0.6709325909614563, "272": 0.6709298491477966, "273": 0.6709273457527161, "274": 0.670924186706543, "275": 0.6709216237068176, "276": 0.6709191203117371, "277": 0.6709164381027222, "278": 0.6709140539169312, "279": 0.6709114909172058, "280": 0.6709094643592834, "281": 0.6709070205688477, "282": 0.6709051728248596, "283": 0.6709034442901611, "284": 0.6709017753601074, "285": 0.6709001064300537, "286": 0.6708980798721313, "287": 0.6708961725234985, "288": 0.670894205570221, "289": 0.6708924770355225, "290": 0.6708908677101135, "291": 0.6708893179893494, "292": 0.6708874702453613, "293": 0.6708858013153076, "294": 0.670884370803833, "295": 0.6708828806877136, "296": 0.6708815097808838, "297": 0.6708800792694092, "298": 0.6708785891532898, "299": 0.67087721824646, "300": 0.6708759069442749,