{"0": 998.3068525791168, "1": 0.005465030670166016, "2": 0.00028645992279052734, "3": 0.000337064266204834, "4": 0.00036776065826416016, "5": 0.00038379430770874023, "6": 0.00039058923721313477, "7": 0.0003917217254638672, "8": 0.00038826465606689453, "9": 0.0003821849822998047, "10": 0.00037425756454467773, "11": 0.0003662705421447754, "12": 0.0003877878189086914, "13": 0.00041091442108154297, "14": 0.0004285573959350586, "15": 0.00044405460357666016, "16": 0.0004546642303466797, "17": 0.0004622936248779297, "18": 0.00046050548553466797, "19": 0.00046008825302124023, "20": 0.0004582405090332031, "21": 0.0004558563232421875, "22": 0.0004584193229675293, "23": 0.00046199560165405273, "24": 0.00047272443771362305, "25": 0.0004838109016418457, "26": 0.0004971027374267578, "27": 0.0005068778991699219, "28": 0.0005132555961608887, "29": 0.0005179047584533691, "30": 0.0005244016647338867, "31": 0.0005272626876831055, "32": 0.000522315502166748, "33": 0.0005268454551696777, "34": 0.0005335807800292969, "35": 0.0005434155464172363, "36": 0.0005532503128051758, "37": 0.0005620718002319336, "38": 0.0005714893341064453, "39": 0.0005804896354675293, "40": 0.0005883574485778809, "41": 0.000592350959777832, "42": 0.0005983710289001465, "43": 0.0006046295166015625, "44": 0.0006083250045776367, "45": 0.0006098151206970215, "46": 0.0006133913993835449, "47": 0.0006215572357177734, "48": 0.0006267428398132324, "49": 0.0006302595138549805, "50": 0.0006270408630371094, "51": 0.0006263852119445801, "52": 0.0006276965141296387, "53": 0.0006182193756103516, "54": 0.0006113648414611816, "55": 0.0006064772605895996, "56": 0.0006033182144165039, "57": 0.0006017684936523438, "58": 0.0006020069122314453, "59": 0.0005977153778076172, "60": 0.0005930066108703613, "61": 0.0005895495414733887, "62": 0.0005809664726257324, "63": 0.0005724430084228516, "64": 0.0005619525909423828, "65": 0.0005562901496887207, "66": 0.0005504488945007324, "67": 0.0005459189414978027, "68": 0.0005429983139038086, "69": 0.0005390048027038574, "70": 0.0005304217338562012, "71": 0.000519096851348877, "72": 0.0005127787590026855, "73": 0.0005043745040893555, "74": 0.0004974603652954102, "75": 0.0004926323890686035, "76": 0.0004850029945373535, "77": 0.000476837158203125, "78": 0.0004742741584777832, "79": 0.0004698634147644043, "80": 0.0004604458808898926, "81": 0.00046175718307495117, "82": 0.00045484304428100586, "83": 0.00045543909072875977, "84": 0.00044864416122436523, "85": 0.0004508495330810547, "86": 0.0004355907440185547, "87": 0.0004360079765319824, "88": 0.00041979551315307617, "89": 0.00042510032653808594, "90": 0.00040721893310546875, "91": 0.0004073977470397949, "92": 0.00039845705032348633, "93": 0.00040084123611450195, "94": 0.00038933753967285156, "95": 0.0003922581672668457, "96": 0.00037860870361328125, "97": 0.0003777146339416504, "98": 0.0003657341003417969, "99": 0.00036537647247314453, "100": 0.00034880638122558594, "101": 0.00035071372985839844, "102": 0.0003349781036376953, "103": 0.0003368854522705078, "104": 0.00032001733779907227, "105": 0.000317990779876709, "106": 0.0003044009208679199, "107": 0.00031107664108276367, "108": 0.00028961896896362305, "109": 0.000292360782623291, "110": 0.0002803802490234375, "111": 0.00028896331787109375, "112": 0.0002740621566772461, "113": 0.0002732276916503906, "114": 0.00025779008865356445, "115": 0.0002586841583251953, "116": 0.0002446174621582031, "117": 0.00024813413619995117, "118": 0.00023627281188964844, "119": 0.0002422332763671875, "120": 0.00022965669631958008, "121": 0.00023800134658813477, "122": 0.00022107362747192383, "123": 0.00022023916244506836, "124": 0.00021070241928100586, "125": 0.0002091526985168457, "126": 0.00020110607147216797, "127": 0.0002022385597229004, "128": 0.00019299983978271484, "129": 0.00019663572311401367, "130": 0.00018614530563354492, "131": 0.00019413232803344727, "132": 0.0001761913299560547, "133": 0.00018405914306640625, "134": 0.00016874074935913086, "135": 0.00017309188842773438, "136": 0.00016176700592041016, "137": 0.00016444921493530273, "138": 0.0001564621925354004, "139": 0.00016194581985473633, "140": 0.00015038251876831055, "141": 0.0001571178436279297, "142": 0.0001442432403564453, "143": 0.0001488327980041504, "144": 0.0001386404037475586, "145": 0.0001373291015625, "146": 0.00013023614883422852, "147": 0.00012665987014770508, "148": 0.00012642145156860352, "149": 0.00012034177780151367, "150": 0.0001188516616821289, "151": 0.00011152029037475586, "152": 0.00010687112808227539, "153": 0.00010418891906738281, "154": 0.00010257959365844727, "155": 0.00010246038436889648, "156": 9.85264778137207e-05, "157": 9.608268737792969e-05, "158": 9.208917617797852e-05, "159": 8.96453857421875e-05, "160": 8.535385131835938e-05, "161": 8.33272933959961e-05, "162": 8.130073547363281e-05, "163": 7.939338684082031e-05, "164": 7.593631744384766e-05, "165": 7.331371307373047e-05, "166": 7.289648056030273e-05, "167": 6.914138793945312e-05, "168": 7.009506225585938e-05, "169": 6.705522537231445e-05, "170": 6.61611557006836e-05, "171": 5.5849552154541016e-05, "172": 5.7220458984375e-05, "173": 5.173683166503906e-05, "174": 5.060434341430664e-05, "175": 4.845857620239258e-05, "176": 4.571676254272461e-05, "177": 4.470348358154297e-05, "178": 4.2438507080078125e-05, "179": 4.279613494873047e-05, "180": 3.993511199951172e-05, "181": 3.886222839355469e-05, "182": 3.7729740142822266e-05, "183": 3.5822391510009766e-05, "184": 3.5881996154785156e-05, "185": 3.355741500854492e-05, "186": 3.3020973205566406e-05, "187": 3.141164779663086e-05, "188": 3.081560134887695e-05, "189": 2.9921531677246094e-05, "190": 2.9802322387695312e-05, "191": 2.8789043426513672e-05, "192": 2.7954578399658203e-05, "193": 2.8192996978759766e-05, "194": 2.7120113372802734e-05, "195": 2.7477741241455078e-05, "196": 2.568960189819336e-05, "197": 2.4557113647460938e-05, "198": 2.3484230041503906e-05, "199": 2.288818359375e-05, "200": 2.2470951080322266e-05, "201": 2.2411346435546875e-05, "202": 2.1278858184814453e-05, "203": 2.086162567138672e-05, "204": 1.9490718841552734e-05, "205": 1.9848346710205078e-05, "206": 1.8298625946044922e-05, "207": 1.8656253814697266e-05, "208": 1.71661376953125e-05, "209": 1.71661376953125e-05, "210": 1.6391277313232422e-05, "211": 1.6450881958007812e-05, "212": 1.5676021575927734e-05, "213": 1.531839370727539e-05, "214": 1.4662742614746094e-05, "215": 1.4543533325195312e-05, "216": 1.3530254364013672e-05, "217": 1.3709068298339844e-05, "218": 1.2755393981933594e-05, "219": 1.3053417205810547e-05, "220": 1.1980533599853516e-05, "221": 1.2099742889404297e-05, "222": 1.150369644165039e-05, "223": 1.1682510375976562e-05, "224": 1.0907649993896484e-05, "225": 1.0788440704345703e-05, "226": 1.0251998901367188e-05, "227": 1.0132789611816406e-05, "228": 9.357929229736328e-06, "229": 9.238719940185547e-06, "230": 8.940696716308594e-06, "231": 8.821487426757812e-06, "232": 8.404254913330078e-06, "233": 8.225440979003906e-06, "234": 7.927417755126953e-06, "235": 7.987022399902344e-06, "236": 7.331371307373047e-06, "237": 7.62939453125e-06, "238": 6.794929504394531e-06, "239": 7.033348083496094e-06, "240": 6.496906280517578e-06, "241": 6.616115570068359e-06, "242": 6.258487701416016e-06, "243": 6.079673767089844e-06, "244": 5.7220458984375e-06, "245": 5.662441253662109e-06, "246": 5.424022674560547e-06, "247": 5.7220458984375e-06, "248": 5.185604095458984e-06, "249": 5.125999450683594e-06, "250": 4.827976226806641e-06, "251": 4.76837158203125e-06, "252": 4.649162292480469e-06, "253": 4.5299530029296875e-06, "254": 4.172325134277344e-06, "255": 3.993511199951172e-06, "256": 3.993511199951172e-06, "257": 3.933906555175781e-06, "258": 3.993511199951172e-06, "259": 3.7550926208496094e-06, "260": 3.4570693969726562e-06, "261": 3.5762786865234375e-06, "262": 3.337860107421875e-06, "263": 3.2782554626464844e-06, "264": 3.159046173095703e-06, "265": 2.9206275939941406e-06, "266": 2.86102294921875e-06, "267": 2.86102294921875e-06,