{"0": 998.3068525791168, "1": 0.0008665323257446289, "2": 1.728534698486328e-05, "3": 2.9325485229492188e-05, "4": 3.975629806518555e-05, "5": 4.750490188598633e-05, "6": 5.072355270385742e-05, "7": 5.251169204711914e-05, "8": 5.2988529205322266e-05, "9": 5.2988529205322266e-05, "10": 5.2809715270996094e-05, "11": 5.239248275756836e-05, "12": 5.5730342864990234e-05, "13": 6.0617923736572266e-05, "14": 6.54458999633789e-05, "15": 6.949901580810547e-05, "16": 7.319450378417969e-05, "17": 7.826089859008789e-05, "18": 8.195638656616211e-05, "19": 8.499622344970703e-05, "20": 8.797645568847656e-05, "21": 9.036064147949219e-05, "22": 9.375810623168945e-05, "23": 9.644031524658203e-05, "24": 9.906291961669922e-05, "25": 0.00010263919830322266, "26": 0.0001074075698852539, "27": 0.0001125335693359375, "28": 0.00011914968490600586, "29": 0.0001264810562133789, "30": 0.00013297796249389648, "31": 0.0001392960548400879, "32": 0.0001436471939086914, "33": 0.0001468062400817871, "34": 0.00014990568161010742, "35": 0.00015294551849365234, "36": 0.00015658140182495117, "37": 0.00016194581985473633, "38": 0.00016695261001586914, "39": 0.00017255544662475586, "40": 0.00018095970153808594, "41": 0.0001920461654663086, "42": 0.00019615888595581055, "43": 0.00018519163131713867, "44": 0.00017905235290527344, "45": 0.00018280744552612305, "46": 0.0001888275146484375, "47": 0.00019943714141845703, "48": 0.0001906752586364746, "49": 0.00018101930618286133, "50": 0.0001906752586364746, "51": 0.00020360946655273438, "52": 0.00020778179168701172, "53": 0.00019550323486328125, "54": 0.0001927018165588379, "55": 0.00018656253814697266, "56": 0.0001806020736694336, "57": 0.00019508600234985352, "58": 0.00017124414443969727, "59": 0.00018143653869628906, "60": 0.0001913309097290039, "61": 0.00015044212341308594, "62": 0.00017070770263671875, "63": 0.00018161535263061523, "64": 0.00017303228378295898, "65": 0.00016289949417114258, "66": 0.00016063451766967773, "67": 0.0001499652862548828, "68": 0.00016355514526367188, "69": 0.00014841556549072266, "70": 0.00013494491577148438, "71": 0.00014322996139526367, "72": 0.00015687942504882812, "73": 0.00012499094009399414, "74": 0.00012439489364624023, "75": 0.00012701749801635742, "76": 0.00013965368270874023, "77": 0.0001221299171447754, "78": 0.0001227855682373047, "79": 0.00012856721878051758, "80": 0.00012534856796264648, "81": 0.00011152029037475586, "82": 0.0001265406608581543, "83": 0.00012135505676269531, "84": 0.00010907649993896484, "85": 0.00010150671005249023, "86": 0.00010472536087036133, "87": 0.00010055303573608398, "88": 0.00010067224502563477, "89": 0.00010269880294799805, "90": 9.745359420776367e-05, "91": 8.827447891235352e-05, "92": 9.512901306152344e-05, "93": 9.059906005859375e-05, "94": 9.924173355102539e-05, "95": 8.940696716308594e-05, "96": 8.064508438110352e-05, "97": 8.600950241088867e-05, "98": 7.94529914855957e-05, "99": 8.171796798706055e-05, "100": 7.766485214233398e-05, "101": 8.219480514526367e-05, "102": 6.651878356933594e-05, "103": 7.194280624389648e-05, "104": 6.175041198730469e-05, "105": 7.134675979614258e-05, "106": 6.985664367675781e-05, "107": 6.645917892456055e-05, "108": 6.490945816040039e-05, "109": 6.103515625e-05, "110": 6.711483001708984e-05, "111": 6.23464584350586e-05, "112": 5.990266799926758e-05, "113": 5.453824996948242e-05, "114": 5.310773849487305e-05, "115": 5.632638931274414e-05, "116": 5.2869319915771484e-05, "117": 5.340576171875e-05, "118": 5.555152893066406e-05, "119": 4.857778549194336e-05, "120": 4.5418739318847656e-05, "121": 4.4405460357666016e-05, "122": 4.124641418457031e-05, "123": 4.857778549194336e-05, "124": 4.3451786041259766e-05, "125": 4.2557716369628906e-05, "126": 4.4226646423339844e-05, "127": 3.6716461181640625e-05, "128": 3.790855407714844e-05, "129": 4.315376281738281e-05, "130": 3.653764724731445e-05, "131": 3.421306610107422e-05, "132": 3.463029861450195e-05, "133": 3.522634506225586e-05, "134": 3.3915042877197266e-05, "135": 3.1888484954833984e-05, "136": 3.319978713989258e-05, "137": 3.2901763916015625e-05, "138": 3.1054019927978516e-05, "139": 3.069639205932617e-05, "140": 2.6106834411621094e-05, "141": 3.0517578125e-05, "142": 2.7894973754882812e-05, "143": 2.580881118774414e-05, "144": 2.5331974029541016e-05, "145": 2.47955322265625e-05, "146": 2.4616718292236328e-05, "147": 2.574920654296875e-05, "148": 2.300739288330078e-05, "149": 2.181529998779297e-05, "150": 2.0682811737060547e-05, "151": 2.1576881408691406e-05, "152": 2.3066997528076172e-05, "153": 1.919269561767578e-05, "154": 2.300739288330078e-05, "155": 2.0802021026611328e-05, "156": 1.9371509552001953e-05, "157": 1.8715858459472656e-05, "158": 1.919269561767578e-05, "159": 1.7702579498291016e-05, "160": 1.710653305053711e-05, "161": 1.5795230865478516e-05, "162": 1.5676021575927734e-05, "163": 1.7404556274414062e-05, "164": 1.341104507446289e-05, "165": 1.5676021575927734e-05, "166": 1.5020370483398438e-05, "167": 1.3947486877441406e-05, "168": 1.3470649719238281e-05, "169": 1.3530254364013672e-05, "170": 1.3649463653564453e-05, "171": 1.2278556823730469e-05, "172": 1.2278556823730469e-05, "173": 1.1682510375976562e-05, "174": 1.138448715209961e-05, "175": 1.245737075805664e-05, "176": 1.0251998901367188e-05, "177": 1.0848045349121094e-05, "178": 1.138448715209961e-05, "179": 1.0192394256591797e-05, "180": 1.0073184967041016e-05, "181": 1.0251998901367188e-05, "182": 8.165836334228516e-06, "183": 8.58306884765625e-06, "184": 7.68899917602539e-06, "185": 7.927417755126953e-06, "186": 9.238719940185547e-06, "187": 7.62939453125e-06, "188": 7.867813110351562e-06, "189": 8.225440979003906e-06, "190": 6.9141387939453125e-06, "191": 7.510185241699219e-06, "192": 7.092952728271484e-06, "193": 7.68899917602539e-06, "194": 6.258487701416016e-06, "195": 6.258487701416016e-06, "196": 5.602836608886719e-06, "197": 5.543231964111328e-06, "198": 5.781650543212891e-06, "199": 5.543231964111328e-06, "200": 5.900859832763672e-06, "201": 4.76837158203125e-06, "202": 4.947185516357422e-06, "203": 4.5299530029296875e-06, "204": 4.947185516357422e-06, "205": 4.0531158447265625e-06, "206": 4.827976226806641e-06, "207": 4.947185516357422e-06, "208": 4.351139068603516e-06, "209": 4.410743713378906e-06, "210": 4.172325134277344e-06, "211": 4.410743713378906e-06, "212": 4.0531158447265625e-06, "213": 3.874301910400391e-06, "214": 3.874301910400391e-06, "215": 3.2186508178710938e-06, "216": 3.337860107421875e-06, "217": 3.7550926208496094e-06, "218": 3.337860107421875e-06, "219": 3.159046173095703e-06, "220": 3.4570693969726562e-06, "221": 3.159046173095703e-06, "222": 2.9206275939941406e-06, "223": 2.5033950805664062e-06, "224": 2.682209014892578e-06, "225": 2.86102294921875e-06, "226": 2.7418136596679688e-06, "227": 2.682209014892578e-06, "228": 2.5033950805664062e-06, "229": 2.5033950805664062e-06, "230": 2.086162567138672e-06, "231": 2.205371856689453e-06, "232": 2.086162567138672e-06, "233": 1.9669532775878906e-06, "234": 2.0265579223632812e-06, "235": 1.6689300537109375e-06, "236": 2.0265579223632812e-06, "237": 1.8477439880371094e-06, "238": 1.7881393432617188e-06, "239": 1.8477439880371094e-06, "240": 1.9073486328125e-06, "241": 1.6689300537109375e-06, "242": 1.6093254089355469e-06, "243": 1.6093254089355469e-06, "244": 1.430511474609375e-06, "245": 1.6093254089355469e-06, "246": 1.1920928955078125e-06, "247": 1.3709068298339844e-06, "248": 1.3113021850585938e-06, "249": 1.3113021850585938e-06, "250": 1.3113021850585938e-06, "251": 1.1920928955078125e-06, "252": 1.1920928955078125e-06, "253": 1.1920928955078125e-06, "254": 9.5367431640625e-07}