{"0": 0.6931474208831787, "1": 0.6922808885574341, "2": 0.6922636032104492, "3": 0.6922342777252197, "4": 0.6921945214271545, "5": 0.6921470165252686, "6": 0.6920962929725647, "7": 0.6920437812805176, "8": 0.6919907927513123, "9": 0.6919378042221069, "10": 0.6918849945068359, "11": 0.6918326020240784, "12": 0.6917768716812134, "13": 0.6917162537574768, "14": 0.6916508078575134, "15": 0.6915813088417053, "16": 0.6915081143379211, "17": 0.691429853439331, "18": 0.6913478970527649, "19": 0.6912629008293152, "20": 0.6911749243736267, "21": 0.6910845637321472, "22": 0.6909908056259155, "23": 0.690894365310669, "24": 0.6907953023910522, "25": 0.690692663192749, "26": 0.6905852556228638, "27": 0.6904727220535278, "28": 0.6903535723686218, "29": 0.6902270913124084, "30": 0.6900941133499146, "31": 0.6899548172950745, "32": 0.6898111701011658, "33": 0.689664363861084, "34": 0.6895144581794739, "35": 0.6893615126609802, "36": 0.6892049312591553, "37": 0.6890429854393005, "38": 0.6888760328292847, "39": 0.6887034773826599, "40": 0.6885225176811218, "41": 0.6883304715156555, "42": 0.6881343126296997, "43": 0.6879491209983826, "44": 0.6877700686454773, "45": 0.6875872611999512, "46": 0.6873984336853027, "47": 0.6871989965438843, "48": 0.6870083212852478, "49": 0.6868273019790649, "50": 0.6866366267204285, "51": 0.6864330172538757, "52": 0.6862252354621887, "53": 0.6860297322273254, "54": 0.6858370304107666, "55": 0.6856504678726196, "56": 0.6854698657989502, "57": 0.6852747797966003, "58": 0.6851035356521606, "59": 0.6849220991134644, "60": 0.6847307682037354, "61": 0.6845803260803223, "62": 0.6844096183776855, "63": 0.6842280030250549, "64": 0.684054970741272, "65": 0.6838920712471008, "66": 0.6837314367294312, "67": 0.6835814714431763, "68": 0.6834179162979126, "69": 0.6832695007324219, "70": 0.6831345558166504, "71": 0.6829913258552551, "72": 0.6828344464302063, "73": 0.6827094554901123, "74": 0.6825850605964661, "75": 0.6824580430984497, "76": 0.682318389415741, "77": 0.6821962594985962, "78": 0.6820734739303589, "79": 0.6819449067115784, "80": 0.6818195581436157, "81": 0.681708037853241, "82": 0.6815814971923828, "83": 0.6814601421356201, "84": 0.6813510656356812, "85": 0.6812495589256287, "86": 0.6811448335647583, "87": 0.6810442805290222, "88": 0.6809436082839966, "89": 0.6808409094810486, "90": 0.6807434558868408, "91": 0.6806551814079285, "92": 0.6805600523948669, "93": 0.6804694533348083, "94": 0.6803702116012573, "95": 0.6802808046340942, "96": 0.6802001595497131, "97": 0.6801141500473022, "98": 0.6800346970558167, "99": 0.6799529790878296, "100": 0.6798753142356873, "101": 0.679793119430542, "102": 0.6797266006469727, "103": 0.6796546578407288, "104": 0.6795929074287415, "105": 0.6795215606689453, "106": 0.6794517040252686, "107": 0.679385244846344, "108": 0.6793203353881836, "109": 0.6792593002319336, "110": 0.6791921854019165, "111": 0.6791298389434814, "112": 0.6790699362754822, "113": 0.6790153980255127, "114": 0.6789622902870178, "115": 0.6789059638977051, "116": 0.6788530945777893, "117": 0.6787996888160706, "118": 0.6787441372871399, "119": 0.678695559501648, "120": 0.6786501407623291, "121": 0.6786057353019714, "122": 0.6785644888877869, "123": 0.6785159111022949, "124": 0.6784724593162537, "125": 0.678429901599884, "126": 0.6783856749534607, "127": 0.678348958492279, "128": 0.6783110499382019, "129": 0.6782678961753845, "130": 0.6782313585281372, "131": 0.6781971454620361, "132": 0.6781625151634216, "133": 0.6781272888183594, "134": 0.6780933737754822, "135": 0.6780614852905273, "136": 0.6780282855033875, "137": 0.6779953837394714, "138": 0.6779643297195435, "139": 0.6779336333274841, "140": 0.6779075264930725, "141": 0.6778770089149475, "142": 0.6778491139411926, "143": 0.6778233051300049, "144": 0.6777979731559753, "145": 0.6777731776237488, "146": 0.6777485609054565, "147": 0.6777228116989136, "148": 0.6776998043060303, "149": 0.6776779890060425, "150": 0.6776573061943054, "151": 0.6776357293128967, "152": 0.6776126623153687, "153": 0.677593469619751, "154": 0.6775704622268677, "155": 0.6775496602058411, "156": 0.6775302886962891, "157": 0.6775115728378296, "158": 0.6774923801422119, "159": 0.6774746775627136, "160": 0.6774575710296631, "161": 0.6774417757987976, "162": 0.6774260997772217, "163": 0.6774086952209473, "164": 0.6773952841758728, "165": 0.6773796081542969, "166": 0.6773645877838135, "167": 0.677350640296936, "168": 0.6773371696472168, "169": 0.6773236393928528, "170": 0.6773099899291992, "171": 0.6772977113723755, "172": 0.6772854328155518, "173": 0.6772737503051758, "174": 0.6772623658180237, "175": 0.6772499084472656, "176": 0.6772396564483643, "177": 0.6772288084030151, "178": 0.677217423915863, "179": 0.6772072315216064, "180": 0.6771971583366394, "181": 0.677186906337738, "182": 0.6771787405014038, "183": 0.6771701574325562, "184": 0.6771624684333801, "185": 0.677154541015625, "186": 0.6771453022956848, "187": 0.6771376729011536, "188": 0.6771298050880432, "189": 0.6771215796470642, "190": 0.6771146655082703, "191": 0.6771071553230286, "192": 0.6771000623703003, "193": 0.6770923733711243, "194": 0.6770861148834229, "195": 0.6770798563957214, "196": 0.6770742535591125, "197": 0.6770687103271484, "198": 0.6770629286766052, "199": 0.6770573854446411, "200": 0.6770514845848083, "201": 0.6770467162132263, "202": 0.67704176902771, "203": 0.677037239074707, "204": 0.6770322918891907, "205": 0.677028238773346, "206": 0.6770234107971191, "207": 0.6770184636116028, "208": 0.6770141124725342, "209": 0.6770097017288208, "210": 0.6770055294036865, "211": 0.6770011186599731, "212": 0.6769970655441284, "213": 0.676993191242218, "214": 0.6769893169403076, "215": 0.6769860982894897, "216": 0.6769827604293823, "217": 0.6769790053367615, "218": 0.676975667476654, "219": 0.676972508430481, "220": 0.676969051361084, "221": 0.6769658923149109, "222": 0.6769629716873169, "223": 0.6769604682922363, "224": 0.6769577860832214, "225": 0.6769549250602722, "226": 0.6769521832466125, "227": 0.6769495010375977, "228": 0.6769469976425171, "229": 0.6769444942474365, "230": 0.6769424080848694, "231": 0.6769402027130127, "232": 0.6769381165504456, "233": 0.676936149597168, "234": 0.6769341230392456, "235": 0.6769324541091919, "236": 0.6769304275512695, "237": 0.6769285798072815, "238": 0.6769267916679382, "239": 0.6769249439239502, "240": 0.6769230365753174, "241": 0.6769213676452637, "242": 0.6769197583198547, "243": 0.6769181489944458, "244": 0.6769167184829712, "245": 0.6769151091575623, "246": 0.6769139170646667, "247": 0.6769125461578369, "248": 0.6769112348556519, "249": 0.6769099235534668, "250": 0.6769086122512817, "251": 0.6769074201583862, "252": 0.6769062280654907, "253": 0.6769050359725952, "254": 0.6769040822982788}