{"0": 0.6931474208831787, "1": 0.6834485530853271, "2": 0.6832325458526611, "3": 0.6828928589820862, "4": 0.6824550628662109, "5": 0.6819533705711365, "6": 0.6814112067222595, "7": 0.6808574199676514, "8": 0.6802968978881836, "9": 0.6797367334365845, "10": 0.6791795492172241, "11": 0.6786249279975891, "12": 0.6780410408973694, "13": 0.6774155497550964, "14": 0.6767548322677612, "15": 0.6760627031326294, "16": 0.6753454208374023, "17": 0.6745985150337219, "18": 0.6738243103027344, "19": 0.6730238795280457, "20": 0.672201931476593, "21": 0.6713640093803406, "22": 0.670509934425354, "23": 0.6696460247039795, "24": 0.6687737703323364, "25": 0.6678882241249084, "26": 0.6669796705245972, "27": 0.6660464406013489, "28": 0.6650867462158203, "29": 0.664103090763092, "30": 0.6630992293357849, "31": 0.6620769500732422, "32": 0.6610409617424011, "33": 0.6599951982498169, "34": 0.6589455008506775, "35": 0.6578860878944397, "36": 0.656822144985199, "37": 0.655751645565033, "38": 0.6546772122383118, "39": 0.6536039113998413, "40": 0.6525313258171082, "41": 0.6514583230018616, "42": 0.6503894329071045, "43": 0.649319052696228, "44": 0.648252010345459, "45": 0.6471737623214722, "46": 0.6461101770401001, "47": 0.6450252532958984, "48": 0.6439675688743591, "49": 0.6428478360176086, "50": 0.6417902112007141, "51": 0.6406535506248474, "52": 0.6396307945251465, "53": 0.6385685205459595, "54": 0.6375561356544495, "55": 0.636504054069519, "56": 0.6354990601539612, "57": 0.6344501376152039, "58": 0.6334493160247803, "59": 0.6324028968811035, "60": 0.6314042210578918, "61": 0.6303637027740479, "62": 0.6293793320655823, "63": 0.6283711194992065, "64": 0.6274213790893555, "65": 0.6264675259590149, "66": 0.6255336403846741, "67": 0.6245940327644348, "68": 0.6236713528633118, "69": 0.6226795315742493, "70": 0.6217431426048279, "71": 0.6208165287971497, "72": 0.6199344992637634, "73": 0.6190415024757385, "74": 0.6180683374404907, "75": 0.6171523928642273, "76": 0.6162537932395935, "77": 0.6154129505157471, "78": 0.614581823348999, "79": 0.6137455105781555, "80": 0.6129079461097717, "81": 0.6120507717132568, "82": 0.6112051606178284, "83": 0.6104164123535156, "84": 0.6096413731575012, "85": 0.6088517308235168, "86": 0.6080639362335205, "87": 0.6072518229484558, "88": 0.6064231991767883, "89": 0.6056338548660278, "90": 0.6048961281776428, "91": 0.6041927337646484, "92": 0.6034221053123474, "93": 0.6026912927627563, "94": 0.601978063583374, "95": 0.6012586951255798, "96": 0.6005527377128601, "97": 0.5998398065567017, "98": 0.5991390943527222, "99": 0.5983661413192749, "100": 0.5976977944374084, "101": 0.5970322489738464, "102": 0.5963495969772339, "103": 0.5956759452819824, "104": 0.5949993133544922, "105": 0.5943807363510132, "106": 0.5937443375587463, "107": 0.5931389927864075, "108": 0.5925272703170776, "109": 0.5919184684753418, "110": 0.5913357734680176, "111": 0.5906950831413269, "112": 0.5901452302932739, "113": 0.5896157622337341, "114": 0.5890564918518066, "115": 0.5884848237037659, "116": 0.5879764556884766, "117": 0.5874667763710022, "118": 0.5869627594947815, "119": 0.5864365100860596, "120": 0.5859473943710327, "121": 0.5854231119155884, "122": 0.5849214196205139, "123": 0.5844810605049133, "124": 0.5840252041816711, "125": 0.583553671836853, "126": 0.583052933216095, "127": 0.5826271772384644, "128": 0.582222580909729, "129": 0.5817920565605164, "130": 0.5813649892807007, "131": 0.5809348225593567, "132": 0.5805076956748962, "133": 0.580085277557373, "134": 0.5797250270843506, "135": 0.57935631275177, "136": 0.5789443254470825, "137": 0.5785490274429321, "138": 0.57821124792099, "139": 0.5778586268424988, "140": 0.5775113701820374, "141": 0.5771530866622925, "142": 0.5767898559570312, "143": 0.5764570236206055, "144": 0.576140284538269, "145": 0.5758420825004578, "146": 0.5755412578582764, "147": 0.5752152800559998, "148": 0.5749098658561707, "149": 0.5746257901191711, "150": 0.574345052242279, "151": 0.5740522146224976, "152": 0.5737692713737488, "153": 0.5734766721725464, "154": 0.5732075572013855, "155": 0.5729460120201111, "156": 0.5726998448371887, "157": 0.5724597573280334, "158": 0.5722103714942932, "159": 0.571978747844696, "160": 0.5717424154281616, "161": 0.571496307849884, "162": 0.5712555646896362, "163": 0.5710147619247437, "164": 0.5708088874816895, "165": 0.57059645652771, "166": 0.5703792572021484, "167": 0.570176362991333, "168": 0.5699735879898071, "169": 0.5697793364524841, "170": 0.5695734620094299, "171": 0.5694116950035095, "172": 0.5692306160926819, "173": 0.5690459609031677, "174": 0.5688509345054626, "175": 0.5686580538749695, "176": 0.5684823989868164, "177": 0.5683180689811707, "178": 0.5681430697441101, "179": 0.5679761171340942, "180": 0.5678172707557678, "181": 0.5676494836807251, "182": 0.5674921870231628, "183": 0.5673376321792603, "184": 0.5671812891960144, "185": 0.5670123100280762, "186": 0.5668550729751587, "187": 0.5667078495025635, "188": 0.5665618777275085, "189": 0.5664074420928955, "190": 0.5662631988525391, "191": 0.5661212205886841, "192": 0.5659708380699158, "193": 0.565821647644043, "194": 0.5656853914260864, "195": 0.5655491352081299, "196": 0.5654112696647644, "197": 0.5652768611907959, "198": 0.5651430487632751, "199": 0.5650094747543335, "200": 0.5648883581161499, "201": 0.5647554397583008, "202": 0.5646386742591858, "203": 0.5645148754119873, "204": 0.5643724799156189, "205": 0.5642541646957397, "206": 0.5641331672668457, "207": 0.5640089511871338, "208": 0.5638877749443054, "209": 0.5637699365615845, "210": 0.5636473894119263, "211": 0.5635286569595337, "212": 0.5634078979492188, "213": 0.563310444355011, "214": 0.5632134079933167, "215": 0.5631123781204224, "216": 0.5630093812942505, "217": 0.5628800392150879, "218": 0.5627717971801758, "219": 0.5627181529998779, "220": 0.5627158880233765, "221": 0.5627158284187317}