{"0": 998.3068525791168, "1": 5.3763389587402344e-05, "2": 1.9073486328125e-05, "3": 2.2351741790771484e-05, "4": 2.4199485778808594e-05, "5": 2.5093555450439453e-05, "6": 2.5570392608642578e-05, "7": 2.580881118774414e-05, "8": 2.586841583251953e-05, "9": 2.5987625122070312e-05, "10": 2.586841583251953e-05, "11": 2.5928020477294922e-05, "12": 2.849102020263672e-05, "13": 3.123283386230469e-05, "14": 3.3736228942871094e-05, "15": 3.612041473388672e-05, "16": 3.790855407714844e-05, "17": 3.9517879486083984e-05, "18": 4.094839096069336e-05, "19": 4.1961669921875e-05, "20": 4.273653030395508e-05, "21": 4.3511390686035156e-05, "22": 4.4345855712890625e-05, "23": 4.875659942626953e-05, "24": 5.2869319915771484e-05, "25": 5.0127506256103516e-05, "26": 4.881620407104492e-05, "27": 4.947185516357422e-05, "28": 4.839897155761719e-05, "29": 5.429983139038086e-05, "30": 4.738569259643555e-05, "31": 4.89354133605957e-05, "32": 4.476308822631836e-05, "33": 4.684925079345703e-05, "34": 4.678964614868164e-05, "35": 4.887580871582031e-05, "36": 4.976987838745117e-05, "37": 4.6253204345703125e-05, "38": 4.7087669372558594e-05, "39": 4.4345855712890625e-05, "40": 4.565715789794922e-05, "41": 4.315376281738281e-05, "42": 4.4345855712890625e-05, "43": 4.190206527709961e-05, "44": 4.178285598754883e-05, "45": 3.8504600524902344e-05, "46": 4.017353057861328e-05, "47": 4.112720489501953e-05, "48": 4.363059997558594e-05, "49": 4.178285598754883e-05, "50": 3.7729740142822266e-05, "51": 3.9696693420410156e-05, "52": 3.463029861450195e-05, "53": 3.74913215637207e-05, "54": 3.713369369506836e-05, "55": 3.707408905029297e-05, "56": 3.4332275390625e-05, "57": 3.635883331298828e-05, "58": 3.546476364135742e-05, "59": 3.337860107421875e-05, "60": 3.594160079956055e-05, "61": 3.153085708618164e-05, "62": 3.349781036376953e-05, "63": 2.950429916381836e-05, "64": 2.968311309814453e-05, "65": 2.9087066650390625e-05, "66": 3.039836883544922e-05, "67": 2.8789043426513672e-05, "68": 3.063678741455078e-05, "69": 3.069639205932617e-05, "70": 2.950429916381836e-05, "71": 2.9861927032470703e-05, "72": 2.7179718017578125e-05, "73": 2.7477741241455078e-05, "74": 2.7239322662353516e-05, "75": 2.6464462280273438e-05, "76": 2.6345252990722656e-05, "77": 2.47955322265625e-05, "78": 2.3543834686279297e-05, "79": 2.658367156982422e-05, "80": 2.562999725341797e-05, "81": 2.3186206817626953e-05, "82": 2.5451183319091797e-05, "83": 2.580881118774414e-05, "84": 2.3365020751953125e-05, "85": 2.4020671844482422e-05, "86": 2.199411392211914e-05, "87": 2.4199485778808594e-05, "88": 2.3126602172851562e-05, "89": 2.1159648895263672e-05, "90": 1.9729137420654297e-05, "91": 1.9848346710205078e-05, "92": 2.199411392211914e-05, "93": 2.3245811462402344e-05, "94": 2.181529998779297e-05, "95": 2.092123031616211e-05, "96": 2.193450927734375e-05, "97": 2.276897430419922e-05, "98": 2.2113323211669922e-05, "99": 2.1755695343017578e-05, "100": 2.0503997802734375e-05, "101": 1.8596649169921875e-05, "102": 1.9073486328125e-05, "103": 1.901388168334961e-05, "104": 2.0205974578857422e-05, "105": 1.919269561767578e-05, "106": 2.002716064453125e-05, "107": 2.2232532501220703e-05, "108": 2.092123031616211e-05, "109": 2.2351741790771484e-05, "110": 2.2232532501220703e-05, "111": 1.9252300262451172e-05, "112": 2.3543834686279297e-05, "113": 2.2470951080322266e-05, "114": 1.9848346710205078e-05, "115": 2.0623207092285156e-05, "116": 2.09808349609375e-05, "117": 2.092123031616211e-05, "118": 2.3543834686279297e-05, "119": 2.0563602447509766e-05, "120": 2.193450927734375e-05, "121": 2.664327621459961e-05, "122": 2.288818359375e-05, "123": 2.5212764739990234e-05, "124": 2.6464462280273438e-05, "125": 2.4259090423583984e-05, "126": 2.6226043701171875e-05, "127": 2.4020671844482422e-05, "128": 2.467632293701172e-05, "129": 2.8133392333984375e-05, "130": 2.8252601623535156e-05, "131": 3.0100345611572266e-05, "132": 3.254413604736328e-05, "133": 3.707408905029297e-05, "134": 3.445148468017578e-05, "135": 3.790855407714844e-05, "136": 3.4689903259277344e-05, "137": 4.118680953979492e-05, "138": 3.88026237487793e-05, "139": 3.6835670471191406e-05, "140": 4.07099723815918e-05, "141": 3.534555435180664e-05, "142": 4.76837158203125e-05, "143": 6.592273712158203e-05, "144": 1.1324882507324219e-06, "145": 5.960464477539063e-08}