{"0": 0.6931474208831787, "1": 0.6930936574935913, "2": 0.6930745840072632, "3": 0.6930522322654724, "4": 0.6930280327796936, "5": 0.6930029392242432, "6": 0.6929773688316345, "7": 0.6929515600204468, "8": 0.6929256916046143, "9": 0.6928997039794922, "10": 0.6928738355636597, "11": 0.6928479075431824, "12": 0.6928194165229797, "13": 0.6927881836891174, "14": 0.6927544474601746, "15": 0.6927183270454407, "16": 0.6926804184913635, "17": 0.6926409006118774, "18": 0.6925999522209167, "19": 0.6925579905509949, "20": 0.6925152540206909, "21": 0.6924717426300049, "22": 0.692427396774292, "23": 0.6923786401748657, "24": 0.69232577085495, "25": 0.6922756433486938, "26": 0.6922268271446228, "27": 0.6921773552894592, "28": 0.6921289563179016, "29": 0.6920746564865112, "30": 0.6920272707939148, "31": 0.6919783353805542, "32": 0.6919335722923279, "33": 0.6918867230415344, "34": 0.6918399333953857, "35": 0.6917910575866699, "36": 0.6917412877082825, "37": 0.6916950345039368, "38": 0.6916479468345642, "39": 0.6916036009788513, "40": 0.6915579438209534, "41": 0.691514790058136, "42": 0.6914704442024231, "43": 0.691428542137146, "44": 0.6913867592811584, "45": 0.6913482546806335, "46": 0.6913080811500549, "47": 0.6912669539451599, "48": 0.6912233233451843, "49": 0.6911815404891968, "50": 0.691143810749054, "51": 0.6911041140556335, "52": 0.691069483757019, "53": 0.6910319924354553, "54": 0.6909948587417603, "55": 0.69095778465271, "56": 0.6909234523773193, "57": 0.6908870935440063, "58": 0.690851628780365, "59": 0.6908182501792908, "60": 0.6907823085784912, "61": 0.690750777721405, "62": 0.6907172799110413, "63": 0.6906877756118774, "64": 0.6906580924987793, "65": 0.6906290054321289, "66": 0.6905986070632935, "67": 0.6905698180198669, "68": 0.6905391812324524, "69": 0.6905084848403931, "70": 0.6904789805412292, "71": 0.6904491186141968, "72": 0.6904219388961792, "73": 0.6903944611549377, "74": 0.6903672218322754, "75": 0.6903407573699951, "76": 0.6903144121170044, "77": 0.6902896165847778, "78": 0.6902660727500916, "79": 0.6902394890785217, "80": 0.6902138590812683, "81": 0.6901906728744507, "82": 0.6901652216911316, "83": 0.6901394128799438, "84": 0.6901160478591919, "85": 0.6900920271873474, "86": 0.6900700330734253, "87": 0.6900458335876465, "88": 0.6900227069854736, "89": 0.6900015473365784, "90": 0.6899818181991577, "91": 0.6899619698524475, "92": 0.6899399757385254, "93": 0.689916729927063, "94": 0.6898949146270752, "95": 0.689873993396759, "96": 0.6898520588874817, "97": 0.6898292899131775, "98": 0.6898071765899658, "99": 0.6897854208946228, "100": 0.6897649168968201, "101": 0.6897463202476501, "102": 0.689727246761322, "103": 0.6897082328796387, "104": 0.6896880269050598, "105": 0.6896688342094421, "106": 0.6896488070487976, "107": 0.6896265745162964, "108": 0.6896056532859802, "109": 0.6895833015441895, "110": 0.6895610690116882, "111": 0.6895418167114258, "112": 0.6895182728767395, "113": 0.6894958019256592, "114": 0.689475953578949, "115": 0.6894553303718567, "116": 0.6894343495368958, "117": 0.6894134283065796, "118": 0.6893898844718933, "119": 0.6893693208694458, "120": 0.6893473863601685, "121": 0.6893207430839539, "122": 0.6892978549003601, "123": 0.6892726421356201, "124": 0.6892461776733398, "125": 0.6892219185829163, "126": 0.6891956925392151, "127": 0.6891716718673706, "128": 0.6891469955444336, "129": 0.6891188621520996, "130": 0.6890906095504761, "131": 0.6890605092048645, "132": 0.6890279650688171, "133": 0.6889908909797668, "134": 0.6889564394950867, "135": 0.6889185309410095, "136": 0.6888838410377502, "137": 0.6888426542282104, "138": 0.6888038516044617, "139": 0.6887670159339905, "140": 0.6887263059616089, "141": 0.6886909604072571, "142": 0.6886432766914368, "143": 0.6885773539543152, "144": 0.6885762214660645, "145": 0.6885761618614197}