{"0": 998.3068525791168, "1": 0.0012305378913879395, "2": 9.393692016601562e-05, "3": 0.0001099705696105957, "4": 0.00012195110321044922, "5": 0.00012809038162231445, "6": 0.00012999773025512695, "7": 0.00012981891632080078, "8": 0.00012856721878051758, "9": 0.00012809038162231445, "10": 0.00012761354446411133, "11": 0.0001265406608581543, "12": 0.00013512372970581055, "13": 0.00014209747314453125, "14": 0.00015032291412353516, "15": 0.00015777349472045898, "16": 0.0001633763313293457, "17": 0.00016731023788452148, "18": 0.00016999244689941406, "19": 0.00017315149307250977, "20": 0.0001755356788635254, "21": 0.0001760721206665039, "22": 0.00017786026000976562, "23": 0.0001819133758544922, "24": 0.00018894672393798828, "25": 0.00019532442092895508, "26": 0.00020205974578857422, "27": 0.00020807981491088867, "28": 0.000213623046875, "29": 0.00021845102310180664, "30": 0.00022220611572265625, "31": 0.0002256631851196289, "32": 0.00023168325424194336, "33": 0.00023889541625976562, "34": 0.00024700164794921875, "35": 0.000256955623626709, "36": 0.00026738643646240234, "37": 0.000276029109954834, "38": 0.00028437376022338867, "39": 0.0002937912940979004, "40": 0.00030243396759033203, "41": 0.0003109574317932129, "42": 0.0003191232681274414, "43": 0.00033080577850341797, "44": 0.00034421682357788086, "45": 0.00036031007766723633, "46": 0.00037413835525512695, "47": 0.00038760900497436523, "48": 0.0003973841667175293, "49": 0.00041800737380981445, "50": 0.0004258155822753906, "51": 0.0004507899284362793, "52": 0.00045758485794067383, "53": 0.0005828738212585449, "54": 0.0005195140838623047, "55": 0.0005344152450561523, "56": 0.0004990100860595703, "57": 0.0005394220352172852, "58": 0.0005124211311340332, "59": 0.0005164742469787598, "60": 0.000507056713104248, "61": 0.0005477666854858398, "62": 0.0006261467933654785, "63": 0.0005882978439331055, "64": 0.0005269050598144531, "65": 0.000554203987121582, "66": 0.000514984130859375, "67": 0.0005259513854980469, "68": 0.0005685687065124512, "69": 0.0005574226379394531, "70": 0.0004947781562805176, "71": 0.0005155205726623535, "72": 0.0005056262016296387, "73": 0.0005511045455932617, "74": 0.0005319714546203613, "75": 0.00049591064453125, "76": 0.00048172473907470703, "77": 0.000507354736328125, "78": 0.0004786849021911621, "79": 0.0005444884300231934, "80": 0.0005161762237548828, "81": 0.00046074390411376953, "82": 0.00046688318252563477, "83": 0.00046139955520629883, "84": 0.00045675039291381836, "85": 0.0004649162292480469, "86": 0.00048160552978515625, "87": 0.0004363059997558594, "88": 0.0004717111587524414, "89": 0.0004439353942871094, "90": 0.0004892349243164062, "91": 0.0004776120185852051, "92": 0.00044995546340942383, "93": 0.0004315972328186035, "94": 0.00044101476669311523, "95": 0.000417172908782959, "96": 0.0004405975341796875, "97": 0.00044280290603637695, "98": 0.0004692673683166504, "99": 0.00044143199920654297, "100": 0.00044345855712890625, "101": 0.0004392862319946289, "102": 0.00042515993118286133, "103": 0.0004372596740722656, "104": 0.00044339895248413086, "105": 0.00040340423583984375, "106": 0.0004190206527709961, "107": 0.00039821863174438477, "108": 0.00042873620986938477, "109": 0.0004531741142272949, "110": 0.00043070316314697266, "111": 0.0004086494445800781, "112": 0.00045740604400634766, "113": 0.00038683414459228516, "114": 0.00044459104537963867, "115": 0.000456392765045166, "116": 0.0003947615623474121, "117": 0.0004322528839111328, "118": 0.0004583001136779785, "119": 0.00044029951095581055, "120": 0.0004898905754089355, "121": 0.0004647970199584961, "122": 0.0004572272300720215, "123": 0.000482022762298584, "124": 0.00045680999755859375, "125": 0.00048232078552246094, "126": 0.0005093812942504883, "127": 0.0004703402519226074, "128": 0.0004628300666809082, "129": 0.0004678964614868164, "130": 0.0005323290824890137, "131": 0.0005176067352294922, "132": 0.0004991292953491211, "133": 0.0005303025245666504, "134": 0.0005141496658325195, "135": 0.0005338788032531738, "136": 0.0005019307136535645, "137": 0.00047069787979125977, "138": 0.00048726797103881836, "139": 0.0004960894584655762, "140": 0.0005044341087341309, "141": 0.0006128549575805664, "142": 0.0005891323089599609, "143": 0.0005646944046020508, "144": 0.0005794763565063477, "145": 0.0005972385406494141, "146": 0.0006711483001708984, "147": 0.0006189346313476562, "148": 0.0006747841835021973, "149": 0.0006850957870483398, "150": 0.000645756721496582, "151": 0.0001792311668395996, "152": 3.159046173095703e-06, "153": 5.960464477539063e-08}