{"0": 0.6931474208831787, "1": 0.6925720572471619, "2": 0.6924295425415039, "3": 0.6922829747200012, "4": 0.6921370029449463, "5": 0.6919916272163391, "6": 0.6918479800224304, "7": 0.6917058825492859, "8": 0.6915656328201294, "9": 0.6914271116256714, "10": 0.6912903785705566, "11": 0.6911551356315613, "12": 0.6910178661346436, "13": 0.6908801198005676, "14": 0.690742552280426, "15": 0.6906052231788635, "16": 0.6904680132865906, "17": 0.6903313398361206, "18": 0.6901951432228088, "19": 0.6900591850280762, "20": 0.6899237036705017, "21": 0.6897885203361511, "22": 0.6896536350250244, "23": 0.6895179152488708, "24": 0.6893816590309143, "25": 0.6892451643943787, "26": 0.6891078948974609, "27": 0.688970148563385, "28": 0.6888318657875061, "29": 0.6886923313140869, "30": 0.6885520815849304, "31": 0.6884108185768127, "32": 0.6882678270339966, "33": 0.688122570514679, "34": 0.6879753470420837, "35": 0.6878265142440796, "36": 0.6876752376556396, "37": 0.6875215768814087, "38": 0.6873645186424255, "39": 0.6872035264968872, "40": 0.6870383620262146, "41": 0.6868693232536316, "42": 0.6866945624351501, "43": 0.6865150332450867, "44": 0.6863299012184143, "45": 0.6861379742622375, "46": 0.6859380006790161, "47": 0.6857289671897888, "48": 0.6855088472366333, "49": 0.6852766275405884, "50": 0.6850314140319824, "51": 0.6847695112228394, "52": 0.6844889521598816, "53": 0.6841861009597778, "54": 0.6838560700416565, "55": 0.6834929585456848, "56": 0.6830903887748718, "57": 0.6826390624046326, "58": 0.6821247339248657, "59": 0.6815342307090759, "60": 0.6808441877365112, "61": 0.6800097823143005, "62": 0.6789439916610718, "63": 0.6777219176292419, "64": 0.6763655543327332, "65": 0.6748209595680237, "66": 0.6731560826301575, "67": 0.6713688969612122, "68": 0.6695151925086975, "69": 0.6676079034805298, "70": 0.6656774878501892, "71": 0.6637303233146667, "72": 0.6617339849472046, "73": 0.6596142053604126, "74": 0.6576260328292847, "75": 0.6555804014205933, "76": 0.6535351276397705, "77": 0.6514403820037842, "78": 0.6493357419967651, "79": 0.6472523212432861, "80": 0.6451231837272644, "81": 0.6429041028022766, "82": 0.6405532360076904, "83": 0.638104259967804, "84": 0.6357818245887756, "85": 0.6347765922546387, "86": 0.6323952078819275, "87": 0.6299536824226379, "88": 0.6275797486305237, "89": 0.625059187412262, "90": 0.6224501132965088, "91": 0.6197530031204224, "92": 0.6170374155044556, "93": 0.6142098307609558, "94": 0.6113504767417908, "95": 0.6100603938102722, "96": 0.6073070764541626, "97": 0.6058437824249268, "98": 0.6043880581855774, "99": 0.6015240550041199, "100": 0.5986462235450745, "101": 0.5974537134170532, "102": 0.5946487188339233, "103": 0.5943294763565063, "104": 0.5943644046783447, "105": 0.5944617986679077, "106": 0.5931057929992676, "107": 0.5922846794128418, "108": 0.5922479629516602, "109": 0.592246949672699, "110": 0.592246949672699}