{"0": 998.3068525791168, "1": 0.0005130767822265625, "2": 9.107589721679688e-05, "3": 0.00012230873107910156, "4": 0.00014513731002807617, "5": 0.00015228986740112305, "6": 0.0001608729362487793, "7": 0.00016313791275024414, "8": 0.00016826391220092773, "9": 0.00016731023788452148, "10": 0.00017571449279785156, "11": 0.00017386674880981445, "12": 0.00021314620971679688, "13": 0.00019621849060058594, "14": 0.00021636486053466797, "15": 0.00019532442092895508, "16": 0.00021260976791381836, "17": 0.00019609928131103516, "18": 0.0002111196517944336, "19": 0.00019621849060058594, "20": 0.00020951032638549805, "21": 0.00019437074661254883, "22": 0.00021797418594360352, "23": 0.00020498037338256836, "24": 0.00022155046463012695, "25": 0.0001944899559020996, "26": 0.00020569562911987305, "27": 0.00019049644470214844, "28": 0.00019252300262451172, "29": 0.00018578767776489258, "30": 0.0001811385154724121, "31": 0.00018107891082763672, "32": 0.0001748204231262207, "33": 0.0001766681671142578, "34": 0.00017088651657104492, "35": 0.00018107891082763672, "36": 0.0001939535140991211, "37": 0.00018608570098876953, "38": 0.00015848875045776367, "39": 0.00016230344772338867, "40": 0.00017142295837402344, "41": 0.0001830458641052246, "42": 0.00016570091247558594, "43": 0.00016230344772338867, "44": 0.00015884637832641602, "45": 0.00015604496002197266, "46": 0.00014770030975341797, "47": 0.00015246868133544922, "48": 0.00017267465591430664, "49": 0.00016236305236816406, "50": 0.0001398921012878418, "51": 0.00014346837997436523, "52": 0.00014591217041015625, "53": 0.0001671910285949707, "54": 0.00014656782150268555, "55": 0.0001442432403564453, "56": 0.0001386404037475586, "57": 0.00013810396194458008, "58": 0.0001309514045715332, "59": 0.00014597177505493164, "60": 0.0001481175422668457, "61": 0.0001284480094909668, "62": 0.00012099742889404297, "63": 0.00011980533599853516, "64": 0.00013238191604614258, "65": 0.00014138221740722656, "66": 0.0001277923583984375, "67": 0.00012809038162231445, "68": 0.00011718273162841797, "69": 0.00011724233627319336, "70": 0.00011843442916870117, "71": 0.00012552738189697266, "72": 0.00012242794036865234, "73": 0.00010538101196289062, "74": 0.00010508298873901367, "75": 0.00010204315185546875, "76": 0.00010973215103149414, "77": 0.00011277198791503906, "78": 0.00011837482452392578, "79": 0.00011461973190307617, "80": 0.00010466575622558594, "81": 0.00010323524475097656, "82": 0.00010502338409423828, "83": 0.00010293722152709961, "84": 0.0001042485237121582, "85": 9.047985076904297e-05, "86": 9.202957153320312e-05, "87": 8.606910705566406e-05, "88": 8.988380432128906e-05, "89": 8.398294448852539e-05, "90": 8.505582809448242e-05, "91": 9.28640365600586e-05, "92": 9.846687316894531e-05, "93": 8.779764175415039e-05, "94": 8.994340896606445e-05, "95": 9.143352508544922e-05, "96": 8.726119995117188e-05, "97": 8.296966552734375e-05, "98": 7.534027099609375e-05, "99": 8.082389831542969e-05, "100": 7.909536361694336e-05, "101": 7.241964340209961e-05, "102": 7.76052474975586e-05, "103": 8.636713027954102e-05, "104": 7.933378219604492e-05, "105": 7.712841033935547e-05, "106": 7.832050323486328e-05, "107": 7.277727127075195e-05, "108": 7.873773574829102e-05, "109": 6.824731826782227e-05, "110": 6.914138793945312e-05, "111": 6.759166717529297e-05, "112": 6.490945816040039e-05, "113": 6.312131881713867e-05, "114": 7.253885269165039e-05, "115": 7.176399230957031e-05, "116": 6.341934204101562e-05, "117": 6.210803985595703e-05, "118": 6.014108657836914e-05, "119": 6.93202018737793e-05, "120": 6.341934204101562e-05, "121": 6.42538070678711e-05, "122": 6.0558319091796875e-05, "123": 5.78761100769043e-05, "124": 5.632638931274414e-05, "125": 5.9723854064941406e-05, "126": 6.175041198730469e-05, "127": 5.0067901611328125e-05, "128": 4.750490188598633e-05, "129": 5.310773849487305e-05, "130": 6.002187728881836e-05, "131": 5.453824996948242e-05, "132": 5.370378494262695e-05, "133": 4.941225051879883e-05, "134": 4.792213439941406e-05, "135": 4.7266483306884766e-05, "136": 4.762411117553711e-05, "137": 4.953145980834961e-05, "138": 4.5359134674072266e-05, "139": 4.32133674621582e-05, "140": 4.929304122924805e-05, "141": 5.161762237548828e-05, "142": 4.6253204345703125e-05, "143": 4.8279762268066406e-05, "144": 4.118680953979492e-05, "145": 4.64320182800293e-05, "146": 4.267692565917969e-05, "147": 4.3392181396484375e-05, "148": 4.273653030395508e-05, "149": 4.315376281738281e-05, "150": 4.780292510986328e-05, "151": 3.5762786865234375e-05, "152": 3.6656856536865234e-05, "153": 4.392862319946289e-05, "154": 3.993511199951172e-05, "155": 3.7789344787597656e-05, "156": 3.975629806518555e-05, "157": 3.898143768310547e-05, "158": 4.0650367736816406e-05, "159": 3.415346145629883e-05, "160": 3.981590270996094e-05, "161": 4.220008850097656e-05, "162": 3.4809112548828125e-05, "163": 3.5643577575683594e-05, "164": 3.737211227416992e-05, "165": 3.4928321838378906e-05, "166": 3.62396240234375e-05, "167": 3.147125244140625e-05, "168": 3.62396240234375e-05, "169": 3.349781036376953e-05, "170": 3.0875205993652344e-05, "171": 3.0040740966796875e-05, "172": 3.439188003540039e-05, "173": 3.081560134887695e-05, "174": 2.759695053100586e-05, "175": 3.790855407714844e-05, "176": 3.212690353393555e-05, "177": 2.8789043426513672e-05, "178": 2.8073787689208984e-05, "179": 2.8312206268310547e-05, "180": 3.135204315185547e-05, "181": 2.8073787689208984e-05, "182": 2.7358531951904297e-05, "183": 2.6702880859375e-05, "184": 2.6524066925048828e-05, "185": 2.6404857635498047e-05, "186": 3.212690353393555e-05, "187": 2.6047229766845703e-05, "188": 2.7954578399658203e-05, "189": 2.8312206268310547e-05, "190": 2.6941299438476562e-05, "191": 3.045797348022461e-05, "192": 2.682209014892578e-05, "193": 2.467632293701172e-05, "194": 2.568960189819336e-05, "195": 2.6285648345947266e-05, "196": 2.6404857635498047e-05, "197": 2.6106834411621094e-05, "198": 3.230571746826172e-05, "199": 2.3365020751953125e-05, "200": 2.5093555450439453e-05, "201": 2.765655517578125e-05, "202": 2.8789043426513672e-05, "203": 2.9861927032470703e-05, "204": 2.6881694793701172e-05, "205": 2.4497509002685547e-05, "206": 2.9206275939941406e-05, "207": 2.372264862060547e-05, "208": 1.996755599975586e-05, "209": 2.5212764739990234e-05, "210": 3.069639205932617e-05, "211": 2.5272369384765625e-05, "212": 2.1398067474365234e-05, "213": 2.6404857635498047e-05, "214": 3.0338764190673828e-05, "215": 2.962350845336914e-05, "216": 2.9325485229492188e-05, "217": 3.24249267578125e-05, "218": 2.562999725341797e-05, "219": 2.7835369110107422e-05, "220": 2.3603439331054688e-05, "221": 2.8431415557861328e-05, "222": 2.562999725341797e-05, "223": 3.0517578125e-05, "224": 3.2782554626464844e-05, "225": 2.9265880584716797e-05, "226": 2.467632293701172e-05, "227": 2.491474151611328e-05, "228": 3.069639205932617e-05, "229": 2.7358531951904297e-05, "230": 2.4557113647460938e-05, "231": 2.664327621459961e-05, "232": 2.9206275939941406e-05, "233": 2.658367156982422e-05, "234": 2.7358531951904297e-05, "235": 2.5928020477294922e-05, "236": 3.421306610107422e-05, "237": 4.0531158447265625e-05, "238": 2.574920654296875e-05, "239": 2.3484230041503906e-05, "240": 2.1755695343017578e-05, "241": 3.9696693420410156e-05, "242": 3.2961368560791016e-05, "243": 3.218650817871094e-05, "244": 3.790855407714844e-05, "245": 4.26173210144043e-05, "246": 3.0934810638427734e-05, "247": 3.0100345611572266e-05, "248": 2.7358531951904297e-05, "249": 4.476308822631836e-05, "250": 3.719329833984375e-05, "251": 3.814697265625e-05, "252": 3.898143768310547e-05, "253": 1.4424324035644531e-05, "254": 7.152557373046875e-07}