{"0": 0.6931474208831787, "1": 0.6926343441009521, "2": 0.6925432682037354, "3": 0.6924209594726562, "4": 0.6922758221626282, "5": 0.692123532295227, "6": 0.6919626593589783, "7": 0.691799521446228, "8": 0.6916312575340271, "9": 0.6914639472961426, "10": 0.6912882328033447, "11": 0.6911143660545349, "12": 0.6909012198448181, "13": 0.6907050013542175, "14": 0.6904886364936829, "15": 0.6902933120727539, "16": 0.6900807023048401, "17": 0.689884603023529, "18": 0.6896734833717346, "19": 0.689477264881134, "20": 0.6892677545547485, "21": 0.689073383808136, "22": 0.6888554096221924, "23": 0.6886504292488098, "24": 0.6884288787841797, "25": 0.6882343888282776, "26": 0.6880286931991577, "27": 0.6878381967544556, "28": 0.687645673751831, "29": 0.6874598860740662, "30": 0.6872787475585938, "31": 0.6870976686477661, "32": 0.6869228482246399, "33": 0.6867461800575256, "34": 0.6865752935409546, "35": 0.686394214630127, "36": 0.6862002611160278, "37": 0.6860141754150391, "38": 0.6858556866645813, "39": 0.6856933832168579, "40": 0.6855219602584839, "41": 0.6853389143943787, "42": 0.6851732134819031, "43": 0.6850109100341797, "44": 0.6848520636558533, "45": 0.6846960186958313, "46": 0.6845483183860779, "47": 0.6843958497047424, "48": 0.6842231750488281, "49": 0.68406081199646, "50": 0.6839209198951721, "51": 0.6837774515151978, "52": 0.6836315393447876, "53": 0.6834643483161926, "54": 0.6833177804946899, "55": 0.6831735372543335, "56": 0.6830348968505859, "57": 0.6828967928886414, "58": 0.6827658414840698, "59": 0.6826198697090149, "60": 0.682471752166748, "61": 0.6823433041572571, "62": 0.682222306728363, "63": 0.6821025013923645, "64": 0.6819701194763184, "65": 0.6818287372589111, "66": 0.6817009449005127, "67": 0.6815728545188904, "68": 0.681455671787262, "69": 0.6813384294509888, "70": 0.6812199950218201, "71": 0.6810944676399231, "72": 0.6809720396995544, "73": 0.6808666586875916, "74": 0.6807615756988525, "75": 0.6806595325469971, "76": 0.6805498003959656, "77": 0.6804370284080505, "78": 0.6803186535835266, "79": 0.6802040338516235, "80": 0.680099368095398, "81": 0.679996132850647, "82": 0.6798911094665527, "83": 0.6797881722450256, "84": 0.6796839237213135, "85": 0.6795934438705444, "86": 0.6795014142990112, "87": 0.6794153451919556, "88": 0.6793254613876343, "89": 0.6792414784431458, "90": 0.6791564226150513, "91": 0.6790635585784912, "92": 0.6789650917053223, "93": 0.6788772940635681, "94": 0.678787350654602, "95": 0.6786959171295166, "96": 0.6786086559295654, "97": 0.6785256862640381, "98": 0.678450345993042, "99": 0.6783695220947266, "100": 0.6782904267311096, "101": 0.6782180070877075, "102": 0.67814040184021, "103": 0.6780540347099304, "104": 0.6779747009277344, "105": 0.677897572517395, "106": 0.6778192520141602, "107": 0.6777464747428894, "108": 0.6776677370071411, "109": 0.6775994896888733, "110": 0.6775303483009338, "111": 0.6774627566337585, "112": 0.6773978471755981, "113": 0.677334725856781, "114": 0.6772621870040894, "115": 0.6771904230117798, "116": 0.6771270036697388, "117": 0.6770648956298828, "118": 0.6770047545433044, "119": 0.6769354343414307, "120": 0.6768720149993896, "121": 0.6768077611923218, "122": 0.67674720287323, "123": 0.6766893267631531, "124": 0.6766330003738403, "125": 0.6765732765197754, "126": 0.6765115261077881, "127": 0.6764614582061768, "128": 0.6764139533042908, "129": 0.6763608455657959, "130": 0.6763008236885071, "131": 0.6762462854385376, "132": 0.676192581653595, "133": 0.6761431694030762, "134": 0.6760952472686768, "135": 0.6760479807853699, "136": 0.6760003566741943, "137": 0.675950825214386, "138": 0.6759054660797119, "139": 0.6758622527122498, "140": 0.6758129596710205, "141": 0.675761342048645, "142": 0.6757150888442993, "143": 0.6756668090820312, "144": 0.6756256222724915, "145": 0.6755791902542114, "146": 0.6755365133285522, "147": 0.6754931211471558, "148": 0.6754503846168518, "149": 0.6754072308540344, "150": 0.6753594279289246, "151": 0.6753236651420593, "152": 0.6752870082855225, "153": 0.675243079662323, "154": 0.6752031445503235, "155": 0.6751653552055359, "156": 0.6751255989074707, "157": 0.6750866174697876, "158": 0.6750459671020508, "159": 0.6750118136405945, "160": 0.6749719977378845, "161": 0.6749297976493835, "162": 0.6748949885368347, "163": 0.674859344959259, "164": 0.6748219728469849, "165": 0.6747870445251465, "166": 0.674750804901123, "167": 0.6747193336486816, "168": 0.6746830940246582, "169": 0.6746495962142944, "170": 0.6746187210083008, "171": 0.674588680267334, "172": 0.6745542883872986, "173": 0.6745234727859497, "174": 0.6744958758354187, "175": 0.6744579672813416, "176": 0.6744258403778076, "177": 0.6743970513343811, "178": 0.6743689775466919, "179": 0.6743406653404236, "180": 0.6743093132972717, "181": 0.6742812395095825, "182": 0.6742538809776306, "183": 0.6742271780967712, "184": 0.6742006540298462, "185": 0.6741742491722107, "186": 0.6741421222686768, "187": 0.6741160750389099, "188": 0.6740881204605103, "189": 0.6740598082542419, "190": 0.6740328669548035, "191": 0.6740024089813232, "192": 0.6739755868911743, "193": 0.6739509105682373, "194": 0.6739252209663391, "195": 0.6738989353179932, "196": 0.6738725304603577, "197": 0.673846423625946, "198": 0.6738141179084778, "199": 0.6737907528877258, "200": 0.6737656593322754, "201": 0.6737380027770996, "202": 0.6737092137336731, "203": 0.6736793518066406, "204": 0.6736524701118469, "205": 0.6736279726028442, "206": 0.6735987663269043, "207": 0.6735750436782837, "208": 0.6735550761222839, "209": 0.673529863357544, "210": 0.6734991669654846, "211": 0.6734738945960999, "212": 0.6734524965286255, "213": 0.67342609167099, "214": 0.6733957529067993, "215": 0.673366129398346, "216": 0.6733368039131165, "217": 0.6733043789863586, "218": 0.6732787489891052, "219": 0.6732509136199951, "220": 0.6732273101806641, "221": 0.6731988787651062, "222": 0.6731732487678528, "223": 0.6731427311897278, "224": 0.6731099486351013, "225": 0.6730806827545166, "226": 0.6730560064315796, "227": 0.6730310916900635, "228": 0.6730003952980042, "229": 0.6729730367660522, "230": 0.6729484796524048, "231": 0.6729218363761902, "232": 0.6728926301002502, "233": 0.6728660464286804, "234": 0.6728386878967285, "235": 0.6728127598762512, "236": 0.6727785468101501, "237": 0.6727380156517029, "238": 0.6727122664451599, "239": 0.6726887822151184, "240": 0.6726670265197754, "241": 0.672627329826355, "242": 0.6725943684577942, "243": 0.6725621819496155, "244": 0.6725242733955383, "245": 0.6724816560745239, "246": 0.6724507212638855, "247": 0.6724206209182739, "248": 0.672393262386322, "249": 0.6723484992980957, "250": 0.6723113059997559, "251": 0.6722731590270996, "252": 0.6722341775894165, "253": 0.6722197532653809, "254": 0.6722190380096436}