{"0": 0.6931474208831787, "1": 0.6624402403831482, "2": 0.6612780094146729, "3": 0.6598520278930664, "4": 0.6583629250526428, "5": 0.6568387150764465, "6": 0.6553282737731934, "7": 0.6538424491882324, "8": 0.6523679494857788, "9": 0.6509034633636475, "10": 0.6494527459144592, "11": 0.6480169296264648, "12": 0.6465476751327515, "13": 0.6450374126434326, "14": 0.6435124278068542, "15": 0.6419776678085327, "16": 0.6404469013214111, "17": 0.6389186978340149, "18": 0.6373924612998962, "19": 0.6358729004859924, "20": 0.6343603134155273, "21": 0.632849931716919, "22": 0.6313384175300598, "23": 0.6298256516456604, "24": 0.6283121705055237, "25": 0.6267979145050049, "26": 0.6252840757369995, "27": 0.6237766742706299, "28": 0.6222784519195557, "29": 0.6207823157310486, "30": 0.6192879676818848, "31": 0.6177945137023926, "32": 0.6163023114204407, "33": 0.6148154735565186, "34": 0.6133270263671875, "35": 0.6118407845497131, "36": 0.6103593111038208, "37": 0.6088849902153015, "38": 0.6074137687683105, "39": 0.6059429049491882, "40": 0.6044760346412659, "41": 0.6030113101005554, "42": 0.6015498638153076, "43": 0.6000864505767822, "44": 0.598625898361206, "45": 0.5971671938896179, "46": 0.5957137942314148, "47": 0.5942623019218445, "48": 0.5928114056587219, "49": 0.5913621783256531, "50": 0.589913010597229, "51": 0.5884631276130676, "52": 0.5870139598846436, "53": 0.585561990737915, "54": 0.5841025710105896, "55": 0.5826444625854492, "56": 0.5811876654624939, "57": 0.5797315239906311, "58": 0.5782794952392578, "59": 0.5768287181854248, "60": 0.5753737092018127, "61": 0.5739154815673828, "62": 0.5724462866783142, "63": 0.5709695219993591, "64": 0.5694902539253235, "65": 0.5680114030838013, "66": 0.5665372014045715, "67": 0.5650708079338074, "68": 0.56360924243927, "69": 0.5621408820152283, "70": 0.5606706142425537, "71": 0.5591899752616882, "72": 0.557712733745575, "73": 0.5562297701835632, "74": 0.5547449588775635, "75": 0.553247332572937, "76": 0.5517653822898865, "77": 0.550269603729248, "78": 0.5487871766090393, "79": 0.5472755432128906, "80": 0.545784056186676, "81": 0.5442070364952087, "82": 0.5426850318908691, "83": 0.541032612323761, "84": 0.5395106077194214, "85": 0.5378775000572205, "86": 0.5363869667053223, "87": 0.5348215699195862, "88": 0.5333272218704224, "89": 0.5317951440811157, "90": 0.5303040742874146, "91": 0.5287531018257141, "92": 0.5272651314735413, "93": 0.5256561636924744, "94": 0.524135410785675, "95": 0.5224770307540894, "96": 0.5209872126579285, "97": 0.5194072127342224, "98": 0.5179612040519714, "99": 0.5164514183998108, "100": 0.515012800693512, "101": 0.5135466456413269, "102": 0.5121300220489502, "103": 0.5106697678565979, "104": 0.5092520117759705, "105": 0.5077057480812073, "106": 0.5062524080276489, "107": 0.5047694444656372, "108": 0.5034106373786926, "109": 0.5019818544387817, "110": 0.5006451606750488, "111": 0.49925050139427185, "112": 0.4979132413864136, "113": 0.4965449571609497, "114": 0.49524012207984924, "115": 0.49386435747146606, "116": 0.4925459325313568, "117": 0.49113133549690247, "118": 0.48984771966934204, "119": 0.4885244071483612, "120": 0.48729920387268066, "121": 0.4860396981239319, "122": 0.48485690355300903, "123": 0.48363959789276123, "124": 0.482479989528656, "125": 0.4812859296798706, "126": 0.4801439046859741, "127": 0.4789094626903534, "128": 0.4777742624282837, "129": 0.47661927342414856, "130": 0.4755479097366333, "131": 0.4744552671909332, "132": 0.4734309911727905, "133": 0.4723822772502899, "134": 0.47139695286750793, "135": 0.470374196767807, "136": 0.46941709518432617, "137": 0.46840816736221313, "138": 0.4674799144268036, "139": 0.4664987325668335, "140": 0.46560195088386536, "141": 0.4646676778793335, "142": 0.4638015329837799, "143": 0.4628993570804596, "144": 0.46206092834472656, "145": 0.4611964821815491, "146": 0.46038398146629333, "147": 0.4595184326171875, "148": 0.4587196111679077, "149": 0.4578642249107361, "150": 0.45708322525024414, "151": 0.4562559723854065, "152": 0.45550966262817383, "153": 0.4547659158706665, "154": 0.45399314165115356, "155": 0.4532206952571869, "156": 0.45251399278640747, "157": 0.45180144906044006, "158": 0.45109111070632935, "159": 0.4503905177116394, "160": 0.4497113525867462, "161": 0.4490485191345215, "162": 0.44836634397506714, "163": 0.44768980145454407, "164": 0.4470333158969879, "165": 0.4463784992694855, "166": 0.445730984210968, "167": 0.44508126378059387, "168": 0.4445177912712097, "169": 0.4439038038253784, "170": 0.44331181049346924, "171": 0.44276610016822815, "172": 0.44221168756484985, "173": 0.44167375564575195, "174": 0.44114968180656433, "175": 0.4406217634677887, "176": 0.4400993287563324, "177": 0.43958520889282227, "178": 0.43910127878189087, "179": 0.43861621618270874, "180": 0.438178688287735, "181": 0.4377114772796631, "182": 0.4372742176055908, "183": 0.43683743476867676, "184": 0.43641719222068787, "185": 0.4360131323337555, "186": 0.43558359146118164, "187": 0.43518054485321045, "188": 0.43478381633758545, "189": 0.4343814551830292, "190": 0.4340234398841858, "191": 0.4336617588996887, "192": 0.43329373002052307, "193": 0.4329370856285095, "194": 0.4326062798500061, "195": 0.4322773814201355, "196": 0.43194252252578735, "197": 0.4316311180591583, "198": 0.4313153922557831, "199": 0.4309905171394348, "200": 0.4307042062282562, "201": 0.4304121136665344, "202": 0.4301299452781677, "203": 0.4298483431339264, "204": 0.42959117889404297, "205": 0.4293272793292999, "206": 0.4290698170661926, "207": 0.42883536219596863, "208": 0.42858973145484924, "209": 0.4283640384674072, "210": 0.42812779545783997, "211": 0.4279276728630066, "212": 0.4277149736881256, "213": 0.42749863862991333, "214": 0.4272924065589905, "215": 0.42711085081100464, "216": 0.4269038438796997, "217": 0.42673569917678833, "218": 0.42661282420158386, "219": 0.42661213874816895}