{"0": 0.6931474208831787, "1": 0.6765207648277283, "2": 0.6761090159416199, "3": 0.6755535006523132, "4": 0.6749667525291443, "5": 0.6743672490119934, "6": 0.6737690567970276, "7": 0.6731750965118408, "8": 0.6725815534591675, "9": 0.6719863414764404, "10": 0.6713859438896179, "11": 0.6707813143730164, "12": 0.6701622009277344, "13": 0.6695279479026794, "14": 0.6688812375068665, "15": 0.6682249903678894, "16": 0.6675599217414856, "17": 0.6668859124183655, "18": 0.6662018299102783, "19": 0.6655085682868958, "20": 0.6648045778274536, "21": 0.6640872359275818, "22": 0.6633573770523071, "23": 0.6626116037368774, "24": 0.6618490219116211, "25": 0.6610680818557739, "26": 0.6602668166160583, "27": 0.6594423651695251, "28": 0.6585947275161743, "29": 0.6577214598655701, "30": 0.6568185687065125, "31": 0.6558853983879089, "32": 0.6549199223518372, "33": 0.653917670249939, "34": 0.6528748273849487, "35": 0.6517872214317322, "36": 0.6506505608558655, "37": 0.6494589447975159, "38": 0.648198664188385, "39": 0.6468736529350281, "40": 0.6454679369926453, "41": 0.6439671516418457, "42": 0.642377495765686, "43": 0.6406554579734802, "44": 0.6388468146324158, "45": 0.6368040442466736, "46": 0.6346525549888611, "47": 0.6315967440605164, "48": 0.6287530660629272, "49": 0.6253635883331299, "50": 0.6223992109298706, "51": 0.6186864376068115, "52": 0.6151405572891235, "53": 0.6111412644386292, "54": 0.6072205305099487, "55": 0.6027625203132629, "56": 0.5984624624252319, "57": 0.593530535697937, "58": 0.5888952016830444, "59": 0.5835668444633484, "60": 0.5791063904762268, "61": 0.5739443302154541, "62": 0.5695077776908875, "63": 0.5648687481880188, "64": 0.5603788495063782, "65": 0.5560697913169861, "66": 0.5514282584190369, "67": 0.5470507144927979, "68": 0.5424106121063232, "69": 0.5381137728691101, "70": 0.5335123538970947, "71": 0.5295275449752808, "72": 0.5250269174575806, "73": 0.5211331844329834, "74": 0.5170949697494507, "75": 0.516338586807251, "76": 0.5126888751983643, "77": 0.5121025443077087, "78": 0.5100409388542175, "79": 0.5064862370491028, "80": 0.5039072036743164, "81": 0.5019974708557129, "82": 0.5017080307006836, "83": 0.49839141964912415, "84": 0.4951224625110626, "85": 0.49492916464805603, "86": 0.4949222803115845, "87": 0.4949222505092621}