,Accuracy,Precision,F1-score,ROC-AUC
B,0.9991159979767575,0.995429665837454,0.9948150464480563,0.9998649576035007
CD4_T,0.9600962365101248,0.9223411506967206,0.9218422640724426,0.9918969459337325
CD8_T,0.9709453453363113,0.9204581377681059,0.906245404916155,0.9899107717934228
DC,0.9966679859948137,0.9311382304175353,0.9243836854219708,0.9985043247574723
Mono,0.9894043162143445,0.9735691316568916,0.9826792304762508,0.9976218842933884
NK,0.9919944998198196,0.9661188794170608,0.9653304879140837,0.9987098660623005
other,0.9897875991362959,0.7961741180917278,0.7348319869543268,0.8915122382760341
other_T,0.9810340836921885,0.8379646368272999,0.7504139737632867,0.9810332167478627
