{"0": 0.6931474208831787, "1": 0.019621700048446655, "2": 0.019612058997154236, "3": 0.013127926737070084, "4": 0.013011402450501919, "5": 0.012911748141050339, "6": 0.012803604826331139, "7": 0.012694433331489563, "8": 0.012589049525558949, "9": 0.012492118403315544, "10": 0.012403694912791252, "11": 0.012322522699832916, "12": 0.012247861362993717, "13": 0.012181594967842102, "14": 0.01211809366941452, "15": 0.012056002393364906, "16": 0.011995876207947731, "17": 0.011937481351196766, "18": 0.011881636455655098, "19": 0.011827697977423668, "20": 0.011775998398661613, "21": 0.011727108620107174, "22": 0.0116804800927639, "23": 0.01163509488105774, "24": 0.01159038208425045, "25": 0.011545592918992043, "26": 0.0115013737231493, "27": 0.011456090025603771, "28": 0.011409063823521137, "29": 0.011360078118741512, "30": 0.011308714747428894, "31": 0.011256241239607334, "32": 0.011200613342225552, "33": 0.011143703944981098, "34": 0.011081473901867867, "35": 0.011010527610778809, "36": 0.010928410105407238, "37": 0.010830307379364967, "38": 0.010715523734688759, "39": 0.010584954172372818, "40": 0.01039901003241539, "41": 0.01026127114892006, "42": 0.010058843530714512, "43": 0.009920434094965458, "44": 0.00976441241800785, "45": 0.009625338017940521, "46": 0.009480699896812439, "47": 0.009344102814793587, "48": 0.009215543046593666, "49": 0.00907412450760603, "50": 0.008958136662840843, "51": 0.008822676725685596, "52": 0.00871190894395113, "53": 0.008583830669522285, "54": 0.00847535114735365, "55": 0.008364535868167877, "56": 0.008264558389782906, "57": 0.008168247528374195, "58": 0.008078048005700111, "59": 0.007992253638803959, "60": 0.007901518605649471, "61": 0.007823476567864418, "62": 0.007736760191619396, "63": 0.007661193143576384, "64": 0.007581096142530441, "65": 0.007510686293244362, "66": 0.007438647095113993, "67": 0.007370725739747286, "68": 0.007303301710635424, "69": 0.007239507976919413, "70": 0.007177346386015415, "71": 0.007112498860806227, "72": 0.007053140550851822, "73": 0.006990068592131138, "74": 0.006932693533599377, "75": 0.006871702149510384, "76": 0.00681536179035902, "77": 0.006757129915058613, "78": 0.006702832877635956, "79": 0.006648845039308071, "80": 0.006596924737095833, "81": 0.006546412594616413, "82": 0.006495753303170204, "83": 0.0064475927501916885, "84": 0.006399192847311497, "85": 0.006353679578751326, "86": 0.006305585615336895, "87": 0.006260705646127462, "88": 0.0062162429094314575, "89": 0.006172880530357361, "90": 0.006130667869001627, "91": 0.006087406072765589, "92": 0.006048724055290222, "93": 0.006006971001625061, "94": 0.005970079451799393, "95": 0.0059295836836099625, "96": 0.005891937762498856, "97": 0.0058526028878986835, "98": 0.005816738121211529, "99": 0.005779702216386795, "100": 0.005745637696236372, "101": 0.005710984580218792, "102": 0.005677049979567528, "103": 0.005643336568027735, "104": 0.005609430372714996, "105": 0.0055768294259905815, "106": 0.005544234067201614, "107": 0.005512417759746313, "108": 0.005482067354023457, "109": 0.005450814496725798, "110": 0.005422113463282585, "111": 0.005391092970967293, "112": 0.005362294614315033, "113": 0.005330971442162991, "114": 0.005301950499415398, "115": 0.0052718231454491615, "116": 0.005243748426437378, "117": 0.005215968005359173, "118": 0.005188799928873777, "119": 0.005162415094673634, "120": 0.005136279389262199, "121": 0.005109349265694618, "122": 0.00508398562669754, "123": 0.005055725574493408, "124": 0.0050298310816287994, "125": 0.005003712140023708, "126": 0.004980792757123709, "127": 0.004956881981343031, "128": 0.004934423603117466, "129": 0.004909368231892586, "130": 0.004885617643594742, "131": 0.00486373296007514, "132": 0.004843083210289478, "133": 0.0048225438222289085, "134": 0.004801519215106964, "135": 0.004782612435519695, "136": 0.004762324504554272, "137": 0.0047431811690330505, "138": 0.004724548198282719, "139": 0.004705397877842188, "140": 0.004686729982495308, "141": 0.004665910266339779, "142": 0.0046471040695905685, "143": 0.004629193339496851, "144": 0.004610572941601276, "145": 0.0045920973643660545, "146": 0.0045753223821520805, "147": 0.00455612875521183, "148": 0.004536522552371025, "149": 0.004517423454672098, "150": 0.0044996244832873344, "151": 0.00448271818459034, "152": 0.004465062171220779, "153": 0.004448486492037773, "154": 0.00443109218031168, "155": 0.004414054565131664, "156": 0.004396549426019192, "157": 0.004381431732326746, "158": 0.004366247449070215, "159": 0.004351106472313404, "160": 0.004332483280450106, "161": 0.004314354620873928, "162": 0.004296929109841585, "163": 0.004280631430447102, "164": 0.0042643616907298565, "165": 0.004248915705829859, "166": 0.004232784267514944, "167": 0.004216678440570831, "168": 0.004200857598334551, "169": 0.004183557815849781, "170": 0.004166807048022747, "171": 0.004150403663516045, "172": 0.004132849629968405, "173": 0.004115557298064232, "174": 0.004097211640328169, "175": 0.004079908132553101, "176": 0.004063653759658337, "177": 0.004044888541102409, "178": 0.004026636481285095, "179": 0.004007781855762005, "180": 0.0039907884784042835, "181": 0.003974961116909981, "182": 0.003959642723202705, "183": 0.003943638410419226, "184": 0.003927649464458227, "185": 0.003911186940968037, "186": 0.0038954997435212135, "187": 0.003876045346260071, "188": 0.003859433112666011, "189": 0.003839295357465744, "190": 0.003819555277004838, "191": 0.003804367035627365, "192": 0.003786320798099041, "193": 0.003770949551835656, "194": 0.003756367601454258, "195": 0.0037411972880363464, "196": 0.003731194417923689, "197": 0.0037181898951530457, "198": 0.003708294127136469, "199": 0.0036981164012104273, "200": 0.003687462070956826, "201": 0.0036768661811947823, "202": 0.0036647312808781862, "203": 0.0036521172150969505, "204": 0.003639667294919491, "205": 0.003627220867201686, "206": 0.0036148387007415295, "207": 0.003603843506425619, "208": 0.0035923663526773453, "209": 0.0035804593935608864, "210": 0.003567382227629423, "211": 0.0035567726008594036, "212": 0.0035468386486172676, "213": 0.003534640185534954, "214": 0.003523049410432577, "215": 0.0035124330315738916, "216": 0.0034997868351638317, "217": 0.0034906407818198204, "218": 0.003480789717286825, "219": 0.0034714369103312492, "220": 0.0034611234441399574, "221": 0.003451010212302208, "222": 0.0034411647357046604, "223": 0.0034300812985748053, "224": 0.0034187170676887035, "225": 0.00341132003813982, "226": 0.0034037146251648664, "227": 0.003394767874851823, "228": 0.003389239776879549, "229": 0.0033854017965495586, "230": 0.0033817822113633156, "231": 0.0033773714676499367, "232": 0.0033727455884218216, "233": 0.003367822617292404, "234": 0.0033550825901329517, "235": 0.0033504203893244267, "236": 0.0033456305973231792, "237": 0.0033415392972528934, "238": 0.003337190020829439, "239": 0.003333479166030884, "240": 0.0033301792573183775, "241": 0.0033265515230596066, "242": 0.0033234618604183197, "243": 0.003320480464026332, "244": 0.0033174967393279076, "245": 0.0033146212808787823, "246": 0.003311543259769678, "247": 0.0033085260074585676, "248": 0.0033054370433092117, "249": 0.0033025580924004316, "250": 0.003299885895103216, "251": 0.0032949885353446007, "252": 0.003292142879217863, "253": 0.0032893174793571234, "254": 0.003285391256213188, "255": 0.0032826170790940523, "256": 0.0032800366170704365, "257": 0.003277404233813286, "258": 0.003274566261097789, "259": 0.00327150896191597, "260": 0.0032692067325115204, "261": 0.003266134299337864, "262": 0.0032640090212225914, "263": 0.003261763136833906, "264": 0.0032595950178802013, "265": 0.0032575647346675396, "266": 0.003255221527069807, "267": 0.0032542170956730843, "268": 0.0032532326877117157}