{"0": 998.3068525791168, "1": 0.6735257208347321, "2": 9.641051292419434e-06, "3": 0.006484132260084152, "4": 0.00011652428656816483, "5": 9.965430945158005e-05, "6": 0.00010814331471920013, "7": 0.00010917149484157562, "8": 0.00010538380593061447, "9": 9.693112224340439e-05, "10": 8.842349052429199e-05, "11": 8.117221295833588e-05, "12": 7.466133683919907e-05, "13": 6.626639515161514e-05, "14": 6.350129842758179e-05, "15": 6.209127604961395e-05, "16": 6.012618541717529e-05, "17": 5.839485675096512e-05, "18": 5.584489554166794e-05, "19": 5.3938478231430054e-05, "20": 5.169957876205444e-05, "21": 4.8889778554439545e-05, "22": 4.662852734327316e-05, "23": 4.53852117061615e-05, "24": 4.4712796807289124e-05, "25": 4.478916525840759e-05, "26": 4.421919584274292e-05, "27": 4.528369754552841e-05, "28": 4.702620208263397e-05, "29": 4.898570477962494e-05, "30": 5.1363371312618256e-05, "31": 5.2473507821559906e-05, "32": 5.562789738178253e-05, "33": 5.690939724445343e-05, "34": 6.223004311323166e-05, "35": 7.094629108905792e-05, "36": 8.211750537157059e-05, "37": 9.810272604227066e-05, "38": 0.0001147836446762085, "39": 0.00013056956231594086, "40": 0.00018594413995742798, "41": 0.0001377388834953308, "42": 0.00020242761820554733, "43": 0.00013840943574905396, "44": 0.00015602167695760727, "45": 0.0001390744000673294, "46": 0.00014463812112808228, "47": 0.00013659708201885223, "48": 0.00012855976819992065, "49": 0.00014141853898763657, "50": 0.00011598784476518631, "51": 0.00013545993715524673, "52": 0.00011076778173446655, "53": 0.00012807827442884445, "54": 0.00010847952216863632, "55": 0.00011081527918577194, "56": 9.997747838497162e-05, "57": 9.631086140871048e-05, "58": 9.019952267408371e-05, "59": 8.57943668961525e-05, "60": 9.073503315448761e-05, "61": 7.804203778505325e-05, "62": 8.671637624502182e-05, "63": 7.556704804301262e-05, "64": 8.00970010459423e-05, "65": 7.04098492860794e-05, "66": 7.203919813036919e-05, "67": 6.792135536670685e-05, "68": 6.742402911186218e-05, "69": 6.379373371601105e-05, "70": 6.216159090399742e-05, "71": 6.484752520918846e-05, "72": 5.935830995440483e-05, "73": 6.307195872068405e-05, "74": 5.737505853176117e-05, "75": 6.099138408899307e-05, "76": 5.634035915136337e-05, "77": 5.823187530040741e-05, "78": 5.429703742265701e-05, "79": 5.3987838327884674e-05, "80": 5.192030221223831e-05, "81": 5.051214247941971e-05, "82": 5.0659291446208954e-05, "83": 4.8160552978515625e-05, "84": 4.83999028801918e-05, "85": 4.551326856017113e-05, "86": 4.809396341443062e-05, "87": 4.48799692094326e-05, "88": 4.446273669600487e-05, "89": 4.336237907409668e-05, "90": 4.221266135573387e-05, "91": 4.326179623603821e-05, "92": 3.868201747536659e-05, "93": 4.175305366516113e-05, "94": 3.6891549825668335e-05, "95": 4.049576818943024e-05, "96": 3.764592111110687e-05, "97": 3.933487460017204e-05, "98": 3.586476668715477e-05, "99": 3.7035904824733734e-05, "100": 3.406452015042305e-05, "101": 3.465311601758003e-05, "102": 3.393460065126419e-05, "103": 3.3713411539793015e-05, "104": 3.390619531273842e-05, "105": 3.2600946724414825e-05, "106": 3.259535878896713e-05, "107": 3.1816307455301285e-05, "108": 3.035040572285652e-05, "109": 3.125285729765892e-05, "110": 2.870103344321251e-05, "111": 3.102049231529236e-05, "112": 2.8798356652259827e-05, "113": 3.132317215204239e-05, "114": 2.9020942747592926e-05, "115": 3.0127353966236115e-05, "116": 2.80747190117836e-05, "117": 2.778042107820511e-05, "118": 2.716807648539543e-05, "119": 2.6384834200143814e-05, "120": 2.6135705411434174e-05, "121": 2.6930123567581177e-05, "122": 2.5363638997077942e-05, "123": 2.826005220413208e-05, "124": 2.5894492864608765e-05, "125": 2.6118941605091095e-05, "126": 2.291938289999962e-05, "127": 2.3910775780677795e-05, "128": 2.2458378225564957e-05, "129": 2.505537122488022e-05, "130": 2.3750588297843933e-05, "131": 2.1884683519601822e-05, "132": 2.0649749785661697e-05, "133": 2.0539388060569763e-05, "134": 2.1024607121944427e-05, "135": 1.890677958726883e-05, "136": 2.0287930965423584e-05, "137": 1.914333552122116e-05, "138": 1.863297075033188e-05, "139": 1.9150320440530777e-05, "140": 1.866789534687996e-05, "141": 2.0819716155529022e-05, "142": 1.8806196749210358e-05, "143": 1.7910730093717575e-05, "144": 1.862039789557457e-05, "145": 1.8475577235221863e-05, "146": 1.6774982213974e-05, "147": 1.9193626940250397e-05, "148": 1.9606202840805054e-05, "149": 1.9099097698926926e-05, "150": 1.7798971384763718e-05, "151": 1.690629869699478e-05, "152": 1.7656013369560242e-05, "153": 1.6575679183006287e-05, "154": 1.7394311726093292e-05, "155": 1.7037615180015564e-05, "156": 1.7505139112472534e-05, "157": 1.5117693692445755e-05, "158": 1.5184283256530762e-05, "159": 1.5140976756811142e-05, "160": 1.8623191863298416e-05, "161": 1.8128659576177597e-05, "162": 1.742551103234291e-05, "163": 1.6297679394483566e-05, "164": 1.6269739717245102e-05, "165": 1.544598489999771e-05, "166": 1.6131438314914703e-05, "167": 1.6105826944112778e-05, "168": 1.582084223628044e-05, "169": 1.729978248476982e-05, "170": 1.6750767827033997e-05, "171": 1.6403384506702423e-05, "172": 1.7554033547639847e-05, "173": 1.7292331904172897e-05, "174": 1.8345657736063004e-05, "175": 1.7303507775068283e-05, "176": 1.6254372894763947e-05, "177": 1.8765218555927277e-05, "178": 1.8252059817314148e-05, "179": 1.8854625523090363e-05, "180": 1.699337735772133e-05, "181": 1.582736149430275e-05, "182": 1.531839370727539e-05, "183": 1.600431278347969e-05, "184": 1.5988945960998535e-05, "185": 1.6462523490190506e-05, "186": 1.568719744682312e-05, "187": 1.945439726114273e-05, "188": 1.6612233594059944e-05, "189": 2.0137755200266838e-05, "190": 1.974008046090603e-05, "191": 1.5188241377472878e-05, "192": 1.8046237528324127e-05, "193": 1.537124626338482e-05, "194": 1.4581950381398201e-05, "195": 1.517031341791153e-05, "196": 1.0002870112657547e-05, "197": 1.3004522770643234e-05, "198": 9.895768016576767e-06, "199": 1.0177725926041603e-05, "200": 1.0654330253601074e-05, "201": 1.0595889762043953e-05, "202": 1.2134900316596031e-05, "203": 1.2614065781235695e-05, "204": 1.2449920177459717e-05, "205": 1.2446427717804909e-05, "206": 1.238216646015644e-05, "207": 1.099519431591034e-05, "208": 1.147715374827385e-05, "209": 1.1906959116458893e-05, "210": 1.3077165931463242e-05, "211": 1.0609626770019531e-05, "212": 9.933952242136002e-06, "213": 1.2198463082313538e-05, "214": 1.1590775102376938e-05, "215": 1.0616378858685493e-05, "216": 1.2646196410059929e-05, "217": 9.146053344011307e-06, "218": 9.851064532995224e-06, "219": 9.352806955575943e-06, "220": 1.0313466191291809e-05, "221": 1.0113231837749481e-05, "222": 9.845476597547531e-06, "223": 1.1083437129855156e-05, "224": 1.1364230886101723e-05, "225": 7.397029548883438e-06, "226": 7.6054129749536514e-06, "227": 8.946750313043594e-06, "228": 5.528097972273827e-06, "229": 3.837980329990387e-06, "230": 3.6195851862430573e-06, "231": 4.410743713378906e-06, "232": 4.625879228115082e-06, "233": 4.9229711294174194e-06, "234": 1.2740027159452438e-05, "235": 4.6622008085250854e-06, "236": 4.789792001247406e-06, "237": 4.091300070285797e-06, "238": 4.349276423454285e-06, "239": 3.710854798555374e-06, "240": 3.2999087125062943e-06, "241": 3.6277342587709427e-06, "242": 3.08966264128685e-06, "243": 2.9813963919878006e-06, "244": 2.9837246984243393e-06, "245": 2.87545844912529e-06, "246": 3.0780211091041565e-06, "247": 3.0172523111104965e-06, "248": 3.0889641493558884e-06, "249": 2.878950908780098e-06, "250": 2.6721972972154617e-06, "251": 4.897359758615494e-06, "252": 2.8456561267375946e-06, "253": 2.825399860739708e-06, "254": 3.9262231439352036e-06, "255": 2.7741771191358566e-06, "256": 2.580462023615837e-06, "257": 2.63238325715065e-06, "258": 2.837972715497017e-06, "259": 3.057299181818962e-06, "260": 2.302229404449463e-06, "261": 3.0724331736564636e-06, "262": 2.125278115272522e-06, "263": 2.2458843886852264e-06, "264": 2.168118953704834e-06, "265": 2.030283212661743e-06,