{"0": 998.3068525791168, "1": 0.24629753828048706, "2": 0.0006241798400878906, "3": 0.14169567823410034, "4": 0.0365259051322937, "5": 0.012852132320404053, "6": 0.00979827344417572, "7": 0.008826807141304016, "8": 0.007769405841827393, "9": 0.006730824708938599, "10": 0.005904778838157654, "11": 0.005190148949623108, "12": 0.004660069942474365, "13": 0.004146113991737366, "14": 0.003665536642074585, "15": 0.0034140199422836304, "16": 0.0032517611980438232, "17": 0.003037676215171814, "18": 0.0028640776872634888, "19": 0.002684473991394043, "20": 0.0025306493043899536, "21": 0.0023896247148513794, "22": 0.0022538751363754272, "23": 0.002131417393684387, "24": 0.0020299404859542847, "25": 0.0019395649433135986, "26": 0.0018537640571594238, "27": 0.0017706453800201416, "28": 0.0016896873712539673, "29": 0.0016164630651474, "30": 0.001551508903503418, "31": 0.0014864355325698853, "32": 0.001425027847290039, "33": 0.0013697296380996704, "34": 0.0013184994459152222, "35": 0.0012716799974441528, "36": 0.0012236982583999634, "37": 0.0011848658323287964, "38": 0.0011454671621322632, "39": 0.001108020544052124, "40": 0.0010723471641540527, "41": 0.00103721022605896, "42": 0.0010032951831817627, "43": 0.0009713023900985718, "44": 0.0009419471025466919, "45": 0.0009140670299530029, "46": 0.0008906424045562744, "47": 0.0008670240640640259, "48": 0.0008440166711807251, "49": 0.0008220970630645752, "50": 0.0007987916469573975, "51": 0.0007760375738143921, "52": 0.0007563978433609009, "53": 0.0007369667291641235, "54": 0.0007179975509643555, "55": 0.0006995946168899536, "56": 0.0006839931011199951, "57": 0.0006654858589172363, "58": 0.0006526261568069458, "59": 0.0006366968154907227, "60": 0.0006215721368789673, "61": 0.0006076246500015259, "62": 0.0005944520235061646, "63": 0.0005811601877212524, "64": 0.0005680769681930542, "65": 0.0005581527948379517, "66": 0.0005472302436828613, "67": 0.0005368739366531372, "68": 0.0005274564027786255, "69": 0.0005181729793548584, "70": 0.000508621335029602, "71": 0.0005010515451431274, "72": 0.0004935264587402344, "73": 0.00048536062240600586, "74": 0.0004788041114807129, "75": 0.0004723593592643738, "76": 0.00046841055154800415, "77": 0.00046344101428985596, "78": 0.00046093761920928955, "79": 0.0004589855670928955, "80": 0.00045580416917800903, "81": 0.0004585087299346924, "82": 0.00047494471073150635, "83": 0.0005000904202461243, "84": 0.000528581440448761, "85": 0.0005752295255661011, "86": 0.0006263032555580139, "87": 0.000683024525642395, "88": 0.0007484853267669678, "89": 0.0008027628064155579, "90": 0.0008623898029327393, "91": 0.0009270384907722473, "92": 0.0010043531656265259, "93": 0.0010888949036598206, "94": 0.0011494159698486328, "95": 0.0014051571488380432, "96": 0.00093880295753479, "97": 0.001013725996017456, "98": 0.001094728708267212, "99": 0.0011481419205665588, "100": 0.0011563226580619812, "101": 0.001169346272945404, "102": 0.0011054649949073792, "103": 0.0011039450764656067, "104": 0.0010843798518180847, "105": 0.0010286569595336914, "106": 0.0010560378432273865, "107": 0.0008042231202125549, "108": 0.0007805302739143372, "109": 0.0007640495896339417, "110": 0.0007537901401519775, "111": 0.0007198676466941833, "112": 0.0007214322686195374, "113": 0.0006792247295379639, "114": 0.0007057487964630127, "115": 0.0006685778498649597, "116": 0.0006821379065513611, "117": 0.0007115602493286133, "118": 0.0007648766040802002, "119": 0.0006358325481414795, "120": 0.0006043463945388794, "121": 0.0005776062607765198, "122": 0.000611819326877594, "123": 0.0005717426538467407, "124": 0.0006339773535728455, "125": 0.0005774646997451782, "126": 0.0006356537342071533, "127": 0.000598907470703125, "128": 0.0006355941295623779, "129": 0.0006197914481163025, "130": 0.0006209015846252441, "131": 0.0005295351147651672, "132": 0.0005270242691040039, "133": 0.000545598566532135, "134": 0.0005007609724998474, "135": 0.0005424097180366516, "136": 0.0004886463284492493, "137": 0.0005291849374771118, "138": 0.00047892332077026367, "139": 0.0005085170269012451, "140": 0.0005014017224311829, "141": 0.0005433261394500732, "142": 0.00045158714056015015, "143": 0.00041810423135757446, "144": 0.00042844563722610474, "145": 0.0004122927784919739, "146": 0.00042270123958587646, "147": 0.00040690600872039795, "148": 0.0004383772611618042, "149": 0.0004190579056739807, "150": 0.00043238699436187744, "151": 0.00042372941970825195, "152": 0.00047000497579574585, "153": 0.00036969780921936035, "154": 0.0003752857446670532, "155": 0.0003837794065475464, "156": 0.0003703460097312927, "157": 0.00038445740938186646, "158": 0.00035715848207473755, "159": 0.00038047879934310913, "160": 0.00036035478115081787, "161": 0.00037901848554611206, "162": 0.0003714635968208313, "163": 0.00041365623474121094, "164": 0.00034837424755096436, "165": 0.0003125816583633423, "166": 0.00032386183738708496, "167": 0.0002944841980934143, "168": 0.0003392919898033142, "169": 0.0003216862678527832, "170": 0.0003398805856704712, "171": 0.0003307610750198364, "172": 0.00033701956272125244, "173": 0.0003301352262496948, "174": 0.00035244226455688477, "175": 0.00028767436742782593, "176": 0.00028940290212631226, "177": 0.00029972195625305176, "178": 0.0002694055438041687, "179": 0.00027773529291152954, "180": 0.0002830624580383301, "181": 0.00029336661100387573, "182": 0.00029854848980903625, "183": 0.0003040879964828491, "184": 0.00030139461159706116, "185": 0.0003135204315185547, "186": 0.0002561621367931366, "187": 0.0002140440046787262, "188": 0.00024103373289108276, "189": 0.00021786987781524658, "190": 0.00024194642901420593, "191": 0.00024401023983955383, "192": 0.00026030465960502625, "193": 0.00026085227727890015, "194": 0.0002536959946155548, "195": 0.00024095922708511353, "196": 0.00026779621839523315, "197": 0.0002050548791885376, "198": 0.0001997724175453186, "199": 0.00023070722818374634, "200": 0.00021216273307800293, "201": 0.00021401047706604004, "202": 0.00022487342357635498, "203": 0.00021813064813613892, "204": 0.0002246275544166565, "205": 0.0002256743609905243, "206": 0.000207558274269104, "207": 0.00023426860570907593, "208": 0.00020101293921470642, "209": 0.0002013370394706726, "210": 0.00021835044026374817, "211": 0.00017217174172401428, "212": 0.00020202994346618652, "213": 0.00018090754747390747, "214": 0.00018163025379180908, "215": 0.00017641857266426086, "216": 0.00019197538495063782, "217": 0.00019249692559242249, "218": 0.00019202753901481628, "219": 0.00014033913612365723, "220": 0.00014216452836990356, "221": 0.0001378953456878662, "222": 0.0001636408269405365, "223": 0.00015110522508621216, "224": 0.00016082078218460083, "225": 0.00015725567936897278, "226": 0.00017496198415756226, "227": 0.0001775398850440979, "228": 0.0001692548394203186, "229": 0.00016178563237190247, "230": 0.00017445534467697144, "231": 0.00010610371828079224, "232": 8.505210280418396e-05, "233": 8.954852819442749e-05, "234": 8.71904194355011e-05, "235": 8.909404277801514e-05, "236": 8.802488446235657e-05, "237": 8.621439337730408e-05, "238": 9.970366954803467e-05, "239": 0.00014119967818260193, "240": 0.00010719150304794312, "241": 0.00014975666999816895, "242": 0.0001241043210029602, "243": 0.0001131594181060791, "244": 9.462982416152954e-05, "245": 0.000105343759059906, "246": 9.647756814956665e-05, "247": 0.00010314956307411194, "248": 9.858235716819763e-05, "249": 0.00011963397264480591, "250": 0.00011204555630683899, "251": 0.00011818483471870422, "252": 0.00011143460869789124, "253": 9.34898853302002e-05, "254": 8.092448115348816e-05, "255": 9.537115693092346e-05, "256": 0.00010516121983528137, "257": 0.00010700523853302002, "258": 8.580833673477173e-05, "259": 0.00010120496153831482, "260": 9.873509407043457e-05, "261": 7.484853267669678e-05, "262": 7.223710417747498e-05, "263": 8.544325828552246e-05, "264": 8.845701813697815e-05, "265": 6.616488099098206e-05, "266": 5.1099807024002075e-05, "267": 6.341561675071716e-05, "268": 6.529316306114197e-05,