{"0": 998.3068525791168, "1": 0.009196639060974121, "2": 0.0012824535369873047, "3": 0.1552475094795227, "4": 0.061116307973861694, "5": 0.0211961567401886, "6": 0.013843268156051636, "7": 0.01144343614578247, "8": 0.009944260120391846, "9": 0.008775502443313599, "10": 0.00782710313796997, "11": 0.0070317089557647705, "12": 0.0063935816287994385, "13": 0.005757391452789307, "14": 0.00526776909828186, "15": 0.0048555731773376465, "16": 0.004511058330535889, "17": 0.004212826490402222, "18": 0.003948092460632324, "19": 0.003700822591781616, "20": 0.003480076789855957, "21": 0.0032563209533691406, "22": 0.003116101026535034, "23": 0.0029692351818084717, "24": 0.0028392374515533447, "25": 0.0027105212211608887, "26": 0.00257757306098938, "27": 0.002481997013092041, "28": 0.0023830831050872803, "29": 0.00227925181388855, "30": 0.0022121071815490723, "31": 0.0021347403526306152, "32": 0.0020672082901000977, "33": 0.0019884705543518066, "34": 0.0019275546073913574, "35": 0.0018838942050933838, "36": 0.0018238723278045654, "37": 0.0017817020416259766, "38": 0.0017212927341461182, "39": 0.0016995370388031006, "40": 0.0016543567180633545, "41": 0.001617342233657837, "42": 0.00157850980758667, "43": 0.0015433132648468018, "44": 0.0015203654766082764, "45": 0.001483619213104248, "46": 0.0014635324478149414, "47": 0.001433342695236206, "48": 0.0014147460460662842, "49": 0.0013865530490875244, "50": 0.001364678144454956, "51": 0.0013290941715240479, "52": 0.001315087080001831, "53": 0.001312345266342163, "54": 0.0012891292572021484, "55": 0.0012632906436920166, "56": 0.0012437403202056885, "57": 0.0012246966361999512, "58": 0.001203387975692749, "59": 0.0011788904666900635, "60": 0.0011641085147857666, "61": 0.0011439025402069092, "62": 0.0011313557624816895, "63": 0.0011091232299804688, "64": 0.0010944604873657227, "65": 0.0010742247104644775, "66": 0.001053929328918457, "67": 0.0010328888893127441, "68": 0.0010114610195159912, "69": 0.0009920895099639893, "70": 0.0009721219539642334, "71": 0.0009554922580718994, "72": 0.0009374320507049561, "73": 0.0009209215641021729, "74": 0.0009039342403411865, "75": 0.0008856058120727539, "76": 0.0008688271045684814, "77": 0.000851750373840332, "78": 0.0008352994918823242, "79": 0.0008198022842407227, "80": 0.0008049607276916504, "81": 0.0007902681827545166, "82": 0.0007758736610412598, "83": 0.0007629543542861938, "84": 0.0007500499486923218, "85": 0.0007372647523880005, "86": 0.000723913311958313, "87": 0.0007107257843017578, "88": 0.0006983578205108643, "89": 0.00068645179271698, "90": 0.0006747394800186157, "91": 0.0006652325391769409, "92": 0.0006555914878845215, "93": 0.0006452053785324097, "94": 0.0006342530250549316, "95": 0.0006227642297744751, "96": 0.0006123781204223633, "97": 0.0006030052900314331, "98": 0.000594794750213623, "99": 0.0005929470062255859, "100": 0.0005941390991210938, "101": 0.0005996525287628174, "102": 0.0006127208471298218, "103": 0.000619545578956604, "104": 0.0006281286478042603, "105": 0.0006454885005950928, "106": 0.0006667375564575195, "107": 0.0006928294897079468, "108": 0.0007195919752120972, "109": 0.0007567405700683594, "110": 0.0008134543895721436, "111": 0.0009225755929946899, "112": 0.001064389944076538, "113": 0.0013809353113174438, "114": 0.001026451587677002, "115": 0.0014379769563674927, "116": 0.0014857500791549683, "117": 0.0016791224479675293, "118": 0.0016309916973114014, "119": 0.001652345061302185, "120": 0.0016316771507263184, "121": 0.0017120689153671265, "122": 0.001535072922706604, "123": 0.0016038119792938232, "124": 0.0016275793313980103, "125": 0.0014635026454925537, "126": 0.0014826208353042603, "127": 0.0013878345489501953, "128": 0.0013905167579650879, "129": 0.001352936029434204, "130": 0.0013004392385482788, "131": 0.0012576878070831299, "132": 0.0012706667184829712, "133": 0.0012529343366622925, "134": 0.001235082745552063, "135": 0.001225888729095459, "136": 0.0011958926916122437, "137": 0.001200854778289795, "138": 0.001163393259048462, "139": 0.001077890396118164, "140": 0.0011951327323913574, "141": 0.0011654049158096313, "142": 0.001098543405532837, "143": 0.0010753124952316284, "144": 0.0010975450277328491, "145": 0.0010659843683242798, "146": 0.0010565072298049927, "147": 0.0010377764701843262, "148": 0.0010429620742797852, "149": 0.0010321587324142456, "150": 0.0009918510913848877, "151": 0.0009580999612808228, "152": 0.0009792447090148926, "153": 0.0009362697601318359, "154": 0.0009298920631408691, "155": 0.0009221881628036499, "156": 0.0009086728096008301, "157": 0.0008847713470458984, "158": 0.000881493091583252, "159": 0.0008658319711685181, "160": 0.0008582919836044312, "161": 0.0008305162191390991, "162": 0.0008268058300018311, "163": 0.0008106231689453125, "164": 0.000799328088760376, "165": 0.0007866770029067993, "166": 0.0007840096950531006, "167": 0.0007687211036682129, "168": 0.000751003623008728, "169": 0.0007401555776596069, "170": 0.0007359236478805542, "171": 0.0007227957248687744, "172": 0.0007111579179763794, "173": 0.0007008165121078491, "174": 0.0006867796182632446, "175": 0.0006546974182128906, "176": 0.0006812810897827148, "177": 0.0006555914878845215, "178": 0.0006554722785949707, "179": 0.0006458014249801636, "180": 0.0006429404020309448, "181": 0.0006385296583175659, "182": 0.000624924898147583, "183": 0.0006236135959625244, "184": 0.0006186813116073608, "185": 0.0006143897771835327, "186": 0.0005934983491897583, "187": 0.0005830973386764526, "188": 0.0005825459957122803, "189": 0.00056476891040802, "190": 0.0005706250667572021, "191": 0.0005502551794052124, "192": 0.0005586296319961548, "193": 0.000538557767868042, "194": 0.0005338340997695923, "195": 0.0005308985710144043, "196": 0.0005201846361160278, "197": 0.0005180537700653076, "198": 0.0005034953355789185, "199": 0.0004990845918655396, "200": 0.0004954785108566284, "201": 0.0004896968603134155, "202": 0.0004866570234298706, "203": 0.00048282742500305176, "204": 0.0004754066467285156, "205": 0.0004558563232421875, "206": 0.0004727095365524292, "207": 0.00045271217823028564, "208": 0.00045228004455566406, "209": 0.000447690486907959, "210": 0.0004405081272125244, "211": 0.00043702125549316406, "212": 0.00042797625064849854, "213": 0.0004287213087081909, "214": 0.0004270970821380615, "215": 0.0004356503486633301, "216": 0.00041000545024871826, "217": 0.0003968477249145508, "218": 0.0004176497459411621, "219": 0.0003912001848220825, "220": 0.00041306018829345703, "221": 0.0003942251205444336, "222": 0.0003830045461654663, "223": 0.00041231513023376465, "224": 0.0003859996795654297, "225": 0.00042144954204559326, "226": 0.0004056692123413086, "227": 0.00039198994636535645, "228": 0.00037980079650878906, "229": 0.0003771483898162842, "230": 0.0003712773323059082, "231": 0.00036594271659851074, "232": 0.0003682374954223633, "233": 0.0003470778465270996, "234": 0.0003511756658554077, "235": 0.0003403574228286743, "236": 0.00034168362617492676, "237": 0.00033783912658691406, "238": 0.0003229379653930664, "239": 0.0003229379653930664, "240": 0.0003057420253753662, "241": 0.0003113746643066406, "242": 0.0003045797348022461, "243": 0.0003040879964828491, "244": 0.0003020763397216797, "245": 0.0002811551094055176, "246": 0.0003005564212799072, "247": 0.00028429925441741943, "248": 0.00028502941131591797, "249": 0.0002799034118652344, "250": 0.00027740001678466797, "251": 0.00026154518127441406, "252": 0.00026026368141174316, "253": 0.00025190412998199463, "254": 0.00025484710931777954, "255": 0.00025407224893569946, "256": 0.000245705246925354, "257": 0.0002630501985549927, "258": 0.00024265050888061523, "259": 0.00021573901176452637, "260": 0.0002494528889656067, "261": 0.00021982192993164062, "262": 0.0002725645899772644, "263": 0.0002431720495223999, "264": 0.000300675630569458, "265": 0.00029987096786499023, "266": 0.00024031102657318115, "267": 0.0002270042896270752, "268": 0.00021494925022125244, "269": 0.00020839273929595947, "270": 0.00020560622215270996,