{"0": 0.6931474208831787, "1": 0.1823650449514389, "2": 0.18225055932998657, "3": 0.13875284790992737, "4": 0.12869893014431, "5": 0.12458058446645737, "6": 0.12144945561885834, "7": 0.11878324300050735, "8": 0.1164323166012764, "9": 0.1143413856625557, "10": 0.11248071491718292, "11": 0.11082574725151062, "12": 0.1093214675784111, "13": 0.10797569155693054, "14": 0.10675413906574249, "15": 0.10562322288751602, "16": 0.10457327961921692, "17": 0.10358616709709167, "18": 0.10267064720392227, "19": 0.10179857164621353, "20": 0.10097064822912216, "21": 0.10018381476402283, "22": 0.09943117201328278, "23": 0.0987144410610199, "24": 0.09802886843681335, "25": 0.0973745733499527, "26": 0.09674983471632004, "27": 0.09614940732717514, "28": 0.09557303041219711, "29": 0.09501857310533524, "30": 0.09448499977588654, "31": 0.09397269785404205, "32": 0.09347996115684509, "33": 0.09300226718187332, "34": 0.09254160523414612, "35": 0.09209731221199036, "36": 0.09166818857192993, "37": 0.09125255793333054, "38": 0.09085196256637573, "39": 0.09046517312526703, "40": 0.09009096026420593, "41": 0.08972802013158798, "42": 0.0893758088350296, "43": 0.08903536200523376, "44": 0.08870662748813629, "45": 0.08838540315628052, "46": 0.08807537704706192, "47": 0.0877731665968895, "48": 0.08747956156730652, "49": 0.08719585835933685, "50": 0.08691858500242233, "51": 0.08664873987436295, "52": 0.08638545870780945, "53": 0.08612919598817825, "54": 0.0858796164393425, "55": 0.0856364369392395, "56": 0.08539876341819763, "57": 0.08516678214073181, "58": 0.08494092524051666, "59": 0.08472010493278503, "60": 0.08450432121753693, "61": 0.08429235965013504, "62": 0.08408520370721817, "63": 0.08388298749923706, "64": 0.08368491381406784, "65": 0.08349090814590454, "66": 0.08330035209655762, "67": 0.08311378210783005, "68": 0.08293082565069199, "69": 0.08275087177753448, "70": 0.08257386088371277, "71": 0.08239983767271042, "72": 0.08222901821136475, "73": 0.08206205815076828, "74": 0.08189854025840759, "75": 0.08173780888319016, "76": 0.08158016204833984, "77": 0.08142538368701935, "78": 0.08127295970916748, "79": 0.08112329989671707, "80": 0.08097656071186066, "81": 0.08083229511976242, "82": 0.08069072663784027, "83": 0.08055148273706436, "84": 0.08041374385356903, "85": 0.08027781546115875, "86": 0.0801427811384201, "87": 0.08000867813825607, "88": 0.07987554371356964, "89": 0.07974223047494888, "90": 0.07960846275091171, "91": 0.07947224378585815, "92": 0.07933354377746582, "93": 0.07919134199619293, "94": 0.0790451243519783, "95": 0.07889357209205627, "96": 0.07873468101024628, "97": 0.07856843620538712, "98": 0.07838985323905945, "99": 0.07819737493991852, "100": 0.07798369228839874, "101": 0.07774221152067184, "102": 0.07746542990207672, "103": 0.07708834111690521, "104": 0.07660112529993057, "105": 0.07601360231637955, "106": 0.07553191483020782, "107": 0.07492142915725708, "108": 0.0743272602558136, "109": 0.0737142413854599, "110": 0.07313649356365204, "111": 0.07255641371011734, "112": 0.0719934031367302, "113": 0.07147733867168427, "114": 0.07086078077554703, "115": 0.07033795863389969, "116": 0.06970352679491043, "117": 0.06917998194694519, "118": 0.06866919249296188, "119": 0.06813310086727142, "120": 0.06760378926992416, "121": 0.06709574162960052, "122": 0.06657672673463821, "123": 0.06606414169073105, "124": 0.0655851736664772, "125": 0.06504106521606445, "126": 0.06457079946994781, "127": 0.06402698904275894, "128": 0.06353254616260529, "129": 0.06306498497724533, "130": 0.06258517503738403, "131": 0.06213715299963951, "132": 0.06164699047803879, "133": 0.061208225786685944, "134": 0.060771241784095764, "135": 0.06032932177186012, "136": 0.05988048017024994, "137": 0.059463001787662506, "138": 0.05906348675489426, "139": 0.05863433703780174, "140": 0.05824410542845726, "141": 0.057822711765766144, "142": 0.057444240897893906, "143": 0.05703967064619064, "144": 0.056662481278181076, "145": 0.05629078298807144, "146": 0.05591782182455063, "147": 0.05555387958884239, "148": 0.05518953502178192, "149": 0.05484657734632492, "150": 0.054529812186956406, "151": 0.05413511395454407, "152": 0.05375664681196213, "153": 0.053408365696668625, "154": 0.053043510764837265, "155": 0.05270499736070633, "156": 0.05237257480621338, "157": 0.052045226097106934, "158": 0.05173315107822418, "159": 0.05143721029162407, "160": 0.051115356385707855, "161": 0.050825539976358414, "162": 0.0505337156355381, "163": 0.05022110790014267, "164": 0.049945734441280365, "165": 0.049681998789310455, "166": 0.04940450191497803, "167": 0.0490628220140934, "168": 0.048789795488119125, "169": 0.04855012521147728, "170": 0.04827477037906647, "171": 0.048044174909591675, "172": 0.04776909574866295, "173": 0.0475398525595665, "174": 0.04731807857751846, "175": 0.047029443085193634, "176": 0.04681532084941864, "177": 0.046606920659542084, "178": 0.04638649523258209, "179": 0.046178728342056274, "180": 0.04597095027565956, "181": 0.04573526605963707, "182": 0.04553613066673279, "183": 0.04534351825714111, "184": 0.045156240463256836, "185": 0.04496850445866585, "186": 0.044784627854824066, "187": 0.044598110020160675, "188": 0.04442359134554863, "189": 0.04425276815891266, "190": 0.044059254229068756, "191": 0.04389344900846481, "192": 0.04373013973236084, "193": 0.04350251704454422, "194": 0.04334448650479317, "195": 0.04318739473819733, "196": 0.04302668944001198, "197": 0.04287271201610565, "198": 0.04269393905997276, "199": 0.04254652559757233, "200": 0.04239960014820099, "201": 0.04225611686706543, "202": 0.04210260510444641, "203": 0.041960787028074265, "204": 0.04182016849517822, "205": 0.0416451171040535, "206": 0.04151102155447006, "207": 0.04137680307030678, "208": 0.04124577343463898, "209": 0.041104506701231, "210": 0.040974825620651245, "211": 0.04081149026751518, "212": 0.04068656265735626, "213": 0.0405612476170063, "214": 0.040438853204250336, "215": 0.040317993611097336, "216": 0.040199168026447296, "217": 0.040064387023448944, "218": 0.03994709998369217, "219": 0.03982976824045181, "220": 0.03971486911177635, "221": 0.03959445655345917, "222": 0.03948032855987549, "223": 0.03936796262860298, "224": 0.039259374141693115, "225": 0.03915182501077652, "226": 0.0390424020588398, "227": 0.03893984109163284, "228": 0.038834571838378906, "229": 0.03873278200626373, "230": 0.03859293460845947, "231": 0.038492366671562195, "232": 0.03839289769530296, "233": 0.03829657658934593, "234": 0.03820037096738815, "235": 0.038106102496385574, "236": 0.03801097720861435, "237": 0.03790987282991409, "238": 0.03781399875879288, "239": 0.03772185742855072, "240": 0.03763151168823242, "241": 0.037539418786764145, "242": 0.03743850067257881, "243": 0.03731285408139229, "244": 0.03719903156161308, "245": 0.03709859773516655, "246": 0.03699836507439613, "247": 0.03689670190215111, "248": 0.036799680441617966, "249": 0.03667771816253662, "250": 0.036543089896440506, "251": 0.03645230084657669, "252": 0.036365408450365067, "253": 0.03628251701593399, "254": 0.03620270639657974, "255": 0.03612510487437248, "256": 0.036011576652526855, "257": 0.03592626005411148, "258": 0.03585246205329895, "259": 0.03577972948551178, "260": 0.03570675849914551, "261": 0.03563535213470459, "262": 0.03555586189031601, "263": 0.03547316789627075, "264": 0.03539794683456421, "265": 0.03532281517982483, "266": 0.03524775803089142, "267": 0.03517472743988037, "268": 0.03510034829378128, "269": 0.035028789192438126, "270": 0.03496392071247101, "271": 0.0348815992474556, "272": 0.0348256379365921, "273": 0.034769464284181595, "274": 0.03471478074789047, "275": 0.0346592515707016, "276": 0.034605346620082855, "277": 0.034552838653326035, "278": 0.03450145572423935, "279": 0.03445052728056908, "280": 0.034400202333927155, "281": 0.03434930369257927, "282": 0.03429936617612839, "283": 0.03425046429038048, "284": 0.03417334333062172, "285": 0.03412223234772682, "286": 0.034071989357471466, "287": 0.03401138260960579, "288": 0.03396318107843399,