{"0": 0.6931474208831787, "1": 0.2583123743534088, "2": 0.25812315940856934, "3": 0.19823293387889862, "4": 0.18095456063747406, "5": 0.1747637391090393, "6": 0.17043668031692505, "7": 0.16679410636425018, "8": 0.16361971199512482, "9": 0.16083508729934692, "10": 0.15836995840072632, "11": 0.15616640448570251, "12": 0.1541854590177536, "13": 0.15242540836334229, "14": 0.15083663165569305, "15": 0.14936529099941254, "16": 0.14800772070884705, "17": 0.14674246311187744, "18": 0.14555473625659943, "19": 0.144443541765213, "20": 0.1434032917022705, "21": 0.1424202173948288, "22": 0.14149031043052673, "23": 0.14061279594898224, "24": 0.1397765576839447, "25": 0.13897950947284698, "26": 0.13822567462921143, "27": 0.1375061273574829, "28": 0.13682080805301666, "29": 0.13616487383842468, "30": 0.1355338841676712, "31": 0.13492903113365173, "32": 0.1343470960855484, "33": 0.13378901779651642, "34": 0.13325178623199463, "35": 0.1327320784330368, "36": 0.13223153352737427, "37": 0.1317470669746399, "38": 0.13127826154232025, "39": 0.130824014544487, "40": 0.13038399815559387, "41": 0.12995904684066772, "42": 0.1295415759086609, "43": 0.12913616001605988, "44": 0.128743514418602, "45": 0.12836018204689026, "46": 0.12798628211021423, "47": 0.127621591091156, "48": 0.12726931273937225, "49": 0.12691925466060638, "50": 0.12657757103443146, "51": 0.12624268233776093, "52": 0.12591581046581268, "53": 0.1255972683429718, "54": 0.12528470158576965, "55": 0.1249808743596077, "56": 0.1246783584356308, "57": 0.12438349425792694, "58": 0.12409340590238571, "59": 0.12380769103765488, "60": 0.12352738529443741, "61": 0.12325243651866913, "62": 0.12298231571912766, "63": 0.12271647900342941, "64": 0.12245602905750275, "65": 0.12219933420419693, "66": 0.12194769084453583, "67": 0.12169678509235382, "68": 0.12144926190376282, "69": 0.12120608985424042, "70": 0.12096606194972992, "71": 0.12072915583848953, "72": 0.12049629539251328, "73": 0.12026723474264145, "74": 0.12004172801971436, "75": 0.11981930583715439, "76": 0.11959972977638245, "77": 0.11938335746526718, "78": 0.11916971206665039, "79": 0.11896010488271713, "80": 0.11875052005052567, "81": 0.11854428797960281, "82": 0.11834154278039932, "83": 0.11814247816801071, "84": 0.11794695258140564, "85": 0.1177547499537468, "86": 0.11756549775600433, "87": 0.11737891286611557, "88": 0.11719507724046707, "89": 0.1170128583908081, "90": 0.1168331503868103, "91": 0.11665583401918411, "92": 0.11648096889257431, "93": 0.11630834639072418, "94": 0.11613797396421432, "95": 0.11597012728452682, "96": 0.11580386012792587, "97": 0.11563998460769653, "98": 0.11547798663377762, "99": 0.11531724780797958, "100": 0.11515741050243378, "101": 0.11499819904565811, "102": 0.11483903229236603, "103": 0.11467869579792023, "104": 0.11451807618141174, "105": 0.1143561452627182, "106": 0.1141916885972023, "107": 0.11402425169944763, "108": 0.1138535737991333, "109": 0.11367413401603699, "110": 0.11348571628332138, "111": 0.11328684538602829, "112": 0.11307720094919205, "113": 0.11285747587680817, "114": 0.11262758076190948, "115": 0.11238569021224976, "116": 0.11212696880102158, "117": 0.1118469089269638, "118": 0.1115368977189064, "119": 0.1111447662115097, "120": 0.11066387593746185, "121": 0.11009376496076584, "122": 0.10970668494701385, "123": 0.10919761657714844, "124": 0.10863755643367767, "125": 0.10797639936208725, "126": 0.10733666270971298, "127": 0.10662684589624405, "128": 0.1060241088271141, "129": 0.10529771447181702, "130": 0.10472654551267624, "131": 0.10410171002149582, "132": 0.10344406217336655, "133": 0.10289633274078369, "134": 0.10231680423021317, "135": 0.10149756819009781, "136": 0.1009068489074707, "137": 0.10036763548851013, "138": 0.09977208822965622, "139": 0.09906642884016037, "140": 0.09846099466085434, "141": 0.0979146882891655, "142": 0.09737062454223633, "143": 0.09676069766283035, "144": 0.09620360285043716, "145": 0.0956355631351471, "146": 0.09509751200675964, "147": 0.09459193050861359, "148": 0.09404376149177551, "149": 0.09354063123464584, "150": 0.09282928705215454, "151": 0.09229345619678497, "152": 0.09178423136472702, "153": 0.09128866344690323, "154": 0.09078292548656464, "155": 0.09030448645353317, "156": 0.0898248702287674, "157": 0.08934585750102997, "158": 0.08885914832353592, "159": 0.08818905055522919, "160": 0.08771704882383347, "161": 0.08726100623607635, "162": 0.08680707216262817, "163": 0.08636924624443054, "164": 0.08594498038291931, "165": 0.0855400338768959, "166": 0.08514450490474701, "167": 0.08473385125398636, "168": 0.08434239774942398, "169": 0.08396486937999725, "170": 0.08359315246343613, "171": 0.0832328200340271, "172": 0.08287182450294495, "173": 0.0825006514787674, "174": 0.08215074241161346, "175": 0.08179454505443573, "176": 0.08144361525774002, "177": 0.0810965895652771, "178": 0.08065883070230484, "179": 0.08031927794218063, "180": 0.07998479157686234, "181": 0.07966122031211853, "182": 0.07930038869380951, "183": 0.07898436486721039, "184": 0.07867412269115448, "185": 0.07837216556072235, "186": 0.07802890241146088, "187": 0.07773128896951675, "188": 0.07743905484676361, "189": 0.07715339958667755, "190": 0.0768747478723526, "191": 0.07656677812337875, "192": 0.07629464566707611, "193": 0.07602676749229431, "194": 0.07576601207256317, "195": 0.07549231499433517, "196": 0.07524121552705765, "197": 0.0749945119023323, "198": 0.07475098222494125, "199": 0.07448820769786835, "200": 0.07424981892108917, "201": 0.07400993257761002, "202": 0.07377704977989197, "203": 0.07354836165904999, "204": 0.0732608512043953, "205": 0.07303734123706818, "206": 0.07281709462404251, "207": 0.0725998803973198, "208": 0.07237913459539413, "209": 0.0721655786037445, "210": 0.07190786302089691, "211": 0.07168237119913101, "212": 0.07147475332021713, "213": 0.0712771788239479, "214": 0.07107622921466827, "215": 0.07088922709226608, "216": 0.07069562375545502, "217": 0.07050635665655136, "218": 0.0703197717666626, "219": 0.07013784348964691, "220": 0.06995878368616104, "221": 0.06978397071361542, "222": 0.06961237639188766, "223": 0.0694311261177063, "224": 0.0692603662610054, "225": 0.06902435421943665, "226": 0.06885316222906113, "227": 0.06868381798267365, "228": 0.06850355118513107, "229": 0.06833522766828537, "230": 0.0681677833199501, "231": 0.0680018812417984, "232": 0.06783485412597656, "233": 0.06767460703849792, "234": 0.06750880926847458, "235": 0.06735065579414368, "236": 0.06719382107257843, "237": 0.06699711829423904, "238": 0.06684288382530212, "239": 0.06669830530881882, "240": 0.066538505256176, "241": 0.0663989707827568, "242": 0.06626001745462418, "243": 0.0661221295595169, "244": 0.06598342955112457, "245": 0.0658499076962471, "246": 0.06568770855665207, "247": 0.06555958092212677, "248": 0.06542836129665375, "249": 0.06530110538005829, "250": 0.06517678499221802, "251": 0.06505424529314041, "252": 0.06493411958217621, "253": 0.06476600468158722, "254": 0.06464297324419022, "255": 0.06451839953660965, "256": 0.06439521908760071, "257": 0.0642475038766861, "258": 0.06412595510482788, "259": 0.06400436162948608, "260": 0.06388535350561142, "261": 0.06376677751541138, "262": 0.06364912539720535, "263": 0.06352605670690536, "264": 0.06341084837913513, "265": 0.06330040097236633, "266": 0.0631897896528244, "267": 0.06308126449584961, "268": 0.0629751905798912, "269": 0.06285311281681061, "270": 0.0627509206533432, "271": 0.06265123933553696, "272": 0.06255403161048889, "273": 0.062458209693431854, "274": 0.06236034631729126, "275": 0.06226629763841629, "276": 0.062170617282390594, "277": 0.062082838267087936, "278": 0.0619969442486763, "279": 0.06191214174032211, "280": 0.06183050572872162, "281": 0.06174948811531067, "282": 0.061666060239076614, "283": 0.0615689754486084, "284": 0.06148523837327957, "285": 0.06140050292015076, "286": 0.06131890043616295, "287": 0.06123872473835945, "288": 0.061157044023275375, "289": 0.061082713305950165, "290": 0.06100946664810181,