{"0": 0.6931474208831787, "1": 0.01973666064441204, "2": 0.019730407744646072, "3": 0.015197801403701305, "4": 0.014960706233978271, "5": 0.014762227423489094, "6": 0.014542416669428349, "7": 0.014322170056402683, "8": 0.014120514504611492, "9": 0.013938537798821926, "10": 0.013778263702988625, "11": 0.013636671006679535, "12": 0.013510223478078842, "13": 0.013396820984780788, "14": 0.013293695636093616, "15": 0.013195564039051533, "16": 0.013103649951517582, "17": 0.01301632821559906, "18": 0.012934358790516853, "19": 0.012858295813202858, "20": 0.01278653834015131, "21": 0.012718920595943928, "22": 0.012655495665967464, "23": 0.012596342712640762, "24": 0.01254072692245245, "25": 0.012488018721342087, "26": 0.012437939643859863, "27": 0.012389744631946087, "28": 0.012343918904662132, "29": 0.012300041504204273, "30": 0.012257710099220276, "31": 0.012216809205710888, "32": 0.01217761542648077, "33": 0.01213888730853796, "34": 0.01210113987326622, "35": 0.012064182199537754, "36": 0.012027937918901443, "37": 0.011992519721388817, "38": 0.011957615613937378, "39": 0.011923108249902725, "40": 0.011888750828802586, "41": 0.011853744275867939, "42": 0.011816853657364845, "43": 0.011777768842875957, "44": 0.01173461228609085, "45": 0.011685049161314964, "46": 0.01162737887352705, "47": 0.01155847031623125, "48": 0.011475293897092342, "49": 0.011379226110875607, "50": 0.011269829235970974, "51": 0.011151451617479324, "52": 0.011023902334272861, "53": 0.010883829556405544, "54": 0.010748663917183876, "55": 0.010582724586129189, "56": 0.01047761645168066, "57": 0.010353298857808113, "58": 0.010228142142295837, "59": 0.010103573091328144, "60": 0.00998934917151928, "61": 0.009882803075015545, "62": 0.00977779645472765, "63": 0.009684542194008827, "64": 0.009581455029547215, "65": 0.009493200108408928, "66": 0.009394507855176926, "67": 0.009315675124526024, "68": 0.009231727570295334, "69": 0.009147049859166145, "70": 0.00907208677381277, "71": 0.008998367004096508, "72": 0.00893078837543726, "73": 0.008860963396728039, "74": 0.00879732333123684, "75": 0.008732086047530174, "76": 0.00867107417434454, "77": 0.008608018048107624, "78": 0.008548479527235031, "79": 0.00849549937993288, "80": 0.00844164565205574, "81": 0.008390424773097038, "82": 0.0083370516076684, "83": 0.00828627310693264, "84": 0.008234704844653606, "85": 0.008185606449842453, "86": 0.008134781382977962, "87": 0.00808621570467949, "88": 0.008035019040107727, "89": 0.007988491095602512, "90": 0.00794052891433239, "91": 0.007896789349615574, "92": 0.007852727547287941, "93": 0.0078098769299685955, "94": 0.007765727583318949, "95": 0.007723352871835232, "96": 0.007680254522711039, "97": 0.007636531721800566, "98": 0.0075934394262731075, "99": 0.007552006281912327, "100": 0.007509445305913687, "101": 0.007469772826880217, "102": 0.007430295925587416, "103": 0.007395452354103327, "104": 0.007358608767390251, "105": 0.00732260849326849, "106": 0.007286610547453165, "107": 0.007252592593431473, "108": 0.00721714086830616, "109": 0.007181838154792786, "110": 0.00714549794793129, "111": 0.007111361715942621, "112": 0.007077127695083618, "113": 0.007045426405966282, "114": 0.007014410104602575, "115": 0.00698457658290863, "116": 0.006954600568860769, "117": 0.006924128625541925, "118": 0.00689250323921442, "119": 0.006862770766019821, "120": 0.006829963065683842, "121": 0.0067988233640789986, "122": 0.006766143720597029, "123": 0.006737032905220985, "124": 0.006706336047500372, "125": 0.006678495556116104, "126": 0.006650169845670462, "127": 0.0066231475211679935, "128": 0.006595417857170105, "129": 0.006568217184394598, "130": 0.006540140137076378, "131": 0.006509126164019108, "132": 0.006476858630776405, "133": 0.006446574814617634, "134": 0.006414327770471573, "135": 0.006386535707861185, "136": 0.006359695456922054, "137": 0.00633498840034008, "138": 0.006310228258371353, "139": 0.006284886971116066, "140": 0.006260985974222422, "141": 0.006238819565623999, "142": 0.006213035434484482, "143": 0.006189395673573017, "144": 0.0061632608994841576, "145": 0.006137630436569452, "146": 0.0061131613329052925, "147": 0.00608693715184927, "148": 0.006066119764000177, "149": 0.006044621579349041, "150": 0.006022711284458637, "151": 0.005998874548822641, "152": 0.005975997541099787, "153": 0.005955514498054981, "154": 0.005936210975050926, "155": 0.0059127346612513065, "156": 0.00588878383859992, "157": 0.005863049533218145, "158": 0.005837137810885906, "159": 0.005809036549180746, "160": 0.00578517559915781, "161": 0.005765608977526426, "162": 0.005744447931647301, "163": 0.005722052417695522, "164": 0.005699111148715019, "165": 0.005680551752448082, "166": 0.0056614503264427185, "167": 0.005642425734549761, "168": 0.005619780160486698, "169": 0.005595500580966473, "170": 0.005572917405515909, "171": 0.005554425064474344, "172": 0.005539729259908199, "173": 0.005518157966434956, "174": 0.0055046044290065765, "175": 0.005485989153385162, "176": 0.005471481010317802, "177": 0.005458642728626728, "178": 0.005442644469439983, "179": 0.0054263705387711525, "180": 0.005413998384028673, "181": 0.005401181057095528, "182": 0.005384764634072781, "183": 0.005368493031710386, "184": 0.005353538319468498, "185": 0.005338435061275959, "186": 0.0053247371688485146, "187": 0.005308343563228846, "188": 0.005292041227221489, "189": 0.00527462363243103, "190": 0.005257891025394201, "191": 0.005243539810180664, "192": 0.005231800489127636, "193": 0.005219615995883942, "194": 0.005206923000514507, "195": 0.005194673780351877, "196": 0.0051832040771842, "197": 0.0051740314811468124, "198": 0.005163738504052162, "199": 0.005150751210749149, "200": 0.00514138163998723, "201": 0.005132729187607765, "202": 0.005123527720570564, "203": 0.0051108477637171745, "204": 0.0051030651666224, "205": 0.005095756612718105, "206": 0.005087918136268854, "207": 0.005078388378024101, "208": 0.005068355705589056, "209": 0.005057879723608494, "210": 0.005047831684350967, "211": 0.005034840665757656, "212": 0.0050233714282512665, "213": 0.0050135208293795586, "214": 0.00500129722058773, "215": 0.0049906219355762005, "216": 0.00498036528006196, "217": 0.0049704909324646, "218": 0.004958416800945997, "219": 0.004949213471263647, "220": 0.0049422988668084145, "221": 0.004929285030812025, "222": 0.004923637490719557, "223": 0.00491728913038969, "224": 0.004910903982818127, "225": 0.004903269000351429, "226": 0.0048966072499752045, "227": 0.004888334311544895, "228": 0.004880608059465885, "229": 0.004868263378739357, "230": 0.004859787877649069, "231": 0.004851583391427994, "232": 0.004842671565711498, "233": 0.004830160178244114, "234": 0.0048217205330729485, "235": 0.004813384730368853, "236": 0.004805746488273144, "237": 0.0047965324483811855, "238": 0.00478986743837595, "239": 0.00478352839127183, "240": 0.004777558147907257, "241": 0.0047713108360767365, "242": 0.004766006022691727, "243": 0.004760253708809614, "244": 0.00475563108921051, "245": 0.004751068539917469, "246": 0.004744904115796089, "247": 0.004740615841001272, "248": 0.004736271686851978, "249": 0.004731861874461174, "250": 0.004727267660200596, "251": 0.004723343998193741, "252": 0.0047176131047308445, "253": 0.004713240545243025, "254": 0.004708583932369947, "255": 0.004702284932136536, "256": 0.004697708413004875, "257": 0.0046929726377129555, "258": 0.0046885753981769085, "259": 0.004684268496930599, "260": 0.004676442593336105, "261": 0.004672914743423462, "262": 0.004669119603931904, "263": 0.004665452055633068, "264": 0.004661764483898878, "265": 0.004658251069486141, "266": 0.00465484568849206, "267": 0.004651525989174843, "268": 0.004648114554584026, "269": 0.004644811153411865, "270": 0.004641489125788212, "271": 0.004639891907572746, "272": 0.00463812705129385, "273": 0.004634896293282509, "274": 0.00463221687823534, "275": 0.004629660397768021, "276": 0.004626293666660786, "277": 0.004623499233275652, "278": 0.004620540887117386, "279": 0.004617480561137199,