{"0": 998.3068525791168, "1": 0.12471550703048706, "2": 0.000867307186126709, "3": 0.1437022089958191, "4": 0.049916625022888184, "5": 0.01632082462310791, "6": 0.010763198137283325, "7": 0.0090598464012146, "8": 0.007946997880935669, "9": 0.006999850273132324, "10": 0.00627705454826355, "11": 0.005634218454360962, "12": 0.005120813846588135, "13": 0.0045185387134552, "14": 0.004111349582672119, "15": 0.0038073062896728516, "16": 0.00355491042137146, "17": 0.003324061632156372, "18": 0.0031109750270843506, "19": 0.002928495407104492, "20": 0.0027369260787963867, "21": 0.0026120245456695557, "22": 0.002463400363922119, "23": 0.0023453831672668457, "24": 0.0022338032722473145, "25": 0.002127915620803833, "26": 0.002034395933151245, "27": 0.0019366443157196045, "28": 0.0018692314624786377, "29": 0.00179290771484375, "30": 0.0017208755016326904, "31": 0.0016604065895080566, "32": 0.0016041696071624756, "33": 0.0015490353107452393, "34": 0.0014996230602264404, "35": 0.0014456510543823242, "36": 0.0014017224311828613, "37": 0.0013599693775177002, "38": 0.0013338178396224976, "39": 0.001303941011428833, "40": 0.0012710988521575928, "41": 0.0012385547161102295, "42": 0.0012076646089553833, "43": 0.0011893212795257568, "44": 0.0011625587940216064, "45": 0.0011449754238128662, "46": 0.0011248141527175903, "47": 0.0011056214570999146, "48": 0.0010867267847061157, "49": 0.0010773241519927979, "50": 0.001053735613822937, "51": 0.0010401904582977295, "52": 0.001043066382408142, "53": 0.0010281652212142944, "54": 0.0010161250829696655, "55": 0.0010030418634414673, "56": 0.0009871423244476318, "57": 0.000988095998764038, "58": 0.0009820908308029175, "59": 0.0009765177965164185, "60": 0.0009689033031463623, "61": 0.0009513050317764282, "62": 0.0009697079658508301, "63": 0.0009584724903106689, "64": 0.0009556859731674194, "65": 0.0009451508522033691, "66": 0.0009382069110870361, "67": 0.0009339302778244019, "68": 0.0009260177612304688, "69": 0.0009261518716812134, "70": 0.0009226202964782715, "71": 0.000922083854675293, "72": 0.000917479395866394, "73": 0.0009185373783111572, "74": 0.0009110122919082642, "75": 0.0009050369262695312, "76": 0.0008993446826934814, "77": 0.0008948147296905518, "78": 0.0008946359157562256, "79": 0.0008924007415771484, "80": 0.0008895546197891235, "81": 0.0008869767189025879, "82": 0.0008874684572219849, "83": 0.0008871853351593018, "84": 0.000884518027305603, "85": 0.0008801817893981934, "86": 0.0008770227432250977, "87": 0.0008737742900848389, "88": 0.0008712708950042725, "89": 0.0008718669414520264, "90": 0.0008694380521774292, "91": 0.0008680522441864014, "92": 0.0008673816919326782, "93": 0.0008657276630401611, "94": 0.0008663088083267212, "95": 0.0008668452501296997, "96": 0.0008687078952789307, "97": 0.000876501202583313, "98": 0.0008855462074279785, "99": 0.0008919686079025269, "100": 0.0009023398160934448, "101": 0.0009136795997619629, "102": 0.0009262114763259888, "103": 0.0009376853704452515, "104": 0.0009485185146331787, "105": 0.0009617060422897339, "106": 0.000977441668510437, "107": 0.000996425747871399, "108": 0.0010305196046829224, "109": 0.0010884851217269897, "110": 0.001116439700126648, "111": 0.001327618956565857, "112": 0.0015677958726882935, "113": 0.0008798986673355103, "114": 0.0011571794748306274, "115": 0.0012567341327667236, "116": 0.001406148076057434, "117": 0.001424536108970642, "118": 0.0014213323593139648, "119": 0.0014207959175109863, "120": 0.0013922303915023804, "121": 0.0013297945261001587, "122": 0.001318618655204773, "123": 0.0017405599355697632, "124": 0.0011262744665145874, "125": 0.0009853392839431763, "126": 0.0009772926568984985, "127": 0.000978723168373108, "128": 0.0009751468896865845, "129": 0.000981152057647705, "130": 0.0009779632091522217, "131": 0.0009936243295669556, "132": 0.0010036230087280273, "133": 0.0010067224502563477, "134": 0.0014615952968597412, "135": 0.0009992718696594238, "136": 0.0009236186742782593, "137": 0.0009703487157821655, "138": 0.0009482055902481079, "139": 0.0010037273168563843, "140": 0.0009654313325881958, "141": 0.0010753124952316284, "142": 0.0010024160146713257, "143": 0.0011466890573501587, "144": 0.0010594427585601807, "145": 0.00126589834690094, "146": 0.0010187327861785889, "147": 0.0009326040744781494, "148": 0.0009300708770751953, "149": 0.0009303390979766846, "150": 0.0009088218212127686, "151": 0.0008995980024337769, "152": 0.0008797347545623779, "153": 0.0008847564458847046, "154": 0.0008670389652252197, "155": 0.000885501503944397, "156": 0.0013830214738845825, "157": 0.0008280575275421143, "158": 0.0007781609892845154, "159": 0.0007895901799201965, "160": 0.0007750540971755981, "161": 0.0007736533880233765, "162": 0.00076303631067276, "163": 0.0007582083344459534, "164": 0.0007512867450714111, "165": 0.0007501542568206787, "166": 0.0007531121373176575, "167": 0.0011656209826469421, "168": 0.0007529854774475098, "169": 0.0006895065307617188, "170": 0.0007436424493789673, "171": 0.0006867200136184692, "172": 0.0007013678550720215, "173": 0.0006739944219589233, "174": 0.0006854310631752014, "175": 0.0006641745567321777, "176": 0.0006745830178260803, "177": 0.0006629228591918945, "178": 0.00087728351354599, "179": 0.000646449625492096, "180": 0.000613093376159668, "181": 0.0006181523203849792, "182": 0.0006115809082984924, "183": 0.0006052181124687195, "184": 0.0006010755896568298, "185": 0.0005936995148658752, "186": 0.0005881860852241516, "187": 0.0005828142166137695, "188": 0.0005812942981719971, "189": 0.000945262610912323, "190": 0.0007033273577690125, "191": 0.0005756542086601257, "192": 0.0006013140082359314, "193": 0.0005238577723503113, "194": 0.000693298876285553, "195": 0.0005533546209335327, "196": 0.0005609616637229919, "197": 0.0006887689232826233, "198": 0.0006508901715278625, "199": 0.0006577298045158386, "200": 0.000706799328327179, "201": 0.0006476268172264099, "202": 0.0006054490804672241, "203": 0.0006901472806930542, "204": 0.0005790442228317261, "205": 0.0005717873573303223, "206": 0.0005779340863227844, "207": 0.0006074011325836182, "208": 0.0005298256874084473, "209": 0.000523984432220459, "210": 0.0005188062787055969, "211": 0.0005454868078231812, "212": 0.0005067810416221619, "213": 0.0004829689860343933, "214": 0.0005350038409233093, "215": 0.0004964768886566162, "216": 0.0004400014877319336, "217": 0.00047500431537628174, "218": 0.00043883174657821655, "219": 0.0005233511328697205, "220": 0.0004366859793663025, "221": 0.0004549100995063782, "222": 0.00045790523290634155, "223": 0.00044652074575424194, "224": 0.00044284015893936157, "225": 0.0004949644207954407, "226": 0.00043870508670806885, "227": 0.0004199296236038208, "228": 0.0004146099090576172, "229": 0.00039343535900115967, "230": 0.00044193118810653687, "231": 0.00038674473762512207, "232": 0.000379905104637146, "233": 0.00037197768688201904, "234": 0.0003568902611732483, "235": 0.0003934726119041443, "236": 0.0003813430666923523, "237": 0.0003690272569656372, "238": 0.0004287213087081909, "239": 0.000403672456741333, "240": 0.0003426074981689453, "241": 0.0003376379609107971, "242": 0.00041681528091430664, "243": 0.00033596158027648926, "244": 0.0004082620143890381, "245": 0.00034332275390625, "246": 0.0003371685743331909, "247": 0.00033977627754211426, "248": 0.0003274306654930115, "249": 0.0003114864230155945, "250": 0.00035087764263153076, "251": 0.0003075450658798218, "252": 0.00027330219745635986, "253": 0.000395357608795166, "254": 0.00028082728385925293, "255": 0.0002785623073577881, "256": 0.0003748983144760132, "257": 0.00028228759765625, "258": 0.00031638890504837036, "259": 0.0002849772572517395, "260": 0.0002774670720100403, "261": 0.0003114640712738037, "262": 0.0003184974193572998, "263": 0.0002499893307685852, "264": 0.0002449154853820801, "265": 0.000275343656539917, "266": 0.0002674311399459839, "267": 0.00025303661823272705, "268": 0.00030271708965301514, "269": 0.0002621486783027649, "270": 0.00026419758796691895, "271": 0.0002659335732460022,