{"0": 0.6931474208831787, "1": 0.06960022449493408, "2": 0.06953305006027222, "3": 0.03876742720603943, "4": 0.0382077656686306, "5": 0.03784583508968353, "6": 0.03750259429216385, "7": 0.037190794944763184, "8": 0.03690720349550247, "9": 0.03665107861161232, "10": 0.036419667303562164, "11": 0.03621004521846771, "12": 0.03601955994963646, "13": 0.03588996082544327, "14": 0.03576413542032242, "15": 0.035634588450193405, "16": 0.03550218045711517, "17": 0.035369712859392166, "18": 0.0352444052696228, "19": 0.03512527793645859, "20": 0.0350143127143383, "21": 0.034909289330244064, "22": 0.03480955585837364, "23": 0.03471638634800911, "24": 0.03462585061788559, "25": 0.03453846648335457, "26": 0.03445427492260933, "27": 0.03437298163771629, "28": 0.03429396077990532, "29": 0.034219350665807724, "30": 0.034148916602134705, "31": 0.0340808741748333, "32": 0.03401552140712738, "33": 0.033952537924051285, "34": 0.03389119356870651, "35": 0.033832889050245285, "36": 0.033776577562093735, "37": 0.03372218832373619, "38": 0.033669620752334595, "39": 0.033618442714214325, "40": 0.03356940671801567, "41": 0.03352222591638565, "42": 0.03347606956958771, "43": 0.03343188390135765, "44": 0.033388882875442505, "45": 0.033346809446811676, "46": 0.033306192606687546, "47": 0.033266983926296234, "48": 0.03322833776473999, "49": 0.03319043666124344, "50": 0.03315263241529465, "51": 0.03311454877257347, "52": 0.033076152205467224, "53": 0.03303803876042366, "54": 0.03300013393163681, "55": 0.03296015411615372, "56": 0.032919663935899734, "57": 0.03287800773978233, "58": 0.03283482417464256, "59": 0.032787200063467026, "60": 0.03273602947592735, "61": 0.032680999487638474, "62": 0.03262241184711456, "63": 0.0325574092566967, "64": 0.032484106719493866, "65": 0.03239965811371803, "66": 0.032290030270814896, "67": 0.03215121850371361, "68": 0.031940437853336334, "69": 0.03165237605571747, "70": 0.03138646483421326, "71": 0.031093541532754898, "72": 0.03084782510995865, "73": 0.030595703050494194, "74": 0.03031248226761818, "75": 0.03005916066467762, "76": 0.029822170734405518, "77": 0.029614554718136787, "78": 0.029424069449305534, "79": 0.029191026464104652, "80": 0.02899404801428318, "81": 0.028815530240535736, "82": 0.028583865612745285, "83": 0.028327394276857376, "84": 0.028130974620580673, "85": 0.02794010564684868, "86": 0.027753956615924835, "87": 0.027582935988903046, "88": 0.02741946652531624, "89": 0.027265246957540512, "90": 0.02711203694343567, "91": 0.026963910087943077, "92": 0.026828519999980927, "93": 0.026687849313020706, "94": 0.026553725823760033, "95": 0.026426009833812714, "96": 0.026293784379959106, "97": 0.026166703552007675, "98": 0.02604096196591854, "99": 0.02592453733086586, "100": 0.025811564177274704, "101": 0.025701753795146942, "102": 0.025593437254428864, "103": 0.025485986843705177, "104": 0.025384360924363136, "105": 0.025280117988586426, "106": 0.025176379829645157, "107": 0.02507617324590683, "108": 0.024974804371595383, "109": 0.024876423180103302, "110": 0.024777468293905258, "111": 0.024683929979801178, "112": 0.024583078920841217, "113": 0.024490702897310257, "114": 0.024394283071160316, "115": 0.024301255121827126, "116": 0.024211348965764046, "117": 0.02411842904984951, "118": 0.024030175060033798, "119": 0.023937880992889404, "120": 0.023847654461860657, "121": 0.02375464327633381, "122": 0.02366616576910019, "123": 0.023577675223350525, "124": 0.0234780702739954, "125": 0.023389510810375214, "126": 0.023279432207345963, "127": 0.023172535002231598, "128": 0.02307090535759926, "129": 0.022984027862548828, "130": 0.02287859469652176, "131": 0.022788578644394875, "132": 0.022703129798173904, "133": 0.02261379547417164, "134": 0.022530052810907364, "135": 0.022440876811742783, "136": 0.022365586832165718, "137": 0.02228078804910183, "138": 0.022185899317264557, "139": 0.02209993079304695, "140": 0.022019702941179276, "141": 0.0219444427639246, "142": 0.021861862391233444, "143": 0.021791409701108932, "144": 0.021720658987760544, "145": 0.021632976830005646, "146": 0.021555479615926743, "147": 0.02147149294614792, "148": 0.021403776481747627, "149": 0.021330323070287704, "150": 0.021239925175905228, "151": 0.021159065887331963, "152": 0.021090760827064514, "153": 0.02102131024003029, "154": 0.020955268293619156, "155": 0.02087981253862381, "156": 0.020822472870349884, "157": 0.020762845873832703, "158": 0.020697984844446182, "159": 0.02063431777060032, "160": 0.020572185516357422, "161": 0.020496778190135956, "162": 0.020428311079740524, "163": 0.02037014253437519, "164": 0.020309967920184135, "165": 0.020254191011190414, "166": 0.020190590992569923, "167": 0.020125612616539, "168": 0.02006709575653076, "169": 0.020010298117995262, "170": 0.019962070509791374, "171": 0.019914235919713974, "172": 0.019869595766067505, "173": 0.019824644550681114, "174": 0.019776754081249237, "175": 0.01972471922636032, "176": 0.01966938190162182, "177": 0.019622398540377617, "178": 0.01957518421113491, "179": 0.01952158659696579, "180": 0.019470129162073135, "181": 0.019416403025388718, "182": 0.01937950775027275, "183": 0.019349398091435432, "184": 0.0193195641040802, "185": 0.01929052174091339, "186": 0.019263261929154396, "187": 0.019236937165260315, "188": 0.01921091414988041, "189": 0.01918458379805088, "190": 0.01916036754846573, "191": 0.019135821610689163, "192": 0.01910189539194107, "193": 0.019068973138928413, "194": 0.01903669163584709, "195": 0.019006799906492233, "196": 0.018980013206601143, "197": 0.01895243301987648, "198": 0.018929023295640945, "199": 0.018907077610492706, "200": 0.01888030767440796, "201": 0.01885417476296425, "202": 0.01883086934685707, "203": 0.018811827525496483, "204": 0.018793007358908653, "205": 0.018774941563606262, "206": 0.01875690370798111, "207": 0.018737968057394028, "208": 0.01871367357671261, "209": 0.018697228282690048, "210": 0.018680376932024956, "211": 0.0186622217297554, "212": 0.018647488206624985, "213": 0.01863245479762554, "214": 0.018615547567605972, "215": 0.018601668998599052, "216": 0.018587537109851837, "217": 0.01857302337884903, "218": 0.018558409065008163, "219": 0.018536556512117386, "220": 0.01852286234498024, "221": 0.018510160967707634, "222": 0.018496913835406303, "223": 0.0184843260794878, "224": 0.01846933178603649, "225": 0.018459003418684006, "226": 0.018448464572429657, "227": 0.018435072153806686, "228": 0.018425021320581436, "229": 0.018415726721286774, "230": 0.01840667612850666, "231": 0.018392447382211685, "232": 0.018382420763373375, "233": 0.01837417110800743, "234": 0.018366295844316483, "235": 0.018358372151851654, "236": 0.018350224941968918, "237": 0.018342455849051476, "238": 0.01833438314497471, "239": 0.018326591700315475, "240": 0.018319066613912582, "241": 0.018310820683836937, "242": 0.01830333098769188, "243": 0.01829545944929123, "244": 0.018285129219293594, "245": 0.01827865093946457, "246": 0.018272418528795242, "247": 0.018266282975673676, "248": 0.018259301781654358, "249": 0.018253376707434654, "250": 0.018247224390506744, "251": 0.01824122481048107, "252": 0.01823517493903637, "253": 0.018228717148303986, "254": 0.018222710117697716, "255": 0.018216408789157867, "256": 0.018209930509328842, "257": 0.01820392534136772, "258": 0.018198050558567047, "259": 0.01819159835577011, "260": 0.018185554072260857, "261": 0.01818051189184189, "262": 0.018175503239035606, "263": 0.018170569092035294, "264": 0.018165739253163338, "265": 0.018161125481128693, "266": 0.01815660670399666, "267": 0.01815193146467209, "268": 0.01814461126923561, "269": 0.018140193074941635, "270": 0.018135908991098404, "271": 0.018132057040929794, "272": 0.018128031864762306, "273": 0.01812400110065937, "274": 0.018119890242815018, "275": 0.018116014078259468, "276": 0.018112145364284515, "277": 0.018108252435922623, "278": 0.01810435764491558, "279": 0.01810041442513466, "280": 0.018096616491675377, "281": 0.018092593178153038, "282": 0.01808876544237137, "283": 0.01808495819568634,