{"0": 998.3068525791168, "1": 0.6235471963882446, "2": 6.717443466186523e-05, "3": 0.030765622854232788, "4": 0.0005596615374088287, "5": 0.00036193057894706726, "6": 0.00034324079751968384, "7": 0.0003117993474006653, "8": 0.00028359144926071167, "9": 0.000256124883890152, "10": 0.00023141130805015564, "11": 0.0002096220850944519, "12": 0.00019048526883125305, "13": 0.00012959912419319153, "14": 0.0001258254051208496, "15": 0.00012954697012901306, "16": 0.0001324079930782318, "17": 0.0001324675977230072, "18": 0.0001253075897693634, "19": 0.00011912733316421509, "20": 0.00011096522212028503, "21": 0.00010502338409423828, "22": 9.973347187042236e-05, "23": 9.316951036453247e-05, "24": 9.05357301235199e-05, "25": 8.738413453102112e-05, "26": 8.419156074523926e-05, "27": 8.129328489303589e-05, "28": 7.902085781097412e-05, "29": 7.461011409759521e-05, "30": 7.043406367301941e-05, "31": 6.804242730140686e-05, "32": 6.535276770591736e-05, "33": 6.298348307609558e-05, "34": 6.134435534477234e-05, "35": 5.830451846122742e-05, "36": 5.631148815155029e-05, "37": 5.4389238357543945e-05, "38": 5.256757140159607e-05, "39": 5.1178038120269775e-05, "40": 4.9035996198654175e-05, "41": 4.718080163002014e-05, "42": 4.6156346797943115e-05, "43": 4.418566823005676e-05, "44": 4.3001025915145874e-05, "45": 4.207342863082886e-05, "46": 4.061684012413025e-05, "47": 3.9208680391311646e-05, "48": 3.8646161556243896e-05, "49": 3.7901103496551514e-05, "50": 3.7804245948791504e-05, "51": 3.808364272117615e-05, "52": 3.839656710624695e-05, "53": 3.811344504356384e-05, "54": 3.7904828786849976e-05, "55": 3.997981548309326e-05, "56": 4.0490180253982544e-05, "57": 4.165619611740112e-05, "58": 4.318356513977051e-05, "59": 4.762411117553711e-05, "60": 5.117058753967285e-05, "61": 5.5029988288879395e-05, "62": 5.858764052391052e-05, "63": 6.500259041786194e-05, "64": 7.330253720283508e-05, "65": 8.444860577583313e-05, "66": 0.00010962784290313721, "67": 0.00013881176710128784, "68": 0.00021078065037727356, "69": 0.00028806179761886597, "70": 0.0002659112215042114, "71": 0.00029292330145835876, "72": 0.0002457164227962494, "73": 0.00025212205946445465, "74": 0.0002832207828760147, "75": 0.0002533216029405594, "76": 0.00023698993027210236, "77": 0.00020761601626873016, "78": 0.00019048526883125305, "79": 0.00023304298520088196, "80": 0.00019697844982147217, "81": 0.00017851777374744415, "82": 0.00023166462779045105, "83": 0.00025647133588790894, "84": 0.00019641965627670288, "85": 0.00019086897373199463, "86": 0.00018614903092384338, "87": 0.00017102062702178955, "88": 0.00016346946358680725, "89": 0.00015421956777572632, "90": 0.00015321001410484314, "91": 0.00014812685549259186, "92": 0.00013539008796215057, "93": 0.00014067068696022034, "94": 0.00013412348926067352, "95": 0.00012771598994731903, "96": 0.00013222545385360718, "97": 0.00012708082795143127, "98": 0.00012574158608913422, "99": 0.00011642463505268097, "100": 0.000112973153591156, "101": 0.00010981038212776184, "102": 0.00010831654071807861, "103": 0.00010745041072368622, "104": 0.00010162591934204102, "105": 0.00010424293577671051, "106": 0.00010373815894126892, "107": 0.00010020658373832703, "108": 0.00010136887431144714, "109": 9.838119149208069e-05, "110": 9.895488619804382e-05, "111": 9.35383141040802e-05, "112": 0.00010085105895996094, "113": 9.237602353096008e-05, "114": 9.641982614994049e-05, "115": 9.302794933319092e-05, "116": 8.990615606307983e-05, "117": 9.291991591453552e-05, "118": 8.825398981571198e-05, "119": 9.229406714439392e-05, "120": 9.022653102874756e-05, "121": 9.301118552684784e-05, "122": 8.847750723361969e-05, "123": 8.84905457496643e-05, "124": 9.960494935512543e-05, "125": 8.855946362018585e-05, "126": 0.0001100786030292511, "127": 0.00010689720511436462, "128": 0.00010162964463233948, "129": 8.68774950504303e-05, "130": 0.00010543316602706909, "131": 9.001605212688446e-05, "132": 8.544884622097015e-05, "133": 8.933432400226593e-05, "134": 8.37426632642746e-05, "135": 8.91759991645813e-05, "136": 7.528997957706451e-05, "137": 8.479878306388855e-05, "138": 9.488873183727264e-05, "139": 8.596852421760559e-05, "140": 8.022785186767578e-05, "141": 7.526017725467682e-05, "142": 8.258037269115448e-05, "143": 7.045269012451172e-05, "144": 7.075071334838867e-05, "145": 8.768215775489807e-05, "146": 7.74972140789032e-05, "147": 8.398666977882385e-05, "148": 6.771646440029144e-05, "149": 7.345341145992279e-05, "150": 9.03978943824768e-05, "151": 8.085928857326508e-05, "152": 6.830506026744843e-05, "153": 6.945058703422546e-05, "154": 6.604194641113281e-05, "155": 7.545575499534607e-05, "156": 5.733966827392578e-05, "157": 5.9626996517181396e-05, "158": 6.486102938652039e-05, "159": 6.366707384586334e-05, "160": 6.213225424289703e-05, "161": 7.540732622146606e-05, "162": 6.846711039543152e-05, "163": 5.816854536533356e-05, "164": 6.01746141910553e-05, "165": 5.577690899372101e-05, "166": 6.360001862049103e-05, "167": 6.497837603092194e-05, "168": 5.8516860008239746e-05, "169": 5.679763853549957e-05, "170": 4.822760820388794e-05, "171": 4.783459007740021e-05, "172": 4.4640153646469116e-05, "173": 4.4951215386390686e-05, "174": 4.7890469431877136e-05, "175": 5.2034854888916016e-05, "176": 5.53373247385025e-05, "177": 4.698336124420166e-05, "178": 4.72143292427063e-05, "179": 5.359761416912079e-05, "180": 5.145743489265442e-05, "181": 5.3726136684417725e-05, "182": 3.68952751159668e-05, "183": 3.010965883731842e-05, "184": 2.983398735523224e-05, "185": 2.9042363166809082e-05, "186": 2.7259811758995056e-05, "187": 2.6324763894081116e-05, "188": 2.60230153799057e-05, "189": 2.633035182952881e-05, "190": 2.4216249585151672e-05, "191": 2.4545937776565552e-05, "192": 3.392621874809265e-05, "193": 3.2922253012657166e-05, "194": 3.2281503081321716e-05, "195": 2.98917293548584e-05, "196": 2.6786699891090393e-05, "197": 2.758018672466278e-05, "198": 2.3409724235534668e-05, "199": 2.1945685148239136e-05, "200": 2.6769936084747314e-05, "201": 2.6132911443710327e-05, "202": 2.3305416107177734e-05, "203": 1.9041821360588074e-05, "204": 1.882016658782959e-05, "205": 1.8065795302391052e-05, "206": 1.8037855625152588e-05, "207": 1.893565058708191e-05, "208": 2.4294480681419373e-05, "209": 1.644529402256012e-05, "210": 1.6851350665092468e-05, "211": 1.8155202269554138e-05, "212": 1.473352313041687e-05, "213": 1.5033408999443054e-05, "214": 1.6907230019569397e-05, "215": 1.387856900691986e-05, "216": 1.4131888747215271e-05, "217": 1.4513731002807617e-05, "218": 1.4614313840866089e-05, "219": 2.1852552890777588e-05, "220": 1.3694167137145996e-05, "221": 1.2701377272605896e-05, "222": 1.3247132301330566e-05, "223": 1.2587755918502808e-05, "224": 1.4994293451309204e-05, "225": 1.0328367352485657e-05, "226": 1.0538846254348755e-05, "227": 1.3392418622970581e-05, "228": 1.0050833225250244e-05, "229": 9.294599294662476e-06, "230": 9.05059278011322e-06, "231": 1.422874629497528e-05, "232": 1.0026618838310242e-05, "233": 8.249655365943909e-06, "234": 7.875263690948486e-06, "235": 7.923692464828491e-06, "236": 8.147209882736206e-06, "237": 7.769092917442322e-06, "238": 8.072704076766968e-06, "239": 7.791444659233093e-06, "240": 7.525086402893066e-06, "241": 8.245930075645447e-06, "242": 7.489696145057678e-06, "243": 7.871538400650024e-06, "244": 1.0330229997634888e-05, "245": 6.4782798290252686e-06, "246": 6.232410669326782e-06, "247": 6.1355531215667725e-06, "248": 6.981194019317627e-06, "249": 5.925074219703674e-06, "250": 6.152316927909851e-06, "251": 5.999580025672913e-06, "252": 6.0498714447021484e-06, "253": 6.457790732383728e-06, "254": 6.0070306062698364e-06, "255": 6.301328539848328e-06, "256": 6.4782798290252686e-06, "257": 6.0051679611206055e-06, "258": 5.8747828006744385e-06, "259": 6.452202796936035e-06, "260": 6.0442835092544556e-06, "261": 5.042180418968201e-06, "262": 5.0086528062820435e-06, "263": 4.934147000312805e-06, "264": 4.829838871955872e-06, "265": 4.6137720346450806e-06, "266": 4.518777132034302e-06,