{"0": 0.6931474208831787, "1": 0.06833551824092865, "2": 0.06827716529369354, "3": 0.038832537829875946, "4": 0.03808511048555374, "5": 0.037597835063934326, "6": 0.03715479373931885, "7": 0.03676551580429077, "8": 0.03641838580369949, "9": 0.036107487976551056, "10": 0.03582758828997612, "11": 0.03557570278644562, "12": 0.035348545759916306, "13": 0.03518414497375488, "14": 0.03503134846687317, "15": 0.034877192229032516, "16": 0.03472483158111572, "17": 0.0345739908516407, "18": 0.034427400678396225, "19": 0.03428765386343002, "20": 0.03415443375706673, "21": 0.03402743488550186, "22": 0.03390805050730705, "23": 0.03379195183515549, "24": 0.03367923945188522, "25": 0.033571936190128326, "26": 0.03346652537584305, "27": 0.033361393958330154, "28": 0.03325791284441948, "29": 0.033156439661979675, "30": 0.03305673971772194, "31": 0.03295787423849106, "32": 0.03285996988415718, "33": 0.032763898372650146, "34": 0.03266699239611626, "35": 0.03256862983107567, "36": 0.032468460500240326, "37": 0.03236830607056618, "38": 0.032267313450574875, "39": 0.03216053545475006, "40": 0.03205084055662155, "41": 0.031934671103954315, "42": 0.031811248511075974, "43": 0.031679511070251465, "44": 0.03153843805193901, "45": 0.03138166293501854, "46": 0.031206907704472542, "47": 0.031006228178739548, "48": 0.03073955327272415, "49": 0.03042513318359852, "50": 0.029962657019495964, "51": 0.02941504679620266, "52": 0.028742827475070953, "53": 0.028166553005576134, "54": 0.027558552101254463, "55": 0.026979155838489532, "56": 0.026315249502658844, "57": 0.025876712054014206, "58": 0.025302425026893616, "59": 0.024909764528274536, "60": 0.024503370746970177, "61": 0.02411321923136711, "62": 0.023772399872541428, "63": 0.02338658645749092, "64": 0.023089826107025146, "65": 0.022756697610020638, "66": 0.022496458142995834, "67": 0.02221561223268509, "68": 0.021962974220514297, "69": 0.021690942347049713, "70": 0.02143474668264389, "71": 0.02121550403535366, "72": 0.02101411297917366, "73": 0.020797060802578926, "74": 0.020570524036884308, "75": 0.020388633012771606, "76": 0.020181268453598022, "77": 0.020000886172056198, "78": 0.01980699598789215, "79": 0.019624020904302597, "80": 0.01944153755903244, "81": 0.019275924190878868, "82": 0.019109316170215607, "83": 0.01896822452545166, "84": 0.018821939826011658, "85": 0.018684085458517075, "86": 0.01854974776506424, "87": 0.018412981182336807, "88": 0.018281498923897743, "89": 0.018162857741117477, "90": 0.018028967082500458, "91": 0.017911236733198166, "92": 0.017781071364879608, "93": 0.0176668893545866, "94": 0.0175488218665123, "95": 0.017438514158129692, "96": 0.01732499897480011, "97": 0.017218489199876785, "98": 0.01711268723011017, "99": 0.01700150966644287, "100": 0.01688714511692524, "101": 0.01677938923239708, "102": 0.016674568876624107, "103": 0.016564207151532173, "104": 0.016458839178085327, "105": 0.016351597383618355, "106": 0.016244463622570038, "107": 0.016148975118994713, "108": 0.01604798249900341, "109": 0.015958435833454132, "110": 0.015865344554185867, "111": 0.015770988538861275, "112": 0.015685049816966057, "113": 0.015591536648571491, "114": 0.015499334782361984, "115": 0.01540881022810936, "116": 0.015317077748477459, "117": 0.015228325501084328, "118": 0.015147610567510128, "119": 0.015072425827383995, "120": 0.014990480616688728, "121": 0.014915446750819683, "122": 0.01483352854847908, "123": 0.014751523733139038, "124": 0.014670778065919876, "125": 0.01459023542702198, "126": 0.014502197504043579, "127": 0.014418721199035645, "128": 0.014334829524159431, "129": 0.014255433343350887, "130": 0.014187549240887165, "131": 0.014107732102274895, "132": 0.014032014645636082, "133": 0.013959093019366264, "134": 0.013878457248210907, "135": 0.013799212872982025, "136": 0.013732482679188251, "137": 0.01366148330271244, "138": 0.013586301356554031, "139": 0.013514885678887367, "140": 0.013442344032227993, "141": 0.013378582894802094, "142": 0.01331422384828329, "143": 0.01324889250099659, "144": 0.013185655698180199, "145": 0.013126768171787262, "146": 0.0130670927464962, "147": 0.013009140267968178, "148": 0.012958988547325134, "149": 0.012910624966025352, "150": 0.012864547781646252, "151": 0.012818856164813042, "152": 0.012770971283316612, "153": 0.012717962265014648, "154": 0.012662050314247608, "155": 0.0126059390604496, "156": 0.01255042850971222, "157": 0.012497695162892342, "158": 0.012445821426808834, "159": 0.012395432218909264, "160": 0.012346169911324978, "161": 0.012294746935367584, "162": 0.012238271534442902, "163": 0.012186943553388119, "164": 0.012144148349761963, "165": 0.012099791318178177, "166": 0.012056458741426468, "167": 0.012012602761387825, "168": 0.011968478560447693, "169": 0.01190471276640892, "170": 0.011845583096146584, "171": 0.011784828267991543, "172": 0.011721853166818619, "173": 0.011653456836938858, "174": 0.011590980924665928, "175": 0.011539132334291935, "176": 0.011494112201035023, "177": 0.0114554138854146, "178": 0.011416731402277946, "179": 0.011380992829799652, "180": 0.011334395967423916, "181": 0.011283015832304955, "182": 0.011232527904212475, "183": 0.01118945050984621, "184": 0.011148151010274887, "185": 0.011106204241514206, "186": 0.011066705919802189, "187": 0.011004935950040817, "188": 0.010954606346786022, "189": 0.010905848816037178, "190": 0.010876383632421494, "191": 0.01084810309112072, "192": 0.010819189250469208, "193": 0.010783810168504715, "194": 0.01074898336082697, "195": 0.010715312324464321, "196": 0.01068352721631527, "197": 0.010644111782312393, "198": 0.010611243546009064, "199": 0.010579967871308327, "200": 0.010548240505158901, "201": 0.01051255688071251, "202": 0.010480985045433044, "203": 0.010457013733685017, "204": 0.010433312505483627, "205": 0.010409263893961906, "206": 0.010366645641624928, "207": 0.010346880182623863, "208": 0.010325233452022076, "209": 0.010301511734724045, "210": 0.010278399102389812, "211": 0.010242554359138012, "212": 0.010222415439784527, "213": 0.0102031035348773, "214": 0.010183014906942844, "215": 0.010160421952605247, "216": 0.010144033469259739, "217": 0.01012247335165739, "218": 0.010107183828949928, "219": 0.010091474279761314, "220": 0.010074660181999207, "221": 0.010058511048555374, "222": 0.01003839261829853, "223": 0.010023978538811207, "224": 0.010009613819420338, "225": 0.009994609281420708, "226": 0.009981083683669567, "227": 0.009960968047380447, "228": 0.009948842227458954, "229": 0.009931165724992752, "230": 0.00991783756762743, "231": 0.00990621279925108, "232": 0.00989528838545084, "233": 0.009885106235742569, "234": 0.009875266812741756, "235": 0.009865468367934227, "236": 0.009856599383056164, "237": 0.00984342209994793, "238": 0.009832212701439857, "239": 0.009822688065469265, "240": 0.009808377362787724, "241": 0.00979960709810257, "242": 0.009790529496967793, "243": 0.009779646061360836, "244": 0.009769149124622345, "245": 0.009751396253705025, "246": 0.009743480943143368, "247": 0.009737013839185238, "248": 0.00973067618906498, "249": 0.009719446301460266, "250": 0.00971364788711071, "251": 0.009709745645523071, "252": 0.009706282988190651, "253": 0.009698738344013691, "254": 0.0096952635794878, "255": 0.00969000905752182, "256": 0.009686748497188091, "257": 0.009684162214398384, "258": 0.009681161493062973, "259": 0.009678727015852928, "260": 0.009675991721451283, "261": 0.009673588909208775, "262": 0.00967103149741888, "263": 0.0096686240285635, "264": 0.009665785357356071, "265": 0.009663555771112442, "266": 0.009662165306508541, "267": 0.009661047719419003, "268": 0.009659972041845322, "269": 0.009658890776336193, "270": 0.009657833725214005, "271": 0.009656802751123905, "272": 0.009655813686549664}