{"0": 998.3068525791168, "1": 0.4367251992225647, "2": 0.0002117753028869629, "3": 0.06788468360900879, "4": 0.014963850378990173, "5": 0.0056356340646743774, "6": 0.004224330186843872, "7": 0.0036532729864120483, "8": 0.003238677978515625, "9": 0.0028853267431259155, "10": 0.0025952905416488647, "11": 0.002344369888305664, "12": 0.0021408945322036743, "13": 0.0019153803586959839, "14": 0.0017418116331100464, "15": 0.0016169548034667969, "16": 0.0015257000923156738, "17": 0.0014401674270629883, "18": 0.001372009515762329, "19": 0.001301199197769165, "20": 0.001248970627784729, "21": 0.0011892914772033691, "22": 0.0011435002088546753, "23": 0.0011031776666641235, "24": 0.0010621696710586548, "25": 0.0010216087102890015, "26": 0.0009954571723937988, "27": 0.0009607523679733276, "28": 0.0009294748306274414, "29": 0.0009156316518783569, "30": 0.0008922219276428223, "31": 0.0008661001920700073, "32": 0.0008461177349090576, "33": 0.000825047492980957, "34": 0.0008040592074394226, "35": 0.0007831752300262451, "36": 0.0007695704698562622, "37": 0.0007521659135818481, "38": 0.0007360354065895081, "39": 0.0007175058126449585, "40": 0.0006982535123825073, "41": 0.000684104859828949, "42": 0.0006697997450828552, "43": 0.0006501302123069763, "44": 0.0006380006670951843, "45": 0.0006282255053520203, "46": 0.0006123706698417664, "47": 0.0005978718400001526, "48": 0.0005809515714645386, "49": 0.0005695447325706482, "50": 0.0005563274025917053, "51": 0.0005444511771202087, "52": 0.0005306601524353027, "53": 0.0005186349153518677, "54": 0.0005082264542579651, "55": 0.000497378408908844, "56": 0.00048819929361343384, "57": 0.00047876685857772827, "58": 0.0004701539874076843, "59": 0.00045981258153915405, "60": 0.0004489123821258545, "61": 0.0004381835460662842, "62": 0.0004284009337425232, "63": 0.00041950494050979614, "64": 0.00041174888610839844, "65": 0.0004065483808517456, "66": 0.0004012584686279297, "67": 0.00039631128311157227, "68": 0.0003908500075340271, "69": 0.00038536638021469116, "70": 0.00038114190101623535, "71": 0.0003772825002670288, "72": 0.0003737211227416992, "73": 0.00037173181772232056, "74": 0.00037370622158050537, "75": 0.0003782808780670166, "76": 0.00038382411003112793, "77": 0.00038860738277435303, "78": 0.00040455162525177, "79": 0.00041925162076950073, "80": 0.00044327229261398315, "81": 0.0004693567752838135, "82": 0.0005038827657699585, "83": 0.0005646795034408569, "84": 0.000652119517326355, "85": 0.0007693767547607422, "86": 0.0009112507104873657, "87": 0.0011165663599967957, "88": 0.0009444206953048706, "89": 0.0012523308396339417, "90": 0.0013842657208442688, "91": 0.0012680292129516602, "92": 0.0012362375855445862, "93": 0.001143142580986023, "94": 0.0011444389820098877, "95": 0.001009330153465271, "96": 0.0009903386235237122, "97": 0.0009475648403167725, "98": 0.0010062232613563538, "99": 0.0009167492389678955, "100": 0.0008458569645881653, "101": 0.0009385943412780762, "102": 0.0008358210325241089, "103": 0.0008580759167671204, "104": 0.0007878392934799194, "105": 0.0008602216839790344, "106": 0.0007468089461326599, "107": 0.0007575377821922302, "108": 0.0007127225399017334, "109": 0.0006936639547348022, "110": 0.0007138103246688843, "111": 0.0006491318345069885, "112": 0.0006145760416984558, "113": 0.0006706789135932922, "114": 0.0007314607501029968, "115": 0.0006544589996337891, "116": 0.0006205663084983826, "117": 0.0006190910935401917, "118": 0.0005949884653091431, "119": 0.0005866065621376038, "120": 0.0005653947591781616, "121": 0.000577099621295929, "122": 0.0005484968423843384, "123": 0.0005198605358600616, "124": 0.0004769079387187958, "125": 0.0005296766757965088, "126": 0.0005762912333011627, "127": 0.0005958490073680878, "128": 0.000556405633687973, "129": 0.00047192350029945374, "130": 0.0004885233938694, "131": 0.0005352012813091278, "132": 0.00045318156480789185, "133": 0.00045926496386528015, "134": 0.0004329681396484375, "135": 0.00040353089570999146, "136": 0.0003970712423324585, "137": 0.00046120956540107727, "138": 0.0003716014325618744, "139": 0.0004139915108680725, "140": 0.0003730989992618561, "141": 0.0003422200679779053, "142": 0.00042343512177467346, "143": 0.00040923431515693665, "144": 0.00038192421197891235, "145": 0.0003574974834918976, "146": 0.0003688521683216095, "147": 0.00033968687057495117, "148": 0.00035450607538223267, "149": 0.0003267340362071991, "150": 0.00034506991505622864, "151": 0.00032600387930870056, "152": 0.0003210529685020447, "153": 0.0003098510205745697, "154": 0.0003130212426185608, "155": 0.00030590593814849854, "156": 0.00030306726694107056, "157": 0.00028137117624282837, "158": 0.00030563026666641235, "159": 0.0002875402569770813, "160": 0.0002987384796142578, "161": 0.0002844184637069702, "162": 0.00028667598962783813, "163": 0.00026712194085121155, "164": 0.0002769939601421356, "165": 0.0002795979380607605, "166": 0.00027712807059288025, "167": 0.0002523474395275116, "168": 0.0002787262201309204, "169": 0.0002765767276287079, "170": 0.0002534426748752594, "171": 0.00023905932903289795, "172": 0.00025760382413864136, "173": 0.00024037808179855347, "174": 0.0002488046884536743, "175": 0.00022801756858825684, "176": 0.0002555139362812042, "177": 0.00023357942700386047, "178": 0.0002356395125389099, "179": 0.00021841377019882202, "180": 0.00022552534937858582, "181": 0.00021568313241004944, "182": 0.00020028278231620789, "183": 0.0001849159598350525, "184": 0.0001992844045162201, "185": 0.00019632279872894287, "186": 0.00019724667072296143, "187": 0.00018436089158058167, "188": 0.00020130351185798645, "189": 0.00018298998475074768, "190": 0.0001895613968372345, "191": 0.00017849355936050415, "192": 0.00019147247076034546, "193": 0.00017804279923439026, "194": 0.0001791641116142273, "195": 0.00017069652676582336, "196": 0.00017279386520385742, "197": 0.00017289817333221436, "198": 0.0001725815236568451, "199": 0.00016245245933532715, "200": 0.00017251446843147278, "201": 0.00016235560178756714, "202": 0.00015928968787193298, "203": 0.0001596212387084961, "204": 0.0001561976969242096, "205": 0.00014306604862213135, "206": 0.0001695379614830017, "207": 0.00014668703079223633, "208": 0.00016916170716285706, "209": 0.00014996901154518127, "210": 0.00015649572014808655, "211": 0.00014907494187355042, "212": 0.00015274807810783386, "213": 0.000144127756357193, "214": 0.0001506507396697998, "215": 0.00013959407806396484, "216": 0.00014901906251907349, "217": 0.00013548880815505981, "218": 0.00015391036868095398, "219": 0.0001375637948513031, "220": 0.00013943016529083252, "221": 0.00012900680303573608, "222": 0.00013115257024765015, "223": 0.00013015791773796082, "224": 0.00012465566396713257, "225": 0.00011591985821723938, "226": 0.0001180693507194519, "227": 0.00011381134390830994, "228": 0.00011410936713218689, "229": 0.000135030597448349, "230": 0.00014277920126914978, "231": 0.00010697543621063232, "232": 0.00013238191604614258, "233": 0.00011911988258361816, "234": 0.00011677294969558716, "235": 0.00010909512639045715, "236": 9.800121188163757e-05, "237": 9.847059845924377e-05, "238": 9.914115071296692e-05, "239": 0.00010420754551887512, "240": 0.00010528042912483215, "241": 0.00010697171092033386, "242": 9.815022349357605e-05, "243": 9.097158908843994e-05, "244": 0.00011819601058959961, "245": 9.368732571601868e-05, "246": 0.00010736286640167236, "247": 9.76957380771637e-05, "248": 9.564682841300964e-05, "249": 0.00010633096098899841, "250": 9.323656558990479e-05, "251": 9.641051292419434e-05, "252": 9.895861148834229e-05, "253": 9.411200881004333e-05, "254": 9.611248970031738e-05, "255": 0.00010173767805099487, "256": 8.874386548995972e-05, "257": 7.19316303730011e-05, "258": 8.116289973258972e-05, "259": 7.891282439231873e-05, "260": 9.771808981895447e-05, "261": 6.826967000961304e-05, "262": 6.595626473426819e-05, "263": 7.627531886100769e-05, "264": 6.432458758354187e-05, "265": 6.611272692680359e-05, "266": 6.439909338951111e-05, "267": 7.52471387386322e-05,