{"0": 998.3068525791168, "1": 0.5779674500226974, "2": 5.287677049636841e-05, "3": 0.024314142763614655, "4": 0.005746982991695404, "5": 0.0027399063110351562, "6": 0.0021180659532546997, "7": 0.0018599331378936768, "8": 0.0016422495245933533, "9": 0.0014487355947494507, "10": 0.0012829378247261047, "11": 0.0011455491185188293, "12": 0.0010431334376335144, "13": 0.0009342357516288757, "14": 0.0008573755621910095, "15": 0.0008007287979125977, "16": 0.0007547512650489807, "17": 0.0007079020142555237, "18": 0.0006724447011947632, "19": 0.0006349906325340271, "20": 0.0006035119295120239, "21": 0.0005794763565063477, "22": 0.0005518272519111633, "23": 0.0005307868123054504, "24": 0.0005055814981460571, "25": 0.00048547983169555664, "26": 0.0004665777087211609, "27": 0.0004520602524280548, "28": 0.00043454021215438843, "29": 0.0004209280014038086, "30": 0.00040537118911743164, "31": 0.00039414316415786743, "32": 0.00038355588912963867, "33": 0.00037116557359695435, "34": 0.00035920366644859314, "35": 0.000349581241607666, "36": 0.00033982470631599426, "37": 0.0003306679427623749, "38": 0.00032205507159233093, "39": 0.00031352415680885315, "40": 0.00030624493956565857, "41": 0.000301312655210495, "42": 0.00029470399022102356, "43": 0.0002875514328479767, "44": 0.0002810247242450714, "45": 0.0002757161855697632, "46": 0.0002711191773414612, "47": 0.00026658177375793457, "48": 0.00026185065507888794, "49": 0.0002574063837528229, "50": 0.00025449320673942566, "51": 0.0002508200705051422, "52": 0.00024857744574546814, "53": 0.00024481117725372314, "54": 0.00024153292179107666, "55": 0.00023896992206573486, "56": 0.00023704767227172852, "57": 0.00023505091667175293, "58": 0.0002328343689441681, "59": 0.00023163482546806335, "60": 0.00023045390844345093, "61": 0.00022903084754943848, "62": 0.00022743269801139832, "63": 0.00022720545530319214, "64": 0.00022703781723976135, "65": 0.0002284422516822815, "66": 0.00023059919476509094, "67": 0.00023214519023895264, "68": 0.00023404881358146667, "69": 0.00023641809821128845, "70": 0.0002468377351760864, "71": 0.0002637617290019989, "72": 0.0002818591892719269, "73": 0.00030011311173439026, "74": 0.0003225170075893402, "75": 0.00034843385219573975, "76": 0.0003754645586013794, "77": 0.0004067942500114441, "78": 0.00044286251068115234, "79": 0.000505693256855011, "80": 0.0008331984281539917, "81": 0.0006534680724143982, "82": 0.0008258335292339325, "83": 0.0008131936192512512, "84": 0.00080069899559021, "85": 0.0007462836802005768, "86": 0.0007056184113025665, "87": 0.0006748996675014496, "88": 0.0006641373038291931, "89": 0.0006026141345500946, "90": 0.0005973726511001587, "91": 0.0005934126675128937, "92": 0.0005258135497570038, "93": 0.0005249492824077606, "94": 0.0004818923771381378, "95": 0.00047118961811065674, "96": 0.00045002996921539307, "97": 0.0004226379096508026, "98": 0.0004273653030395508, "99": 0.0003999583423137665, "100": 0.00041564926505088806, "101": 0.0003837011754512787, "102": 0.0003838576376438141, "103": 0.00036706775426864624, "104": 0.00035579875111579895, "105": 0.0003492794930934906, "106": 0.0003352314233779907, "107": 0.00033381953835487366, "108": 0.00031555816531181335, "109": 0.0003177635371685028, "110": 0.00029872916638851166, "111": 0.00030017830431461334, "112": 0.00028854794800281525, "113": 0.0002861320972442627, "114": 0.00028192438185214996, "115": 0.00027313269674777985, "116": 0.00027058646082878113, "117": 0.0002625882625579834, "118": 0.0002598501741886139, "119": 0.00025200285017490387, "120": 0.00024599768221378326, "121": 0.00024252571165561676, "122": 0.00023700669407844543, "123": 0.00023490749299526215, "124": 0.00022774375975131989, "125": 0.00022940337657928467, "126": 0.0002208668738603592, "127": 0.00022151879966259003, "128": 0.00021249987185001373, "129": 0.00020950473845005035, "130": 0.00020205602049827576, "131": 0.00020146183669567108, "132": 0.0001934058964252472, "133": 0.0001919381320476532, "134": 0.00018622539937496185, "135": 0.00018592551350593567, "136": 0.00018296204507350922, "137": 0.000180831179022789, "138": 0.00017790868878364563, "139": 0.00017557665705680847, "140": 0.0001732315868139267, "141": 0.00016848184168338776, "142": 0.00016482174396514893, "143": 0.00016589462757110596, "144": 0.00016292743384838104, "145": 0.0001622568815946579, "146": 0.00015786662697792053, "147": 0.00016009807586669922, "148": 0.0001536104828119278, "149": 0.00015684403479099274, "150": 0.00014881417155265808, "151": 0.00015306659042835236, "152": 0.00014654360711574554, "153": 0.00014453381299972534, "154": 0.00014273077249526978, "155": 0.00013514235615730286, "156": 0.00014775246381759644, "157": 0.00013472512364387512, "158": 0.00013417750597000122, "159": 0.00013078190386295319, "160": 0.00013247691094875336, "161": 0.00012903288006782532, "162": 0.00012784264981746674, "163": 0.00012866593897342682, "164": 0.00012088939547538757, "165": 0.00012947246432304382, "166": 0.00011447817087173462, "167": 0.00013305246829986572, "168": 0.00011453032493591309, "169": 0.00012422539293766022, "170": 0.00011472217738628387, "171": 0.00011451169848442078, "172": 0.00011071562767028809, "173": 0.00011118501424789429, "174": 0.00010825507342815399, "175": 0.00010354071855545044, "176": 0.0001053735613822937, "177": 9.873509407043457e-05, "178": 0.00010418146848678589, "179": 9.620003402233124e-05, "180": 0.00010102614760398865, "181": 0.00010212883353233337, "182": 9.752064943313599e-05, "183": 9.976141154766083e-05, "184": 9.352527558803558e-05, "185": 9.878166019916534e-05, "186": 8.999742567539215e-05, "187": 9.488686919212341e-05, "188": 8.927658200263977e-05, "189": 9.041279554367065e-05, "190": 8.643977344036102e-05, "191": 8.444860577583313e-05, "192": 9.48496162891388e-05, "193": 8.70637595653534e-05, "194": 9.461306035518646e-05, "195": 8.895620703697205e-05, "196": 8.69855284690857e-05, "197": 8.741579949855804e-05, "198": 8.548609912395477e-05, "199": 8.873827755451202e-05, "200": 8.400529623031616e-05, "201": 8.862093091011047e-05, "202": 7.760338485240936e-05, "203": 7.881596684455872e-05, "204": 7.537379860877991e-05, "205": 7.59512186050415e-05, "206": 7.876008749008179e-05, "207": 7.125362753868103e-05, "208": 7.524341344833374e-05, "209": 6.762705743312836e-05, "210": 6.72806054353714e-05, "211": 7.067807018756866e-05, "212": 6.834790110588074e-05, "213": 6.848014891147614e-05, "214": 6.283633410930634e-05, "215": 5.9548765420913696e-05, "216": 6.588362157344818e-05, "217": 6.117299199104309e-05, "218": 5.935877561569214e-05, "219": 5.9769488871097565e-05, "220": 5.750637501478195e-05, "221": 5.910918116569519e-05, "222": 5.482044070959091e-05, "223": 6.15827739238739e-05, "224": 5.9310346841812134e-05, "225": 5.5322423577308655e-05, "226": 5.758460611104965e-05, "227": 5.632452666759491e-05, "228": 5.5246055126190186e-05, "229": 5.331076681613922e-05, "230": 5.296152085065842e-05, "231": 5.850382149219513e-05, "232": 5.538295954465866e-05, "233": 5.317758768796921e-05, "234": 5.678832530975342e-05, "235": 5.2508898079395294e-05, "236": 4.940945655107498e-05, "237": 5.726423114538193e-05, "238": 5.809403955936432e-05, "239": 5.546770989894867e-05, "240": 5.555246025323868e-05, "241": 4.666391760110855e-05, "242": 5.055312067270279e-05, "243": 5.4805539548397064e-05, "244": 4.862714558839798e-05, "245": 5.0912611186504364e-05, "246": 5.112495273351669e-05, "247": 4.3431296944618225e-05, "248": 4.398263990879059e-05, "249": 5.014520138502121e-05, "250": 5.125999450683594e-05, "251": 4.995148628950119e-05, "252": 4.99160960316658e-05, "253": 4.878733307123184e-05, "254": 4.416611045598984e-05, "255": 4.125293344259262e-05, "256": 4.2037107050418854e-05, "257": 4.073884338140488e-05, "258": 3.8819387555122375e-05, "259": 2.4606473743915558e-05, "260": 2.7284957468509674e-05, "261": 2.120155841112137e-05, "262": 2.191774547100067e-05, "263": 2.0097941160202026e-05, "264": 2.0036473870277405e-05, "265": 2.0422041416168213e-05, "266": 2.050306648015976e-05,