{"0": 0.6931474208831787, "1": 0.13901835680007935, "2": 0.13886107504367828, "3": 0.07673192024230957, "4": 0.07418586313724518, "5": 0.07273523509502411, "6": 0.07143129408359528, "7": 0.07029107213020325, "8": 0.06929978728294373, "9": 0.06844893097877502, "10": 0.06769093871116638, "11": 0.06702478229999542, "12": 0.06642819941043854, "13": 0.06599437445402145, "14": 0.06559395790100098, "15": 0.06518423557281494, "16": 0.06477390974760056, "17": 0.06436869502067566, "18": 0.06397167593240738, "19": 0.0635826587677002, "20": 0.06320695579051971, "21": 0.06284395605325699, "22": 0.06249711290001869, "23": 0.06215794011950493, "24": 0.06182629615068436, "25": 0.06150041148066521, "26": 0.06118019297719002, "27": 0.06086304038763046, "28": 0.060551829636096954, "29": 0.06024646386504173, "30": 0.05994465947151184, "31": 0.059647493064403534, "32": 0.05935528501868248, "33": 0.059069156646728516, "34": 0.05878755822777748, "35": 0.05850920453667641, "36": 0.058229465037584305, "37": 0.057954851537942886, "38": 0.05768248066306114, "39": 0.057408444583415985, "40": 0.05713282898068428, "41": 0.05685148760676384, "42": 0.05656619742512703, "43": 0.05627526342868805, "44": 0.05597597733139992, "45": 0.055664822459220886, "46": 0.05534224212169647, "47": 0.055008530616760254, "48": 0.054658159613609314, "49": 0.0542893260717392, "50": 0.053896255791187286, "51": 0.053478993475437164, "52": 0.053030289709568024, "53": 0.05253943055868149, "54": 0.05202573537826538, "55": 0.05146925151348114, "56": 0.05086140334606171, "57": 0.05016914755105972, "58": 0.049401432275772095, "59": 0.048566434532403946, "60": 0.04746593162417412, "61": 0.04674215614795685, "62": 0.045893628150224686, "63": 0.04502243548631668, "64": 0.04422903060913086, "65": 0.043445248156785965, "66": 0.042692121118307114, "67": 0.04200642928481102, "68": 0.04131750762462616, "69": 0.04072580859065056, "70": 0.04010119289159775, "71": 0.03949952870607376, "72": 0.03897925838828087, "73": 0.038504235446453094, "74": 0.03805433213710785, "75": 0.03763887286186218, "76": 0.03721100091934204, "77": 0.03680913522839546, "78": 0.03640314191579819, "79": 0.03602854534983635, "80": 0.03563624247908592, "81": 0.03527376055717468, "82": 0.03490368276834488, "83": 0.03457300364971161, "84": 0.034229546785354614, "85": 0.03390951454639435, "86": 0.033589109778404236, "87": 0.03328878432512283, "88": 0.03298666700720787, "89": 0.032695211470127106, "90": 0.03240661323070526, "91": 0.03212966024875641, "92": 0.03184770792722702, "93": 0.03157194331288338, "94": 0.03130049258470535, "95": 0.03104495257139206, "96": 0.03078639879822731, "97": 0.030538644641637802, "98": 0.03030221536755562, "99": 0.030067525804042816, "100": 0.029834289103746414, "101": 0.029607174918055534, "102": 0.02938210405409336, "103": 0.029157666489481926, "104": 0.028936859220266342, "105": 0.028720857575535774, "106": 0.02850659005343914, "107": 0.0283016636967659, "108": 0.028096813708543777, "109": 0.02790243551135063, "110": 0.027703266590833664, "111": 0.027511488646268845, "112": 0.02731429412961006, "113": 0.027131441980600357, "114": 0.02693413570523262, "115": 0.026744375005364418, "116": 0.02654763124883175, "117": 0.026364386081695557, "118": 0.026179887354373932, "119": 0.026011895388364792, "120": 0.02583998814225197, "121": 0.025679372251033783, "122": 0.02551484853029251, "123": 0.025353005155920982, "124": 0.025196343660354614, "125": 0.02504638209939003, "126": 0.024891015142202377, "127": 0.024738753214478493, "128": 0.024584565311670303, "129": 0.02443690225481987, "130": 0.024292809888720512, "131": 0.02415599673986435, "132": 0.024030208587646484, "133": 0.023906325921416283, "134": 0.023778611794114113, "135": 0.023652443662285805, "136": 0.02352357655763626, "137": 0.023403048515319824, "138": 0.02327943593263626, "139": 0.023162875324487686, "140": 0.023047028109431267, "141": 0.022935766726732254, "142": 0.022820835933089256, "143": 0.022711187601089478, "144": 0.02259494736790657, "145": 0.022482216358184814, "146": 0.022367507219314575, "147": 0.02225526235997677, "148": 0.022143464535474777, "149": 0.022039635106921196, "150": 0.02193590998649597, "151": 0.021837934851646423, "152": 0.02174028754234314, "153": 0.021650608628988266, "154": 0.021555624902248383, "155": 0.021462000906467438, "156": 0.02136993035674095, "157": 0.021282650530338287, "158": 0.021192096173763275, "159": 0.02110416069626808, "160": 0.02101781778037548, "161": 0.02093295380473137, "162": 0.020847303792834282, "163": 0.02076709270477295, "164": 0.02068858966231346, "165": 0.02060999721288681, "166": 0.020532650873064995, "167": 0.020456228405237198, "168": 0.020380111411213875, "169": 0.020305415615439415, "170": 0.02022893726825714, "171": 0.02015495114028454, "172": 0.020076416432857513, "173": 0.020001940429210663, "174": 0.019929595291614532, "175": 0.019861167296767235, "176": 0.019789651036262512, "177": 0.019723720848560333, "178": 0.01965823583304882, "179": 0.019596591591835022, "180": 0.019529417157173157, "181": 0.019465386867523193, "182": 0.019396785646677017, "183": 0.019333381205797195, "184": 0.019268659874796867, "185": 0.019207753241062164, "186": 0.019144441932439804, "187": 0.01908601075410843, "188": 0.019023235887289047, "189": 0.018958304077386856, "190": 0.018888171762228012, "191": 0.018818248063325882, "192": 0.018747322261333466, "193": 0.018673859536647797, "194": 0.018594134598970413, "195": 0.018517199903726578, "196": 0.01843935251235962, "197": 0.018346229568123817, "198": 0.018269721418619156, "199": 0.018204422667622566, "200": 0.018137387931346893, "201": 0.01807394251227379, "202": 0.01801316812634468, "203": 0.01795242354273796, "204": 0.017898285761475563, "205": 0.017841529101133347, "206": 0.0177815780043602, "207": 0.01773325353860855, "208": 0.017689958214759827, "209": 0.017642078921198845, "210": 0.017564918845891953, "211": 0.017510972917079926, "212": 0.017471391707658768, "213": 0.017431270331144333, "214": 0.017388571053743362, "215": 0.017344443127512932, "216": 0.017300928011536598, "217": 0.017253825441002846, "218": 0.01719883270561695, "219": 0.01712307520210743, "220": 0.017053775489330292, "221": 0.017004091292619705, "222": 0.016922347247600555, "223": 0.016809167340397835, "224": 0.016687117516994476, "225": 0.016616471111774445, "226": 0.01654932275414467, "227": 0.016475321725010872, "228": 0.016426175832748413, "229": 0.016379550099372864, "230": 0.016339899972081184, "231": 0.01629582792520523, "232": 0.016255158931016922, "233": 0.016190631315112114, "234": 0.01614084653556347, "235": 0.016105521470308304, "236": 0.016066795215010643, "237": 0.016034701839089394, "238": 0.01601032353937626, "239": 0.01599583774805069, "240": 0.015981057658791542, "241": 0.01596738211810589, "242": 0.015953535214066505, "243": 0.01593959331512451, "244": 0.01592528633773327, "245": 0.015910156071186066, "246": 0.015895342454314232, "247": 0.01588190533220768, "248": 0.015866771340370178, "249": 0.015854796394705772, "250": 0.0158417746424675, "251": 0.015829596668481827, "252": 0.015814801678061485, "253": 0.01579371653497219, "254": 0.015779543668031693, "255": 0.015765376389026642, "256": 0.015751024708151817, "257": 0.015736740082502365, "258": 0.01572255603969097, "259": 0.015708278864622116, "260": 0.01569567434489727, "261": 0.015683747828006744, "262": 0.015672918409109116, "263": 0.015665292739868164, "264": 0.015656495466828346, "265": 0.01564612239599228, "266": 0.01563655398786068, "267": 0.01562756672501564, "268": 0.015619684010744095, "269": 0.015611685812473297, "270": 0.015601417981088161, "271": 0.015594163909554482, "272": 0.015585986897349358, "273": 0.015575028955936432, "274": 0.015566661022603512, "275": 0.01555884350091219, "276": 0.015551443211734295, "277": 0.015543421730399132, "278": 0.015530917793512344, "279": 0.015522639267146587, "280": 0.015514831058681011, "281": 0.015507014468312263, "282": 0.01549802627414465, "283": 0.015490416437387466,