{"1e-05": {"0": 998.3068527579308, "1": 0.41702160239219666, "2": 3.871321678161621e-05, "3": 0.0008725821971893311, "4": 0.0013832449913024902}, "1.5e-05": {"0": 998.3068527579308, "1": 0.4167971909046173, "2": 3.8683414459228516e-05, "3": 0.0008781850337982178, "4": 0.0013929903507232666}, "2.2e-05": {"0": 998.3068527579308, "1": 0.4164876341819763, "2": 3.87728214263916e-05, "3": 0.0008927285671234131, "4": 0.0014086365699768066}, "3.2e-05": {"0": 998.3068527579308, "1": 0.41606590151786804, "2": 3.904104232788086e-05, "3": 0.0009164214134216309, "4": 0.0014420747756958008}, "4.6e-05": {"0": 998.3068527579308, "1": 0.4154910743236542, "2": 3.9190053939819336e-05, "3": 0.0009468197822570801, "4": 0.0014919638633728027}}