{"1e-05": {"0": 0.6931472420692444, "1": 0.27608761191368103, "2": 0.2760489881038666, "3": 0.2752014696598053, "4": 0.2738475799560547, "5": 0.2721208333969116, "6": 0.2700217664241791, "7": 0.2675315737724304, "8": 0.26469412446022034, "9": 0.2615566551685333, "10": 0.25829869508743286, "11": 0.2548221945762634, "12": 0.25071433186531067, "13": 0.24557021260261536, "14": 0.23965603113174438, "15": 0.2344544231891632, "16": 0.22948287427425385, "17": 0.22434933483600616, "18": 0.21961645781993866, "19": 0.21511296927928925, "20": 0.21092431247234344, "21": 0.20689445734024048, "22": 0.20304308831691742, "23": 0.19926168024539948, "24": 0.19569100439548492, "25": 0.19219909608364105, "26": 0.1888657808303833, "27": 0.18568800389766693, "28": 0.18253549933433533, "29": 0.17956623435020447, "30": 0.17663413286209106, "31": 0.17388053238391876, "32": 0.1711614429950714, "33": 0.16857416927814484, "34": 0.16600649058818817, "35": 0.16353434324264526, "36": 0.16102875769138336, "37": 0.15862584114074707, "38": 0.15626581013202667, "39": 0.15400917828083038, "40": 0.15177088975906372, "41": 0.1496252864599228, "42": 0.1475154161453247, "43": 0.14549130201339722, "44": 0.14349669218063354, "45": 0.14157259464263916, "46": 0.13966219127178192, "47": 0.13780155777931213, "48": 0.13593558967113495, "49": 0.13412684202194214, "50": 0.13232873380184174, "51": 0.13059455156326294, "52": 0.1288725882768631, "53": 0.1272156983613968, "54": 0.12557442486286163, "55": 0.12399303168058395, "56": 0.12242642790079117, "57": 0.12090914696455002, "58": 0.11939718574285507, "59": 0.11792340874671936, "60": 0.11644988507032394, "61": 0.11501351743936539, "62": 0.11358160525560379, "63": 0.11218871176242828, "64": 0.11080731451511383, "65": 0.10946670174598694, "66": 0.10814054310321808, "67": 0.10685354471206665, "68": 0.10557829588651657, "69": 0.10433565825223923, "70": 0.1031007394194603, "71": 0.10189282894134521, "72": 0.10068933665752411, "73": 0.09951155632734299, "74": 0.0983390063047409, "75": 0.09719326347112656, "76": 0.0960574820637703, "77": 0.09494917094707489, "78": 0.09385344386100769, "79": 0.09278248250484467, "80": 0.09172303229570389, "81": 0.09068454802036285, "82": 0.08965510129928589, "83": 0.08864447474479675, "84": 0.08764006942510605, "85": 0.08665356040000916, "86": 0.08567383885383606, "87": 0.08471252024173737, "88": 0.08376018702983856, "89": 0.08282720297574997, "90": 0.08190615475177765, "91": 0.08100152015686035, "92": 0.08010750263929367, "93": 0.07922786474227905, "94": 0.07835753262042999, "95": 0.07749994099140167, "96": 0.07665036618709564, "97": 0.07581301033496857, "98": 0.0749836266040802, "99": 0.0741661861538887}, "1.5e-05": {"0": 0.6931472420692444, "1": 0.27631157636642456, "2": 0.2762729525566101, "3": 0.27541792392730713, "4": 0.2740534245967865, "5": 0.2723160684108734, "6": 0.27021095156669617, "7": 0.2677208483219147, "8": 0.2648962140083313, "9": 0.2617802023887634, "10": 0.25853830575942993, "11": 0.25506922602653503, "12": 0.25097376108169556, "13": 0.24582640826702118, "14": 0.2399311065673828, "15": 0.23478691279888153, "16": 0.229864239692688, "17": 0.2246914505958557, "18": 0.21994170546531677, "19": 0.215455561876297, "20": 0.21126197278499603, "21": 0.20725837349891663, "22": 0.2034117579460144, "23": 0.19963528215885162, "24": 0.1960747241973877, "25": 0.1925727277994156, "26": 0.18925975263118744, "27": 0.18610595166683197, "28": 0.18296751379966736, "29": 0.1799944043159485, "30": 0.17707772552967072, "31": 0.17432521283626556, "32": 0.17162328958511353, "33": 0.16904011368751526, "34": 0.16648229956626892, "35": 0.1640082150697708, "36": 0.16150440275669098, "37": 0.15909679234027863, "38": 0.15675148367881775, "39": 0.1544996201992035, "40": 0.1522757112979889, "41": 0.15013693273067474, "42": 0.1480380743741989, "43": 0.14602051675319672, "44": 0.14403221011161804, "45": 0.14211083948612213, "46": 0.14020293951034546, "47": 0.1383398026227951, "48": 0.13647551834583282, "49": 0.13466541469097137, "50": 0.13287170231342316, "51": 0.13113898038864136, "52": 0.12942354381084442, "53": 0.12776950001716614, "54": 0.12613599002361298, "55": 0.12455789744853973, "56": 0.12299475073814392, "57": 0.12147866189479828, "58": 0.11996746808290482, "59": 0.1184934750199318, "60": 0.117020383477211, "61": 0.1155834048986435, "62": 0.11415259540081024, "63": 0.11276061832904816, "64": 0.11138322204351425, "65": 0.11004737764596939, "66": 0.108725905418396, "67": 0.10744237899780273, "68": 0.10617043823003769, "69": 0.1049296110868454, "70": 0.10369500517845154, "71": 0.10248663276433945, "72": 0.10128188133239746, "73": 0.10010292381048203, "74": 0.09892947971820831, "75": 0.09778372943401337, "76": 0.09664919972419739, "77": 0.09554203599691391, "78": 0.09444988518953323, "79": 0.09338056296110153, "80": 0.09232379496097565, "81": 0.09128644317388535, "82": 0.0902579128742218, "83": 0.08924653381109238, "84": 0.0882420539855957, "85": 0.08725427091121674, "86": 0.08627429604530334, "87": 0.08531184494495392, "88": 0.08436038345098495, "89": 0.08342793583869934, "90": 0.08250623941421509, "91": 0.08160178363323212, "92": 0.08070720732212067, "93": 0.07982753217220306, "94": 0.07895662635564804, "95": 0.07809911668300629, "96": 0.0772491842508316, "97": 0.07641114294528961, "98": 0.07558070868253708, "99": 0.07476361840963364}}