,Accuracy,Precision,Recall,F1-score,ROC-AUC,PR-AUC,MCC
B,0.9996213623542243,0.9981883149839714,0.997373188405797,0.9977795945336936,0.9999872974029607,0.9998366320033842,0.9975733207784373
CD4_T,0.9699098114991154,0.9405974882025712,0.9407030224794705,0.9406445227319289,0.9940973567564262,0.9827918356646451,0.9204961760984652
CD8_T,0.9757362235377418,0.9457842028798703,0.8973251533742331,0.92091423928482,0.9917231719799202,0.9680527194458424,0.9070355540689841
DC,0.9985086282671457,0.9708313980434987,0.9616864111498258,0.9662257743345352,0.9998589569085745,0.9943252247660392,0.9654805856747224
Mono,0.9936249614321492,0.9838887585189402,0.9952561039983626,0.9895395935728072,0.9988006430235676,0.9954641548991006,0.9849890935094591
NK,0.9929372352304565,0.9704749030230169,0.9682540618635207,0.969358711471369,0.9987439203989632,0.9946198688886408,0.9653710180915505
other,0.9917549550390226,0.9322685683092672,0.6608500247483914,0.7732520739300918,0.9331320578823791,0.8002376559470576,0.7811074669599373
other_T,0.9899081286903451,0.9099608714068157,0.8429424590972161,0.8751350010635033,0.9934028513263854,0.9336526012562756,0.8705950860417847
