,Accuracy,Precision,Recall,F1-score,ROC-AUC,PR-AUC,MCC
B,0.9995796359814548,0.9978968938294741,0.9971739130434782,0.9975351019221022,0.9999820584799533,0.9997959700400507,0.997305507188958
CD4_T,0.9674340881649796,0.9361588782721361,0.9371968974634266,0.9361425934074422,0.9938418952850704,0.9822994606570328,0.9147708276262645
CD8_T,0.9754148169780056,0.9444455889832206,0.896659448741049,0.9198154783889597,0.9914100938572619,0.9676618498186349,0.9058153258416921
DC,0.9986090848394303,0.9725196228393589,0.9646142430352403,0.9685378296145565,0.999864684736521,0.9942077083459511,0.9678418739354481
Mono,0.9935523337039666,0.9837476959513658,0.99516425219343,0.9894205992447697,0.9987340125033976,0.9952201121439085,0.9848204819579175
NK,0.992563237332195,0.9693488788907588,0.9662455076805492,0.9677534492349837,0.9986812522716992,0.9940306614313101,0.9635783762837166
other,0.9917287073438124,0.9268729993508387,0.6591255442670537,0.7563113752975679,0.9303432396319063,0.7828263415054348,0.7704120931817383
other_T,0.9896886747477742,0.9073995125471909,0.840031017915071,0.8723458894973917,0.9931956573375423,0.9319925711918978,0.867720473636249
