,Accuracy,Precision,Recall,F1-score,ROC-AUC,PR-AUC,MCC
B,0.999313816754305,0.9975292474837829,0.9944202898550725,0.9959687920762844,0.9999534063760072,0.9995866989717008,0.9955973545646526
CD4_T,0.9893734293448663,0.9784782833115017,0.9798297530640225,0.9790986324349973,0.9987731280315625,0.9961340748550276,0.9720241544443718
CD8_T,0.9694122478517533,0.9306963872209204,0.8705097899909735,0.899571583885605,0.9859140717914199,0.9525596222338126,0.8822575364192919
DC,0.9981701744446607,0.9622141371362,0.9551396059874981,0.958609904544204,0.999704030369346,0.9927032753398034,0.9577093505765214
Mono,0.9935956080722781,0.9843366261576177,0.9946949602122016,0.9894858436516449,0.9987056024387908,0.9952069150915145,0.984912315687479
NK,0.9978363522838734,0.9914183521634357,0.989819873673838,0.9906167986814207,0.9998176206997009,0.9985277540369497,0.98939547247076
other,0.9942261602146425,0.9423250595481674,0.7756763256489013,0.8496020502477141,0.9572363420236272,0.8736973172614751,0.8515364990657982
other_T,0.9901584947504933,0.9016779666057969,0.8591800764703393,0.8798357238498238,0.9935048686388738,0.9364496523155129,0.8750289568253906
