,Accuracy,Precision,Recall,F1-score,ROC-AUC,PR-AUC,MCC
B,0.9996599986476268,0.9982792253235419,0.9977355072463767,0.9980062386338615,0.9999949916144631,0.9999422088081674,0.9978210653356949
CD4_T,0.9775753114619563,0.9536671791833591,0.9580804532325159,0.9558665710656309,0.9969533474682384,0.9902737918605162,0.9408420504076016
CD8_T,0.9804730689946253,0.9487762019458129,0.9259877300613496,0.9372365478338154,0.9948523470365682,0.9805426659965111,0.9257772474930974
DC,0.9986090835853529,0.9730002202357781,0.9641230116648993,0.9685208690600625,0.9998787081079596,0.9950686776385769,0.9678310122147498
Mono,0.9953404271299213,0.9878437055665659,0.9968884089774448,0.9923452667370884,0.9989095830291571,0.9956651951830265,0.9890176560290851
NK,0.9939572425716298,0.9735641432509647,0.974081076044866,0.9738198407471563,0.9995150429925838,0.9965325753367882,0.9704060549790802
other,0.9915617652126013,0.8786175005016311,0.7004296320739152,0.7791618571171857,0.9091592012320622,0.7758682820688323,0.7802524404348621
other_T,0.993679051586102,0.9546454889803615,0.8919183858796661,0.9221565845867128,0.9977457041186579,0.9713581140448138,0.9194751960133385
