{"B": {"fit_time": [10.040644645690918, 10.044643640518188, 10.072784662246704, 9.645486116409302, 10.00799012184143], "score_time": [0.15932536125183105, 0.17385554313659668, 0.15271401405334473, 0.27725648880004883, 0.14740967750549316], "test_accuracy": [0.9995750106247344, 0.9995363573139634, 0.9996522679854726, 0.9997681786569816, 0.9997681786569816], "test_precision": [0.9990913221263062, 0.9986376021798365, 0.9972862957937585, 0.9977396021699819, 0.998641304347826], "test_recall": [0.9959239130434783, 0.9959239130434783, 0.998641304347826, 0.9995471014492754, 0.998641304347826], "test_f1_score": [0.9975051031980041, 0.9972789115646259, 0.9979633401221996, 0.9986425339366516, 0.998641304347826], "test_roc_auc": [0.9999983930948992, 0.9999988712927899, 0.9999974556261195, 0.9999845041891491, 0.9999957338693582], "test_average_precision": [0.9999828959920366, 0.9999879038420043, 0.9999724916191648, 0.9998149934975251, 0.9999527590901066], "test_mcc": [0.9972743274434327, 0.99702660426191, 0.9977735210822489, 0.9985162908406833, 0.9985145830502]}, "CD4_T": {"fit_time": [30.387317419052124, 30.4248788356781, 30.417362451553345, 30.435993194580078, 30.441503763198853], "score_time": [0.6459803581237793, 0.9961795806884766, 0.8843882083892822, 0.9514966011047363, 0.9785525798797607], "test_accuracy": [0.9789437082254762, 0.9785178888803029, 0.9767019550266595, 0.9767792288076655, 0.9769337763696778], "test_precision": [0.9560339599757429, 0.9572037770332014, 0.9502645502645503, 0.9535697975338712, 0.9512638111094294], "test_recall": [0.9611339734796525, 0.958079268292683, 0.9582317073170732, 0.9548780487804878, 0.958079268292683], "test_f1_score": [0.958577183248461, 0.9576413225658997, 0.9542314990512334, 0.9542234747505522, 0.9546593757120073], "test_roc_auc": [0.9971733347115594, 0.9973535119514972, 0.996821766260373, 0.9966220578842264, 0.9967960665335356], "test_average_precision": [0.9911906865503619, 0.9922209973727485, 0.9892669939243033, 0.9888806517755498, 0.9898096296796168], "test_mcc": [0.9444674449214386, 0.943251524689746, 0.9386203663359127, 0.9386680373081605, 0.9392028787827501]}, "CD8_T": {"fit_time": [19.551909923553467, 19.571092128753662, 19.58665633201599, 19.581789255142212, 19.584991216659546], "score_time": [0.19315528869628906, 0.2030637264251709, 0.2554023265838623, 0.25412678718566895, 0.24592232704162598], "test_accuracy": [0.9801414055557702, 0.9795610849238853, 0.981492929449038, 0.9819179352445715, 0.979251989799861], "test_precision": [0.9447914064451661, 0.9477272727272728, 0.9501752628943415, 0.9571609632446134, 0.9440261044176707], "test_recall": [0.9280981595092025, 0.9209815950920245, 0.9312883435582822, 0.9266257668711656, 0.9229447852760736], "test_f1_score": [0.9363703887100768, 0.9341630367143747, 0.9406370058247614, 0.941645885286783, 0.933366422633081], "test_roc_auc": [0.9949543646953445, 0.9943523959914936, 0.9950902240261119, 0.9949865313130444, 0.9948782191568475], "test_average_precision": [0.9815387899863658, 0.9784036278036284, 0.9811900412277615, 0.9818515642583902, 0.9797293067064098], "test_mcc": [0.9246578188108197, 0.9222010879840282, 0.9297417055211016, 0.9311218911486909, 0.9211637340008468]}, "DC": {"fit_time": [13.044981956481934, 13.127132892608643, 12.97816801071167, 12.964132070541382, 12.721125602722168], "score_time": [0.20613789558410645, 0.14519596099853516, 0.2572457790374756, 0.2849881649017334, 0.36139464378356934], "test_accuracy": [0.9984932194876946, 0.9984158874893748, 0.9988795301754115, 0.9983772505988718, 0.9988795301754115], "test_precision": [0.9652777777777778, 0.9634782608695652, 0.9805996472663139, 0.9716312056737588, 0.9840142095914742], "test_recall": [0.9669565217391304, 0.9651567944250871, 0.9686411149825784, 0.9547038327526133, 0.9651567944250871], "test_f1_score": [0.9661164205039096, 0.9643167972149695, 0.9745836985100789, 0.9630931458699472, 0.9744942832014072], "test_roc_auc": [0.9998581648009566, 0.999874163545537, 0.9999297849105295, 0.9998276976775051, 0.99990372960527], "test_average_precision": [0.9949967951382679, 0.9925575895087582, 0.9971666076717886, 0.99460756180737, 0.9960148340666998], "test_mcc": [0.9653462796214227, 0.9635071429568597, 0.9740300243794882, 0.9623024411271554, 0.9739691729888224]}, "Mono": {"fit_time": [18.69567370414734, 19.19680905342102, 19.73693037033081, 19.49854564666748, 19.68458104133606], "score_time": [0.5141775608062744, 0.3364589214324951, 0.14928436279296875, 0.22687149047851562, 0.1541883945465088], "test_accuracy": [0.9953251168720783, 0.9957113051541612, 0.9949385673441001, 0.9952476624681246, 0.9954794838111429], "test_precision": [0.9876215738284704, 0.9880050505050505, 0.9868653700429402, 0.9883588510692142, 0.9883676823871539], "test_recall": [0.9970670747258352, 0.9979594439484759, 0.9965565616630532, 0.9960469268043867, 0.9968120377454731], "test_f1_score": [0.9923218478329844, 0.9929572996637268, 0.9916872898026524, 0.9921879961892665, 0.992571900196813], "test_roc_auc": [0.9988559065941232, 0.9988805628376368, 0.9986023630328462, 0.9991752649755057, 0.9990338177056737], "test_average_precision": [0.9955203922258664, 0.9955312422341923, 0.9941090049481939, 0.9968608174446385, 0.9963045190622412], "test_mcc": [0.9889846488010064, 0.9899000399009185, 0.9880734097755165, 0.9887885317901102, 0.9893416498778739]}, "NK": {"fit_time": [20.653921365737915, 20.524523735046387, 20.19190263748169, 20.78115963935852, 19.86367964744568], "score_time": [0.17781519889831543, 0.217576265335083, 0.3000624179840088, 0.13324236869812012, 0.37495994567871094], "test_accuracy": [0.9932388053935015, 0.9941658295340391, 0.9937021868480025, 0.9942431033150452, 0.9944362877675604], "test_precision": [0.9718120805369127, 0.9726575525175059, 0.9706568856285428, 0.9768067226890756, 0.9758874748827864], "test_recall": [0.9695346501506529, 0.9768921634293369, 0.9748827863362358, 0.9732083054253181, 0.9758874748827864], "test_f1_score": [0.9706720294955589, 0.9747702589807853, 0.9727652464494569, 0.9750041939271934, 0.9758874748827864], "test_roc_auc": [0.9992524603470384, 0.9996378613239609, 0.9995686397925937, 0.9996287414877628, 0.9994875120115629], "test_average_precision": [0.9952621963711915, 0.996938941782029, 0.9968846819371797, 0.9973578663239608, 0.9962191902695801], "test_mcc": [0.9668518412573586, 0.9714747510580588, 0.9692076041633647, 0.9717532576218827, 0.9727428207947361]}, "other": {"fit_time": [18.311318159103394, 18.421061515808105, 17.878028869628906, 18.28218984603882, 17.441596269607544], "score_time": [0.13729476928710938, 0.10820937156677246, 0.3082082271575928, 0.21934223175048828, 0.39128804206848145], "test_accuracy": [0.9919638372677047, 0.9909589676222857, 0.9921953481183834, 0.991152152074801, 0.9915385209798315], "test_precision": [0.8785871964679912, 0.8623853211009175, 0.875268817204301, 0.8797169811320755, 0.8971291866028708], "test_recall": [0.7223230490018149, 0.6836363636363636, 0.7386569872958257, 0.676950998185118, 0.6805807622504537], "test_f1_score": [0.7928286852589641, 0.7626774847870182, 0.8011811023622047, 0.7651282051282051, 0.7739938080495357], "test_roc_auc": [0.9048484044771101, 0.9098655312002067, 0.9246466797746654, 0.9028075897620047, 0.9036278009463237], "test_average_precision": [0.7775632124849521, 0.7706201771053531, 0.8068443807367395, 0.7574454471233178, 0.7668681928937991], "test_mcc": [0.7927063881766391, 0.7634506204266539, 0.8002171264831036, 0.7674861653649757, 0.7774019017229377]}, "other_T": {"fit_time": [25.74631690979004, 25.730760097503662, 25.720752716064453, 25.603570699691772, 25.723761320114136], "score_time": [0.6918690204620361, 0.6609430313110352, 0.6232900619506836, 0.5646975040435791, 0.643303394317627], "test_accuracy": [0.9939342425530271, 0.9936635499574994, 0.9937408237385055, 0.9928908121474384, 0.9941658295340391], "test_precision": [0.9696969696969697, 0.944980694980695, 0.9583333333333334, 0.938715953307393, 0.9615004935834156],