{"Leiden_0": 0.006812920690579613, "Leiden_1": 0.003162277660168382, "Leiden_2": 0.010000000000000004, "Leiden_3": 0.004641588833612781, "Leiden_4": 0.003162277660168382, "Leiden_5": 0.004641588833612781, "Leiden_6": 0.006812920690579613, "Leiden_7": 0.003162277660168382, "Leiden_8": 0.004641588833612781, "Leiden_9": 0.0021544346900318843, "Leiden_10": 0.014677992676220709, "Leiden_11": 0.006812920690579613, "Leiden_12": 0.003162277660168382, "Leiden_13": 0.003162277660168382, "Leiden_14": 0.004641588833612781, "Leiden_15": 0.02154434690031885, "Leiden_16": 0.02154434690031885, "Leiden_17": 0.02154434690031885, "Leiden_18": 0.02154434690031885, "Leiden_19": 0.02154434690031885, "Leiden_20": 0.02154434690031885, "Leiden_21": 0.02154434690031885, "Leiden_22": 0.02154434690031885, "Leiden_23": 0.02154434690031885}