{"0": 998.3068525791168, "1": 0.6710610147565603, "2": 1.4690682291984558e-05, "3": 0.008943741209805012, "4": 8.254963904619217e-05, "5": 7.427111268043518e-05, "6": 7.941015064716339e-05, "7": 7.849186658859253e-05, "8": 7.44890421628952e-05, "9": 6.837863475084305e-05, "10": 6.31352886557579e-05, "11": 5.8717094361782074e-05, "12": 5.419272929430008e-05, "13": 4.6566128730773926e-05, "14": 4.7408975660800934e-05, "15": 5.031563341617584e-05, "16": 5.224347114562988e-05, "17": 5.2471645176410675e-05, "18": 5.2945688366889954e-05, "19": 5.3280964493751526e-05, "20": 5.479156970977783e-05, "21": 5.4673291742801666e-05, "22": 5.5178068578243256e-05, "23": 5.8504752814769745e-05, "24": 6.33755698800087e-05, "25": 6.942916661500931e-05, "26": 7.66552984714508e-05, "27": 9.653717279434204e-05, "28": 0.00011945515871047974, "29": 0.0001461794599890709, "30": 0.00024111848324537277, "31": 0.00013649091124534607, "32": 0.0001679966226220131, "33": 0.00019715260714292526, "34": 0.00015370268374681473, "35": 0.00015999935567378998, "36": 0.00017591845244169235, "37": 0.00013537798076868057, "38": 0.00013187061995267868, "39": 0.0001363176852464676, "40": 0.00011546723544597626, "41": 0.00013186968863010406, "42": 0.00012092664837837219, "43": 0.00011341925710439682, "44": 9.661819785833359e-05, "45": 0.00010683573782444, "46": 0.00010696984827518463, "47": 9.925384074449539e-05, "48": 9.146705269813538e-05, "49": 7.990561425685883e-05, "50": 8.64686444401741e-05, "51": 7.718149572610855e-05, "52": 7.321871817111969e-05, "53": 7.197633385658264e-05, "54": 7.054023444652557e-05, "55": 6.459001451730728e-05, "56": 6.313901394605637e-05, "57": 6.701052188873291e-05, "58": 6.045214831829071e-05, "59": 6.308313459157944e-05, "60": 5.5682845413684845e-05, "61": 5.811452865600586e-05, "62": 5.559343844652176e-05, "63": 5.169957876205444e-05, "64": 5.554733797907829e-05, "65": 5.268538370728493e-05, "66": 5.1905401051044464e-05, "67": 5.243206396698952e-05, "68": 5.09507954120636e-05, "69": 5.0337053835392e-05, "70": 5.066627636551857e-05, "71": 4.525948315858841e-05, "72": 5.284976214170456e-05, "73": 5.270913243293762e-05, "74": 5.192868411540985e-05, "75": 4.7418754547834396e-05, "76": 4.5291613787412643e-05, "77": 4.309602081775665e-05, "78": 4.3489970266819e-05, "79": 4.341825842857361e-05, "80": 4.2203813791275024e-05, "81": 3.845617175102234e-05, "82": 3.8562342524528503e-05, "83": 3.982754424214363e-05, "84": 3.9072707295417786e-05, "85": 3.960775211453438e-05, "86": 3.851531073451042e-05, "87": 3.24551947414875e-05, "88": 3.501633182168007e-05, "89": 3.228290006518364e-05, "90": 3.184843808412552e-05, "91": 3.263913094997406e-05, "92": 3.410317003726959e-05, "93": 3.04393470287323e-05, "94": 3.39532271027565e-05, "95": 3.1371600925922394e-05, "96": 3.217114135622978e-05, "97": 3.0477065593004227e-05, "98": 2.995552495121956e-05, "99": 3.0265655368566513e-05, "100": 2.9695220291614532e-05, "101": 2.9757153242826462e-05, "102": 2.891523763537407e-05, "103": 2.645747736096382e-05, "104": 3.0156690627336502e-05, "105": 2.847611904144287e-05, "106": 2.928357571363449e-05, "107": 2.6530586183071136e-05, "108": 2.740509808063507e-05, "109": 2.4702399969100952e-05, "110": 2.4422071874141693e-05, "111": 2.2824853658676147e-05, "112": 2.4037901312112808e-05, "113": 2.249050885438919e-05, "114": 2.204347401857376e-05, "115": 2.3042317479848862e-05, "116": 2.132449299097061e-05, "117": 2.2020190954208374e-05, "118": 2.1332409232854843e-05, "119": 2.2701453417539597e-05, "120": 2.347305417060852e-05, "121": 2.1290965378284454e-05, "122": 2.1397601813077927e-05, "123": 2.1064188331365585e-05, "124": 2.1379441022872925e-05, "125": 2.2741034626960754e-05, "126": 2.1260231733322144e-05, "127": 2.1880492568016052e-05, "128": 2.262648195028305e-05, "129": 2.2367574274539948e-05, "130": 2.1229498088359833e-05, "131": 2.2825784981250763e-05, "132": 1.8917489796876907e-05, "133": 2.1470244973897934e-05, "134": 1.986837014555931e-05, "135": 1.935148611664772e-05, "136": 2.0440667867660522e-05, "137": 2.163555473089218e-05, "138": 2.2234860807657242e-05, "139": 2.205604687333107e-05, "140": 2.063252031803131e-05, "141": 2.376176416873932e-05, "142": 2.4091452360153198e-05, "143": 2.4763401597738266e-05, "144": 2.604769542813301e-05, "145": 2.5944784283638e-05, "146": 2.475222572684288e-05, "147": 2.354336902499199e-05, "148": 2.1867454051971436e-05, "149": 1.9938219338655472e-05, "150": 2.1487008780241013e-05, "151": 1.980643719434738e-05, "152": 2.284254878759384e-05, "153": 2.3351050913333893e-05, "154": 2.1731015294790268e-05, "155": 1.6276724636554718e-05, "156": 1.5513505786657333e-05, "157": 1.5836674720048904e-05, "158": 1.6411766409873962e-05, "159": 1.607416197657585e-05, "160": 1.6022473573684692e-05, "161": 1.501990482211113e-05, "162": 1.9323546439409256e-05, "163": 1.4534220099449158e-05, "164": 1.507950946688652e-05, "165": 1.3119541108608246e-05, "166": 1.4064367860555649e-05, "167": 1.596705988049507e-05, "168": 1.643877476453781e-05, "169": 1.5105586498975754e-05, "170": 1.4086253941059113e-05, "171": 1.107947900891304e-05, "172": 1.0244548320770264e-05, "173": 1.2812670320272446e-05, "174": 1.2921169400215149e-05, "175": 1.2479722499847412e-05, "176": 1.2999400496482849e-05, "177": 1.0973773896694183e-05, "178": 1.0958407074213028e-05, "179": 1.055840402841568e-05, "180": 1.0024290531873703e-05, "181": 8.854083716869354e-06, "182": 7.783528417348862e-06, "183": 9.72207635641098e-06, "184": 9.660143405199051e-06, "185": 9.018462151288986e-06, "186": 1.4500692486763e-05, "187": 9.878072887659073e-06, "188": 1.0679941624403e-05, "189": 9.269453585147858e-06, "190": 1.4394056051969528e-05, "191": 9.368173778057098e-06, "192": 1.1058058589696884e-05, "193": 1.4421995729207993e-05, "194": 8.246395736932755e-06, "195": 8.739065378904343e-06, "196": 9.445473551750183e-06, "197": 1.0858289897441864e-05, "198": 1.0599382221698761e-05, "199": 9.620096534490585e-06, "200": 1.0253861546516418e-05, "201": 2.0266510546207428e-05, "202": 8.375383913516998e-06, "203": 7.925089448690414e-06, "204": 7.148832082748413e-06, "205": 7.199589163064957e-06, "206": 6.745103746652603e-06, "207": 6.143935024738312e-06, "208": 9.76119190454483e-06, "209": 5.7443976402282715e-06, "210": 5.779322236776352e-06, "211": 5.770009011030197e-06, "212": 6.147660315036774e-06, "213": 5.1585957407951355e-06, "214": 4.860106855630875e-06, "215": 6.401445716619492e-06, "216": 4.1942112147808075e-06, "217": 4.584901034832001e-06, "218": 4.242639988660812e-06, "219": 4.212372004985809e-06, "220": 5.942769348621368e-06, "221": 3.0975788831710815e-06, "222": 3.0836090445518494e-06, "223": 2.9318034648895264e-06, "224": 2.9355287551879883e-06, "225": 2.6552006602287292e-06, "226": 2.7175992727279663e-06, "227": 3.0817463994026184e-06, "228": 3.3867545425891876e-06, "229": 3.418419510126114e-06, "230": 3.112480044364929e-06, "231": 2.7315691113471985e-06, "232": 2.716667950153351e-06, "233": 2.766028046607971e-06, "234": 4.280358552932739e-06, "235": 2.7758069336414337e-06, "236": 4.546716809272766e-06, "237": 2.873595803976059e-06, "238": 2.6458874344825745e-06, "239": 2.848450094461441e-06, "240": 2.5923363864421844e-06, "241": 2.5797635316848755e-06, "242": 2.7427449822425842e-06, "243": 4.289206117391586e-06, "244": 3.6242417991161346e-06, "245": 2.464279532432556e-06, "246": 2.398155629634857e-06, "247": 2.282671630382538e-06, "248": 2.2724270820617676e-06, "249": 2.314802259206772e-06, "250": 1.828651875257492e-06, "251": 1.8049031496047974e-06, "252": 2.037733793258667e-06, "253": 2.095010131597519e-06, "254": 2.0149163901805878e-06, "255": 1.7783604562282562e-06, "256": 1.7387792468070984e-06, "257": 3.179069608449936e-06, "258": 1.6726553440093994e-06, "259": 1.496635377407074e-06, "260": 1.5059486031532288e-06, "261": 1.5594996511936188e-06, "262": 2.500135451555252e-06, "263": 1.4314427971839905e-06, "264": 1.460779458284378e-06, "265": 1.2665987014770508e-06, "266": 2.3352913558483124e-06,