{"0": 0.6931474208831787, "1": 0.28427791595458984, "2": 0.2838486433029175, "3": 0.16783249378204346, "4": 0.15928080677986145, "5": 0.15511640906333923, "6": 0.15164680778980255, "7": 0.14868290722370148, "8": 0.14615286886692047, "9": 0.14396831393241882, "10": 0.14202186465263367, "11": 0.14032824337482452, "12": 0.13880325853824615, "13": 0.1376328319311142, "14": 0.1366201639175415, "15": 0.13564734160900116, "16": 0.1347215324640274, "17": 0.1338239461183548, "18": 0.13295400142669678, "19": 0.1321321278810501, "20": 0.13134390115737915, "21": 0.1305898278951645, "22": 0.12986277043819427, "23": 0.12916678190231323, "24": 0.12850049138069153, "25": 0.12786154448986053, "26": 0.12724119424819946, "27": 0.1266418695449829, "28": 0.12606112658977509, "29": 0.125498428940773, "30": 0.12495159357786179, "31": 0.1244281679391861, "32": 0.1239217072725296, "33": 0.12342634797096252, "34": 0.12295254319906235, "35": 0.12248973548412323, "36": 0.12203970551490784, "37": 0.12160295993089676, "38": 0.12117397040128708, "39": 0.12075616419315338, "40": 0.1203518658876419, "41": 0.11995840072631836, "42": 0.11957026273012161, "43": 0.11918742209672928, "44": 0.1188119575381279, "45": 0.1184471845626831, "46": 0.1180894523859024, "47": 0.11773539334535599, "48": 0.11738535761833191, "49": 0.11704040318727493, "50": 0.11669822037220001, "51": 0.11635833978652954, "52": 0.11601873487234116, "53": 0.11567948758602142, "54": 0.11534333229064941, "55": 0.11501084268093109, "56": 0.1146799698472023, "57": 0.11435413360595703, "58": 0.11403186619281769, "59": 0.11370781064033508, "60": 0.11338970810174942, "61": 0.11307080835103989, "62": 0.1127549335360527, "63": 0.11243954300880432, "64": 0.1121240109205246, "65": 0.11181139945983887, "66": 0.11150084435939789, "67": 0.11119130998849869, "68": 0.11088160425424576, "69": 0.11057230830192566, "70": 0.1102633997797966, "71": 0.1099531501531601, "72": 0.10964371263980865, "73": 0.10932860523462296, "74": 0.1090097427368164, "75": 0.10868626087903976, "76": 0.1083618625998497, "77": 0.10803409665822983, "78": 0.10769912600517273, "79": 0.10736305266618729, "80": 0.10702697187662125, "81": 0.10668787360191345, "82": 0.10634367167949677, "83": 0.10599690675735474, "84": 0.10564018785953522, "85": 0.10526162385940552, "86": 0.10486023128032684, "87": 0.1044425219297409, "88": 0.10401108115911484, "89": 0.10352958738803864, "90": 0.10287928581237793, "91": 0.10227393358945847, "92": 0.10166949033737183, "93": 0.100975900888443, "94": 0.10041803121566772, "95": 0.0998501181602478, "96": 0.09925362467765808, "97": 0.09872400760650635, "98": 0.09818874299526215, "99": 0.09761562943458557, "100": 0.0971323624253273, "101": 0.09661174565553665, "102": 0.09616369009017944, "103": 0.09568551182746887, "104": 0.095218725502491, "105": 0.09482176601886749, "106": 0.09443230926990509, "107": 0.09400206804275513, "108": 0.0936243087053299, "109": 0.09326858818531036, "110": 0.09294582158327103, "111": 0.09258272498846054, "112": 0.09225152432918549, "113": 0.09190766513347626, "114": 0.09158111363649368, "115": 0.09124386310577393, "116": 0.09092915803194046, "117": 0.0906250923871994, "118": 0.09033280611038208, "119": 0.09001274406909943, "120": 0.08970494568347931, "121": 0.0894356220960617, "122": 0.08912711590528488, "123": 0.08882876485586166, "124": 0.08853711932897568, "125": 0.08823750913143158, "126": 0.08794394135475159, "127": 0.08766808360815048, "128": 0.08740769326686859, "129": 0.08714945614337921, "130": 0.0868736132979393, "131": 0.08661644905805588, "132": 0.08635425567626953, "133": 0.08608958125114441, "134": 0.08581766486167908, "135": 0.08558408915996552, "136": 0.085345558822155, "137": 0.08513352274894714, "138": 0.08490125834941864, "139": 0.0846874788403511, "140": 0.08445947617292404, "141": 0.08426874876022339, "142": 0.08407748490571976, "143": 0.08389484137296677, "144": 0.08371029794216156, "145": 0.08351998031139374, "146": 0.08332835137844086, "147": 0.08315859735012054, "148": 0.08296424150466919, "149": 0.0827939435839653, "150": 0.08261582255363464, "151": 0.08244676887989044, "152": 0.08228747546672821, "153": 0.08210493624210358, "154": 0.0819399505853653, "155": 0.08176658302545547, "156": 0.08161312341690063, "157": 0.08148624002933502, "158": 0.08131520450115204, "159": 0.08115591108798981, "160": 0.08099618554115295, "161": 0.08083735406398773, "162": 0.08070700615644455, "163": 0.08053755760192871, "164": 0.08038422465324402, "165": 0.08024528622627258, "166": 0.08007587492465973, "167": 0.07991495728492737, "168": 0.07977254688739777, "169": 0.07963325083255768, "170": 0.07945683598518372, "171": 0.07928305119276047, "172": 0.07913229614496231, "173": 0.07899654656648636, "174": 0.07885568588972092, "175": 0.07869111746549606, "176": 0.0785522311925888, "177": 0.07838954776525497, "178": 0.07819847762584686, "179": 0.0780411958694458, "180": 0.07789188623428345, "181": 0.0777115672826767, "182": 0.07753168791532516, "183": 0.07735158503055573, "184": 0.07717948406934738, "185": 0.07700590789318085, "186": 0.07682475447654724, "187": 0.07665842771530151, "188": 0.07650576531887054, "189": 0.07628676295280457, "190": 0.07611449807882309, "191": 0.0759798139333725, "192": 0.07579455524682999, "193": 0.07562931627035141, "194": 0.07543891668319702, "195": 0.07524784654378891, "196": 0.07502638548612595, "197": 0.07481428980827332, "198": 0.07455801963806152, "199": 0.07431687414646149, "200": 0.07411985099315643, "201": 0.0739283561706543, "202": 0.07382053881883621, "203": 0.0737156793475151, "204": 0.07362613081932068, "205": 0.07353509217500687, "206": 0.07345239073038101, "207": 0.07338044047355652, "208": 0.07331035286188126, "209": 0.07323692739009857, "210": 0.07315134257078171, "211": 0.07305458188056946, "212": 0.07295022159814835, "213": 0.07285390794277191, "214": 0.07274492084980011, "215": 0.07264435291290283, "216": 0.07255047559738159, "217": 0.07246073335409164, "218": 0.07237572968006134, "219": 0.0722845122218132, "220": 0.07217352092266083, "221": 0.0720745325088501, "222": 0.07196687906980515, "223": 0.07182104885578156, "224": 0.07171644270420074, "225": 0.07160856574773788, "226": 0.07151283323764801, "227": 0.07141564786434174, "228": 0.07130543887615204, "229": 0.07114469259977341, "230": 0.07101665437221527, "231": 0.0709047019481659, "232": 0.07079504430294037, "233": 0.07069665938615799, "234": 0.07058407366275787, "235": 0.07048846781253815, "236": 0.0703936368227005, "237": 0.07031512260437012, "238": 0.07023702561855316, "239": 0.07016284763813019, "240": 0.07009566575288773, "241": 0.07003310322761536, "242": 0.06997206807136536, "243": 0.06983587890863419, "244": 0.069777712225914, "245": 0.0697164237499237, "246": 0.06960997730493546, "247": 0.06954284012317657, "248": 0.06947776675224304, "249": 0.0694134384393692, "250": 0.06934300810098648, "251": 0.06928826868534088, "252": 0.06923087686300278, "253": 0.06917770951986313, "254": 0.06912374496459961, "255": 0.06906983256340027, "256": 0.06901685893535614, "257": 0.06896582245826721, "258": 0.06891430914402008, "259": 0.06886506080627441, "260": 0.06881867349147797, "261": 0.06876792758703232, "262": 0.06872980296611786, "263": 0.0686904713511467, "264": 0.06865294277667999, "265": 0.06861615926027298, "266": 0.06858083605766296, "267": 0.06853645294904709, "268": 0.06850950419902802, "269": 0.06848369538784027, "270": 0.06845872104167938, "271": 0.06843014061450958, "272": 0.0684002935886383, "273": 0.06836998462677002, "274": 0.06834080815315247, "275": 0.0683085098862648, "276": 0.06827656924724579, "277": 0.0682474672794342, "278": 0.06821328401565552, "279": 0.06819026172161102, "280": 0.06816738843917847, "281": 0.06814125180244446, "282": 0.06811775267124176, "283": 0.06810002774000168, "284": 0.06808216869831085, "285": 0.0680650919675827, "286": 0.06804829835891724, "287": 0.06803515553474426, "288": 0.06802330911159515, "289": 0.0680125504732132, "290": 0.06799918413162231,