{"0": 0.6931474208831787, "1": 0.49640512466430664, "2": 0.4954189360141754, "3": 0.31930267810821533, "4": 0.2874791920185089, "5": 0.2740415930747986, "6": 0.2633003294467926, "7": 0.25449997186660767, "8": 0.2472059726715088, "9": 0.2411746084690094, "10": 0.2359338402748108, "11": 0.23148681223392487, "12": 0.22753997147083282, "13": 0.22417031228542328, "14": 0.22131632268428802, "15": 0.21860764920711517, "16": 0.2160106748342514, "17": 0.21352697908878326, "18": 0.21117925643920898, "19": 0.20893977582454681, "20": 0.20682115852832794, "21": 0.2048128843307495, "22": 0.20292115211486816, "23": 0.20112980902194977, "24": 0.19940634071826935, "25": 0.19775158166885376, "26": 0.19616837799549103, "27": 0.19466479122638702, "28": 0.19321440160274506, "29": 0.1918187290430069, "30": 0.1904802918434143, "31": 0.18918918073177338, "32": 0.18796172738075256, "33": 0.1867772340774536, "34": 0.18563446402549744, "35": 0.18453338742256165, "36": 0.1834680736064911, "37": 0.18244129419326782, "38": 0.18145610392093658, "39": 0.18049567937850952, "40": 0.17956078052520752, "41": 0.1786576360464096, "42": 0.17777982354164124, "43": 0.17692917585372925, "44": 0.17610138654708862, "45": 0.17530134320259094, "46": 0.1745244860649109, "47": 0.17377257347106934, "48": 0.17303621768951416, "49": 0.1723143607378006, "50": 0.17160743474960327, "51": 0.17091503739356995, "52": 0.1702403575181961, "53": 0.16958296298980713, "54": 0.1689452826976776, "55": 0.16831836104393005, "56": 0.16770750284194946, "57": 0.16711635887622833, "58": 0.16653600335121155, "59": 0.16596472263336182, "60": 0.16540229320526123, "61": 0.1648520827293396, "62": 0.16431193053722382, "63": 0.16378681361675262, "64": 0.1632743775844574, "65": 0.16277484595775604, "66": 0.16228726506233215, "67": 0.161805659532547, "68": 0.16133031249046326, "69": 0.16086429357528687, "70": 0.1604062169790268, "71": 0.15995606780052185, "72": 0.15951429307460785, "73": 0.15907883644104004, "74": 0.15865398943424225, "75": 0.15823553502559662, "76": 0.15782392024993896, "77": 0.1574159562587738, "78": 0.1570112407207489, "79": 0.1566130667924881, "80": 0.15622010827064514, "81": 0.1558338850736618, "82": 0.15545766055583954, "83": 0.15509158372879028, "84": 0.15472766757011414, "85": 0.15436336398124695, "86": 0.1539972424507141, "87": 0.15362772345542908, "88": 0.15325123071670532, "89": 0.15286129713058472, "90": 0.15245629847049713, "91": 0.15203003585338593, "92": 0.15157929062843323, "93": 0.15109840035438538, "94": 0.15058520436286926, "95": 0.15005096793174744, "96": 0.1494915783405304, "97": 0.14888843894004822, "98": 0.14824308454990387, "99": 0.14756043255329132, "100": 0.14682671427726746, "101": 0.14601705968379974, "102": 0.1451168656349182, "103": 0.14411789178848267, "104": 0.14307689666748047, "105": 0.14182335138320923, "106": 0.14103107154369354, "107": 0.1401975303888321, "108": 0.13927903771400452, "109": 0.1382664442062378, "110": 0.13719208538532257, "111": 0.13607129454612732, "112": 0.1349344551563263, "113": 0.13382229208946228, "114": 0.13274016976356506, "115": 0.1316748559474945, "116": 0.13054825365543365, "117": 0.12978491187095642, "118": 0.12899424135684967, "119": 0.128274604678154, "120": 0.12749463319778442, "121": 0.12674641609191895, "122": 0.12597821652889252, "123": 0.12527190148830414, "124": 0.12449831515550613, "125": 0.12373720854520798, "126": 0.12309049814939499, "127": 0.1223127543926239, "128": 0.1218085065484047, "129": 0.12118931114673615, "130": 0.12067152559757233, "131": 0.1200924962759018, "132": 0.11949748545885086, "133": 0.1189468502998352, "134": 0.11840140074491501, "135": 0.11784468591213226, "136": 0.11729609966278076, "137": 0.11676771193742752, "138": 0.1161828339099884, "139": 0.1156662106513977, "140": 0.11522631347179413, "141": 0.1147688627243042, "142": 0.11433739215135574, "143": 0.11385733634233475, "144": 0.11341869831085205, "145": 0.11294622719287872, "146": 0.11252495646476746, "147": 0.11210174858570099, "148": 0.11165956407785416, "149": 0.11116179823875427, "150": 0.11077813804149628, "151": 0.1103624626994133, "152": 0.1099362000823021, "153": 0.10953580588102341, "154": 0.10911192744970322, "155": 0.1086733266711235, "156": 0.10826726257801056, "157": 0.1078566163778305, "158": 0.10745002329349518, "159": 0.10703570395708084, "160": 0.10661209374666214, "161": 0.10625658929347992, "162": 0.1059439480304718, "163": 0.10559098422527313, "164": 0.10526317358016968, "165": 0.10489807277917862, "166": 0.10456103831529617, "167": 0.10426828265190125, "168": 0.10391975939273834, "169": 0.10359740257263184, "170": 0.1032504215836525, "171": 0.10288234055042267, "172": 0.1025894433259964, "173": 0.10225926339626312, "174": 0.10193759948015213, "175": 0.10160435736179352, "176": 0.1013173758983612, "177": 0.1010018065571785, "178": 0.1007082387804985, "179": 0.1004086434841156, "180": 0.10011649131774902, "181": 0.09979332983493805, "182": 0.09948354959487915, "183": 0.09918168187141418, "184": 0.0989183858036995, "185": 0.09864767640829086, "186": 0.09836532920598984, "187": 0.09808003902435303, "188": 0.09778690338134766, "189": 0.09753550589084625, "190": 0.0972696840763092, "191": 0.09702421724796295, "192": 0.096759133040905, "193": 0.09645804762840271, "194": 0.09621735662221909, "195": 0.09598048031330109, "196": 0.09572822600603104, "197": 0.09544748067855835, "198": 0.09516891837120056, "199": 0.09488210827112198, "200": 0.09460753202438354, "201": 0.09434825927019119, "202": 0.09409229457378387, "203": 0.09383520483970642, "204": 0.09356887638568878, "205": 0.0933229923248291, "206": 0.09311464428901672, "207": 0.09291485697031021, "208": 0.09273888170719147, "209": 0.09254607558250427, "210": 0.09232675284147263, "211": 0.09213721007108688, "212": 0.0919632762670517, "213": 0.09178348630666733, "214": 0.09162737429141998, "215": 0.09143975377082825, "216": 0.09128399193286896, "217": 0.09109869599342346, "218": 0.09087499231100082, "219": 0.09070168435573578, "220": 0.0905497819185257, "221": 0.09040455520153046, "222": 0.09025189280509949, "223": 0.0901331976056099, "224": 0.09003166854381561, "225": 0.08994441479444504, "226": 0.08986369520425797, "227": 0.08977550268173218, "228": 0.08969128131866455, "229": 0.08960151672363281, "230": 0.08950365334749222, "231": 0.08943677693605423, "232": 0.08933572471141815, "233": 0.08926618099212646, "234": 0.08916039764881134, "235": 0.08903449773788452, "236": 0.08888566493988037, "237": 0.08873399347066879, "238": 0.0885709673166275, "239": 0.08841196447610855, "240": 0.08827866613864899, "241": 0.08814491331577301, "242": 0.08802347630262375, "243": 0.08789519965648651, "244": 0.08775071799755096, "245": 0.087645024061203, "246": 0.08754684031009674, "247": 0.08744542300701141, "248": 0.08734375238418579, "249": 0.08724269270896912, "250": 0.08711778372526169, "251": 0.08701753616333008, "252": 0.08691945672035217, "253": 0.08682601153850555, "254": 0.08672623336315155, "255": 0.08659669011831284, "256": 0.08649473637342453, "257": 0.08639200031757355, "258": 0.08628098666667938, "259": 0.0861741378903389, "260": 0.08606309443712234, "261": 0.08595104515552521, "262": 0.08584533631801605, "263": 0.08574175834655762, "264": 0.08564311265945435, "265": 0.08557767421007156, "266": 0.08551156520843506, "267": 0.08544473350048065, "268": 0.08537715673446655, "269": 0.08531121164560318, "270": 0.08524695038795471, "271": 0.08517758548259735, "272": 0.08511076867580414, "273": 0.08504543453454971, "274": 0.08498994261026382, "275": 0.08492851257324219, "276": 0.084862619638443, "277": 0.08478309214115143, "278": 0.08470799028873444, "279": 0.08462394773960114, "280": 0.08454641699790955, "281": 0.08447370678186417, "282": 0.08439721167087555, "283": 0.08431687951087952, "284": 0.08420625329017639, "285": 0.08413542807102203, "286": 0.08405949175357819, "287": 0.08399326354265213, "288": 0.0839216485619545, "289": 0.08382071554660797, "290": 0.08372654020786285, "291": 0.08362573385238647,