{"0": 998.3068525791168, "1": -0.0072983503341674805, "2": 0.0014227628707885742, "3": 0.15953218936920166, "4": 0.06092217564582825, "5": 0.022367030382156372, "6": 0.014903485774993896, "7": 0.01211652159690857, "8": 0.010434061288833618, "9": 0.009107708930969238, "10": 0.008049994707107544, "11": 0.00721171498298645, "12": 0.006508380174636841, "13": 0.005863755941390991, "14": 0.005315184593200684, "15": 0.004885196685791016, "16": 0.004525512456893921, "17": 0.004209399223327637, "18": 0.003941535949707031, "19": 0.0036975443363189697, "20": 0.0034670233726501465, "21": 0.003260314464569092, "22": 0.003063589334487915, "23": 0.0028957724571228027, "24": 0.0027476251125335693, "25": 0.0026150941848754883, "26": 0.0025017261505126953, "27": 0.002384483814239502, "28": 0.002277880907058716, "29": 0.0021665096282958984, "30": 0.0020893216133117676, "31": 0.002004861831665039, "32": 0.001923203468322754, "33": 0.0018407106399536133, "34": 0.0017785131931304932, "35": 0.0017243921756744385, "36": 0.0016700327396392822, "37": 0.0016255974769592285, "38": 0.0015717148780822754, "39": 0.001524418592453003, "40": 0.0014780759811401367, "41": 0.0014284849166870117, "42": 0.0013991296291351318, "43": 0.0013393759727478027, "44": 0.0013292133808135986, "45": 0.00128975510597229, "46": 0.0012709200382232666, "47": 0.0012398064136505127, "48": 0.00120621919631958, "49": 0.0011831223964691162, "50": 0.0011581778526306152, "51": 0.0011345744132995605, "52": 0.0011106431484222412, "53": 0.0010949969291687012, "54": 0.0010769367218017578, "55": 0.0010609626770019531, "56": 0.0010341107845306396, "57": 0.0010235607624053955, "58": 0.0010120272636413574, "59": 0.00099220871925354, "60": 0.000980675220489502, "61": 0.0009617507457733154, "62": 0.0009508728981018066, "63": 0.0009441375732421875, "64": 0.000928044319152832, "65": 0.0009099841117858887, "66": 0.0008971691131591797, "67": 0.0008834600448608398, "68": 0.0008716881275177002, "69": 0.0008614063262939453, "70": 0.0008478462696075439, "71": 0.0008335113525390625, "72": 0.0008264482021331787, "73": 0.0008143484592437744, "74": 0.000800400972366333, "75": 0.0007849037647247314, "76": 0.0007722377777099609, "77": 0.0007593035697937012, "78": 0.0007481276988983154, "79": 0.000734180212020874, "80": 0.0007236599922180176, "81": 0.0007131695747375488, "82": 0.0007044076919555664, "83": 0.0006918013095855713, "84": 0.0006819963455200195, "85": 0.0006764829158782959, "86": 0.0006636679172515869, "87": 0.0006524622440338135, "88": 0.0006406605243682861, "89": 0.0006303191184997559, "90": 0.0006224513053894043, "91": 0.000614851713180542, "92": 0.0006062686443328857, "93": 0.0006018877029418945, "94": 0.0005987286567687988, "95": 0.0005926787853240967, "96": 0.0005844533443450928, "97": 0.0005758404731750488, "98": 0.0005674362182617188, "99": 0.0005607008934020996, "100": 0.000553816556930542, "101": 0.0005472004413604736, "102": 0.0005445778369903564, "103": 0.0005440711975097656, "104": 0.0005452334880828857, "105": 0.0005483031272888184, "106": 0.0005583465099334717, "107": 0.0005662441253662109, "108": 0.0005728006362915039, "109": 0.0005848705768585205, "110": 0.0005935728549957275, "111": 0.0006114542484283447, "112": 0.0006306469440460205, "113": 0.000654265284538269, "114": 0.0006844997406005859, "115": 0.0007233768701553345, "116": 0.0007694363594055176, "117": 0.0008587390184402466, "118": 0.0009786039590835571, "119": 0.0013762116432189941, "120": 0.0010474324226379395, "121": 0.001349031925201416, "122": 0.0013748705387115479, "123": 0.0013659298419952393, "124": 0.0014955699443817139, "125": 0.001676321029663086, "126": 0.0015573054552078247, "127": 0.001577720046043396, "128": 0.0014599412679672241, "129": 0.001572445034980774, "130": 0.0014424324035644531, "131": 0.0013181120157241821, "132": 0.0014238208532333374, "133": 0.0013157278299331665, "134": 0.0012247711420059204, "135": 0.001369193196296692, "136": 0.001171007752418518, "137": 0.0010901093482971191, "138": 0.0012166798114776611, "139": 0.0011761337518692017, "140": 0.001107439398765564, "141": 0.001123860478401184, "142": 0.0010575950145721436, "143": 0.000984489917755127, "144": 0.0010693222284317017, "145": 0.0010109394788742065, "146": 0.0010364651679992676, "147": 0.0009667724370956421, "148": 0.0009699314832687378, "149": 0.0010704100131988525, "150": 0.0009361058473587036, "151": 0.0008513033390045166, "152": 0.001128166913986206, "153": 0.0008867979049682617, "154": 0.0011113882064819336, "155": 0.0011191219091415405, "156": 0.0010701268911361694, "157": 0.0008898824453353882, "158": 0.0008788108825683594, "159": 0.0010218024253845215, "160": 0.000899195671081543, "161": 0.0008902251720428467, "162": 0.0008001178503036499, "163": 0.0007674992084503174, "164": 0.0007656216621398926, "165": 0.0009059011936187744, "166": 0.0007141232490539551, "167": 0.0006654560565948486, "168": 0.0009485036134719849, "169": 0.0006479024887084961, "170": 0.00062599778175354, "171": 0.0008593052625656128, "172": 0.000616610050201416, "173": 0.0006036460399627686, "174": 0.0008208900690078735, "175": 0.000594601035118103, "176": 0.0005858242511749268, "177": 0.0007325708866119385, "178": 0.0005640536546707153, "179": 0.0005573183298110962, "180": 0.0005515217781066895, "181": 0.0005566626787185669, "182": 0.0005654692649841309, "183": 0.0006913542747497559, "184": 0.0005322694778442383, "185": 0.000516250729560852, "186": 0.0005061626434326172, "187": 0.0007390379905700684, "188": 0.0004987269639968872, "189": 0.0004934370517730713, "190": 0.0004810541868209839, "191": 0.0004948526620864868, "192": 0.0004907995462417603, "193": 0.00046275556087493896, "194": 0.0005107671022415161, "195": 0.00045980513095855713, "196": 0.0005088597536087036, "197": 0.0004842430353164673, "198": 0.0004287213087081909, "199": 0.0004949718713760376, "200": 0.000533178448677063, "201": 0.00039424002170562744, "202": 0.0003760606050491333, "203": 0.0003700852394104004, "204": 0.0003855377435684204, "205": 0.0003825873136520386, "206": 0.0005326122045516968, "207": 0.0003886222839355469, "208": 0.0003768652677536011, "209": 0.0005025565624237061, "210": 0.00037992000579833984, "211": 0.0003688335418701172, "212": 0.0004810839891433716, "213": 0.00043123960494995117, "214": 0.00034911930561065674, "215": 0.0004656761884689331, "216": 0.0003473907709121704, "217": 0.0004185885190963745, "218": 0.0003581494092941284, "219": 0.0003706216812133789, "220": 0.0003832131624221802, "221": 0.0003243982791900635, "222": 0.00031404197216033936, "223": 0.00032898783683776855, "224": 0.00034894049167633057, "225": 0.0003399699926376343, "226": 0.00040727853775024414, "227": 0.00033061206340789795, "228": 0.00036898255348205566, "229": 0.0003655850887298584, "230": 0.0003762245178222656, "231": 0.0004190504550933838, "232": 0.0003452599048614502, "233": 0.0003139227628707886, "234": 0.00035327672958374023, "235": 0.0003300905227661133, "236": 0.00032579898834228516, "237": 0.0003183633089065552, "238": 0.00030313432216644287, "239": 0.00035634636878967285, "240": 0.0002876967191696167, "241": 0.0002972334623336792, "242": 0.00030413269996643066, "243": 0.0003459155559539795, "244": 0.0003161132335662842, "245": 0.00033417344093322754, "246": 0.0003261566162109375, "247": 0.000303417444229126, "248": 0.00029799342155456543, "249": 0.0003437250852584839, "250": 0.00035290420055389404, "251": 0.0003512054681777954, "252": 0.00033070147037506104, "253": 0.0003142803907394409, "254": 0.00032767653465270996, "255": 0.00029671192169189453, "256": 0.0002999603748321533, "257": 0.0002675354480743408, "258": 0.00029414892196655273, "259": 0.00021946430206298828, "260": 0.00022226572036743164, "261": 0.0001957714557647705, "262": 0.00030934810638427734, "263": 0.00020259618759155273, "264": 0.000181540846824646, "265": 0.00017674267292022705, "266": 0.0001752227544784546, "267": 0.000173911452293396, "268": 0.00022520124912261963, "269": 0.00016158819198608398, "270": 0.0001563429832458496,