{"0": 998.3068525791168, "1": 0.5052149593830109, "2": 0.00013872981071472168, "3": 0.05176696181297302, "4": 0.008726686239242554, "5": 0.0036309435963630676, "6": 0.0028849169611930847, "7": 0.0025044232606887817, "8": 0.002229757606983185, "9": 0.001963570713996887, "10": 0.0017450451850891113, "11": 0.0015485510230064392, "12": 0.0013980194926261902, "13": 0.0012432262301445007, "14": 0.0011220648884773254, "15": 0.0010397806763648987, "16": 0.0009670108556747437, "17": 0.0009122863411903381, "18": 0.0008379146456718445, "19": 0.0007961243391036987, "20": 0.0007647871971130371, "21": 0.0007256045937538147, "22": 0.0006956234574317932, "23": 0.0006671473383903503, "24": 0.000635877251625061, "25": 0.0006085708737373352, "26": 0.0005842149257659912, "27": 0.0005604773759841919, "28": 0.0005360469222068787, "29": 0.0005157589912414551, "30": 0.0004985928535461426, "31": 0.0004793033003807068, "32": 0.0004621446132659912, "33": 0.0004453137516975403, "34": 0.0004295259714126587, "35": 0.0004135891795158386, "36": 0.00040028244256973267, "37": 0.00038873404264450073, "38": 0.00037334859371185303, "39": 0.00036388635635375977, "40": 0.0003520473837852478, "41": 0.0003406256437301636, "42": 0.00033054500818252563, "43": 0.0003203749656677246, "44": 0.0003106817603111267, "45": 0.00030053406953811646, "46": 0.00029519200325012207, "47": 0.000288352370262146, "48": 0.00028124451637268066, "49": 0.0002736598253250122, "50": 0.0002666786313056946, "51": 0.0002602413296699524, "52": 0.00025259703397750854, "53": 0.00024727731943130493, "54": 0.00024159997701644897, "55": 0.00023590028285980225, "56": 0.00023055821657180786, "57": 0.00022460520267486572, "58": 0.00021852552890777588, "59": 0.00021494925022125244, "60": 0.00021029263734817505, "61": 0.00020623952150344849, "62": 0.000201396644115448, "63": 0.00019822269678115845, "64": 0.00019400566816329956, "65": 0.0001896396279335022, "66": 0.00018499791622161865, "67": 0.00018114596605300903, "68": 0.00017762929201126099, "69": 0.00017402321100234985, "70": 0.0001702830195426941, "71": 0.00016748160123825073, "72": 0.00016529113054275513, "73": 0.0001625344157218933, "74": 0.00015954673290252686, "75": 0.00015629082918167114, "76": 0.00015353411436080933, "77": 0.00015061348676681519, "78": 0.00014828890562057495, "79": 0.00014612078666687012, "80": 0.00014351308345794678, "81": 0.00014112144708633423, "82": 0.00013927370309829712, "83": 0.00013756006956100464, "84": 0.00013602524995803833, "85": 0.0001343265175819397, "86": 0.00013343244791030884, "87": 0.000132732093334198, "88": 0.00013262778520584106, "89": 0.0001328587532043457, "90": 0.0001331120729446411, "91": 0.00013599544763565063, "92": 0.00013844668865203857, "93": 0.00014153122901916504, "94": 0.00014632195234298706, "95": 0.0001499280333518982, "96": 0.0001549050211906433, "97": 0.00016088038682937622, "98": 0.00017175078392028809, "99": 0.0001864209771156311, "100": 0.00020784884691238403, "101": 0.00023702532052993774, "102": 0.0002703815698623657, "103": 0.00038152188062667847, "104": 0.00044476985931396484, "105": 0.0005917921662330627, "106": 0.0004361867904663086, "107": 0.0005480945110321045, "108": 0.0005802735686302185, "109": 0.0005781427025794983, "110": 0.0005506277084350586, "111": 0.0005676522850990295, "112": 0.000519096851348877, "113": 0.0006198212504386902, "114": 0.0005208253860473633, "115": 0.000653587281703949, "116": 0.00058697909116745, "117": 0.0005142763257026672, "118": 0.0005212351679801941, "119": 0.0005251690745353699, "120": 0.0004803985357284546, "121": 0.0005365908145904541, "122": 0.0004841834306716919, "123": 0.00046703219413757324, "124": 0.0004785507917404175, "125": 0.000433996319770813, "126": 0.0004502236843109131, "127": 0.00045467913150787354, "128": 0.00041671842336654663, "129": 0.00047009438276290894, "130": 0.00044167786836624146, "131": 0.00040924549102783203, "132": 0.00044302642345428467, "133": 0.00041522085666656494, "134": 0.0004215836524963379, "135": 0.000414237380027771, "136": 0.00041178613901138306, "137": 0.0004254542291164398, "138": 0.0004089251160621643, "139": 0.00035049766302108765, "140": 0.00046872347593307495, "141": 0.0003616996109485626, "142": 0.00039111077785491943, "143": 0.00036579370498657227, "144": 0.0003445930778980255, "145": 0.0004034079611301422, "146": 0.0003652311861515045, "147": 0.0003393404185771942, "148": 0.0003748573362827301, "149": 0.0003800243139266968, "150": 0.0003423132002353668, "151": 0.00030566751956939697, "152": 0.00032806023955345154, "153": 0.00034434348344802856, "154": 0.0003761984407901764, "155": 0.0003262273967266083, "156": 0.0003285147249698639, "157": 0.0003002583980560303, "158": 0.00026866793632507324, "159": 0.00033890455961227417, "160": 0.00027589499950408936, "161": 0.00025679171085357666, "162": 0.00033162161707878113, "163": 0.00024454668164253235, "164": 0.00023806095123291016, "165": 0.00024161860346794128, "166": 0.0002321489155292511, "167": 0.00026038289070129395, "168": 0.00022881850600242615, "169": 0.0002242065966129303, "170": 0.00026101619005203247, "171": 0.00021729245781898499, "172": 0.00021393969655036926, "173": 0.00022098422050476074, "174": 0.0002071000635623932, "175": 0.00020764395594596863, "176": 0.00020331889390945435, "177": 0.00020918995141983032, "178": 0.0001980997622013092, "179": 0.00019462034106254578, "180": 0.00021091848611831665, "181": 0.00019030272960662842, "182": 0.00018430501222610474, "183": 0.00017952919006347656, "184": 0.0001925043761730194, "185": 0.0001792311668395996, "186": 0.00017589330673217773, "187": 0.0002567581832408905, "188": 0.00017496570944786072, "189": 0.0001754164695739746, "190": 0.00016891583800315857, "191": 0.00018623098731040955, "192": 0.0001648254692554474, "193": 0.00016280263662338257, "194": 0.0002002231776714325, "195": 0.00015618279576301575, "196": 0.00015372037887573242, "197": 0.0001470819115638733, "198": 0.00014528632164001465, "199": 0.00014121457934379578, "200": 0.00013874098658561707, "201": 0.00013565272092819214, "202": 0.00015064328908920288, "203": 0.00014160573482513428, "204": 0.00019182264804840088, "205": 0.00013783574104309082, "206": 0.00013572722673416138, "207": 0.00013047829270362854, "208": 0.00012806802988052368, "209": 0.00012385472655296326, "210": 0.00012781843543052673, "211": 0.0001793503761291504, "212": 0.00012124702334403992, "213": 0.00011971592903137207, "214": 0.00011597946286201477, "215": 0.00011423230171203613, "216": 0.00011149421334266663, "217": 0.00011793151497840881, "218": 0.0001250915229320526, "219": 0.0001392066478729248, "220": 0.00010957568883895874, "221": 0.00010833144187927246, "222": 0.0001037493348121643, "223": 0.00010286271572113037, "224": 0.00010100007057189941, "225": 0.00011099129915237427, "226": 0.00016665831208229065, "227": 0.00011320039629936218, "228": 9.446218609809875e-05, "229": 9.521469473838806e-05, "230": 9.175390005111694e-05, "231": 9.065121412277222e-05, "232": 8.813291788101196e-05, "233": 8.495151996612549e-05, "234": 8.189305663108826e-05, "235": 9.43206250667572e-05, "236": 7.726997137069702e-05, "237": 7.843971252441406e-05, "238": 7.455423474311829e-05, "239": 7.501989603042603e-05, "240": 7.228180766105652e-05, "241": 7.08848237991333e-05, "242": 6.918609142303467e-05, "243": 7.575750350952148e-05, "244": 6.731972098350525e-05, "245": 6.769970059394836e-05, "246": 6.581470370292664e-05, "247": 6.407871842384338e-05, "248": 6.658211350440979e-05, "249": 9.841471910476685e-05, "250": 6.747990846633911e-05, "251": 6.699934601783752e-05, "252": 7.011368870735168e-05, "253": 6.520003080368042e-05, "254": 6.384775042533875e-05, "255": 8.54097306728363e-05, "256": 6.458163261413574e-05, "257": 7.086992263793945e-05, "258": 6.613507866859436e-05, "259": 5.918741226196289e-05, "260": 5.822628736495972e-05, "261": 5.879253149032593e-05, "262": 5.7287514209747314e-05, "263": 5.9254467487335205e-05, "264": 5.561858415603638e-05, "265": 5.412846803665161e-05, "266": 5.319714546203613e-05,