{"0": 0.6931474208831787, "1": 0.6256453394889832, "2": 0.6243752241134644, "3": 0.4614444375038147, "4": 0.41265490651130676, "5": 0.3938070237636566, "6": 0.38043999671936035, "7": 0.36939120292663574, "8": 0.3600462079048157, "9": 0.3520298898220062, "10": 0.3449118435382843, "11": 0.33856797218322754, "12": 0.33286407589912415, "13": 0.3276348114013672, "14": 0.3229467272758484, "15": 0.318631649017334, "16": 0.31456881761550903, "17": 0.31081539392471313, "18": 0.30727916955947876, "19": 0.3039514422416687, "20": 0.3008155822753906, "21": 0.2978670597076416, "22": 0.29507821798324585, "23": 0.292413592338562, "24": 0.28987744450569153, "25": 0.2874455749988556, "26": 0.2851192057132721, "27": 0.28289684653282166, "28": 0.280758798122406, "29": 0.2787233293056488, "30": 0.27675384283065796, "31": 0.2748635709285736, "32": 0.27304789423942566, "33": 0.27129870653152466, "34": 0.2696041762828827, "35": 0.2679722011089325, "36": 0.26638928055763245, "37": 0.2648528814315796, "38": 0.2633730471134186, "39": 0.26193803548812866, "40": 0.2605477571487427, "41": 0.2592054307460785, "42": 0.2578999996185303, "43": 0.25663092732429504, "44": 0.2553979456424713, "45": 0.2542009949684143, "46": 0.2530348300933838, "47": 0.25190070271492004, "48": 0.25079867243766785, "49": 0.24971917271614075, "50": 0.24867208302021027, "51": 0.24764280021190643, "52": 0.24664022028446198, "53": 0.2456592172384262, "54": 0.2446984350681305, "55": 0.24376043677330017, "56": 0.2428479790687561, "57": 0.241948664188385, "58": 0.24106833338737488, "59": 0.24020685255527496, "60": 0.23936030268669128, "61": 0.2385326623916626, "62": 0.23771913349628448, "63": 0.23692256212234497, "64": 0.23614566028118134, "65": 0.2353876382112503, "66": 0.23464521765708923, "67": 0.23391768336296082, "68": 0.23320691287517548, "69": 0.232509583234787, "70": 0.2318233847618103, "71": 0.2311491072177887, "72": 0.23048663139343262, "73": 0.22983640432357788, "74": 0.2291978895664215, "75": 0.22857220470905304, "76": 0.22795811295509338, "77": 0.22735625505447388, "78": 0.2267657369375229, "79": 0.22618597745895386, "80": 0.22561798989772797, "81": 0.22505690157413483, "82": 0.2245018631219864, "83": 0.2239534854888916, "84": 0.22341275215148926, "85": 0.22287702560424805, "86": 0.2223462462425232, "87": 0.221823051571846, "88": 0.22130946815013885, "89": 0.22080519795417786, "90": 0.22030694782733917, "91": 0.21981368958950043, "92": 0.21932648122310638, "93": 0.2188473790884018, "94": 0.2183736264705658, "95": 0.21790388226509094, "96": 0.21744102239608765, "97": 0.2169848382472992, "98": 0.21653741598129272, "99": 0.21609605848789215, "100": 0.21565741300582886, "101": 0.21522358059883118, "102": 0.2147969901561737, "103": 0.2143760323524475, "104": 0.2139548510313034, "105": 0.2135285586118698, "106": 0.21309056878089905, "107": 0.21263034641742706, "108": 0.21213114261627197, "109": 0.21156564354896545, "110": 0.21092645823955536, "111": 0.21021276712417603, "112": 0.20930910110473633, "113": 0.2081994116306305, "114": 0.20692351460456848, "115": 0.20553350448608398, "116": 0.2041454017162323, "117": 0.2025313675403595, "118": 0.20156320929527283, "119": 0.2005620151758194, "120": 0.19942966103553772, "121": 0.1983902007341385, "122": 0.19707725942134857, "123": 0.1958601474761963, "124": 0.19429059326648712, "125": 0.19293788075447083, "126": 0.1913881152868271, "127": 0.19033965468406677, "128": 0.18900860846042633, "129": 0.18788115680217743, "130": 0.18687564134597778, "131": 0.18580873310565948, "132": 0.18494684994220734, "133": 0.18394967913627625, "134": 0.18303503096103668, "135": 0.1817966103553772, "136": 0.18094974756240845, "137": 0.18001404404640198, "138": 0.1790170967578888, "139": 0.17815887928009033, "140": 0.1773318350315094, "141": 0.17648231983184814, "142": 0.17559626698493958, "143": 0.17481787502765656, "144": 0.17403097450733185, "145": 0.17324616014957428, "146": 0.17243699729442596, "147": 0.1716708391904831, "148": 0.17089836299419403, "149": 0.17016325891017914, "150": 0.1694127917289734, "151": 0.16867466270923615, "152": 0.16793254017829895, "153": 0.16719137132167816, "154": 0.16648584604263306, "155": 0.16579248011112213, "156": 0.16510441899299622, "157": 0.16440501809120178, "158": 0.1637682169675827, "159": 0.16318567097187042, "160": 0.16245262324810028, "161": 0.1618107557296753, "162": 0.16114474833011627, "163": 0.16040049493312836, "164": 0.15979161858558655, "165": 0.15915821492671967, "166": 0.15856623649597168, "167": 0.15783342719078064, "168": 0.157172292470932, "169": 0.15650121867656708, "170": 0.15597546100616455, "171": 0.15548530220985413, "172": 0.15485626459121704, "173": 0.15428096055984497, "174": 0.15377368032932281, "175": 0.15312328934669495, "176": 0.15252752602100372, "177": 0.1520484983921051, "178": 0.1515432745218277, "179": 0.15099996328353882, "180": 0.1504288762807846, "181": 0.14996832609176636, "182": 0.14956749975681305, "183": 0.1491459757089615, "184": 0.14871269464492798, "185": 0.14831826090812683, "186": 0.1479153037071228, "187": 0.1475006490945816, "188": 0.1471155881881714, "189": 0.14665517210960388, "190": 0.14629009366035461, "191": 0.1459350287914276, "192": 0.14555299282073975, "193": 0.14518484473228455, "194": 0.14480960369110107, "195": 0.1444380283355713, "196": 0.14401239156723022, "197": 0.14361241459846497, "198": 0.14322741329669952, "199": 0.14291177690029144, "200": 0.14260588586330414, "201": 0.14228306710720062, "202": 0.14197656512260437, "203": 0.14166373014450073, "204": 0.14136376976966858, "205": 0.14107348024845123, "206": 0.14064201712608337, "207": 0.14031066000461578, "208": 0.14001953601837158, "209": 0.139714777469635, "210": 0.1393975168466568, "211": 0.13912327587604523, "212": 0.1388571858406067, "213": 0.1386052519083023, "214": 0.1383386254310608, "215": 0.13804590702056885, "216": 0.13776561617851257, "217": 0.13741767406463623, "218": 0.13712066411972046, "219": 0.13687503337860107, "220": 0.1366254687309265, "221": 0.13638639450073242, "222": 0.13615086674690247, "223": 0.13593843579292297, "224": 0.13569769263267517, "225": 0.13549654185771942, "226": 0.13530182838439941, "227": 0.13500648736953735, "228": 0.1348150670528412, "229": 0.13462410867214203, "230": 0.1344165951013565, "231": 0.13422761857509613, "232": 0.13404163718223572, "233": 0.13384312391281128, "234": 0.13366085290908813, "235": 0.1334662139415741, "236": 0.13329176604747772, "237": 0.1331193596124649, "238": 0.1328684389591217, "239": 0.132696270942688, "240": 0.13252362608909607, "241": 0.132332906126976, "242": 0.13216176629066467, "243": 0.13199123740196228, "244": 0.1318206638097763, "245": 0.13165096938610077, "246": 0.1314835399389267, "247": 0.13131913542747498, "248": 0.13115790486335754, "249": 0.13099849224090576, "250": 0.1308402717113495, "251": 0.13067211210727692, "252": 0.13050107657909393, "253": 0.13030818104743958, "254": 0.13015469908714294, "255": 0.13001000881195068, "256": 0.1298529952764511, "257": 0.12971340119838715, "258": 0.12950022518634796, "259": 0.129329115152359, "260": 0.12918654084205627, "261": 0.12904565036296844, "262": 0.12890368700027466, "263": 0.12873277068138123, "264": 0.12858545780181885, "265": 0.12841477990150452, "266": 0.12821674346923828, "267": 0.1280432939529419, "268": 0.12792328000068665, "269": 0.12779991328716278, "270": 0.12768079340457916, "271": 0.12756595015525818, "272": 0.12745365500450134, "273": 0.1273382604122162, "274": 0.12717872858047485, "275": 0.1270694136619568, "276": 0.12697219848632812, "277": 0.12687772512435913, "278": 0.12677080929279327, "279": 0.12665081024169922, "280": 0.12656237185001373, "281": 0.1264750063419342, "282": 0.12638916075229645, "283": 0.12630416452884674, "284": 0.12619337439537048, "285": 0.1261128932237625, "286": 0.12603303790092468, "287": 0.12595339119434357, "288": 0.12586534023284912, "289": 0.12578977644443512, "290": 0.12571382522583008, "291": 0.12563510239124298, "292": 0.12556037306785583,