{"0": 998.3068525791168, "1": 0.40667855739593506, "2": 0.00033980607986450195, "3": 0.10595045983791351, "4": 0.013435915112495422, "5": 0.005727127194404602, "6": 0.004779189825057983, "7": 0.004138916730880737, "8": 0.0034677833318710327, "9": 0.002921000123023987, "10": 0.0025055110454559326, "11": 0.0021815598011016846, "12": 0.0019351691007614136, "13": 0.001629263162612915, "14": 0.0014081597328186035, "15": 0.0013418644666671753, "16": 0.0012883543968200684, "17": 0.0012287050485610962, "18": 0.0011540651321411133, "19": 0.0011068880558013916, "20": 0.0010502040386199951, "21": 0.0010046958923339844, "22": 0.0009578466415405273, "23": 0.0009112805128097534, "24": 0.0008629262447357178, "25": 0.0008435845375061035, "26": 0.0008163899183273315, "27": 0.0007851719856262207, "28": 0.0007533282041549683, "29": 0.0007307827472686768, "30": 0.0007058754563331604, "31": 0.0006830692291259766, "32": 0.0006611645221710205, "33": 0.000637352466583252, "34": 0.0006182268261909485, "35": 0.0005976706743240356, "36": 0.0005777254700660706, "37": 0.0005606785416603088, "38": 0.0005471035838127136, "39": 0.0005314648151397705, "40": 0.0005165264010429382, "41": 0.0005028694868087769, "42": 0.0004875585436820984, "43": 0.0004744529724121094, "44": 0.00046174973249435425, "45": 0.0004502534866333008, "46": 0.0004401355981826782, "47": 0.00043147802352905273, "48": 0.0004209652543067932, "49": 0.0004094839096069336, "50": 0.00039977580308914185, "51": 0.00039192289113998413, "52": 0.0003829076886177063, "53": 0.000376969575881958, "54": 0.00037035346031188965, "55": 0.0003650858998298645, "56": 0.00035943835973739624, "57": 0.00035081803798675537, "58": 0.0003425106406211853, "59": 0.00033771246671676636, "60": 0.00033067166805267334, "61": 0.00032810866832733154, "62": 0.0003261268138885498, "63": 0.00032416731119155884, "64": 0.0003221482038497925, "65": 0.0003207102417945862, "66": 0.00032025575637817383, "67": 0.00032073259353637695, "68": 0.0003271922469139099, "69": 0.0003287270665168762, "70": 0.00033064931631088257, "71": 0.0003329440951347351, "72": 0.0003343746066093445, "73": 0.0003328844904899597, "74": 0.00033530592918395996, "75": 0.0003402233123779297, "76": 0.00034705549478530884, "77": 0.0003564804792404175, "78": 0.0003660544753074646, "79": 0.00038580596446990967, "80": 0.0004042312502861023, "81": 0.00042904168367385864, "82": 0.000460699200630188, "83": 0.0004940703511238098, "84": 0.0005245432257652283, "85": 0.0005654767155647278, "86": 0.0006107836961746216, "87": 0.0006683990359306335, "88": 0.000783964991569519, "89": 0.000994846224784851, "90": 0.0010373592376708984, "91": 0.0011693239212036133, "92": 0.0007711946964263916, "93": 0.0008312612771987915, "94": 0.0009693428874015808, "95": 0.0009094551205635071, "96": 0.0010256394743919373, "97": 0.000868089497089386, "98": 0.001008741557598114, "99": 0.000830724835395813, "100": 0.000806070864200592, "101": 0.0008578747510910034, "102": 0.0008442848920822144, "103": 0.0006501376628875732, "104": 0.000784166157245636, "105": 0.0006150677800178528, "106": 0.0007500424981117249, "107": 0.0007222071290016174, "108": 0.0007395818829536438, "109": 0.0006065890192985535, "110": 0.0006008297204971313, "111": 0.0005612075328826904, "112": 0.0005445182323455811, "113": 0.0005882680416107178, "114": 0.000628158450126648, "115": 0.00045262277126312256, "116": 0.0005624145269393921, "117": 0.0004343986511230469, "118": 0.0005411803722381592, "119": 0.0004936307668685913, "120": 0.0005253776907920837, "121": 0.00043861567974090576, "122": 0.00047791749238967896, "123": 0.00044940412044525146, "124": 0.00048179924488067627, "125": 0.0005149617791175842, "126": 0.000398978590965271, "127": 0.00041665881872177124, "128": 0.00042037665843963623, "129": 0.0003455355763435364, "130": 0.00037525594234466553, "131": 0.0003591775894165039, "132": 0.0003589540719985962, "133": 0.0003813058137893677, "134": 0.00034961849451065063, "135": 0.00038935989141464233, "136": 0.0004006102681159973, "137": 0.0003015771508216858, "138": 0.0003207772970199585, "139": 0.00035478174686431885, "140": 0.00033264607191085815, "141": 0.0003445819020271301, "142": 0.0003048256039619446, "143": 0.00030672550201416016, "144": 0.0003390982747077942, "145": 0.00032255053520202637, "146": 0.0003351084887981415, "147": 0.0003351084887981415, "148": 0.0002578049898147583, "149": 0.0003161579370498657, "150": 0.0002943389117717743, "151": 0.00032200291752815247, "152": 0.00029404833912849426, "153": 0.000310312956571579, "154": 0.00028223544359207153, "155": 0.0002669431269168854, "156": 0.00023366138339042664, "157": 0.0002826973795890808, "158": 0.0002925954759120941, "159": 0.00021177902817726135, "160": 0.0002533532679080963, "161": 0.00023306533694267273, "162": 0.0002297237515449524, "163": 0.00023435801267623901, "164": 0.0002585984766483307, "165": 0.00024542585015296936, "166": 0.00022151321172714233, "167": 0.00022582709789276123, "168": 0.00022711977362632751, "169": 0.00023200735449790955, "170": 0.00022235512733459473, "171": 0.00018876045942306519, "172": 0.00020701810717582703, "173": 0.00019549578428268433, "174": 0.0002186894416809082, "175": 0.0001818425953388214, "176": 0.00017990171909332275, "177": 0.00017731636762619019, "178": 0.00019405782222747803, "179": 0.00019634515047073364, "180": 0.00020221993327140808, "181": 0.0002004094421863556, "182": 0.0002009943127632141, "183": 0.0002047419548034668, "184": 0.0001961737871170044, "185": 0.00017931312322616577, "186": 0.00018805265426635742, "187": 0.0001844465732574463, "188": 0.00018647313117980957, "189": 0.00017104297876358032, "190": 0.00018493831157684326, "191": 0.00017640739679336548, "192": 0.0001788809895515442, "193": 0.00017381459474563599, "194": 0.00017493963241577148, "195": 0.00014540553092956543, "196": 0.00015101581811904907, "197": 0.0001511983573436737, "198": 0.0001630634069442749, "199": 0.0001502297818660736, "200": 0.00017112120985984802, "201": 0.00016744062304496765, "202": 0.00016256794333457947, "203": 0.00016321614384651184, "204": 0.00014594197273254395, "205": 0.00015722587704658508, "206": 0.00014963746070861816, "207": 0.00015252456068992615, "208": 0.00016038119792938232, "209": 0.00015500932931900024, "210": 0.00015738606452941895, "211": 0.00015071406960487366, "212": 0.00013729557394981384, "213": 0.00013227760791778564, "214": 0.00013195350766181946, "215": 0.00014837458729743958, "216": 0.00016151368618011475, "217": 0.00012212246656417847, "218": 0.00012551993131637573, "219": 0.00014753267168998718, "220": 0.00013599172234535217, "221": 0.00014993548393249512, "222": 0.00015401840209960938, "223": 0.00012579560279846191, "224": 0.0001280754804611206, "225": 0.00012151151895523071, "226": 0.00010774284601211548, "227": 0.0001155957579612732, "228": 0.00011116266250610352, "229": 0.0001028701663017273, "230": 7.690116763114929e-05, "231": 7.029250264167786e-05, "232": 6.924569606781006e-05, "233": 6.880611181259155e-05, "234": 7.537752389907837e-05, "235": 8.192658424377441e-05, "236": 5.7578086853027344e-05, "237": 8.087605237960815e-05, "238": 5.979090929031372e-05, "239": 0.00011312589049339294, "240": 6.434693932533264e-05, "241": 7.627904415130615e-05, "242": 6.134063005447388e-05, "243": 0.00010123848915100098, "244": 8.20457935333252e-05, "245": 7.231533527374268e-05, "246": 6.035715341567993e-05, "247": 5.6959688663482666e-05, "248": 5.6333839893341064e-05, "249": 5.583465099334717e-05, "250": 5.6624412536621094e-05, "251": 6.209313869476318e-05, "252": 4.800036549568176e-05, "253": 4.496052861213684e-05, "254": 4.400312900543213e-05, "255": 4.3217092752456665e-05, "256": 3.9521604776382446e-05, "257": 3.406405448913574e-05, "258": 3.0178576707839966e-05, "259": 2.8681010007858276e-05, "260": 3.013014793395996e-05, "261": 2.442300319671631e-05, "262": 2.8751790523529053e-05, "263": 3.077089786529541e-05, "264": 2.7827918529510498e-05, "265": 3.345683217048645e-05, "266": 2.9142946004867554e-05,