{"0": 998.3068525791168, "1": 0.5146656930446625, "2": 0.000565946102142334, "3": 0.11610966175794601, "4": 0.0020434707403182983, "5": 0.0024292580783367157, "6": 0.001435406506061554, "7": 0.0010638386011123657, "8": 0.0007042177021503448, "9": 0.0005838721990585327, "10": 0.0005285255610942841, "11": 0.00043622031807899475, "12": 0.00038919597864151, "13": 0.00028180330991744995, "14": 0.00019066780805587769, "15": 0.0001745671033859253, "16": 0.00015987083315849304, "17": 0.00016004592180252075, "18": 0.00015972554683685303, "19": 0.00015827640891075134, "20": 0.00015425682067871094, "21": 0.00014453381299972534, "22": 0.0001336224377155304, "23": 0.00012136995792388916, "24": 0.00012635067105293274, "25": 0.00012116506695747375, "26": 0.00011106207966804504, "27": 0.00010777637362480164, "28": 9.913742542266846e-05, "29": 9.696930646896362e-05, "30": 9.082630276679993e-05, "31": 8.19861888885498e-05, "32": 8.001923561096191e-05, "33": 7.834285497665405e-05, "34": 7.170438766479492e-05, "35": 6.775185465812683e-05, "36": 6.577000021934509e-05, "37": 5.8360397815704346e-05, "38": 5.59389591217041e-05, "39": 4.9717724323272705e-05, "40": 4.945695400238037e-05, "41": 4.815682768821716e-05, "42": 4.751235246658325e-05, "43": 4.45246696472168e-05, "44": 4.439055919647217e-05, "45": 4.1872262954711914e-05, "46": 3.9149075746536255e-05, "47": 4.088506102561951e-05, "48": 4.00543212890625e-05, "49": 3.7807971239089966e-05, "50": 3.6135315895080566e-05, "51": 3.285333514213562e-05, "52": 3.215298056602478e-05, "53": 3.1657516956329346e-05, "54": 3.221631050109863e-05, "55": 2.9593706130981445e-05, "56": 3.0316412448883057e-05, "57": 3.0957162380218506e-05, "58": 3.092363476753235e-05, "59": 2.9910355806350708e-05, "60": 3.086775541305542e-05, "61": 3.061071038246155e-05, "62": 3.007054328918457e-05, "63": 2.913549542427063e-05, "64": 3.0972063541412354e-05, "65": 2.969801425933838e-05, "66": 2.8856098651885986e-05, "67": 3.2085925340652466e-05, "68": 3.77558171749115e-05, "69": 3.7163496017456055e-05, "70": 3.631412982940674e-05, "71": 5.673617124557495e-05, "72": 7.500872015953064e-05, "73": 0.0001264624297618866, "74": 0.0003101043403148651, "75": 0.00012344494462013245, "76": 7.714703679084778e-05, "77": 4.6722590923309326e-05, "78": 3.4555792808532715e-05, "79": 2.6553869247436523e-05, "80": 2.8256326913833618e-05, "81": 1.9587576389312744e-05, "82": 3.260374069213867e-05, "83": 9.769201278686523e-05, "84": 0.00018564611673355103, "85": 0.00010670721530914307, "86": 9.227544069290161e-05, "87": 7.081404328346252e-05, "88": 8.638575673103333e-05, "89": 8.021295070648193e-05, "90": 7.930397987365723e-05, "91": 9.934976696968079e-05, "92": 9.284541010856628e-05, "93": 8.388608694076538e-05, "94": 0.00010895729064941406, "95": 0.00010528787970542908, "96": 0.0001462586224079132, "97": 0.00014737248420715332, "98": 0.00016198307275772095, "99": 0.0001266971230506897, "100": 0.00010865181684494019, "101": 0.00010750815272331238, "102": 0.00011637434363365173, "103": 0.00013414397835731506, "104": 0.0001084059476852417, "105": 9.824708104133606e-05, "106": 7.479637861251831e-05, "107": 9.39294695854187e-05, "108": 8.944422006607056e-05, "109": 8.032098412513733e-05, "110": 6.156787276268005e-05, "111": 5.0373375415802e-05, "112": 6.0614198446273804e-05, "113": 5.917251110076904e-05, "114": 5.0984323024749756e-05, "115": 6.550922989845276e-05, "116": 6.274506449699402e-05, "117": 7.209554314613342e-05, "118": 6.344914436340332e-05, "119": 5.853921175003052e-05, "120": 6.229802966117859e-05, "121": 6.57103955745697e-05, "122": 6.80088996887207e-05, "123": 6.81467354297638e-05, "124": 5.610659718513489e-05, "125": 5.410239100456238e-05, "126": 6.045401096343994e-05, "127": 4.048272967338562e-05, "128": 3.768131136894226e-05, "129": 3.240630030632019e-05, "130": 3.0260533094406128e-05, "131": 2.8755515813827515e-05, "132": 2.440810203552246e-05, "133": 2.2567808628082275e-05, "134": 2.5909394025802612e-05, "135": 2.734735608100891e-05, "136": 2.160295844078064e-05, "137": 1.527741551399231e-05, "138": 1.773238182067871e-05, "139": 2.2348016500473022e-05, "140": 2.143159508705139e-05, "141": 1.8894672393798828e-05, "142": 2.3230910301208496e-05, "143": 2.7976930141448975e-05, "144": 4.585832357406616e-05, "145": 1.8961727619171143e-05, "146": 1.6104429960250854e-05, "147": 1.1179596185684204e-05, "148": 7.234513759613037e-06, "149": 5.517154932022095e-06, "150": 7.5623393058776855e-06, "151": 8.236616849899292e-06, "152": 6.932765245437622e-06, "153": 3.851950168609619e-06, "154": 4.604458808898926e-06, "155": 4.295259714126587e-06, "156": 4.61190938949585e-06, "157": 4.101544618606567e-06, "158": 5.256384611129761e-06, "159": 5.159527063369751e-06, "160": 5.409121513366699e-06, "161": 4.4442713260650635e-06, "162": 3.0919909477233887e-06, "163": 4.328787326812744e-06, "164": 7.070600986480713e-06, "165": 1.0706484317779541e-05, "166": 1.2297183275222778e-05, "167": 8.77678394317627e-06, "168": 7.204711437225342e-06, "169": 8.892267942428589e-06, "170": 9.540468454360962e-06, "171": 4.466623067855835e-06, "172": 2.7120113372802734e-06, "173": 1.5087425708770752e-06, "174": 2.4475157260894775e-06, "175": 2.5779008865356445e-06, "176": 3.822147846221924e-06, "177": 3.822147846221924e-06, "178": 1.1362135410308838e-06, "179": 1.1026859283447266e-06, "180": 1.9818544387817383e-06, "181": 3.0957162380218506e-06, "182": 4.470348358154297e-08}