{"0": 0.6931474208831787, "1": 0.10283290594816208, "2": 0.10274936258792877, "3": 0.06197052821516991, "4": 0.05968659743666649, "5": 0.05838526040315628, "6": 0.0571470744907856, "7": 0.05605490878224373, "8": 0.05513611063361168, "9": 0.05434323847293854, "10": 0.05365953966975212, "11": 0.053062617778778076, "12": 0.05254284664988518, "13": 0.0521220937371254, "14": 0.05175533890724182, "15": 0.05140899121761322, "16": 0.051082078367471695, "17": 0.05077327787876129, "18": 0.050483621656894684, "19": 0.05021002143621445, "20": 0.04995165392756462, "21": 0.049706898629665375, "22": 0.04947584867477417, "23": 0.04925892502069473, "24": 0.0490516722202301, "25": 0.04885369539260864, "26": 0.04866725951433182, "27": 0.048490673303604126, "28": 0.04832182079553604, "29": 0.04816040024161339, "30": 0.04800654947757721, "31": 0.047859642654657364, "32": 0.04771938547492027, "33": 0.047587040811777115, "34": 0.04745885729789734, "35": 0.0473359152674675, "36": 0.04721812903881073, "37": 0.047105588018894196, "38": 0.046997252851724625, "39": 0.04689376801252365, "40": 0.046793725341558456, "41": 0.0466974675655365, "42": 0.04660431295633316, "43": 0.046514857560396194, "44": 0.04642913490533829, "45": 0.04634566977620125, "46": 0.04626484587788582, "47": 0.04618671536445618, "48": 0.0461110919713974, "49": 0.04603805020451546, "50": 0.04596874862909317, "51": 0.04590049013495445, "52": 0.045834191143512726, "53": 0.04576973244547844, "54": 0.04570692032575607, "55": 0.04564571753144264, "56": 0.04558614641427994, "57": 0.04552813619375229, "58": 0.04547236114740372, "59": 0.04541805014014244, "60": 0.04536469280719757, "61": 0.0453130304813385, "62": 0.04526275023818016, "63": 0.045213550329208374, "64": 0.04516516253352165, "65": 0.04511777311563492, "66": 0.04507194086909294, "67": 0.045026764273643494, "68": 0.04498264938592911, "69": 0.04493889957666397, "70": 0.044896066188812256, "71": 0.04485338181257248, "72": 0.044810518622398376, "73": 0.044766806066036224, "74": 0.04472259059548378, "75": 0.04467769339680672, "76": 0.0446302592754364, "77": 0.04458116367459297, "78": 0.044529642909765244, "79": 0.04447365552186966, "80": 0.044413961470127106, "81": 0.044349320232868195, "82": 0.04428005591034889, "83": 0.04420553520321846, "84": 0.044126007705926895, "85": 0.0440400131046772, "86": 0.043949201703071594, "87": 0.04385251924395561, "88": 0.04375142976641655, "89": 0.04364575445652008, "90": 0.04353382810950279, "91": 0.04341728985309601, "92": 0.04329286515712738, "93": 0.0431632399559021, "94": 0.04300816357135773, "95": 0.04290661960840225, "96": 0.042791299521923065, "97": 0.042664796113967896, "98": 0.042530495673418045, "99": 0.042389556765556335, "100": 0.04224463552236557, "101": 0.04209689050912857, "102": 0.04195205494761467, "103": 0.0418095588684082, "104": 0.04166574403643608, "105": 0.04151235148310661, "106": 0.04139469936490059, "107": 0.041278403252363205, "108": 0.04114966839551926, "109": 0.04102695360779762, "110": 0.04089393839240074, "111": 0.04076210781931877, "112": 0.04062497615814209, "113": 0.040491193532943726, "114": 0.0403544045984745, "115": 0.04021937772631645, "116": 0.04008202254772186, "117": 0.03996790200471878, "118": 0.039868421852588654, "119": 0.03976128250360489, "120": 0.03966476768255234, "121": 0.03955867141485214, "122": 0.03945107012987137, "123": 0.03934648633003235, "124": 0.039234571158885956, "125": 0.039131809026002884, "126": 0.03902052342891693, "127": 0.03891478106379509, "128": 0.03880719467997551, "129": 0.03873709589242935, "130": 0.03866555541753769, "131": 0.03858304023742676, "132": 0.0384993813931942, "133": 0.038410160690546036, "134": 0.03832676261663437, "135": 0.038238972425460815, "136": 0.03815760836005211, "137": 0.038077495992183685, "138": 0.03799465298652649, "139": 0.03791309520602226, "140": 0.0378437303006649, "141": 0.037773530930280685, "142": 0.037710774689912796, "143": 0.037639569491147995, "144": 0.037573881447315216, "145": 0.037510454654693604, "146": 0.03743991255760193, "147": 0.0373646579682827, "148": 0.037295807152986526, "149": 0.03722744435071945, "150": 0.03715946525335312, "151": 0.0371086411178112, "152": 0.037049200385808945, "153": 0.03699249029159546, "154": 0.03693779930472374, "155": 0.03688160330057144, "156": 0.036819204688072205, "157": 0.03675997629761696, "158": 0.03669850528240204, "159": 0.03663824126124382, "160": 0.0365779735147953, "161": 0.03651636093854904, "162": 0.036465294659137726, "163": 0.036403343081474304, "164": 0.036344628781080246, "165": 0.03629230707883835, "166": 0.03623051196336746, "167": 0.03617396578192711, "168": 0.0361032634973526, "169": 0.03603241220116615, "170": 0.03596746176481247, "171": 0.035905871540308, "172": 0.03584618493914604, "173": 0.03580061346292496, "174": 0.03575092926621437, "175": 0.03569425642490387, "176": 0.03563397377729416, "177": 0.035578228533267975, "178": 0.03553847596049309, "179": 0.03549077361822128, "180": 0.035453397780656815, "181": 0.03541366010904312, "182": 0.03537088632583618, "183": 0.035327836871147156, "184": 0.03529055789113045, "185": 0.03524763509631157, "186": 0.03521139919757843, "187": 0.03517861291766167, "188": 0.03514115512371063, "189": 0.03510919585824013, "190": 0.035066571086645126, "191": 0.0350370779633522, "192": 0.03500688821077347, "193": 0.03497352823615074, "194": 0.03494632989168167, "195": 0.03490807116031647, "196": 0.03488257899880409, "197": 0.034858331084251404, "198": 0.034829653799533844, "199": 0.034802939742803574, "200": 0.03476003184914589, "201": 0.03472896292805672, "202": 0.03470005840063095, "203": 0.03467138484120369, "204": 0.034642815589904785, "205": 0.034602150321006775, "206": 0.03457997366786003, "207": 0.03455636277794838, "208": 0.03453265503048897, "209": 0.03450775146484375, "210": 0.03447937220335007, "211": 0.03444933891296387, "212": 0.034404657781124115, "213": 0.03437807783484459, "214": 0.034349843859672546, "215": 0.03432280570268631, "216": 0.03429736569523811, "217": 0.034267690032720566, "218": 0.03424391150474548, "219": 0.03422041982412338, "220": 0.0341976098716259, "221": 0.03414521366357803, "222": 0.03411509096622467, "223": 0.03410009294748306, "224": 0.0340765118598938, "225": 0.03406129032373428, "226": 0.034041281789541245, "227": 0.03401830047369003, "228": 0.03399745747447014, "229": 0.0339755155146122, "230": 0.0339573472738266, "231": 0.033937908709049225, "232": 0.033927276730537415, "233": 0.03391595557332039, "234": 0.03389115259051323, "235": 0.03387051820755005, "236": 0.03385074436664581, "237": 0.03383096680045128, "238": 0.033813830465078354, "239": 0.03379874303936958, "240": 0.033783651888370514, "241": 0.033768728375434875, "242": 0.03375338762998581, "243": 0.033737216144800186, "244": 0.03372367098927498, "245": 0.03370927274227142, "246": 0.03369434177875519, "247": 0.03368046134710312, "248": 0.0336664542555809, "249": 0.03365291655063629, "250": 0.03363267332315445, "251": 0.03361818939447403, "252": 0.033603735268116, "253": 0.033590853214263916, "254": 0.03357713669538498, "255": 0.03355487436056137, "256": 0.03354533016681671, "257": 0.033536653965711594, "258": 0.033528245985507965, "259": 0.0335201658308506, "260": 0.03350480645895004, "261": 0.033497974276542664, "262": 0.03348996862769127, "263": 0.03348204120993614, "264": 0.0334700308740139, "265": 0.0334617905318737, "266": 0.03345656767487526, "267": 0.03345160931348801, "268": 0.03344758227467537, "269": 0.03344079852104187, "270": 0.03343657776713371, "271": 0.0334254615008831, "272": 0.03342181071639061, "273": 0.033417150378227234, "274": 0.033412396907806396, "275": 0.033407945185899734, "276": 0.03340297192335129, "277": 0.03339843824505806, "278": 0.03339288383722305, "279": 0.033388011157512665, "280": 0.033382512629032135, "281": 0.03337811678647995, "282": 0.03337401896715164, "283": 0.03336899355053902, "284": 0.033364035189151764, "285": 0.03335874527692795, "286": 0.03335371986031532, "287": 0.03334825485944748,