{"0": 998.3068525791168, "1": 0.5629461109638214, "2": 0.0004458576440811157, "3": 0.09278710931539536, "4": 0.0010461360216140747, "5": 0.0017088353633880615, "6": 0.0008039698004722595, "7": 0.0005907975137233734, "8": 0.0004329495131969452, "9": 0.00035474449396133423, "10": 0.0002940632402896881, "11": 0.00024013221263885498, "12": 0.000215236097574234, "13": 0.00015491247177124023, "14": 0.00010625272989273071, "15": 9.906105697154999e-05, "16": 9.382329881191254e-05, "17": 9.386241436004639e-05, "18": 9.254738688468933e-05, "19": 9.624846279621124e-05, "20": 9.717047214508057e-05, "21": 9.582564234733582e-05, "22": 9.117461740970612e-05, "23": 8.557364344596863e-05, "24": 7.975101470947266e-05, "25": 7.048621773719788e-05, "26": 6.047263741493225e-05, "27": 6.570294499397278e-05, "28": 6.12214207649231e-05, "29": 6.041117012500763e-05, "30": 5.4076313972473145e-05, "31": 4.792027175426483e-05, "32": 4.414096474647522e-05, "33": 4.322081804275513e-05, "34": 4.144944250583649e-05, "35": 4.001893103122711e-05, "36": 4.184618592262268e-05, "37": 4.102848470211029e-05, "38": 3.4555792808532715e-05, "39": 4.0475279092788696e-05, "40": 3.75993549823761e-05, "41": 4.180707037448883e-05, "42": 4.180893301963806e-05, "43": 3.729574382305145e-05, "44": 4.057399928569794e-05, "45": 4.723109304904938e-05, "46": 4.398636519908905e-05, "47": 4.9680471420288086e-05, "48": 5.564466118812561e-05, "49": 5.6371092796325684e-05, "50": 5.440413951873779e-05, "51": 6.307102739810944e-05, "52": 0.00010656192898750305, "53": 0.00013155117630958557, "54": 0.00016530975699424744, "55": 0.00013192184269428253, "56": 8.106604218482971e-05, "57": 5.6937336921691895e-05, "58": 3.201887011528015e-05, "59": 2.4534761905670166e-05, "60": 2.734549343585968e-05, "61": 2.1556392312049866e-05, "62": 2.2202730178833008e-05, "63": 2.590194344520569e-05, "64": 0.00011325627565383911, "65": 6.653368473052979e-05, "66": 5.7816505432128906e-05, "67": 6.205961108207703e-05, "68": 7.960759103298187e-05, "69": 0.00013165362179279327, "70": 0.00011925771832466125, "71": 0.0001265350729227066, "72": 0.00011860579252243042, "73": 0.00013733841478824615, "74": 0.00012762099504470825, "75": 0.00012524984776973724, "76": 0.00012242048978805542, "77": 0.00010128691792488098, "78": 0.0001195073127746582, "79": 0.00012994743883609772, "80": 0.0001302771270275116, "81": 0.00011690706014633179, "82": 0.0001290794461965561, "83": 0.00018708966672420502, "84": 0.00016733631491661072, "85": 0.00018383748829364777, "86": 0.00013138726353645325, "87": 0.00014549307525157928, "88": 0.00020765699446201324, "89": 0.0001764632761478424, "90": 8.112005889415741e-05, "91": 7.4068084359169e-05, "92": 5.395151674747467e-05, "93": 3.5665929317474365e-05, "94": 3.0374154448509216e-05, "95": 3.269128501415253e-05, "96": 3.626011312007904e-05, "97": 2.5745481252670288e-05, "98": 2.9634684324264526e-05, "99": 3.386661410331726e-05, "100": 4.0277838706970215e-05, "101": 4.5476481318473816e-05, "102": 2.3270025849342346e-05, "103": 1.5886500477790833e-05, "104": 1.7562881112098694e-05, "105": 1.4992430806159973e-05, "106": 1.7179176211357117e-05, "107": 1.9097700715065002e-05, "108": 1.9047409296035767e-05, "109": 1.3964250683784485e-05, "110": 8.5439532995224e-06, "111": 8.579343557357788e-06, "112": 1.0497868061065674e-05, "113": 1.1108815670013428e-05, "114": 1.5215948224067688e-05, "115": 1.078285276889801e-05, "116": 5.556270480155945e-06, "117": 6.718561053276062e-06, "118": 7.193535566329956e-06, "119": 9.667128324508667e-06, "120": 1.7544254660606384e-05, "121": 2.1258369088172913e-05, "122": 1.8853694200515747e-05, "123": 2.1748244762420654e-05, "124": 2.1986663341522217e-05, "125": 1.6687437891960144e-05, "126": 1.4532357454299927e-05, "127": 9.475275874137878e-06, "128": 9.037554264068604e-06, "129": 1.0678544640541077e-05, "130": 8.121132850646973e-06, "131": 9.935349225997925e-06, "132": 1.4446675777435303e-05, "133": 1.7430633306503296e-05, "134": 2.670474350452423e-05, "135": 2.20518559217453e-05, "136": 2.3227185010910034e-05, "137": 2.0502135157585144e-05, "138": 2.202950417995453e-05, "139": 2.5525689125061035e-05, "140": 2.6211142539978027e-05, "141": 2.1576881408691406e-05, "142": 1.776963472366333e-06, "143": 9.57399606704712e-07}