{"0": 0.6931474208831787, "1": 0.14095042645931244, "2": 0.1408015787601471, "3": 0.08264897763729095, "4": 0.0799693912267685, "5": 0.07854176312685013, "6": 0.07723408937454224, "7": 0.07605928182601929, "8": 0.07502548396587372, "9": 0.07412919402122498, "10": 0.0733402818441391, "11": 0.07264424115419388, "12": 0.0720183253288269, "13": 0.07155414670705795, "14": 0.0711323693394661, "15": 0.07072555273771286, "16": 0.0703296810388565, "17": 0.06994225829839706, "18": 0.06956751644611359, "19": 0.06920672953128815, "20": 0.06886135786771774, "21": 0.06853200495243073, "22": 0.06821607798337936, "23": 0.0679115504026413, "24": 0.06762141734361649, "25": 0.06734492629766464, "26": 0.06707873195409775, "27": 0.06682091951370239, "28": 0.06657277047634125, "29": 0.06633175164461136, "30": 0.06610076129436493, "31": 0.06587837636470795, "32": 0.06565788388252258, "33": 0.06544573605060577, "34": 0.06523743271827698, "35": 0.06503410637378693, "36": 0.06483891606330872, "37": 0.0646490827202797, "38": 0.06446325033903122, "39": 0.06428046524524689, "40": 0.06410132348537445, "41": 0.0639270469546318, "42": 0.06375502794981003, "43": 0.06358522176742554, "44": 0.06341782957315445, "45": 0.06325415521860123, "46": 0.06309185922145844, "47": 0.06293006986379623, "48": 0.06277114897966385, "49": 0.06261512637138367, "50": 0.06245911866426468, "51": 0.06230439618229866, "52": 0.0621509775519371, "53": 0.06199582293629646, "54": 0.06184028834104538, "55": 0.06168540567159653, "56": 0.06153097003698349, "57": 0.06137704849243164, "58": 0.06122291460633278, "59": 0.061067625880241394, "60": 0.060910675674676895, "61": 0.06075364351272583, "62": 0.06059444323182106, "63": 0.060431867837905884, "64": 0.060267701745033264, "65": 0.06010020524263382, "66": 0.059930045157670975, "67": 0.05975339561700821, "68": 0.05957179144024849, "69": 0.05938216671347618, "70": 0.05918065458536148, "71": 0.05896773561835289, "72": 0.05873599275946617, "73": 0.05848786607384682, "74": 0.058223068714141846, "75": 0.05794139206409454, "76": 0.05764421075582504, "77": 0.05732161924242973, "78": 0.056968215852975845, "79": 0.05656825006008148, "80": 0.056008923798799515, "81": 0.05546654015779495, "82": 0.05480337515473366, "83": 0.054180946201086044, "84": 0.053464338183403015, "85": 0.052885815501213074, "86": 0.05223654583096504, "87": 0.05157676711678505, "88": 0.05097254365682602, "89": 0.050307996571063995, "90": 0.04976823925971985, "91": 0.0491122230887413, "92": 0.0485851876437664, "93": 0.04798194020986557, "94": 0.047463174909353256, "95": 0.04690823331475258, "96": 0.0464458130300045, "97": 0.045928820967674255, "98": 0.0454123392701149, "99": 0.044973552227020264, "100": 0.04449719190597534, "101": 0.0440727174282074, "102": 0.043656107038259506, "103": 0.04324504733085632, "104": 0.04285934567451477, "105": 0.04246702790260315, "106": 0.04209046810865402, "107": 0.041744813323020935, "108": 0.04140588641166687, "109": 0.04106944799423218, "110": 0.040758565068244934, "111": 0.04044184461236, "112": 0.040136583149433136, "113": 0.039846085011959076, "114": 0.03955049440264702, "115": 0.039271123707294464, "116": 0.038995411247015, "117": 0.038729142397642136, "118": 0.03847808390855789, "119": 0.03821635991334915, "120": 0.037968169897794724, "121": 0.03771562501788139, "122": 0.03747887909412384, "123": 0.03723416104912758, "124": 0.0369986891746521, "125": 0.03676987811923027, "126": 0.036537639796733856, "127": 0.0363214910030365, "128": 0.03610093519091606, "129": 0.03589474782347679, "130": 0.035665806382894516, "131": 0.03546387702226639, "132": 0.03526058793067932, "133": 0.03506452962756157, "134": 0.0348762609064579, "135": 0.034681286662817, "136": 0.034505635499954224, "137": 0.03432078659534454, "138": 0.034145861864089966, "139": 0.033977147191762924, "140": 0.03380376845598221, "141": 0.03363168612122536, "142": 0.033468276262283325, "143": 0.033307090401649475, "144": 0.03312978893518448, "145": 0.03294883668422699, "146": 0.03278571367263794, "147": 0.03264481574296951, "148": 0.032490190118551254, "149": 0.03234358876943588, "150": 0.03218621760606766, "151": 0.03203938156366348, "152": 0.031894501298666, "153": 0.031749989837408066, "154": 0.031614840030670166, "155": 0.0314592607319355, "156": 0.03131520003080368, "157": 0.031157296150922775, "158": 0.030999574810266495, "159": 0.030854862183332443, "160": 0.030704913660883904, "161": 0.03056497499346733, "162": 0.030418165028095245, "163": 0.03027499094605446, "164": 0.0301376786082983, "165": 0.030003979802131653, "166": 0.02986779436469078, "167": 0.029738932847976685, "168": 0.029625141993165016, "169": 0.029497167095541954, "170": 0.029377765953540802, "171": 0.02927405759692192, "172": 0.029154492542147636, "173": 0.02905300259590149, "174": 0.02894134446978569, "175": 0.028829224407672882, "176": 0.02873969078063965, "177": 0.028633855283260345, "178": 0.028537102043628693, "179": 0.02845538966357708, "180": 0.02837502211332321, "181": 0.028285125270485878, "182": 0.028210189193487167, "183": 0.028128841891884804, "184": 0.028030257672071457, "185": 0.02793717384338379, "186": 0.027842506766319275, "187": 0.02774498425424099, "188": 0.02764580398797989, "189": 0.02755230851471424, "190": 0.027462657541036606, "191": 0.027379903942346573, "192": 0.027305491268634796, "193": 0.027234744280576706, "194": 0.027166012674570084, "195": 0.027095358818769455, "196": 0.027019832283258438, "197": 0.026937462389469147, "198": 0.026850994676351547, "199": 0.026766376569867134, "200": 0.026682546362280846, "201": 0.0265972763299942, "202": 0.026508953422307968, "203": 0.026428356766700745, "204": 0.02635429985821247, "205": 0.026298392564058304, "206": 0.02624652162194252, "207": 0.026198390871286392, "208": 0.02614816650748253, "209": 0.026106571778655052, "210": 0.02606651932001114, "211": 0.02602548897266388, "212": 0.025971654802560806, "213": 0.025926049798727036, "214": 0.02588140033185482, "215": 0.025835465639829636, "216": 0.025792209431529045, "217": 0.02574891224503517, "218": 0.02571224980056286, "219": 0.025677410885691643, "220": 0.025634098798036575, "221": 0.02558937296271324, "222": 0.025546856224536896, "223": 0.025506217032670975, "224": 0.02546089142560959, "225": 0.025417786091566086, "226": 0.0253879576921463, "227": 0.02536303922533989, "228": 0.025339089334011078, "229": 0.025288155302405357, "230": 0.025267567485570908, "231": 0.025247763842344284, "232": 0.025205593556165695, "233": 0.025185642763972282, "234": 0.02516556903719902, "235": 0.025131607428193092, "236": 0.025110790506005287, "237": 0.02508937567472458, "238": 0.025054924190044403, "239": 0.025033490732312202, "240": 0.025012025609612465, "241": 0.02498992532491684, "242": 0.024961307644844055, "243": 0.024937544018030167, "244": 0.024912802502512932, "245": 0.024890393018722534, "246": 0.024862613528966904, "247": 0.024831833317875862, "248": 0.02480899728834629, "249": 0.024789489805698395, "250": 0.0247696153819561, "251": 0.024749942123889923, "252": 0.02472968026995659, "253": 0.024709783494472504, "254": 0.02467440627515316, "255": 0.02465667948126793, "256": 0.0246376171708107, "257": 0.024619273841381073, "258": 0.024602174758911133, "259": 0.024586228653788567, "260": 0.02457018941640854, "261": 0.0245538167655468, "262": 0.02453739196062088, "263": 0.02452034503221512, "264": 0.024498168379068375, "265": 0.024482794106006622, "266": 0.02446752041578293, "267": 0.024452311918139458, "268": 0.0244327150285244, "269": 0.024416152387857437, "270": 0.024399347603321075, "271": 0.024382447823882103, "272": 0.02435275912284851, "273": 0.02433764562010765, "274": 0.02432359755039215, "275": 0.024309027940034866, "276": 0.024295954033732414, "277": 0.024283919483423233, "278": 0.024272717535495758, "279": 0.024261627346277237, "280": 0.024252809584140778, "281": 0.024243172258138657, "282": 0.024234576150774956, "283": 0.024226466193795204, "284": 0.024218130856752396, "285": 0.024209871888160706,