{"0": 998.3068525791168, "1": 0.5521969944238663, "2": 0.00014884769916534424, "3": 0.05815260112285614, "4": 0.002679586410522461, "5": 0.0014276280999183655, "6": 0.0013076737523078918, "7": 0.0011748075485229492, "8": 0.0010337978601455688, "9": 0.0008962899446487427, "10": 0.0007889121770858765, "11": 0.000696040689945221, "12": 0.0006259158253669739, "13": 0.0004641786217689514, "14": 0.0004217773675918579, "15": 0.00040681660175323486, "16": 0.00039587169885635376, "17": 0.00038742274045944214, "18": 0.0003747418522834778, "19": 0.00036078691482543945, "20": 0.00034537166357040405, "21": 0.0003293529152870178, "22": 0.0003159269690513611, "23": 0.0003045275807380676, "24": 0.0002901330590248108, "25": 0.00027649104595184326, "26": 0.00026619434356689453, "27": 0.0002578124403953552, "28": 0.000248149037361145, "29": 0.00024101883172988892, "30": 0.00023099035024642944, "31": 0.00022238492965698242, "32": 0.00022049248218536377, "33": 0.00021214783191680908, "34": 0.0002083033323287964, "35": 0.00020332634449005127, "36": 0.00019519031047821045, "37": 0.00018983334302902222, "38": 0.00018583238124847412, "39": 0.00018278509378433228, "40": 0.00017914175987243652, "41": 0.00017427653074264526, "42": 0.00017201900482177734, "43": 0.00016980618238449097, "44": 0.00016739219427108765, "45": 0.00016367435455322266, "46": 0.00016229599714279175, "47": 0.00016178935766220093, "48": 0.00015892088413238525, "49": 0.00015602260828018188, "50": 0.00015600770711898804, "51": 0.00015472248196601868, "52": 0.000153418630361557, "53": 0.00015515461564064026, "54": 0.00015553459525108337, "55": 0.00015488266944885254, "56": 0.0001544356346130371, "57": 0.00015392154455184937, "58": 0.0001541338860988617, "59": 0.0001552887260913849, "60": 0.0001569502055644989, "61": 0.00015703216195106506, "62": 0.0001592002809047699, "63": 0.0001625753939151764, "64": 0.00016416609287261963, "65": 0.00016749650239944458, "66": 0.00017016008496284485, "67": 0.0001766495406627655, "68": 0.00018160417675971985, "69": 0.00018962472677230835, "70": 0.00020151212811470032, "71": 0.0002129189670085907, "72": 0.00023174285888671875, "73": 0.00024812668561935425, "74": 0.0002647973597049713, "75": 0.00028167665004730225, "76": 0.00029718130826950073, "77": 0.00032259151339530945, "78": 0.00035340338945388794, "79": 0.0003999657928943634, "80": 0.0005593262612819672, "81": 0.0005423836410045624, "82": 0.0006631650030612946, "83": 0.0006224289536476135, "84": 0.0007166080176830292, "85": 0.0005785226821899414, "86": 0.0006492696702480316, "87": 0.0006597787141799927, "88": 0.0006042234599590302, "89": 0.0006645470857620239, "90": 0.0005397573113441467, "91": 0.0006560161709785461, "92": 0.0005270354449748993, "93": 0.0006032474339008331, "94": 0.0005187653005123138, "95": 0.0005549415946006775, "96": 0.0004624202847480774, "97": 0.000516992062330246, "98": 0.0005164816975593567, "99": 0.000438787043094635, "100": 0.0004763603210449219, "101": 0.00042447447776794434, "102": 0.00041661038994789124, "103": 0.000411059707403183, "104": 0.00038570165634155273, "105": 0.0003923177719116211, "106": 0.0003765597939491272, "107": 0.00034565478563308716, "108": 0.00033892691135406494, "109": 0.0003364384174346924, "110": 0.00031088292598724365, "111": 0.00031672045588493347, "112": 0.0003052614629268646, "113": 0.00029049813747406006, "114": 0.0002955906093120575, "115": 0.0002793706953525543, "116": 0.0002757124602794647, "117": 0.00026626884937286377, "118": 0.0002510584890842438, "119": 0.00026172399520874023, "120": 0.0002481900155544281, "121": 0.0002525448799133301, "122": 0.0002367459237575531, "123": 0.0002447180449962616, "124": 0.00023547187447547913, "125": 0.00022881105542182922, "126": 0.00023223832249641418, "127": 0.00021614879369735718, "128": 0.00022055581212043762, "129": 0.00020618736743927002, "130": 0.0002289414405822754, "131": 0.00020192936062812805, "132": 0.00020328909158706665, "133": 0.00019605830311775208, "134": 0.0001882687211036682, "135": 0.00019497424364089966, "136": 0.0001756511628627777, "137": 0.00018484890460968018, "138": 0.00017492473125457764, "139": 0.00016871467232704163, "140": 0.00017337873578071594, "141": 0.0001720823347568512, "142": 0.00016340985894203186, "143": 0.0001611858606338501, "144": 0.00017730146646499634, "145": 0.00018095225095748901, "146": 0.0001631230115890503, "147": 0.00014089792966842651, "148": 0.00015462562441825867, "149": 0.0001466013491153717, "150": 0.0001573711633682251, "151": 0.0001468360424041748, "152": 0.0001448802649974823, "153": 0.00014451146125793457, "154": 0.00013514980673789978, "155": 0.00015557929873466492, "156": 0.00014406070113182068, "157": 0.00015790387988090515, "158": 0.00015772134065628052, "159": 0.00014471262693405151, "160": 0.00014994852244853973, "161": 0.00013993866741657257, "162": 0.00014680996537208557, "163": 0.00014317408204078674, "164": 0.00013731233775615692, "165": 0.00013369880616664886, "166": 0.0001361854374408722, "167": 0.00012886151671409607, "168": 0.0001137908548116684, "169": 0.00012797489762306213, "170": 0.00011940114200115204, "171": 0.00010370835661888123, "172": 0.00011956505477428436, "173": 0.00010148994624614716, "174": 0.00011165812611579895, "175": 0.00011212006211280823, "176": 8.953362703323364e-05, "177": 0.00010583549737930298, "178": 9.675323963165283e-05, "179": 8.171238005161285e-05, "180": 8.03675502538681e-05, "181": 8.989684283733368e-05, "182": 7.493607699871063e-05, "183": 8.134730160236359e-05, "184": 9.858421981334686e-05, "185": 9.308382868766785e-05, "186": 9.466707706451416e-05, "187": 9.752251207828522e-05, "188": 9.918026626110077e-05, "189": 9.349547326564789e-05, "190": 8.965097367763519e-05, "191": 8.275359869003296e-05, "192": 7.441267371177673e-05, "193": 7.074698805809021e-05, "194": 6.873160600662231e-05, "195": 7.065385580062866e-05, "196": 7.552653551101685e-05, "197": 8.236989378929138e-05, "198": 8.646771311759949e-05, "199": 8.461810648441315e-05, "200": 8.383020758628845e-05, "201": 8.527003228664398e-05, "202": 8.832290768623352e-05, "203": 8.059665560722351e-05, "204": 7.405690848827362e-05, "205": 5.5907294154167175e-05, "206": 5.187094211578369e-05, "207": 4.813075065612793e-05, "208": 5.0224363803863525e-05, "209": 4.15947288274765e-05, "210": 4.005245864391327e-05, "211": 4.103034734725952e-05, "212": 5.383417010307312e-05, "213": 4.560500383377075e-05, "214": 4.464946687221527e-05, "215": 4.593469202518463e-05, "216": 4.3256208300590515e-05, "217": 4.3297186493873596e-05, "218": 3.666244447231293e-05, "219": 3.483891487121582e-05, "220": 4.3312087655067444e-05, "221": 4.472583532333374e-05, "222": 4.2516738176345825e-05, "223": 4.063919186592102e-05, "224": 4.532560706138611e-05, "225": 4.310533404350281e-05, "226": 2.9828399419784546e-05, "227": 2.4918466806411743e-05, "228": 2.3949891328811646e-05, "229": 5.093403160572052e-05, "230": 2.0587816834449768e-05, "231": 1.9803643226623535e-05, "232": 4.217028617858887e-05, "233": 1.995079219341278e-05, "234": 2.0073726773262024e-05, "235": 3.396160900592804e-05, "236": 2.0816922187805176e-05, "237": 2.1414831280708313e-05, "238": 3.445148468017578e-05, "239": 2.1433457732200623e-05, "240": 2.146512269973755e-05, "241": 2.2100284695625305e-05, "242": 2.8617680072784424e-05, "243": 2.376362681388855e-05, "244": 2.4741515517234802e-05, "245": 2.2409483790397644e-05, "246": 2.7779489755630493e-05, "247": 3.0780211091041565e-05, "248": 2.2836029529571533e-05, "249": 1.9507482647895813e-05, "250": 1.987442374229431e-05, "251": 1.9673258066177368e-05, "252": 2.026185393333435e-05, "253": 1.9896775484085083e-05, "254": 3.537721931934357e-05, "255": 1.7726793885231018e-05, "256": 1.9062310457229614e-05, "257": 1.8343329429626465e-05, "258": 1.7099082469940186e-05, "259": 1.5946105122566223e-05, "260": 1.603923738002777e-05, "261": 1.6372650861740112e-05, "262": 1.642480492591858e-05, "263": 1.704692840576172e-05, "264": 2.2176653146743774e-05, "265": 1.537427306175232e-05,