{"0": 0.6931474208831787, "1": 0.3077726662158966, "2": 0.30669504404067993, "3": 0.14416834712028503, "4": 0.13477976620197296, "5": 0.12679125368595123, "6": 0.12098181992769241, "7": 0.11686774343252182, "8": 0.1134861633181572, "9": 0.11067132651805878, "10": 0.1082647293806076, "11": 0.10608872026205063, "12": 0.10422402620315552, "13": 0.10270732641220093, "14": 0.10150477290153503, "15": 0.10038000345230103, "16": 0.09926474094390869, "17": 0.09819243848323822, "18": 0.09714313596487045, "19": 0.0961499735713005, "20": 0.09519901871681213, "21": 0.0943082645535469, "22": 0.0934765487909317, "23": 0.09269160032272339, "24": 0.09193272888660431, "25": 0.09121168404817581, "26": 0.09049160778522491, "27": 0.08977971225976944, "28": 0.0890924260020256, "29": 0.08842483907938004, "30": 0.08778668940067291, "31": 0.08717206120491028, "32": 0.08658701926469803, "33": 0.08602073788642883, "34": 0.08546627312898636, "35": 0.08492317795753479, "36": 0.08439609408378601, "37": 0.08388496190309525, "38": 0.08338701725006104, "39": 0.08290044963359833, "40": 0.08242330700159073, "41": 0.08195982873439789, "42": 0.08150410652160645, "43": 0.0810616984963417, "44": 0.08063407987356186, "45": 0.0802185907959938, "46": 0.07981149852275848, "47": 0.0794123113155365, "48": 0.07902071624994278, "49": 0.07863540202379227, "50": 0.07826050370931625, "51": 0.07788898795843124, "52": 0.0775255411863327, "53": 0.07717369496822357, "54": 0.07682228833436966, "55": 0.07647669315338135, "56": 0.07614099979400635, "57": 0.07580862194299698, "58": 0.07548630237579346, "59": 0.07516726106405258, "60": 0.07484739273786545, "61": 0.0745282843708992, "62": 0.07421498000621796, "63": 0.073903389275074, "64": 0.07359647005796432, "65": 0.07329235970973969, "66": 0.07298845052719116, "67": 0.07268290221691132, "68": 0.0723719447851181, "69": 0.07205507159233093, "70": 0.07173246890306473, "71": 0.07140980660915375, "72": 0.07108642905950546, "73": 0.07075701653957367, "74": 0.07041770964860916, "75": 0.07007192820310593, "76": 0.06972268223762512, "77": 0.06937070190906525, "78": 0.06901489198207855, "79": 0.06865137070417404, "80": 0.06828423589468002, "81": 0.06792490929365158, "82": 0.06755995750427246, "83": 0.06719011068344116, "84": 0.06682942807674408, "85": 0.06647227704524994, "86": 0.06611920893192291, "87": 0.06576532125473022, "88": 0.06542118638753891, "89": 0.06508174538612366, "90": 0.06475358456373215, "91": 0.06442634761333466, "92": 0.0640987679362297, "93": 0.06376142799854279, "94": 0.06345143169164658, "95": 0.06315335631370544, "96": 0.06285680830478668, "97": 0.06255742907524109, "98": 0.062256887555122375, "99": 0.061943747103214264, "100": 0.06163499504327774, "101": 0.06130967289209366, "102": 0.06099296361207962, "103": 0.060672737658023834, "104": 0.06035894900560379, "105": 0.06002490967512131, "106": 0.059699952602386475, "107": 0.059365205466747284, "108": 0.0590331144630909, "109": 0.058678943663835526, "110": 0.05831640958786011, "111": 0.05796154588460922, "112": 0.05761326104402542, "113": 0.05726314336061478, "114": 0.05695456266403198, "115": 0.05666792392730713, "116": 0.05639941990375519, "117": 0.05612616240978241, "118": 0.05584924668073654, "119": 0.05557896941900253, "120": 0.055308885872364044, "121": 0.055038586258888245, "122": 0.0547674298286438, "123": 0.054503969848155975, "124": 0.05424470081925392, "125": 0.053993433713912964, "126": 0.05378853529691696, "127": 0.053567953407764435, "128": 0.05335266515612602, "129": 0.05314508080482483, "130": 0.05294068157672882, "131": 0.05272752046585083, "132": 0.052511218935251236, "133": 0.05228498578071594, "134": 0.052061498165130615, "135": 0.051826827228069305, "136": 0.051595255732536316, "137": 0.05134720727801323, "138": 0.051132429391145706, "139": 0.05090437829494476, "140": 0.05064848065376282, "141": 0.050391800701618195, "142": 0.05015800893306732, "143": 0.04994378238916397, "144": 0.049743134528398514, "145": 0.04952763020992279, "146": 0.049327775835990906, "147": 0.04914318397641182, "148": 0.04897044971585274, "149": 0.04881351813673973, "150": 0.04863851144909859, "151": 0.048479028046131134, "152": 0.04832388833165169, "153": 0.048188306391239166, "154": 0.04804135113954544, "155": 0.047900184988975525, "156": 0.04775587469339371, "157": 0.047620996832847595, "158": 0.047454312443733215, "159": 0.04730137065052986, "160": 0.04717884212732315, "161": 0.0469919890165329, "162": 0.046790771186351776, "163": 0.04647539556026459, "164": 0.04616362601518631, "165": 0.04584606736898422, "166": 0.0455978624522686, "167": 0.04537923261523247, "168": 0.04519721865653992, "169": 0.0450134314596653, "170": 0.04487407207489014, "171": 0.044758643954992294, "172": 0.04445000737905502, "173": 0.04412262886762619, "174": 0.043845731765031815, "175": 0.04359583556652069, "176": 0.04331953078508377, "177": 0.043110206723213196, "178": 0.04288393259048462, "179": 0.04270283877849579, "180": 0.042499616742134094, "181": 0.04233720526099205, "182": 0.04216457158327103, "183": 0.04193836450576782, "184": 0.04175565764307976, "185": 0.041604720056056976, "186": 0.04148018732666969, "187": 0.041380710899829865, "188": 0.04129459708929062, "189": 0.041212864220142365, "190": 0.0411430187523365, "191": 0.04104749113321304, "192": 0.04092581570148468, "193": 0.040814220905303955, "194": 0.04068487137556076, "195": 0.040552474558353424, "196": 0.040452972054481506, "197": 0.04035849869251251, "198": 0.040232300758361816, "199": 0.04012781381607056, "200": 0.04005647823214531, "201": 0.03996504098176956, "202": 0.03985732048749924, "203": 0.0398043654859066, "204": 0.03974485769867897, "205": 0.03968808799982071, "206": 0.039643220603466034, "207": 0.03959879279136658, "208": 0.039546579122543335, "209": 0.039505183696746826, "210": 0.03947409987449646, "211": 0.03944306820631027, "212": 0.03940504044294357, "213": 0.03937220573425293, "214": 0.03933263197541237, "215": 0.03924882784485817, "216": 0.03916359320282936, "217": 0.03905590996146202, "218": 0.03897184133529663, "219": 0.03889434412121773, "220": 0.03882205858826637, "221": 0.038758229464292526, "222": 0.03872440382838249, "223": 0.0386778861284256, "224": 0.03863521292805672, "225": 0.0385965034365654, "226": 0.03855051472783089, "227": 0.038492925465106964, "228": 0.03837210312485695, "229": 0.03833809867501259, "230": 0.038306038826704025, "231": 0.03828733414411545, "232": 0.038270458579063416, "233": 0.03824998810887337, "234": 0.038227714598178864, "235": 0.038204386830329895, "236": 0.038177769631147385, "237": 0.03815186023712158, "238": 0.038131047040224075, "239": 0.038114070892333984, "240": 0.038098618388175964, "241": 0.03809107467532158, "242": 0.03808353468775749, "243": 0.038074932992458344, "244": 0.03806694597005844, "245": 0.0380503349006176, "246": 0.03804178535938263, "247": 0.03803347423672676, "248": 0.03802286833524704, "249": 0.03800470754504204, "250": 0.037979867309331894, "251": 0.037971869111061096, "252": 0.03796209767460823, "253": 0.03795170038938522, "254": 0.037941258400678635, "255": 0.037930235266685486, "256": 0.03791765123605728, "257": 0.037905871868133545, "258": 0.03789564594626427, "259": 0.037885282188653946, "260": 0.03787272423505783, "261": 0.037854477763175964, "262": 0.03784685209393501, "263": 0.03784237056970596, "264": 0.037822820246219635, "265": 0.03780565410852432, "266": 0.037791658192873, "267": 0.037791647017002106}