{"B": 0.014677992676220709, "CD4_T": 0.0014677992676220694, "CD8_T": 0.006812920690579613, "DC": 0.004641588833612781, "Mono": 0.014677992676220709, "NK": 0.006812920690579613, "other": 0.014677992676220709, "other_T": 0.0021544346900318843}