{"1e-05": {"0": 0.6931472420692444, "1": 1.142927646636963}, "1.5e-05": {"0": 0.6931472420692444, "1": 1.1434180736541748}, "2.2e-05": {"0": 0.6931472420692444, "1": 1.1441017389297485}, "3.2e-05": {"0": 0.6931472420692444, "1": 1.145045280456543}, "4.6e-05": {"0": 0.6931472420692444, "1": 1.1463290452957153}, "6.8e-05": {"0": 0.6931472420692444, "1": 1.1480867862701416}, "0.0001": {"0": 0.6931472420692444, "1": 1.150469183921814}, "0.000147": {"0": 0.6931472420692444, "1": 1.1536892652511597}, "0.000215": {"0": 0.6931472420692444, "1": 1.1580610275268555}, "0.000316": {"0": 0.6931472420692444, "1": 1.1640100479125977}, "0.000464": {"0": 0.6931472420692444, "1": 1.171891212463379}, "0.000681": {"0": 0.6931472420692444, "1": 1.1821978092193604}, "0.001": {"0": 0.6931472420692444, "1": 1.1954048871994019}, "0.001468": {"0": 0.6931472420692444, "1": 1.2119114398956299}, "0.002154": {"0": 0.6931472420692444, "1": 1.1709307432174683}, "0.003162": {"0": 0.6931472420692444, "1": 1.135635495185852}, "0.004642": {"0": 0.6931472420692444, "1": 1.1053738594055176}, "0.006813": {"0": 0.6931472420692444, "1": 1.0783789157867432}, "0.01": {"0": 0.6931472420692444, "1": 0.9998082518577576}, "0.014678": {"0": 0.6931472420692444, "1": 0.9726957082748413}, "0.021544": {"0": 0.6931472420692444, "1": 0.9415345191955566}, "0.031623": {"0": 0.6931472420692444, "1": 0.9038026332855225}, "0.046416": {"0": 0.6931472420692444, "1": 0.854301929473877}, "0.068129": {"0": 0.6931472420692444, "1": 0.8312369585037231}, "0.1": {"0": 0.6931472420692444, "1": 0.7934906482696533}}