{"0": 0.6931475400924683, "1": 0.8669003844261169, "2": 0.8638712763786316, "3": 0.7974263429641724, "4": 0.7420178055763245, "5": 0.7018599510192871, "6": 0.6704834699630737, "7": 0.6449704170227051, "8": 0.6233557462692261, "9": 0.6049222946166992, "10": 0.5886480808258057, "11": 0.5742429494857788, "12": 0.5611366629600525, "13": 0.5492667555809021, "14": 0.5383540391921997, "15": 0.5283147096633911, "16": 0.5190078020095825, "17": 0.5102999210357666, "18": 0.502189576625824, "19": 0.4944736361503601, "20": 0.48718979954719543, "21": 0.4802521765232086, "22": 0.4736957848072052, "23": 0.4673929810523987, "24": 0.46131330728530884, "25": 0.4554724097251892, "26": 0.4498579502105713, "27": 0.44447967410087585, "28": 0.4393053650856018, "29": 0.43424490094184875, "30": 0.42939746379852295, "31": 0.42464691400527954, "32": 0.42003533244132996, "33": 0.41555821895599365, "34": 0.4112134277820587, "35": 0.40700769424438477, "36": 0.40287962555885315, "37": 0.39886170625686646, "38": 0.3949349820613861, "39": 0.3910841941833496, "40": 0.3873251676559448, "41": 0.383646696805954, "42": 0.38004863262176514, "43": 0.3765376806259155, "44": 0.37308448553085327, "45": 0.3696950078010559, "46": 0.36637184023857117, "47": 0.36310818791389465, "48": 0.3598991632461548, "49": 0.3567410409450531, "50": 0.35364192724227905, "51": 0.35058295726776123, "52": 0.3475934863090515, "53": 0.34463685750961304, "54": 0.3417348265647888, "55": 0.33888915181159973, "56": 0.3360927700996399, "57": 0.3333504796028137, "58": 0.33066263794898987, "59": 0.3279918432235718, "60": 0.32537245750427246, "61": 0.3228018283843994, "62": 0.3202683925628662, "63": 0.3177851140499115, "64": 0.315348356962204, "65": 0.31294679641723633, "66": 0.310587614774704, "67": 0.3082731068134308, "68": 0.30599188804626465, "69": 0.3037486970424652, "70": 0.3015420436859131, "71": 0.29936474561691284, "72": 0.2972224950790405, "73": 0.2951049208641052, "74": 0.2930176556110382, "75": 0.2909630239009857, "76": 0.2889499366283417, "77": 0.2869734764099121, "78": 0.2850309908390045, "79": 0.28311794996261597, "80": 0.2812305986881256, "81": 0.27936479449272156, "82": 0.277513325214386, "83": 0.2756873369216919, "84": 0.2738834619522095, "85": 0.27210721373558044, "86": 0.27035725116729736, "87": 0.2686322033405304, "88": 0.26691752672195435, "89": 0.26521262526512146, "90": 0.263508677482605, "91": 0.26180171966552734, "92": 0.2600994110107422, "93": 0.25840073823928833, "94": 0.2567038834095001, "95": 0.25501295924186707, "96": 0.253329336643219, "97": 0.2516418397426605, "98": 0.24994179606437683, "99": 0.24822688102722168, "100": 0.2464986890554428, "101": 0.24475720524787903, "102": 0.24299514293670654, "103": 0.24116584658622742, "104": 0.2391144037246704, "105": 0.23703020811080933, "106": 0.23486310243606567, "107": 0.2327059507369995, "108": 0.23013833165168762, "109": 0.22806543111801147, "110": 0.22589734196662903, "111": 0.22370964288711548, "112": 0.2219407558441162, "113": 0.21985748410224915, "114": 0.2176530659198761, "115": 0.21542321145534515, "116": 0.21314164996147156, "117": 0.210983008146286, "118": 0.20902124047279358, "119": 0.20708763599395752, "120": 0.20536476373672485, "121": 0.2034967541694641, "122": 0.2012539505958557, "123": 0.19984962046146393, "124": 0.19827811419963837, "125": 0.19682924449443817, "126": 0.19532410800457, "127": 0.19396790862083435, "128": 0.19255489110946655, "129": 0.19124798476696014, "130": 0.1899878829717636, "131": 0.1886623203754425, "132": 0.18736356496810913, "133": 0.18597328662872314, "134": 0.18482857942581177, "135": 0.18352946639060974, "136": 0.18225343525409698, "137": 0.18116500973701477, "138": 0.1799570620059967, "139": 0.17865970730781555, "140": 0.17740100622177124, "141": 0.17622506618499756, "142": 0.1750597357749939, "143": 0.1738872081041336, "144": 0.17260824143886566, "145": 0.1715926080942154, "146": 0.170396625995636, "147": 0.1693529486656189, "148": 0.16835209727287292, "149": 0.1672508716583252, "150": 0.16619732975959778, "151": 0.16509947180747986, "152": 0.16409900784492493, "153": 0.16300007700920105, "154": 0.1619768887758255, "155": 0.16102424263954163, "156": 0.16008931398391724, "157": 0.1591818928718567, "158": 0.15823066234588623, "159": 0.15732882916927338, "160": 0.1563815474510193, "161": 0.15541763603687286, "162": 0.15448206663131714, "163": 0.15366202592849731, "164": 0.1526913344860077, "165": 0.15180136263370514, "166": 0.1509121060371399, "167": 0.15006226301193237, "168": 0.1492203176021576, "169": 0.14845958352088928, "170": 0.14762531220912933, "171": 0.14678236842155457, "172": 0.14598345756530762, "173": 0.14508740603923798, "174": 0.14420866966247559, "175": 0.14345760643482208, "176": 0.1426575481891632, "177": 0.14193105697631836, "178": 0.141102135181427, "179": 0.14037609100341797, "180": 0.13961108028888702, "181": 0.13894110918045044, "182": 0.13822084665298462, "183": 0.13754865527153015, "184": 0.13677120208740234, "185": 0.1360483169555664, "186": 0.13528978824615479, "187": 0.134627103805542, "188": 0.1338813602924347, "189": 0.13326582312583923, "190": 0.13271787762641907, "191": 0.132163405418396, "192": 0.13162559270858765, "193": 0.13118097186088562, "194": 0.13073833286762238, "195": 0.13029365241527557, "196": 0.12978357076644897, "197": 0.129336416721344, "198": 0.12889397144317627, "199": 0.1284930557012558, "200": 0.1280217170715332, "201": 0.12760594487190247, "202": 0.1271611899137497, "203": 0.12675900757312775, "204": 0.1263555884361267, "205": 0.12600195407867432, "206": 0.12562063336372375, "207": 0.12524382770061493, "208": 0.12485745549201965, "209": 0.12450945377349854, "210": 0.12413381785154343, "211": 0.12376438081264496, "212": 0.12343455106019974, "213": 0.12313088774681091, "214": 0.12279367446899414, "215": 0.12246884405612946, "216": 0.12212362885475159, "217": 0.12176571786403656, "218": 0.12143465876579285, "219": 0.1211036816239357, "220": 0.120749831199646, "221": 0.12041056901216507, "222": 0.12003927677869797, "223": 0.1196756511926651, "224": 0.11926573514938354, "225": 0.11888930201530457, "226": 0.1185152530670166, "227": 0.11820598691701889, "228": 0.1178562194108963, "229": 0.11752663552761078, "230": 0.11717789620161057, "231": 0.11682376265525818, "232": 0.11648271977901459, "233": 0.11615559458732605, "234": 0.1158502846956253, "235": 0.11556931585073471, "236": 0.11530879139900208, "237": 0.11506693065166473, "238": 0.11488373577594757, "239": 0.11475832760334015, "240": 0.11458322405815125, "241": 0.11439669132232666, "242": 0.11426228284835815, "243": 0.1140379011631012, "244": 0.11382359266281128, "245": 0.11362706124782562, "246": 0.11342401802539825, "247": 0.11322490870952606, "248": 0.11285281926393509, "249": 0.1124180406332016, "250": 0.11192287504673004, "251": 0.11156740039587021, "252": 0.11122950911521912, "253": 0.11095993220806122, "254": 0.11068679392337799, "255": 0.11036806553602219, "256": 0.11004950106143951, "257": 0.10958860069513321, "258": 0.10922499001026154, "259": 0.10897517204284668, "260": 0.10874983668327332, "261": 0.10852319747209549, "262": 0.10826641321182251, "263": 0.1080404669046402, "264": 0.1076371967792511, "265": 0.10739417374134064, "266": 0.10721521079540253, "267": 0.1070636585354805, "268": 0.10687540471553802, "269": 0.10671422630548477, "270": 0.10655337572097778, "271": 0.1064385250210762, "272": 0.10612282156944275, "273": 0.10599812120199203, "274": 0.1058756560087204, "275": 0.10575717687606812, "276": 0.10564646124839783, "277": 0.10554187744855881, "278": 0.10544729977846146, "279": 0.1053493469953537, "280": 0.1052333265542984, "281": 0.1051315888762474, "282": 0.10504493117332458, "283": 0.10492405295372009, "284": 0.1047961562871933, "285": 0.10473930835723877, "286": 0.10464520752429962, "287": 0.10458023846149445, "288": 0.1045154333114624, "289": 0.10445346683263779, "290": 0.10439279675483704, "291": 0.10432559996843338, "292": 0.1042521521449089, "293": 0.10417433083057404,