{"0": 998.3068524599075, "1": -0.09297430515289307, "2": 0.0027674436569213867, "3": 0.014185667037963867, "4": 0.014164745807647705, "5": 0.013570070266723633, "6": 0.012848317623138428, "7": 0.011973321437835693, "8": 0.011135101318359375, "9": 0.010440587997436523, "10": 0.009552061557769775, "11": 0.00886845588684082, "12": 0.008273303508758545, "13": 0.007758498191833496, "14": 0.007208704948425293, "15": 0.006747841835021973, "16": 0.006351113319396973, "17": 0.005966007709503174, "18": 0.005579829216003418, "19": 0.00528407096862793, "20": 0.005020320415496826, "21": 0.004753708839416504, "22": 0.00454103946685791, "23": 0.004308581352233887, "24": 0.004136860370635986, "25": 0.003979206085205078, "26": 0.0038105249404907227, "27": 0.003638148307800293, "28": 0.003477811813354492, "29": 0.003344118595123291, "30": 0.003233671188354492, "31": 0.003095388412475586, "32": 0.003013432025909424, "33": 0.0029044747352600098, "34": 0.0028171539306640625, "35": 0.0027182698249816895, "36": 0.002628326416015625, "37": 0.002542734146118164, "38": 0.002477884292602539, "39": 0.0023950934410095215, "40": 0.0023349523544311523, "41": 0.002267181873321533, "42": 0.0022077560424804688, "43": 0.0021433234214782715, "44": 0.0020859837532043457, "45": 0.002038896083831787, "46": 0.001978754997253418, "47": 0.0019359588623046875, "48": 0.0018872618675231934, "49": 0.0018420219421386719, "50": 0.0018048286437988281, "51": 0.0017722845077514648, "52": 0.0017238259315490723, "53": 0.0016903281211853027, "54": 0.0016537308692932129, "55": 0.001624464988708496, "56": 0.0015949606895446777, "57": 0.0015695691108703613, "58": 0.0015389323234558105, "59": 0.0015148520469665527, "60": 0.0014806389808654785, "61": 0.0014600753784179688, "62": 0.001448214054107666, "63": 0.0014293193817138672, "64": 0.001407027244567871, "65": 0.001399993896484375, "66": 0.0013758540153503418, "67": 0.0013584494590759277, "68": 0.001338660717010498, "69": 0.0013262629508972168, "70": 0.001315474510192871, "71": 0.0013034939765930176, "72": 0.0012916922569274902, "73": 0.0012707114219665527, "74": 0.001273125410079956, "75": 0.0012598931789398193, "76": 0.0012446343898773193, "77": 0.0012347698211669922, "78": 0.0012247562408447266, "79": 0.0012134015560150146, "80": 0.001212090253829956, "81": 0.0012027323246002197, "82": 0.0011923611164093018, "83": 0.001185774803161621, "84": 0.001177757978439331, "85": 0.0011687874794006348, "86": 0.0011613667011260986, "87": 0.0011535584926605225, "88": 0.00114518404006958, "89": 0.0011429786682128906, "90": 0.0011325180530548096, "91": 0.0011339187622070312, "92": 0.001131892204284668, "93": 0.001121222972869873, "94": 0.0011129379272460938, "95": 0.0011081993579864502, "96": 0.001104891300201416, "97": 0.0010995566844940186, "98": 0.0010965168476104736, "99": 0.0010971128940582275, "100": 0.0011016130447387695, "101": 0.0011022090911865234, "102": 0.0010990798473358154, "103": 0.001096576452255249, "104": 0.0010923445224761963, "105": 0.0010932385921478271, "106": 0.0010929703712463379, "107": 0.0010924339294433594, "108": 0.0010929703712463379, "109": 0.0010938048362731934, "110": 0.0010966062545776367, "111": 0.0010998547077178955, "112": 0.0011057257652282715, "113": 0.0011066198348999023, "114": 0.0011136233806610107, "115": 0.001125425100326538, "116": 0.001131504774093628, "117": 0.0011456310749053955, "118": 0.001158297061920166, "119": 0.00118333101272583, "120": 0.001226872205734253, "121": 0.0012679100036621094, "122": 0.0013310015201568604, "123": 0.001387566328048706, "124": 0.0014716386795043945, "125": 0.0015931129455566406, "126": 0.0017327964305877686, "127": 0.0021151602268218994, "128": 0.0024715662002563477, "129": 0.0030972659587860107, "130": 0.0022056102752685547, "131": 0.002773195505142212, "132": 0.002536684274673462, "133": 0.0027200281620025635, "134": 0.002308458089828491, "135": 0.0025725066661834717, "136": 0.0021109282970428467, "137": 0.002699345350265503, "138": 0.0020255446434020996, "139": 0.0026690661907196045, "140": 0.0024098753929138184, "141": 0.001953691244125366, "142": 0.0023399293422698975, "143": 0.0019895732402801514, "144": 0.002066671848297119, "145": 0.0019477605819702148, "146": 0.0019201934337615967, "147": 0.002315431833267212, "148": 0.00194549560546875, "149": 0.0018379390239715576, "150": 0.0022754669189453125, "151": 0.002517402172088623, "152": 0.0021265745162963867, "153": 0.0019054412841796875, "154": 0.0020338892936706543, "155": 0.0019641518592834473, "156": 0.001908034086227417, "157": 0.0018378198146820068, "158": 0.0018912255764007568, "159": 0.001993238925933838, "160": 0.0017813444137573242, "161": 0.0016005337238311768, "162": 0.0023436248302459717, "163": 0.0018329620361328125, "164": 0.0017004013061523438, "165": 0.0022877156734466553, "166": 0.0018954277038574219, "167": 0.0016811788082122803, "168": 0.0023734569549560547, "169": 0.0016760528087615967, "170": 0.0015854835510253906, "171": 0.002218395471572876, "172": 0.0015400946140289307, "173": 0.0015040934085845947, "174": 0.002087324857711792, "175": 0.002051711082458496, "176": 0.0016755461692810059, "177": 0.001447528600692749, "178": 0.002246290445327759, "179": 0.0014056265354156494, "180": 0.0013039708137512207, "181": 0.0018025338649749756, "182": 0.0012332499027252197, "183": 0.0012163221836090088, "184": 0.0014002323150634766, "185": 0.001195758581161499, "186": 0.0011810362339019775, "187": 0.001397460699081421, "188": 0.0011759698390960693, "189": 0.0011574029922485352, "190": 0.0015828609466552734, "191": 0.0011344552040100098, "192": 0.0011280477046966553, "193": 0.0011261403560638428, "194": 0.0011338889598846436, "195": 0.0011975467205047607, "196": 0.0010896921157836914, "197": 0.0010860264301300049, "198": 0.0012278854846954346, "199": 0.0010509788990020752, "200": 0.0010364353656768799, "201": 0.0010830461978912354, "202": 0.0010221600532531738, "203": 0.001460343599319458, "204": 0.0010090768337249756, "205": 0.0010100305080413818, "206": 0.0010697543621063232, "207": 0.0010129213333129883, "208": 0.0009936392307281494, "209": 0.0009866058826446533, "210": 0.0009831786155700684, "211": 0.0009662210941314697, "212": 0.0009501278400421143, "213": 0.0009268820285797119, "214": 0.0009602010250091553, "215": 0.0009223520755767822, "216": 0.0009110867977142334, "217": 0.0010210871696472168, "218": 0.0012960433959960938, "219": 0.0010067224502563477, "220": 0.00095328688621521, "221": 0.0009508132934570312, "222": 0.0009435415267944336, "223": 0.0009719431400299072, "224": 0.000883936882019043, "225": 0.0009797513484954834, "226": 0.001074075698852539, "227": 0.001017540693283081, "228": 0.0009607970714569092, "229": 0.0011649727821350098, "230": 0.0010575652122497559, "231": 0.0010566115379333496, "232": 0.0010812878608703613, "233": 0.000980764627456665, "234": 0.000964432954788208, "235": 0.0009562373161315918, "236": 0.0009505152702331543, "237": 0.0009149610996246338, "238": 0.0010424554347991943, "239": 0.000991225242614746, "240": 0.0010114610195159912, "241": 0.0009626448154449463, "242": 0.0009506940841674805, "243": 0.0010395646095275879, "244": 0.0008580982685089111, "245": 0.0008765757083892822, "246": 0.000883936882019043, "247": 0.0008826255798339844, "248": 0.0009573101997375488, "249": 0.0009405314922332764, "250": 0.000842854380607605, "251": 0.000920608639717102, "252": 0.0007771551609039307, "253": 0.0008553415536880493, "254": 0.0009551793336868286, "255": 0.0005886107683181763, "256": 0.0005535781383514404, "257": 0.0005499273538589478, "258": 0.0005692541599273682, "259": 0.0005454570055007935, "260": 0.0005621910095214844, "261": 0.0005118250846862793, "262": 0.0005510002374649048, "263": 0.0005021542310714722, "264": 0.0006086975336074829, "265": 0.0005496740341186523, "266": 0.00047773122787475586, "267": 0.0004920363426208496, "268": 0.0005062967538833618, "269": 0.0004971176385879517, "270": 0.0004556328058242798, "271": 0.0004451274871826172, "272": 0.0004713088274002075,