{"0": 0.6931475400924683, "1": 0.7861218452453613, "2": 0.7833544015884399, "3": 0.7691687345504761, "4": 0.7550039887428284, "5": 0.7414339184761047, "6": 0.7285856008529663, "7": 0.7166122794151306, "8": 0.7054771780967712, "9": 0.6950365900993347, "10": 0.6854845285415649, "11": 0.6766160726547241, "12": 0.6683427691459656, "13": 0.6605842709541321, "14": 0.6533755660057068, "15": 0.6466277241706848, "16": 0.6402766108512878, "17": 0.6343106031417847, "18": 0.6287307739257812, "19": 0.6234467029571533, "20": 0.6184263825416565, "21": 0.61367267370224, "22": 0.6091316342353821, "23": 0.6048230528831482, "24": 0.6006861925125122, "25": 0.5967069864273071, "26": 0.5928964614868164, "27": 0.5892583131790161, "28": 0.5857805013656616, "29": 0.5824363827705383, "30": 0.5792027115821838, "31": 0.5761073231697083, "32": 0.5730938911437988, "33": 0.5701894164085388, "34": 0.5673722624778748, "35": 0.5646539926528931, "36": 0.5620256662368774, "37": 0.5594829320907593, "38": 0.5570050477981567, "39": 0.5546099543571472, "40": 0.5522750020027161, "41": 0.5500078201293945, "42": 0.5478000640869141, "43": 0.5456567406654358, "44": 0.5435707569122314, "45": 0.5415318608283997, "46": 0.5395531058311462, "47": 0.5376171469688416, "48": 0.5357298851013184, "49": 0.5338878631591797, "50": 0.5320830345153809, "51": 0.5303107500076294, "52": 0.5285869240760803, "53": 0.526896595954895, "54": 0.5252428650856018, "55": 0.5236184000968933, "56": 0.5220234394073486, "57": 0.5204538702964783, "58": 0.5189149379730225, "59": 0.5174000859260559, "60": 0.5159194469451904, "61": 0.5144593715667725, "62": 0.5130111575126648, "63": 0.5115818381309509, "64": 0.5101748108863831, "65": 0.5087748169898987, "66": 0.5073989629745483, "67": 0.5060405135154724, "68": 0.5047018527984619, "69": 0.5033755898475647, "70": 0.5020601153373718, "71": 0.5007566213607788, "72": 0.4994649291038513, "73": 0.49819421768188477, "74": 0.4969210922718048, "75": 0.495661199092865, "76": 0.49441656470298767, "77": 0.4931817948818207, "78": 0.49195703864097595, "79": 0.49074363708496094, "80": 0.489531546831131, "81": 0.48832881450653076, "82": 0.48713645339012146, "83": 0.48595067858695984, "84": 0.4847729206085205, "85": 0.4836041331291199, "86": 0.4824427664279938, "87": 0.48128920793533325, "88": 0.48014402389526367, "89": 0.4790010452270508, "90": 0.47786852717399597, "91": 0.47673460841178894, "92": 0.4756027162075043, "93": 0.4744814932346344, "94": 0.4733685553073883, "95": 0.47226035594940186, "96": 0.47115546464920044, "97": 0.4700559079647064, "98": 0.46895939111709595, "99": 0.4678622782230377, "100": 0.46676066517829895, "101": 0.4656584560871124, "102": 0.4645593762397766, "103": 0.46346279978752136, "104": 0.46237045526504517, "105": 0.46127721667289734, "106": 0.460184246301651, "107": 0.45909181237220764, "108": 0.4579988420009613, "109": 0.4569050371646881, "110": 0.4558084309101105, "111": 0.4547085762023926, "112": 0.4536028504371643, "113": 0.4524962306022644, "114": 0.4513826072216034, "115": 0.45025718212127686, "116": 0.4491256773471832, "117": 0.44798004627227783, "118": 0.44682174921035767, "119": 0.44563841819763184, "120": 0.4444115459918976, "121": 0.4431436359882355, "122": 0.4418126344680786, "123": 0.4404250681400299, "124": 0.4389534294605255, "125": 0.43736031651496887, "126": 0.4356275200843811, "127": 0.4335123598575592, "128": 0.43104079365730286, "129": 0.42794352769851685, "130": 0.4257379174232483, "131": 0.4229647219181061, "132": 0.4204280376434326, "133": 0.41770800948143005, "134": 0.41539955139160156, "135": 0.4128270447254181, "136": 0.41071611642837524, "137": 0.40801677107810974, "138": 0.40599122643470764, "139": 0.40332216024398804, "140": 0.4009122848510742, "141": 0.39895859360694885, "142": 0.39661866426467896, "143": 0.3946290910243988, "144": 0.3925624191761017, "145": 0.39061465859413147, "146": 0.3886944651603699, "147": 0.38637903332710266, "148": 0.3844335377216339, "149": 0.38259559869766235, "150": 0.38032013177871704, "151": 0.3778027296066284, "152": 0.37567615509033203, "153": 0.37377071380615234, "154": 0.3717368245124817, "155": 0.36977267265319824, "156": 0.3678646385669708, "157": 0.3660268187522888, "158": 0.36413559317588806, "159": 0.3621423542499542, "160": 0.3603610098361969, "161": 0.3587604761123657, "162": 0.35641685128211975, "163": 0.35458388924598694, "164": 0.3528834879398346, "165": 0.35059577226638794, "166": 0.3487003445625305, "167": 0.34701916575431824, "168": 0.3446457087993622, "169": 0.3429696559906006, "170": 0.3413841724395752, "171": 0.3391657769680023, "172": 0.3376256823539734, "173": 0.3361215889453888, "174": 0.334034264087677, "175": 0.3319825530052185, "176": 0.3303070068359375, "177": 0.32885947823524475, "178": 0.326613187789917, "179": 0.32520756125450134, "180": 0.3239035904407501, "181": 0.32210105657577515, "182": 0.3208678066730499, "183": 0.3196514844894409, "184": 0.31825125217437744, "185": 0.31705549359321594, "186": 0.31587445735931396, "187": 0.31447699666023254, "188": 0.3133010268211365, "189": 0.31214362382888794, "190": 0.31056076288223267, "191": 0.30942630767822266, "192": 0.308298259973526, "193": 0.30717211961746216, "194": 0.3060382306575775, "195": 0.30484068393707275, "196": 0.30375099182128906, "197": 0.30266496539115906, "198": 0.3014370799064636, "199": 0.30038610100746155, "200": 0.29934966564178467, "201": 0.29826661944389343, "202": 0.29724445939064026, "203": 0.2957841157913208, "204": 0.2947750389575958, "205": 0.29376500844955444, "206": 0.2926952540874481, "207": 0.29168233275413513, "208": 0.290688693523407, "209": 0.28970208764076233, "210": 0.28871890902519226, "211": 0.2877526879310608, "212": 0.2868025600910187, "213": 0.28587567806243896, "214": 0.2849154770374298, "215": 0.283993124961853, "216": 0.2830820381641388, "217": 0.2820609509944916, "218": 0.2807649075984955, "219": 0.27975818514823914, "220": 0.2788048982620239, "221": 0.2778540849685669, "222": 0.27691054344177246, "223": 0.27593860030174255, "224": 0.2750546634197235, "225": 0.274074912071228, "226": 0.2730008363723755, "227": 0.2719832956790924, "228": 0.2710224986076355, "229": 0.2698575258255005, "230": 0.26879996061325073, "231": 0.2677433490753174, "232": 0.266662061214447, "233": 0.26568129658699036, "234": 0.26471686363220215, "235": 0.26376062631607056, "236": 0.2628101110458374, "237": 0.26189514994621277, "238": 0.2608526945114136, "239": 0.25986146926879883, "240": 0.25885000824928284, "241": 0.2578873634338379, "242": 0.2569366693496704, "243": 0.2558971047401428, "244": 0.2550390064716339, "245": 0.25416243076324463, "246": 0.2532784938812256, "247": 0.2523958683013916, "248": 0.25143855810165405, "249": 0.2504980266094208, "250": 0.24965517222881317, "251": 0.24873456358909607, "252": 0.24795740842819214, "253": 0.2471020668745041, "254": 0.24614688754081726, "255": 0.24555827677249908, "256": 0.24500469863414764, "257": 0.2444547712802887, "258": 0.24388551712036133, "259": 0.24334006011486053, "260": 0.24277786910533905, "261": 0.24226604402065277, "262": 0.24171504378318787, "263": 0.2412128895521164, "264": 0.2406041920185089, "265": 0.24005451798439026, "266": 0.2395767867565155, "267": 0.23908475041389465, "268": 0.2385784536600113, "269": 0.23808133602142334, "270": 0.23762570321559906, "271": 0.23718057572841644, "272": 0.23670926690101624, "273": 0.2362656146287918, "274": 0.23577511310577393, "275": 0.23531566560268402, "276": 0.2348814159631729, "277": 0.2344541698694229, "278": 0.23403504490852356, "279": 0.23362690210342407, "280": 0.23317593336105347, "281": 0.23276163637638092, "282": 0.23235484957695007, "283": 0.23196889460086823, "284": 0.23159265518188477, "285": 0.23123037815093994, "286": 0.23084518313407898, "287": 0.23042893409729004, "288": 0.23013631999492645, "289": 0.22976519167423248, "290": 0.22932285070419312, "291": 0.22902686893939972, "292": 0.22873663902282715, "293": 0.22845087945461273, "294": 0.22816957533359528, "295": 0.2278926968574524,