{"0": 998.3068524599075, "1": 0.24766701459884644, "2": 0.0006059408187866211, "3": 0.13688012957572937, "4": 0.03338456153869629, "5": 0.011824369430541992, "6": 0.008900046348571777, "7": 0.007726430892944336, "8": 0.0067573487758636475, "9": 0.006009519100189209, "10": 0.005253523588180542, "11": 0.004763051867485046, "12": 0.004266753792762756, "13": 0.0037458688020706177, "14": 0.003368556499481201, "15": 0.0031648874282836914, "16": 0.0029848217964172363, "17": 0.002812802791595459, "18": 0.002684280276298523, "19": 0.0025390535593032837, "20": 0.002399653196334839, "21": 0.0022744983434677124, "22": 0.0021777600049972534, "23": 0.002078235149383545, "24": 0.0019971728324890137, "25": 0.0019147545099258423, "26": 0.0018374323844909668, "27": 0.0017566084861755371, "28": 0.0017043501138687134, "29": 0.0016269534826278687, "30": 0.0015803426504135132, "31": 0.001522555947303772, "32": 0.0014630258083343506, "33": 0.0014108121395111084, "34": 0.001369580626487732, "35": 0.0013225823640823364, "36": 0.0012760162353515625, "37": 0.001234203577041626, "38": 0.0012022703886032104, "39": 0.0011640936136245728, "40": 0.0011269152164459229, "41": 0.0010918974876403809, "42": 0.0010600537061691284, "43": 0.001029685139656067, "44": 0.0009993165731430054, "45": 0.0009710341691970825, "46": 0.0009450763463973999, "47": 0.0009211897850036621, "48": 0.0008963197469711304, "49": 0.0008756667375564575, "50": 0.0008548200130462646, "51": 0.0008352696895599365, "52": 0.0008160918951034546, "53": 0.0007976889610290527, "54": 0.0007790029048919678, "55": 0.0007611215114593506, "56": 0.0007465481758117676, "57": 0.00073203444480896, "58": 0.0007165372371673584, "59": 0.0007017552852630615, "60": 0.0006894320249557495, "61": 0.0006791949272155762, "62": 0.0006700605154037476, "63": 0.0006622970104217529, "64": 0.000652015209197998, "65": 0.0006425678730010986, "66": 0.0006345361471176147, "67": 0.0006250143051147461, "68": 0.0006178766489028931, "69": 0.0006133466958999634, "70": 0.0006103515625, "71": 0.0006076991558074951, "72": 0.0006036311388015747, "73": 0.0006014108657836914, "74": 0.0006065964698791504, "75": 0.0006156712770462036, "76": 0.0006265193223953247, "77": 0.0006327927112579346, "78": 0.0006416887044906616, "79": 0.0006549954414367676, "80": 0.0006687641143798828, "81": 0.000681266188621521, "82": 0.0007047951221466064, "83": 0.0007326304912567139, "84": 0.0007715672254562378, "85": 0.0008212924003601074, "86": 0.0008809119462966919, "87": 0.0009535998106002808, "88": 0.0010323673486709595, "89": 0.0012401044368743896, "90": 0.0014517009258270264, "91": 0.0016795843839645386, "92": 0.0011205598711967468, "93": 0.0012823045253753662, "94": 0.0015010163187980652, "95": 0.0015254989266395569, "96": 0.0015327930450439453, "97": 0.001521967351436615, "98": 0.0013761967420578003, "99": 0.0013505816459655762, "100": 0.00118216872215271, "101": 0.001228824257850647, "102": 0.001384049654006958, "103": 0.00102166086435318, "104": 0.0009470954537391663, "105": 0.0010128915309906006, "106": 0.000910833477973938, "107": 0.0010486394166946411, "108": 0.0008718892931938171, "109": 0.0010093972086906433, "110": 0.0008640065789222717, "111": 0.0009774714708328247, "112": 0.0008705854415893555, "113": 0.0010277852416038513, "114": 0.0007357597351074219, "115": 0.0008578747510910034, "116": 0.0007905066013336182, "117": 0.0008627921342849731, "118": 0.000762447714805603, "119": 0.0008156001567840576, "120": 0.0007578432559967041, "121": 0.0008172616362571716, "122": 0.0007525533437728882, "123": 0.0008015856146812439, "124": 0.0008141696453094482, "125": 0.0007398873567581177, "126": 0.0007011145353317261, "127": 0.0007009133696556091, "128": 0.0006254240870475769, "129": 0.0006759390234947205, "130": 0.0005821138620376587, "131": 0.0006923079490661621, "132": 0.0005665645003318787, "133": 0.0006491169333457947, "134": 0.0005826130509376526, "135": 0.0006127208471298218, "136": 0.0005926266312599182, "137": 0.0005151182413101196, "138": 0.0005843639373779297, "139": 0.0005030110478401184, "140": 0.0005690678954124451, "141": 0.0005115196108818054, "142": 0.0005477145314216614, "143": 0.0005298927426338196, "144": 0.00054217129945755, "145": 0.0005071014165878296, "146": 0.0005514323711395264, "147": 0.0005453675985336304, "148": 0.0005348250269889832, "149": 0.0005203485488891602, "150": 0.0004906207323074341, "151": 0.0004724934697151184, "152": 0.00048498809337615967, "153": 0.0005033984780311584, "154": 0.0004923343658447266, "155": 0.0004776567220687866, "156": 0.00048345327377319336, "157": 0.00045171380043029785, "158": 0.000466860830783844, "159": 0.00044082850217819214, "160": 0.00044736266136169434, "161": 0.00039540231227874756, "162": 0.00042889267206192017, "163": 0.0003919452428817749, "164": 0.0003988593816757202, "165": 0.0003840997815132141, "166": 0.0003944709897041321, "167": 0.00039149075746536255, "168": 0.0003953203558921814, "169": 0.00039802491664886475, "170": 0.00037191808223724365, "171": 0.0003932639956474304, "172": 0.00036985427141189575, "173": 0.00038842111825942993, "174": 0.0003978163003921509, "175": 0.0003461763262748718, "176": 0.0003716796636581421, "177": 0.00034635886549949646, "178": 0.0003517940640449524, "179": 0.0003261752426624298, "180": 0.0003560185432434082, "181": 0.00029853731393814087, "182": 0.0003402121365070343, "183": 0.0003423541784286499, "184": 0.00033198297023773193, "185": 0.0003321431577205658, "186": 0.0003511384129524231, "187": 0.0003030411899089813, "188": 0.0003092922270298004, "189": 0.00027945637702941895, "190": 0.0002894401550292969, "191": 0.00029156357049942017, "192": 0.0002944432199001312, "193": 0.00024567171931266785, "194": 0.0002834200859069824, "195": 0.0002834536135196686, "196": 0.00023584440350532532, "197": 0.00023943185806274414, "198": 0.00026182830333709717, "199": 0.0002504177391529083, "200": 0.00026064738631248474, "201": 0.00023411214351654053, "202": 0.00024028867483139038, "203": 0.00024512410163879395, "204": 0.0002521798014640808, "205": 0.0002269446849822998, "206": 0.0002225041389465332, "207": 0.00022177398204803467, "208": 0.00023378431797027588, "209": 0.00024069100618362427, "210": 0.00024261325597763062, "211": 0.0002504289150238037, "212": 0.00024031847715377808, "213": 0.00023455917835235596, "214": 0.0002204105257987976, "215": 0.0002201274037361145, "216": 0.00022125244140625, "217": 0.00020065903663635254, "218": 0.00020683184266090393, "219": 0.00020902231335639954, "220": 0.0002130940556526184, "221": 0.0001880750060081482, "222": 0.000194549560546875, "223": 0.00018200650811195374, "224": 0.0001916252076625824, "225": 0.00019928067922592163, "226": 0.00020729005336761475, "227": 0.00017780810594558716, "228": 0.00016660243272781372, "229": 0.00015911832451820374, "230": 0.00018187984824180603, "231": 0.00018240883946418762, "232": 0.00014661625027656555, "233": 0.0001428648829460144, "234": 0.0001462697982788086, "235": 0.00016072764992713928, "236": 0.00014965608716011047, "237": 0.00015228986740112305, "238": 0.0001435205340385437, "239": 0.00010946393013000488, "240": 0.00010415911674499512, "241": 0.00010570883750915527, "242": 0.00011308491230010986, "243": 0.00011057034134864807, "244": 0.00011261925101280212, "245": 0.00010266155004501343, "246": 7.981061935424805e-05, "247": 8.019059896469116e-05, "248": 8.795037865638733e-05, "249": 8.146092295646667e-05, "250": 8.5487961769104e-05, "251": 8.971989154815674e-05, "252": 8.059293031692505e-05, "253": 8.15466046333313e-05, "254": 7.605552673339844e-05, "255": 7.23525881767273e-05, "256": 7.432699203491211e-05, "257": 7.286667823791504e-05, "258": 7.081031799316406e-05, "259": 7.633119821548462e-05, "260": 7.61672854423523e-05, "261": 7.873028516769409e-05, "262": 6.917864084243774e-05, "263": 6.514787673950195e-05, "264": 6.570667028427124e-05, "265": 6.874650716781616e-05, "266": 6.567314267158508e-05, "267": 5.328655242919922e-05, "268": 5.5383890867233276e-05, "269": 5.40316104888916e-05,