{"0": 0.6931475400924683, "1": 0.864631175994873, "2": 0.8617310523986816, "3": 0.7116943597793579, "4": 0.6219151616096497, "5": 0.5746423602104187, "6": 0.5412833094596863, "7": 0.5143569707870483, "8": 0.4918467700481415, "9": 0.4725284278392792, "10": 0.45601221919059753, "11": 0.4417184293270111, "12": 0.42883801460266113, "13": 0.4172587990760803, "14": 0.40690964460372925, "15": 0.39750200510025024, "16": 0.38879498839378357, "17": 0.38073697686195374, "18": 0.3732013702392578, "19": 0.3661513924598694, "20": 0.3595413565635681, "21": 0.3533734679222107, "22": 0.34752458333969116, "23": 0.34199607372283936, "24": 0.3367658853530884, "25": 0.3318029046058655, "26": 0.3270786702632904, "27": 0.322569876909256, "28": 0.31826889514923096, "29": 0.3141692280769348, "30": 0.31025511026382446, "31": 0.30650269985198975, "32": 0.3029048442840576, "33": 0.29945191740989685, "34": 0.29612091183662415, "35": 0.2929142117500305, "36": 0.28982385993003845, "37": 0.28684353828430176, "38": 0.28397080302238464, "39": 0.2811875641345978, "40": 0.2784944176673889, "41": 0.27588969469070435, "42": 0.27336084842681885, "43": 0.27090945839881897, "44": 0.26854702830314636, "45": 0.2662496566772461, "46": 0.2640218138694763, "47": 0.26186347007751465, "48": 0.2597711682319641, "49": 0.25774523615837097, "50": 0.25577735900878906, "51": 0.2538609802722931, "52": 0.2519967555999756, "53": 0.2501820921897888, "54": 0.24841102957725525, "55": 0.24668627977371216, "56": 0.24500764906406403, "57": 0.24336907267570496, "58": 0.2417745292186737, "59": 0.24021798372268677, "60": 0.23870182037353516, "61": 0.2372254580259323, "62": 0.23578183352947235, "63": 0.23436741530895233, "64": 0.23298978805541992, "65": 0.23164178431034088, "66": 0.23032639920711517, "67": 0.22903473675251007, "68": 0.2277732491493225, "69": 0.22654449939727783, "70": 0.22534242272377014, "71": 0.22416375577449799, "72": 0.2230101376771927, "73": 0.22188523411750793, "74": 0.2207835465669632, "75": 0.21970409154891968, "76": 0.21864527463912964, "77": 0.21761049330234528, "78": 0.21659845113754272, "79": 0.21560516953468323, "80": 0.2146320343017578, "81": 0.2136821746826172, "82": 0.21275398135185242, "83": 0.21184265613555908, "84": 0.2109498679637909, "85": 0.21007183194160461, "86": 0.2092123031616211, "87": 0.2083694338798523, "88": 0.20754051208496094, "89": 0.20672442018985748, "90": 0.20592355728149414, "91": 0.20513884723186493, "92": 0.20437276363372803, "93": 0.20362208783626556, "94": 0.20288299024105072, "95": 0.20216263830661774, "96": 0.20145827531814575, "97": 0.20076636970043182, "98": 0.20008587837219238, "99": 0.19941756129264832, "100": 0.19876116514205933, "101": 0.1981177031993866, "102": 0.1974858194589615, "103": 0.19686660170555115, "104": 0.1962597370147705, "105": 0.19566485285758972, "106": 0.1950829178094864, "107": 0.19451196491718292, "108": 0.1939486265182495, "109": 0.19339145720005035, "110": 0.19284304976463318, "111": 0.19230422377586365, "112": 0.19177430868148804, "113": 0.19125011563301086, "114": 0.1907283514738083, "115": 0.19020876288414001, "116": 0.18969087302684784, "117": 0.18917270004749298, "118": 0.18865710496902466, "119": 0.18813461065292358, "120": 0.1876032054424286, "121": 0.18706351518630981, "122": 0.18650662899017334, "123": 0.18592850863933563, "124": 0.18532249331474304, "125": 0.1846802532672882, "126": 0.1840045154094696, "127": 0.18328982591629028, "128": 0.18252485990524292, "129": 0.1817168891429901, "130": 0.18086431920528412, "131": 0.17998400330543518, "132": 0.17910373210906982, "133": 0.17821340262889862, "134": 0.1772403120994568, "135": 0.1760888248682022, "136": 0.17525537312030792, "137": 0.17436380684375763, "138": 0.17342045903205872, "139": 0.1724664866924286, "140": 0.1715099811553955, "141": 0.17062246799468994, "142": 0.1697545349597931, "143": 0.16889287531375885, "144": 0.16802078485488892, "145": 0.16715672612190247, "146": 0.16623595356941223, "147": 0.1654016077518463, "148": 0.16469216346740723, "149": 0.1639111191034317, "150": 0.1631259322166443, "151": 0.1623467206954956, "152": 0.16156005859375, "153": 0.1607980579137802, "154": 0.16007336974143982, "155": 0.15935632586479187, "156": 0.1586531549692154, "157": 0.15803739428520203, "158": 0.15739300847053528, "159": 0.1568579375743866, "160": 0.1562480330467224, "161": 0.1556871235370636, "162": 0.15501749515533447, "163": 0.15441429615020752, "164": 0.1537465900182724, "165": 0.15315666794776917, "166": 0.15255187451839447, "167": 0.15200284123420715, "168": 0.15142276883125305, "169": 0.1509462594985962, "170": 0.15046705305576324, "171": 0.15002253651618958, "172": 0.14954876899719238, "173": 0.14908847212791443, "174": 0.14865779876708984, "175": 0.14824184775352478, "176": 0.1478007435798645, "177": 0.14736054837703705, "178": 0.14690497517585754, "179": 0.14646656811237335, "180": 0.1460038423538208, "181": 0.14553913474082947, "182": 0.1450854241847992, "183": 0.14466315507888794, "184": 0.14427414536476135, "185": 0.14388540387153625, "186": 0.1434994637966156, "187": 0.14310717582702637, "188": 0.14270541071891785, "189": 0.1423044502735138, "190": 0.1419081836938858, "191": 0.14152494072914124, "192": 0.14113250374794006, "193": 0.14076702296733856, "194": 0.1403868943452835, "195": 0.14003995060920715, "196": 0.13966481387615204, "197": 0.13931423425674438, "198": 0.13892626762390137, "199": 0.13852518796920776, "200": 0.13811901211738586, "201": 0.1377176195383072, "202": 0.13729925453662872, "203": 0.1369408369064331, "204": 0.13662190735340118, "205": 0.13632625341415405, "206": 0.13598963618278503, "207": 0.13567876815795898, "208": 0.13535332679748535, "209": 0.13507048785686493, "210": 0.13474904000759125, "211": 0.13439315557479858, "212": 0.13410520553588867, "213": 0.1338232457637787, "214": 0.13354402780532837, "215": 0.13329669833183289, "216": 0.1330592930316925, "217": 0.1328161209821701, "218": 0.13257113099098206, "219": 0.13234271109104156, "220": 0.1320921927690506, "221": 0.1318044662475586, "222": 0.13150852918624878, "223": 0.13122105598449707, "224": 0.13094273209571838, "225": 0.13070669770240784, "226": 0.13049376010894775, "227": 0.13021373748779297, "228": 0.12997151911258698, "229": 0.1297513097524643, "230": 0.12944206595420837, "231": 0.1290891319513321, "232": 0.1287790834903717, "233": 0.12851150333881378, "234": 0.12826314568519592, "235": 0.12801945209503174, "236": 0.1277882605791092, "237": 0.127556711435318, "238": 0.12728101015090942, "239": 0.12700822949409485, "240": 0.12671858072280884, "241": 0.12639892101287842, "242": 0.1260795295238495, "243": 0.1257968544960022, "244": 0.12552189826965332, "245": 0.12527570128440857, "246": 0.12503661215305328, "247": 0.12476982176303864, "248": 0.12451812624931335, "249": 0.12426029145717621, "250": 0.12406918406486511, "251": 0.12389528751373291, "252": 0.12371185421943665, "253": 0.12342605739831924, "254": 0.1232847273349762, "255": 0.12311545014381409, "256": 0.12296178936958313, "257": 0.12280541658401489, "258": 0.12264850735664368, "259": 0.12252572923898697, "260": 0.12239059060811996, "261": 0.12226317822933197, "262": 0.12214045226573944, "263": 0.12205390632152557, "264": 0.12198463827371597, "265": 0.12192415446043015, "266": 0.12183567136526108, "267": 0.12178045511245728, "268": 0.12170583754777908, "269": 0.12166555970907211, "270": 0.12162624299526215, "271": 0.12158217281103134, "272": 0.12153512239456177, "273": 0.1214984655380249, "274": 0.1214582622051239, "275": 0.12140831351280212, "276": 0.12135416269302368, "277": 0.12129414081573486, "278": 0.12124353647232056, "279": 0.12120750546455383, "280": 0.12116868793964386, "281": 0.12112857401371002, "282": 0.12108162045478821, "283": 0.12103939056396484, "284": 0.1209983378648758, "285": 0.12095651030540466, "286": 0.12092048674821854, "287": 0.12087980657815933, "288": 0.12083729356527328, "289": 0.12077654153108597, "290": 0.12072652578353882, "291": 0.12068042159080505, "292": 0.12063344568014145,