{"0": 998.3068524599075, "1": 0.02307063341140747, "2": 0.00129777193069458, "3": 0.15767145156860352, "4": 0.05607491731643677, "5": 0.020376205444335938, "6": 0.013669520616531372, "7": 0.011176973581314087, "8": 0.009622335433959961, "9": 0.008440136909484863, "10": 0.007480412721633911, "11": 0.00671839714050293, "12": 0.006006330251693726, "13": 0.005519092082977295, "14": 0.005039870738983154, "15": 0.004634171724319458, "16": 0.004313737154006958, "17": 0.0040388405323028564, "18": 0.0037826895713806152, "19": 0.0035539567470550537, "20": 0.003350555896759033, "21": 0.003180861473083496, "22": 0.0030035674571990967, "23": 0.00286710262298584, "24": 0.002731800079345703, "25": 0.002615511417388916, "26": 0.0024898946285247803, "27": 0.0024088025093078613, "28": 0.002315312623977661, "29": 0.0022118687629699707, "30": 0.002151697874069214, "31": 0.00208243727684021, "32": 0.0020110011100769043, "33": 0.0019310712814331055, "34": 0.001893073320388794, "35": 0.0018322467803955078, "36": 0.0017844140529632568, "37": 0.0017290115356445312, "38": 0.0016874372959136963, "39": 0.0016385316848754883, "40": 0.0015936195850372314, "41": 0.0015541017055511475, "42": 0.0015096664428710938, "43": 0.0014637410640716553, "44": 0.001444488763809204, "45": 0.0014008879661560059, "46": 0.00137406587600708, "47": 0.0013379454612731934, "48": 0.0013040006160736084, "49": 0.001273125410079956, "50": 0.0012410283088684082, "51": 0.0012115836143493652, "52": 0.001182645559310913, "53": 0.0011531710624694824, "54": 0.0011311769485473633, "55": 0.0011070668697357178, "56": 0.0010800659656524658, "57": 0.0010585486888885498, "58": 0.001033484935760498, "59": 0.0010047852993011475, "60": 0.0009877979755401611, "61": 0.000963360071182251, "62": 0.0009406805038452148, "63": 0.0009220242500305176, "64": 0.0009026527404785156, "65": 0.0008839666843414307, "66": 0.0008661448955535889, "67": 0.0008484423160552979, "68": 0.0008318722248077393, "69": 0.0008162260055541992, "70": 0.0007990598678588867, "71": 0.0007832050323486328, "72": 0.000765383243560791, "73": 0.0007516443729400635, "74": 0.0007354021072387695, "75": 0.0007216334342956543, "76": 0.0007075369358062744, "77": 0.0006945431232452393, "78": 0.0006811320781707764, "79": 0.0006668269634246826, "80": 0.0006538331508636475, "81": 0.0006413757801055908, "82": 0.0006318092346191406, "83": 0.0006206333637237549, "84": 0.0006088912487030029, "85": 0.0005961358547210693, "86": 0.0005856603384017944, "87": 0.000575721263885498, "88": 0.0005657076835632324, "89": 0.0005558580160140991, "90": 0.0005464404821395874, "91": 0.0005376040935516357, "92": 0.0005292594432830811, "93": 0.0005215704441070557, "94": 0.0005135983228683472, "95": 0.0005068778991699219, "96": 0.0004998445510864258, "97": 0.00049629807472229, "98": 0.000492587685585022, "99": 0.0004893988370895386, "100": 0.0004861801862716675, "101": 0.0004840344190597534, "102": 0.0004841536283493042, "103": 0.0004831254482269287, "104": 0.0004881918430328369, "105": 0.0004924535751342773, "106": 0.0005010366439819336, "107": 0.0005138218402862549, "108": 0.00054129958152771, "109": 0.0005753189325332642, "110": 0.0006186515092849731, "111": 0.0006952136754989624, "112": 0.0008196085691452026, "113": 0.0009857118129730225, "114": 0.0013032406568527222, "115": 0.0015141665935516357, "116": 0.0014008581638336182, "117": 0.0015967339277267456, "118": 0.0014524906873703003, "119": 0.0016137361526489258, "120": 0.0014877915382385254, "121": 0.0014616996049880981, "122": 0.001420050859451294, "123": 0.0013128072023391724, "124": 0.001384645700454712, "125": 0.001230970025062561, "126": 0.0015162676572799683, "127": 0.001197323203086853, "128": 0.0011093318462371826, "129": 0.001446753740310669, "130": 0.001146763563156128, "131": 0.0011340081691741943, "132": 0.0011473000049591064, "133": 0.0011051446199417114, "134": 0.001215919852256775, "135": 0.0010819733142852783, "136": 0.0011095702648162842, "137": 0.0011541396379470825, "138": 0.0010633468627929688, "139": 0.0009538233280181885, "140": 0.0009982585906982422, "141": 0.0009519010782241821, "142": 0.000916406512260437, "143": 0.000987127423286438, "144": 0.0008958131074905396, "145": 0.0008421093225479126, "146": 0.0009714663028717041, "147": 0.0010764598846435547, "148": 0.0011148452758789062, "149": 0.0010016411542892456, "150": 0.0008826851844787598, "151": 0.0007753819227218628, "152": 0.0010436922311782837, "153": 0.0007612407207489014, "154": 0.0007382035255432129, "155": 0.0008727461099624634, "156": 0.0007227808237075806, "157": 0.0007157772779464722, "158": 0.0009596794843673706, "159": 0.0006998777389526367, "160": 0.0006983280181884766, "161": 0.000886961817741394, "162": 0.0006842464208602905, "163": 0.0006801784038543701, "164": 0.0007009506225585938, "165": 0.0006860792636871338, "166": 0.0006742179393768311, "167": 0.0006674081087112427, "168": 0.0008620023727416992, "169": 0.0006630420684814453, "170": 0.0006588250398635864, "171": 0.0006445646286010742, "172": 0.0006824582815170288, "173": 0.0006234496831893921, "174": 0.0006355345249176025, "175": 0.0006563514471054077, "176": 0.0006241351366043091, "177": 0.0005925297737121582, "178": 0.0006071031093597412, "179": 0.0005835890769958496, "180": 0.0006277859210968018, "181": 0.0005735009908676147, "182": 0.0005382299423217773, "183": 0.0005445331335067749, "184": 0.0005390048027038574, "185": 0.0005280822515487671, "186": 0.000543549656867981, "187": 0.0005258768796920776, "188": 0.0006767213344573975, "189": 0.0005169659852981567, "190": 0.0005093216896057129, "191": 0.0004974901676177979, "192": 0.0005441904067993164, "193": 0.0004974901676177979, "194": 0.0006195902824401855, "195": 0.0005064606666564941, "196": 0.000505402684211731, "197": 0.0004886537790298462, "198": 0.0004902482032775879, "199": 0.000496789813041687, "200": 0.00048457086086273193, "201": 0.00046928226947784424, "202": 0.0006598830223083496, "203": 0.00046847760677337646, "204": 0.00046925246715545654, "205": 0.0005341321229934692, "206": 0.0004760622978210449, "207": 0.00047622621059417725, "208": 0.0004852563142776489, "209": 0.00047360360622406006, "210": 0.0006324052810668945, "211": 0.0004842430353164673, "212": 0.0004728734493255615, "213": 0.00045567750930786133, "214": 0.00044292211532592773, "215": 0.0004226416349411011, "216": 0.00041954219341278076, "217": 0.0003930032253265381, "218": 0.0003929734230041504, "219": 0.00040033459663391113, "220": 0.00038626790046691895, "221": 0.0003837794065475464, "222": 0.0003693997859954834, "223": 0.00039549171924591064, "224": 0.0003660619258880615, "225": 0.00037419795989990234, "226": 0.0003544837236404419, "227": 0.0003621131181716919, "228": 0.00041043758392333984, "229": 0.0003598928451538086, "230": 0.0004530996084213257, "231": 0.00037519633769989014, "232": 0.00040605664253234863, "233": 0.0004128366708755493, "234": 0.00036950409412384033, "235": 0.0004773139953613281, "236": 0.00034572184085845947, "237": 0.0003273487091064453, "238": 0.00032611191272735596, "239": 0.0003007948398590088, "240": 0.0002990812063217163, "241": 0.0003243088722229004, "242": 0.00028605759143829346, "243": 0.0002819746732711792, "244": 0.0003291815519332886, "245": 0.0002650916576385498, "246": 0.0002595484256744385, "247": 0.00024330615997314453, "248": 0.00024068355560302734, "249": 0.0002352595329284668, "250": 0.00022917985916137695, "251": 0.00023521482944488525, "252": 0.00021898746490478516, "253": 0.0002177804708480835, "254": 0.00021705031394958496, "255": 0.00021183490753173828, "256": 0.00032129883766174316, "257": 0.00020720064640045166, "258": 0.0002003312110900879, "259": 0.00019966065883636475, "260": 0.0001965165138244629, "261": 0.0001939833164215088, "262": 0.0002008974552154541, "263": 0.00019134581089019775, "264": 0.00018963217735290527, "265": 0.00020584464073181152, "266": 0.0001859217882156372, "267": 0.00018593668937683105, "268": 0.0001847296953201294, "269": 0.00018233060836791992, "270": 0.000179290771484375,