{"0": 998.3068524599075, "1": 0.23480212688446045, "2": 0.0012054443359375, "3": 0.17762678861618042, "4": 0.02282091975212097, "5": 0.013322055339813232, "6": 0.010344237089157104, "7": 0.008258268237113953, "8": 0.006656274199485779, "9": 0.005477413535118103, "10": 0.004471942782402039, "11": 0.00387611985206604, "12": 0.0035458803176879883, "13": 0.003095567226409912, "14": 0.0024956464767456055, "15": 0.0022261440753936768, "16": 0.0021398812532424927, "17": 0.0019600093364715576, "18": 0.0017861276865005493, "19": 0.0016390085220336914, "20": 0.001574695110321045, "21": 0.001513466238975525, "22": 0.001471593976020813, "23": 0.001406937837600708, "24": 0.0013811439275741577, "25": 0.0013429969549179077, "26": 0.0012741535902023315, "27": 0.0012102574110031128, "28": 0.001159071922302246, "29": 0.0011112242937088013, "30": 0.0010985136032104492, "31": 0.001075059175491333, "32": 0.0010360479354858398, "33": 0.0010057538747787476, "34": 0.0009472370147705078, "35": 0.0009188055992126465, "36": 0.0008721202611923218, "37": 0.0008474886417388916, "38": 0.0008166879415512085, "39": 0.0007873177528381348, "40": 0.0007658898830413818, "41": 0.0007275640964508057, "42": 0.0007099509239196777, "43": 0.0006813406944274902, "44": 0.0006810873746871948, "45": 0.0006609708070755005, "46": 0.0006361603736877441, "47": 0.0006156563758850098, "48": 0.0005905032157897949, "49": 0.0005652159452438354, "50": 0.0005614012479782104, "51": 0.0005452483892440796, "52": 0.0005297362804412842, "53": 0.000514790415763855, "54": 0.000507846474647522, "55": 0.0005000084638595581, "56": 0.000490829348564148, "57": 0.0004818439483642578, "58": 0.00047181546688079834, "59": 0.00045627355575561523, "60": 0.0004396289587020874, "61": 0.0004273355007171631, "62": 0.0004206150770187378, "63": 0.00040553510189056396, "64": 0.0004096478223800659, "65": 0.0003960728645324707, "66": 0.00038424134254455566, "67": 0.0003697425127029419, "68": 0.00036419928073883057, "69": 0.0003499239683151245, "70": 0.0003334730863571167, "71": 0.00032889842987060547, "72": 0.0003258436918258667, "73": 0.00032670795917510986, "74": 0.00032119452953338623, "75": 0.00031732022762298584, "76": 0.0003123283386230469, "77": 0.000302240252494812, "78": 0.00029553472995758057, "79": 0.00029164552688598633, "80": 0.0002830922603607178, "81": 0.0002813190221786499, "82": 0.00027836859226226807, "83": 0.00027401745319366455, "84": 0.00027267634868621826, "85": 0.0002721250057220459, "86": 0.0002643764019012451, "87": 0.00025269389152526855, "88": 0.0002443641424179077, "89": 0.0002425462007522583, "90": 0.00023615360260009766, "91": 0.0002342909574508667, "92": 0.00023187696933746338, "93": 0.00023216009140014648, "94": 0.00023134052753448486, "95": 0.00023156404495239258, "96": 0.00022952258586883545, "97": 0.0002275705337524414, "98": 0.00023032724857330322, "99": 0.000230446457862854, "100": 0.0002321302890777588, "101": 0.00023415684700012207, "102": 0.00023800134658813477, "103": 0.00023604929447174072, "104": 0.0002297908067703247, "105": 0.00022745132446289062, "106": 0.00022777915000915527, "107": 0.0002300739288330078, "108": 0.00022852420806884766, "109": 0.0002321004867553711, "110": 0.000239640474319458, "111": 0.0002446472644805908, "112": 0.00024950504302978516, "113": 0.00023990869522094727, "114": 0.00022789835929870605, "115": 0.00022077560424804688, "116": 0.0002215355634689331, "117": 0.00022329390048980713, "118": 0.0002357959747314453, "119": 0.0002457946538925171, "120": 0.00024187564849853516, "121": 0.00022836029529571533, "122": 0.0002132207155227661, "123": 0.0002062469720840454, "124": 0.00021067261695861816, "125": 0.00022716820240020752, "126": 0.0002431422472000122, "127": 0.0002651512622833252, "128": 0.00028437376022338867, "129": 0.0002859830856323242, "130": 0.00029058754444122314, "131": 0.0003019273281097412, "132": 0.000299796462059021, "133": 0.0002902597188949585, "134": 0.00032438337802886963, "135": 0.00033496320247650146, "136": 0.0003187209367752075, "137": 0.00031119585037231445, "138": 0.000280529260635376, "139": 0.0002761632204055786, "140": 0.00029741227626800537, "141": 0.00028862059116363525, "142": 0.00025972723960876465, "143": 0.0002877265214920044, "144": 0.0002835392951965332, "145": 0.0003035515546798706, "146": 0.0002572387456893921, "147": 0.0002548694610595703, "148": 0.0002300739288330078, "149": 0.00024965405464172363, "150": 0.00023242831230163574, "151": 0.0002455413341522217, "152": 0.0002579689025878906, "153": 0.00025576353073120117, "154": 0.0002576112747192383, "155": 0.00034421682357788086, "156": 0.00029546022415161133, "157": 0.00030666589736938477, "158": 0.00030384957790374756, "159": 0.00031992048025131226, "160": 0.00026420503854751587, "161": 0.00026907771825790405, "162": 0.0002614334225654602, "163": 0.00027186423540115356, "164": 0.0003199055790901184, "165": 0.0003640502691268921, "166": 0.0003181770443916321, "167": 0.00027948617935180664, "168": 0.0002541765570640564, "169": 0.00026379525661468506, "170": 0.0002546384930610657, "171": 0.00026770681142807007, "172": 0.00035782158374786377, "173": 0.00033198297023773193, "174": 0.00028489530086517334, "175": 0.0002459883689880371, "176": 0.0002736896276473999, "177": 0.00025866925716400146, "178": 0.0002030208706855774, "179": 0.0003092437982559204, "180": 0.00035569071769714355, "181": 0.00044639408588409424, "182": 0.00031704455614089966, "183": 0.00040431320667266846, "184": 0.00036568939685821533, "185": 0.0003503188490867615, "186": 0.0004996657371520996, "187": 0.0002935156226158142, "188": 0.0002925693988800049, "189": 0.00022140145301818848, "190": 0.00017942488193511963, "191": 0.00015581399202346802, "192": 0.0001485869288444519, "193": 0.00014405697584152222, "194": 0.00017524510622024536, "195": 0.000180855393409729, "196": 0.00015795230865478516, "197": 0.00019396841526031494, "198": 0.00022423267364501953, "199": 0.0002473965287208557, "200": 0.00029487162828445435, "201": 0.0002960488200187683, "202": 0.0003017038106918335, "203": 0.0002407655119895935, "204": 0.0002800300717353821, "205": 0.0002725869417190552, "206": 0.0002449303865432739, "207": 0.0001758784055709839, "208": 0.00016590207815170288, "209": 0.00015824288129806519, "210": 0.00015581399202346802, "211": 0.00011715292930603027, "212": 0.00014491379261016846, "213": 0.0001217871904373169, "214": 0.00015707314014434814, "215": 9.422004222869873e-05, "216": 8.440017700195312e-05, "217": 0.0001144111156463623, "218": 0.00014703720808029175, "219": 0.00013521313667297363, "220": 0.00010635703802108765, "221": 8.444488048553467e-05, "222": 0.00011129677295684814, "223": 0.0001026839017868042, "224": 8.508563041687012e-05, "225": 6.039440631866455e-05, "226": 6.657838821411133e-05, "227": 7.393956184387207e-05, "228": 6.791949272155762e-05, "229": 7.680058479309082e-05, "230": 5.550682544708252e-05, "231": 4.416704177856445e-05, "232": 4.466623067855835e-05, "233": 5.001574754714966e-05, "234": 4.744529724121094e-05, "235": 5.5752694606781006e-05, "236": 5.299597978591919e-05, "237": 5.169212818145752e-05, "238": 4.807114601135254e-05, "239": 5.192309617996216e-05, "240": 2.1725893020629883e-05, "241": 1.4431774616241455e-05, "242": 1.3388693332672119e-05, "243": 1.370161771774292e-05, "244": 1.6517937183380127e-05, "245": 1.6666948795318604e-05, "246": 3.244727849960327e-05, "247": 4.127621650695801e-05, "248": 2.4840235710144043e-05, "249": 1.9766390323638916e-05, "250": 2.5659799575805664e-05, "251": 2.5197863578796387e-05, "252": 2.8148293495178223e-05, "253": 2.944469451904297e-05, "254": 2.6598572731018066e-05, "255": 3.503262996673584e-05, "256": 4.803389310836792e-05, "257": 3.220885992050171e-05, "258": 1.879781484603882e-05, "259": 1.8365681171417236e-05, "260": 1.8209218978881836e-05, "261": 9.767711162567139e-06, "262": 1.7657876014709473e-06, "263": 1.043081283569336e-07}