{"0": 0.6931473016738892, "1": 0.43015429377555847, "2": 0.42974257469177246, "3": 0.4276590049266815, "4": 0.4248831868171692, "5": 0.42171984910964966, "6": 0.41840776801109314, "7": 0.4151608943939209, "8": 0.41216325759887695, "9": 0.4093529284000397, "10": 0.40664130449295044, "11": 0.4040384590625763, "12": 0.40163251757621765, "13": 0.3992108404636383, "14": 0.39689353108406067, "15": 0.39459383487701416, "16": 0.39234259724617004, "17": 0.3900485634803772, "18": 0.3877755105495453, "19": 0.38544511795043945, "20": 0.38305726647377014, "21": 0.3806025981903076, "22": 0.37809377908706665, "23": 0.37553322315216064, "24": 0.37290966510772705, "25": 0.37027600407600403, "26": 0.36761096119880676, "27": 0.36488446593284607, "28": 0.3620981276035309, "29": 0.3592531681060791, "30": 0.35640788078308105, "31": 0.3536050021648407, "32": 0.3505953848361969, "33": 0.3475435972213745, "34": 0.344532310962677, "35": 0.34151795506477356, "36": 0.33850806951522827, "37": 0.335502564907074, "38": 0.3325403034687042, "39": 0.3295787572860718, "40": 0.32662928104400635, "41": 0.3235996961593628, "42": 0.3204939365386963, "43": 0.31736165285110474, "44": 0.31420597434043884, "45": 0.3110826909542084, "46": 0.3079819977283478, "47": 0.30491071939468384, "48": 0.30186012387275696, "49": 0.29881781339645386, "50": 0.29577702283859253, "51": 0.2926633358001709, "52": 0.28948497772216797, "53": 0.286289244890213, "54": 0.2832183241844177, "55": 0.28007784485816956, "56": 0.276714950799942, "57": 0.27229243516921997, "58": 0.2697620093822479, "59": 0.2669796049594879, "60": 0.2643795907497406, "61": 0.2615923583507538, "62": 0.259175568819046, "63": 0.25649529695510864, "64": 0.25408509373664856, "65": 0.2514286935329437, "66": 0.24918314814567566, "67": 0.2466370016336441, "68": 0.24381133913993835, "69": 0.24184474349021912, "70": 0.23993492126464844, "71": 0.23789730668067932, "72": 0.23595070838928223, "73": 0.2339746654033661, "74": 0.23208701610565186, "75": 0.23016968369483948, "76": 0.2283572405576706, "77": 0.22648823261260986, "78": 0.22465310990810394, "79": 0.22223562002182007, "80": 0.2206437736749649, "81": 0.21912109851837158, "82": 0.21748794615268707, "83": 0.21595360338687897, "84": 0.21441978216171265, "85": 0.21291033923625946, "86": 0.21145060658454895, "87": 0.20999455451965332, "88": 0.20854684710502625, "89": 0.20710867643356323, "90": 0.20506969094276428, "91": 0.20366613566875458, "92": 0.20229306817054749, "93": 0.20064666867256165, "94": 0.19934332370758057, "95": 0.19800668954849243, "96": 0.19670051336288452, "97": 0.19541332125663757, "98": 0.19414779543876648, "99": 0.19287194311618805, "100": 0.19156256318092346, "101": 0.18999618291854858, "102": 0.18874238431453705, "103": 0.1875608116388321, "104": 0.18617242574691772, "105": 0.18502095341682434, "106": 0.18380950391292572, "107": 0.18262892961502075, "108": 0.1814620941877365, "109": 0.1802976280450821, "110": 0.1791212558746338, "111": 0.17795293033123016, "112": 0.17668135464191437, "113": 0.17542396485805511, "114": 0.1740816831588745, "115": 0.17293545603752136, "116": 0.17192041873931885, "117": 0.17075484991073608, "118": 0.1696382313966751, "119": 0.16861240565776825, "120": 0.16761493682861328, "121": 0.1665498912334442, "122": 0.16551817953586578, "123": 0.16451013088226318, "124": 0.16347044706344604, "125": 0.16252005100250244, "126": 0.16154512763023376, "127": 0.16068173944950104, "128": 0.15975132584571838, "129": 0.15884366631507874, "130": 0.15803280472755432, "131": 0.15706729888916016, "132": 0.15623167157173157, "133": 0.1552996039390564, "134": 0.1544514298439026, "135": 0.15350618958473206, "136": 0.15267285704612732, "137": 0.15175609290599823, "138": 0.15085919201374054, "139": 0.15009832382202148, "140": 0.14926785230636597, "141": 0.14847956597805023, "142": 0.147739976644516, "143": 0.14690887928009033, "144": 0.14616723358631134, "145": 0.14531296491622925, "146": 0.14451389014720917, "147": 0.14377601444721222, "148": 0.1430344432592392, "149": 0.14225071668624878, "150": 0.14159654080867767, "151": 0.14083369076251984, "152": 0.1400718092918396, "153": 0.13939988613128662, "154": 0.13876387476921082, "155": 0.13799527287483215, "156": 0.137250155210495, "157": 0.13658110797405243, "158": 0.13594241440296173, "159": 0.1352747082710266, "160": 0.134563148021698, "161": 0.13386431336402893, "162": 0.13321945071220398, "163": 0.13255125284194946, "164": 0.1318710297346115, "165": 0.13125823438167572, "166": 0.13057935237884521, "167": 0.12992270290851593, "168": 0.12927144765853882, "169": 0.1286410689353943, "170": 0.1280650794506073, "171": 0.12748318910598755, "172": 0.12687377631664276, "173": 0.12629900872707367, "174": 0.12581700086593628, "175": 0.1252787858247757, "176": 0.1247701421380043, "177": 0.12429496645927429, "178": 0.12380443513393402, "179": 0.12334038317203522, "180": 0.12287978827953339, "181": 0.12244292348623276, "182": 0.12203648686408997, "183": 0.12159524112939835, "184": 0.12115974724292755, "185": 0.12075051665306091, "186": 0.1203361451625824, "187": 0.11993983387947083, "188": 0.11952059715986252, "189": 0.1191035658121109, "190": 0.11868168413639069, "191": 0.11826996505260468, "192": 0.11787878721952438, "193": 0.11748939752578735, "194": 0.11711061000823975, "195": 0.1167641133069992, "196": 0.11642173677682877, "197": 0.11609680950641632, "198": 0.11576493829488754, "199": 0.1154407188296318, "200": 0.11512023210525513, "201": 0.11481209099292755, "202": 0.11449794471263885, "203": 0.11418245732784271, "204": 0.11385461688041687, "205": 0.1135457307100296, "206": 0.11326953768730164, "207": 0.11298878490924835, "208": 0.11272136867046356, "209": 0.11245603859424591, "210": 0.1121988445520401, "211": 0.11193408071994781, "212": 0.11167310178279877, "213": 0.11141028255224228, "214": 0.11115182936191559, "215": 0.11086629331111908, "216": 0.11062949895858765, "217": 0.11037760972976685, "218": 0.1101449728012085, "219": 0.10990473628044128, "220": 0.10968029499053955, "221": 0.10945189744234085, "222": 0.10923406481742859, "223": 0.10900342464447021, "224": 0.10877253115177155, "225": 0.10853022336959839, "226": 0.10829979181289673, "227": 0.10809420049190521, "228": 0.10789428651332855, "229": 0.10768590122461319, "230": 0.10747043788433075, "231": 0.10725117474794388, "232": 0.10706473886966705, "233": 0.10684531927108765, "234": 0.10663207620382309, "235": 0.1064281165599823, "236": 0.10620439797639847, "237": 0.10599181056022644, "238": 0.10579686611890793, "239": 0.10557489842176437, "240": 0.10535717010498047, "241": 0.10514158010482788, "242": 0.10494866967201233, "243": 0.10478905588388443, "244": 0.10462798923254013, "245": 0.10446467250585556, "246": 0.1042943149805069, "247": 0.10413286834955215, "248": 0.10396109521389008, "249": 0.10378266870975494, "250": 0.1036124974489212, "251": 0.10345745831727982, "252": 0.10333458334207535, "253": 0.10321180522441864, "254": 0.10310093313455582, "255": 0.10299365222454071, "256": 0.10288752615451813, "257": 0.10280613601207733, "258": 0.10272569954395294, "259": 0.10264641046524048, "260": 0.10258685052394867, "261": 0.10248258709907532, "262": 0.10242491960525513, "263": 0.1023627519607544, "264": 0.10229756683111191, "265": 0.10223126411437988, "266": 0.10218493640422821, "267": 0.10213430970907211, "268": 0.10204002261161804, "269": 0.10190440714359283, "270": 0.1018676906824112, "271": 0.10182596743106842, "272": 0.10177703201770782, "273": 0.10173915326595306, "274": 0.10169999301433563, "275": 0.10166388750076294, "276": 0.1016339361667633, "277": 0.10160047560930252, "278": 0.10157722234725952, "279": 0.10153688490390778, "280": 0.1015053391456604, "281": 0.10147406160831451, "282": 0.10144297778606415, "283": 0.10141212493181229, "284": 0.1013808399438858, "285": 0.10134879499673843, "286": 0.10131509602069855, "287": 0.10128016769886017, "288": 0.10124277323484421, "289": 0.10119795799255371, "290": 0.10115569829940796, "291": 0.10111251473426819,