{"0": 0.6931473016738892, "1": 0.5883049368858337, "2": 0.5875183939933777, "3": 0.5849671959877014, "4": 0.5813319683074951, "5": 0.5767808556556702, "6": 0.5717158913612366, "7": 0.5665153861045837, "8": 0.5613723993301392, "9": 0.5563780069351196, "10": 0.5516197085380554, "11": 0.5469803810119629, "12": 0.5425082445144653, "13": 0.5380585193634033, "14": 0.5335739254951477, "15": 0.5291087031364441, "16": 0.5246204733848572, "17": 0.5201939940452576, "18": 0.515824019908905, "19": 0.5115335583686829, "20": 0.5073186755180359, "21": 0.5031666159629822, "22": 0.49908900260925293, "23": 0.4950675070285797, "24": 0.4911235570907593, "25": 0.48725029826164246, "26": 0.4835030138492584, "27": 0.47974857687950134, "28": 0.4760715663433075, "29": 0.4724549353122711, "30": 0.46890199184417725, "31": 0.4654127359390259, "32": 0.46197250485420227, "33": 0.45855721831321716, "34": 0.45517605543136597, "35": 0.4518381655216217, "36": 0.4484856128692627, "37": 0.44514384865760803, "38": 0.44179391860961914, "39": 0.4384191334247589, "40": 0.4350340962409973, "41": 0.43156665563583374, "42": 0.4280368387699127, "43": 0.42444056272506714, "44": 0.4207397997379303, "45": 0.4169139862060547, "46": 0.4129762351512909, "47": 0.40895161032676697, "48": 0.4049397110939026, "49": 0.40098822116851807, "50": 0.3969725966453552, "51": 0.39301565289497375, "52": 0.38902872800827026, "53": 0.3851264417171478, "54": 0.3810490667819977, "55": 0.3772227466106415, "56": 0.3736770451068878, "57": 0.37013107538223267, "58": 0.3666642904281616, "59": 0.36317262053489685, "60": 0.3598364591598511, "61": 0.35642242431640625, "62": 0.35318130254745483, "63": 0.34986984729766846, "64": 0.3466646075248718, "65": 0.3434589207172394, "66": 0.34017089009284973, "67": 0.3370239734649658, "68": 0.33420437574386597, "69": 0.33128419518470764, "70": 0.32854631543159485, "71": 0.3257178068161011, "72": 0.3230332136154175, "73": 0.32026150822639465, "74": 0.3176254630088806, "75": 0.31493455171585083, "76": 0.31229355931282043, "77": 0.3096145987510681, "78": 0.3069700002670288, "79": 0.3044584095478058, "80": 0.30209511518478394, "81": 0.2996850311756134, "82": 0.29738956689834595, "83": 0.29505211114883423, "84": 0.2928263247013092, "85": 0.2905484735965729, "86": 0.28835880756378174, "87": 0.2861350476741791, "88": 0.2839026153087616, "89": 0.28168177604675293, "90": 0.2794625759124756, "91": 0.27739790081977844, "92": 0.27536341547966003, "93": 0.27333956956863403, "94": 0.2713734805583954, "95": 0.2694028615951538, "96": 0.26745855808258057, "97": 0.2655019462108612, "98": 0.2635725736618042, "99": 0.261638879776001, "100": 0.2596692144870758, "101": 0.2577163279056549, "102": 0.25583332777023315, "103": 0.2540966868400574, "104": 0.252368301153183, "105": 0.2506849765777588, "106": 0.24902108311653137, "107": 0.2473583221435547, "108": 0.24571894109249115, "109": 0.24407440423965454, "110": 0.24243523180484772, "111": 0.24081340432167053, "112": 0.23911859095096588, "113": 0.23744267225265503, "114": 0.23582611978054047, "115": 0.2343343049287796, "116": 0.2328491508960724, "117": 0.2314046025276184, "118": 0.2299480140209198, "119": 0.22848255932331085, "120": 0.2270268201828003, "121": 0.2255588322877884, "122": 0.22408650815486908, "123": 0.22262082993984222, "124": 0.22109144926071167, "125": 0.21952715516090393, "126": 0.21801802515983582, "127": 0.2166600078344345, "128": 0.2153402417898178, "129": 0.2140776515007019, "130": 0.21285134553909302, "131": 0.21159926056861877, "132": 0.21037137508392334, "133": 0.20915475487709045, "134": 0.20794734358787537, "135": 0.20675477385520935, "136": 0.205532506108284, "137": 0.20432092249393463, "138": 0.2031068354845047, "139": 0.20209994912147522, "140": 0.20108188688755035, "141": 0.2000720351934433, "142": 0.19904717803001404, "143": 0.19799679517745972, "144": 0.1969444751739502, "145": 0.19590526819229126, "146": 0.19487398862838745, "147": 0.1938745528459549, "148": 0.19284981489181519, "149": 0.19180242717266083, "150": 0.19076453149318695, "151": 0.18991410732269287, "152": 0.18908193707466125, "153": 0.1882239133119583, "154": 0.1873702108860016, "155": 0.1864841878414154, "156": 0.18561723828315735, "157": 0.18477171659469604, "158": 0.1839369684457779, "159": 0.18310841917991638, "160": 0.18227384984493256, "161": 0.1814369559288025, "162": 0.18057885766029358, "163": 0.1799030750989914, "164": 0.17919373512268066, "165": 0.1784629225730896, "166": 0.17773237824440002, "167": 0.17698773741722107, "168": 0.1762365698814392, "169": 0.17549660801887512, "170": 0.1747499257326126, "171": 0.17400169372558594, "172": 0.17326617240905762, "173": 0.17249879240989685, "174": 0.1716659963130951, "175": 0.17106445133686066, "176": 0.17041626572608948, "177": 0.16974559426307678, "178": 0.16906115412712097, "179": 0.16837486624717712, "180": 0.16768144071102142, "181": 0.16698846220970154, "182": 0.16630145907402039, "183": 0.165633887052536, "184": 0.16494786739349365, "185": 0.16420990228652954, "186": 0.16357505321502686, "187": 0.16307416558265686, "188": 0.16255193948745728, "189": 0.16199500858783722, "190": 0.16144827008247375, "191": 0.16088108718395233, "192": 0.16032281517982483, "193": 0.15976406633853912, "194": 0.15920047461986542, "195": 0.15865933895111084, "196": 0.15811845660209656, "197": 0.15757057070732117, "198": 0.15699492394924164, "199": 0.15657168626785278, "200": 0.15606798231601715, "201": 0.15554818511009216, "202": 0.1550126075744629, "203": 0.1544719934463501, "204": 0.1539236307144165, "205": 0.15338601171970367, "206": 0.15286144614219666, "207": 0.15232929587364197, "208": 0.15176460146903992, "209": 0.1511474847793579, "210": 0.15057358145713806, "211": 0.15012189745903015, "212": 0.14966391026973724, "213": 0.1491411179304123, "214": 0.14863841235637665, "215": 0.14810284972190857, "216": 0.14761370420455933, "217": 0.14714784920215607, "218": 0.1466742604970932, "219": 0.14621756970882416, "220": 0.14576071500778198, "221": 0.14538531005382538, "222": 0.1449885070323944, "223": 0.14466620981693268, "224": 0.14429962635040283, "225": 0.14393235743045807, "226": 0.1435418426990509, "227": 0.14321568608283997, "228": 0.14285266399383545, "229": 0.1424906849861145, "230": 0.14216847717761993, "231": 0.14182882010936737, "232": 0.1415112167596817, "233": 0.14125072956085205, "234": 0.14098550379276276, "235": 0.14074093103408813, "236": 0.14049699902534485, "237": 0.14021222293376923, "238": 0.13998205959796906, "239": 0.13971197605133057, "240": 0.13945429027080536, "241": 0.1392292082309723, "242": 0.13899049162864685, "243": 0.1387743204832077, "244": 0.13852612674236298, "245": 0.13833807408809662, "246": 0.13816750049591064, "247": 0.13796786963939667, "248": 0.1377788782119751, "249": 0.1376287341117859, "250": 0.13743987679481506, "251": 0.13724592328071594, "252": 0.13704878091812134, "253": 0.1368478536605835, "254": 0.13664764165878296, "255": 0.13647028803825378, "256": 0.13627511262893677, "257": 0.1360846310853958, "258": 0.1358775645494461, "259": 0.13567925989627838, "260": 0.13548997044563293, "261": 0.13528114557266235, "262": 0.13509228825569153, "263": 0.134897381067276, "264": 0.13469389081001282, "265": 0.13448697328567505, "266": 0.13427719473838806, "267": 0.13409000635147095, "268": 0.13386744260787964, "269": 0.13364171981811523, "270": 0.1334172487258911, "271": 0.13316074013710022, "272": 0.13289526104927063, "273": 0.13263823091983795, "274": 0.1324065625667572, "275": 0.13217845559120178, "276": 0.1319492757320404, "277": 0.1317347288131714, "278": 0.1314946413040161, "279": 0.13129562139511108, "280": 0.13113388419151306, "281": 0.13092359900474548, "282": 0.13079506158828735, "283": 0.13068795204162598, "284": 0.1305808424949646, "285": 0.13043811917304993, "286": 0.13033857941627502, "287": 0.13023246824741364, "288": 0.13009428977966309, "289": 0.12998273968696594, "290": 0.12987646460533142, "291": 0.1297742873430252, "292": 0.1296742856502533, "293": 0.12957748770713806,