{"0": 0.6931473016738892, "1": 0.2073058933019638, "2": 0.20711597800254822, "3": 0.19633062183856964, "4": 0.19259975850582123, "5": 0.1893332153558731, "6": 0.18686127662658691, "7": 0.18466338515281677, "8": 0.18231609463691711, "9": 0.17949660122394562, "10": 0.1760711669921875, "11": 0.1743467003107071, "12": 0.17300395667552948, "13": 0.17174646258354187, "14": 0.1700691431760788, "15": 0.1682940572500229, "16": 0.16611960530281067, "17": 0.1642829179763794, "18": 0.1624995470046997, "19": 0.16039305925369263, "20": 0.15863251686096191, "21": 0.15698103606700897, "22": 0.15534144639968872, "23": 0.15344053506851196, "24": 0.15181410312652588, "25": 0.15026740729808807, "26": 0.148893803358078, "27": 0.14759409427642822, "28": 0.1461477130651474, "29": 0.14483875036239624, "30": 0.14349079132080078, "31": 0.14217157661914825, "32": 0.14095675945281982, "33": 0.13962528109550476, "34": 0.13833539187908173, "35": 0.13704636693000793, "36": 0.13593752682209015, "37": 0.1348436176776886, "38": 0.1337798833847046, "39": 0.13274270296096802, "40": 0.13173168897628784, "41": 0.13064312934875488, "42": 0.12967318296432495, "43": 0.1287013590335846, "44": 0.1277083456516266, "45": 0.12680204212665558, "46": 0.12581360340118408, "47": 0.12490537762641907, "48": 0.12402760237455368, "49": 0.1232081949710846, "50": 0.12235511094331741, "51": 0.12157972902059555, "52": 0.12079253792762756, "53": 0.12002746760845184, "54": 0.11927947402000427, "55": 0.11853738129138947, "56": 0.1178179383277893, "57": 0.11702226102352142, "58": 0.11631608009338379, "59": 0.11557312309741974, "60": 0.11491391062736511, "61": 0.11423058062791824, "62": 0.11353909969329834, "63": 0.1128692626953125, "64": 0.1121402233839035, "65": 0.11142212897539139, "66": 0.11071395874023438, "67": 0.1100473403930664, "68": 0.10938365757465363, "69": 0.1087036281824112, "70": 0.10810228437185287, "71": 0.10750366747379303, "72": 0.10693792998790741, "73": 0.10640081763267517, "74": 0.10585875809192657, "75": 0.10537590831518173, "76": 0.1048814207315445, "77": 0.10448269546031952, "78": 0.104030080139637, "79": 0.10361728072166443, "80": 0.10320053994655609, "81": 0.10287658870220184, "82": 0.10248589515686035, "83": 0.10209245979785919, "84": 0.10175077617168427, "85": 0.10141617804765701, "86": 0.10109066218137741, "87": 0.10077828913927078, "88": 0.10046276450157166, "89": 0.10015704482793808, "90": 0.09984709322452545, "91": 0.09953121840953827, "92": 0.09922924637794495, "93": 0.0989280492067337, "94": 0.0986408144235611, "95": 0.09834924340248108, "96": 0.09805798530578613, "97": 0.09777042269706726, "98": 0.09751281142234802, "99": 0.09725068509578705, "100": 0.09699173271656036, "101": 0.09674032777547836, "102": 0.09648377448320389, "103": 0.0962257832288742, "104": 0.09597531706094742, "105": 0.09573087096214294, "106": 0.09549318999052048, "107": 0.09525266289710999, "108": 0.09504089504480362, "109": 0.09483595937490463, "110": 0.0946454405784607, "111": 0.0944572314620018, "112": 0.09428089112043381, "113": 0.09410151094198227, "114": 0.09392692148685455, "115": 0.09375376999378204, "116": 0.09358712285757065, "117": 0.09342218935489655, "118": 0.09325771033763885, "119": 0.0930873230099678, "120": 0.09292852878570557, "121": 0.09277239441871643, "122": 0.09261757135391235, "123": 0.09245792776346207, "124": 0.09229996800422668, "125": 0.09213756024837494, "126": 0.09197907894849777, "127": 0.0918160155415535, "128": 0.09165400266647339, "129": 0.09148256480693817, "130": 0.09133321046829224, "131": 0.09119875729084015, "132": 0.09105846285820007, "133": 0.09091292321681976, "134": 0.09076648950576782, "135": 0.09061755985021591, "136": 0.0904688760638237, "137": 0.0903155654668808, "138": 0.09016868472099304, "139": 0.0900239571928978, "140": 0.08988387882709503, "141": 0.08973590284585953, "142": 0.0895848274230957, "143": 0.08946078270673752, "144": 0.08932341635227203, "145": 0.08918994665145874, "146": 0.08906011283397675, "147": 0.08892829716205597, "148": 0.08878578990697861, "149": 0.08864882588386536, "150": 0.08851130306720734, "151": 0.08837182819843292, "152": 0.08823584020137787, "153": 0.08810417354106903, "154": 0.08800005912780762, "155": 0.08789251744747162, "156": 0.08777540922164917, "157": 0.08765994012355804, "158": 0.08753369748592377, "159": 0.08740641921758652, "160": 0.08728140592575073, "161": 0.08718255162239075, "162": 0.08710445463657379, "163": 0.08701542019844055, "164": 0.08695588260889053, "165": 0.0868859589099884, "166": 0.0868285596370697, "167": 0.08675490319728851, "168": 0.08669336140155792, "169": 0.08661589026451111, "170": 0.08655070513486862, "171": 0.08648119866847992, "172": 0.08640989661216736, "173": 0.08633700013160706, "174": 0.08627749979496002, "175": 0.08622360974550247, "176": 0.08616659790277481, "177": 0.08611662685871124, "178": 0.08605921268463135, "179": 0.08599914610385895, "180": 0.0859464630484581, "181": 0.08589211106300354, "182": 0.08582934737205505, "183": 0.08579018712043762, "184": 0.0857718288898468, "185": 0.0857492983341217, "186": 0.08572828769683838, "187": 0.08570196479558945, "188": 0.08567623049020767, "189": 0.08565729111433029, "190": 0.08564750850200653, "191": 0.08563777804374695, "192": 0.08562801778316498, "193": 0.08561886101961136, "194": 0.08560936152935028, "195": 0.08560023456811905, "196": 0.08559158444404602, "197": 0.08558241277933121, "198": 0.08557100594043732, "199": 0.0855599194765091, "200": 0.08554904162883759, "201": 0.08553791046142578, "202": 0.08552618324756622, "203": 0.0855148658156395, "204": 0.08550188690423965, "205": 0.08548858761787415, "206": 0.08547507226467133, "207": 0.08546058088541031, "208": 0.08544626832008362, "209": 0.08543093502521515, "210": 0.08541492372751236, "211": 0.08539799600839615, "212": 0.08537992089986801, "213": 0.08536092936992645, "214": 0.08534085750579834, "215": 0.08532048761844635, "216": 0.08530398458242416, "217": 0.08529004454612732, "218": 0.08527794480323792, "219": 0.08526402711868286, "220": 0.08525443822145462, "221": 0.08524277806282043, "222": 0.08522984385490417, "223": 0.08521799743175507, "224": 0.08520863950252533, "225": 0.08519706130027771, "226": 0.08518274873495102, "227": 0.08516809344291687, "228": 0.0851542055606842, "229": 0.08513012528419495, "230": 0.08511782437562943, "231": 0.08510538935661316, "232": 0.08509278297424316, "233": 0.08507674932479858, "234": 0.08506521582603455, "235": 0.08505013585090637, "236": 0.08503438532352448, "237": 0.08502404391765594, "238": 0.0850176066160202, "239": 0.08501112461090088, "240": 0.08500000834465027, "241": 0.08498556911945343, "242": 0.08497317135334015, "243": 0.08496101945638657, "244": 0.08494745194911957, "245": 0.08493542671203613, "246": 0.084922656416893, "247": 0.08491075783967972, "248": 0.0849040299654007, "249": 0.08490048348903656, "250": 0.08489721268415451, "251": 0.08489375561475754, "252": 0.08489051461219788, "253": 0.08488768339157104, "254": 0.08488350361585617, "255": 0.08487755805253983, "256": 0.08487086743116379, "257": 0.08486358076334, "258": 0.08485524356365204, "259": 0.08484731614589691, "260": 0.08483917266130447, "261": 0.08483140170574188, "262": 0.08482351899147034, "263": 0.084816575050354, "264": 0.08480826020240784, "265": 0.08480016142129898, "266": 0.08479131758213043, "267": 0.08478187024593353, "268": 0.08477179706096649, "269": 0.08476433902978897, "270": 0.08475694060325623, "271": 0.08474929630756378, "272": 0.08474132418632507, "273": 0.0847337394952774, "274": 0.08472654223442078, "275": 0.08471935987472534, "276": 0.08470892906188965, "277": 0.08469823002815247, "278": 0.08468812704086304, "279": 0.08468130230903625, "280": 0.08467616885900497, "281": 0.08467112481594086, "282": 0.08466541022062302, "283": 0.08466038107872009, "284": 0.08465550094842911, "285": 0.08464954793453217, "286": 0.08464513719081879, "287": 0.08464071154594421, "288": 0.08463672548532486, "289": 0.08463405072689056, "290": 0.08463181555271149,