{"0": 0.6931473016738892, "1": 0.07117410004138947, "2": 0.07102000713348389, "3": 0.019951220601797104, "4": 0.019520100206136703, "5": 0.018556419759988785, "6": 0.017947643995285034, "7": 0.017455127090215683, "8": 0.017036644741892815, "9": 0.016635071486234665, "10": 0.016219647601246834, "11": 0.015740178525447845, "12": 0.01504986360669136, "13": 0.014733117073774338, "14": 0.014469419606029987, "15": 0.014274400658905506, "16": 0.014130260795354843, "17": 0.01401103287935257, "18": 0.013910669833421707, "19": 0.013819069601595402, "20": 0.013734120875597, "21": 0.013657329604029655, "22": 0.013590637594461441, "23": 0.013533199205994606, "24": 0.013488931581377983, "25": 0.01344926469027996, "26": 0.01340717077255249, "27": 0.0133596733212471, "28": 0.013307933695614338, "29": 0.013245063833892345, "30": 0.013169810175895691, "31": 0.013085352256894112, "32": 0.013001903891563416, "33": 0.012917999178171158, "34": 0.012823572382330894, "35": 0.012717769481241703, "36": 0.012602025642991066, "37": 0.012476414442062378, "38": 0.012334583327174187, "39": 0.012124767526984215, "40": 0.011919252574443817, "41": 0.011722777038812637, "42": 0.011534338817000389, "43": 0.011350441724061966, "44": 0.011182933114469051, "45": 0.011022461578249931, "46": 0.0109067652374506, "47": 0.01078351866453886, "48": 0.010668661445379257, "49": 0.010555330663919449, "50": 0.010484391823410988, "51": 0.010422226041555405, "52": 0.010367924347519875, "53": 0.01032930426299572, "54": 0.01029991265386343, "55": 0.010275643318891525, "56": 0.010252398438751698, "57": 0.010232103057205677, "58": 0.010213179513812065, "59": 0.010196427814662457, "60": 0.010183451697230339, "61": 0.010169181041419506, "62": 0.010155916213989258, "63": 0.010142338462173939, "64": 0.01011847797781229, "65": 0.010089116171002388, "66": 0.010047264397144318, "67": 0.009964652359485626, "68": 0.009906643070280552, "69": 0.009761884808540344, "70": 0.009722549468278885, "71": 0.009687354788184166, "72": 0.009656768292188644, "73": 0.009630083106458187, "74": 0.00960569642484188, "75": 0.00958624854683876, "76": 0.009567590430378914, "77": 0.009549727663397789, "78": 0.009532056748867035, "79": 0.009516244754195213, "80": 0.00950404442846775, "81": 0.009491680189967155, "82": 0.009464600123465061, "83": 0.009397242218255997, "84": 0.009366204962134361, "85": 0.009342331439256668, "86": 0.00932404212653637, "87": 0.009311463683843613, "88": 0.009302487596869469, "89": 0.009295185096561909, "90": 0.009289296343922615, "91": 0.009285463951528072, "92": 0.009282371960580349, "93": 0.009281800128519535}