{"0": 998.3068526983261, "1": -0.0428159236907959, "2": 0.002586543560028076, "3": 0.009385347366333008, "4": 0.011531651020050049, "5": 0.013055980205535889, "6": 0.013754487037658691, "7": 0.01353919506072998, "8": 0.012806415557861328, "9": 0.012005984783172607, "10": 0.011250734329223633, "11": 0.010590851306915283, "12": 0.009801387786865234, "13": 0.00933849811553955, "14": 0.00899428129196167, "15": 0.00873863697052002, "16": 0.008393168449401855, "17": 0.008032619953155518, "18": 0.007634282112121582, "19": 0.0073433518409729, "20": 0.007019221782684326, "21": 0.006674051284790039, "22": 0.006431221961975098, "23": 0.0062261223793029785, "24": 0.005991935729980469, "25": 0.005771815776824951, "26": 0.005566954612731934, "27": 0.0053751468658447266, "28": 0.0051975250244140625, "29": 0.005042284727096558, "30": 0.004882007837295532, "31": 0.004732847213745117, "32": 0.004610896110534668, "33": 0.004488617181777954, "34": 0.004356652498245239, "35": 0.004242122173309326, "36": 0.004126548767089844, "37": 0.004022270441055298, "38": 0.0039182305335998535, "39": 0.0038174092769622803, "40": 0.003726094961166382, "41": 0.003639131784439087, "42": 0.003552854061126709, "43": 0.00347137451171875, "44": 0.0033919811248779297, "45": 0.003314375877380371, "46": 0.0032372474670410156, "47": 0.0031604766845703125, "48": 0.003087639808654785, "49": 0.0030168890953063965, "50": 0.0029480457305908203, "51": 0.0028786659240722656, "52": 0.0028157830238342285, "53": 0.0027542710304260254, "54": 0.002698659896850586, "55": 0.0026432275772094727, "56": 0.00258520245552063, "57": 0.002533048391342163, "58": 0.002480536699295044, "59": 0.0024287402629852295, "60": 0.0023745298385620117, "61": 0.0023216307163238525, "62": 0.002271801233291626, "63": 0.002225041389465332, "64": 0.0021833181381225586, "65": 0.0021393299102783203, "66": 0.0021000802516937256, "67": 0.0020574629306793213, "68": 0.002016693353652954, "69": 0.00197407603263855, "70": 0.001933068037033081, "71": 0.0018948614597320557, "72": 0.0018571913242340088, "73": 0.0018227100372314453, "74": 0.0017901957035064697, "75": 0.0017619729042053223, "76": 0.0017374157905578613, "77": 0.00171738862991333, "78": 0.0017036199569702148, "79": 0.001686394214630127, "80": 0.0016827881336212158, "81": 0.0016883909702301025, "82": 0.0016951262950897217, "83": 0.0017165839672088623, "84": 0.0017378628253936768, "85": 0.001755833625793457, "86": 0.0017917752265930176, "87": 0.0018396973609924316, "88": 0.00189971923828125, "89": 0.001958489418029785, "90": 0.0020172595977783203, "91": 0.0020702481269836426, "92": 0.00212019681930542, "93": 0.0021506547927856445, "94": 0.002166241407394409, "95": 0.0021928250789642334, "96": 0.0022116899490356445, "97": 0.002227962017059326, "98": 0.0022366344928741455, "99": 0.002255171537399292, "100": 0.002245962619781494, "101": 0.002296745777130127, "102": 0.0022380053997039795, "103": 0.002446472644805908, "104": 0.0022287964820861816, "105": 0.002277076244354248, "106": 0.0022178292274475098, "107": 0.002259671688079834, "108": 0.0022525787353515625, "109": 0.0022818446159362793, "110": 0.0022231638431549072, "111": 0.0022152066230773926, "112": 0.002200573682785034, "113": 0.0022701621055603027, "114": 0.002180427312850952, "115": 0.0020394623279571533, "116": 0.0020763278007507324, "117": 0.0020665526390075684, "118": 0.0020862817764282227, "119": 0.0020496249198913574, "120": 0.002068161964416504, "121": 0.0020381510257720947, "122": 0.0020445585250854492, "123": 0.002036154270172119, "124": 0.0019993185997009277, "125": 0.002109706401824951, "126": 0.001846998929977417, "127": 0.0017241835594177246, "128": 0.0018713772296905518, "129": 0.0018389523029327393, "130": 0.0018794834613800049, "131": 0.0018168836832046509, "132": 0.0018236637115478516, "133": 0.0017801374197006226, "134": 0.0017671436071395874, "135": 0.0017683357000350952, "136": 0.0016600042581558228, "137": 0.0017502903938293457, "138": 0.0015485137701034546, "139": 0.0015964508056640625, "140": 0.0016177594661712646, "141": 0.001630932092666626, "142": 0.0016446113586425781, "143": 0.0016454905271530151, "144": 0.001607358455657959, "145": 0.0016294121742248535, "146": 0.0015805959701538086, "147": 0.0016864091157913208, "148": 0.0015865713357925415, "149": 0.0016640275716781616, "150": 0.001413971185684204, "151": 0.0014793425798416138, "152": 0.0014832764863967896, "153": 0.0015279948711395264, "154": 0.0015277117490768433, "155": 0.001515224575996399, "156": 0.001503080129623413, "157": 0.001478835940361023, "158": 0.0013950616121292114, "159": 0.0015041232109069824, "160": 0.0013822764158248901, "161": 0.0013429373502731323, "162": 0.0012010931968688965, "163": 0.0012485980987548828, "164": 0.0012867450714111328, "165": 0.0012789666652679443, "166": 0.0012968778610229492, "167": 0.0013145804405212402, "168": 0.0012928247451782227, "169": 0.0012957006692886353, "170": 0.001228615641593933, "171": 0.0013786852359771729, "172": 0.0011378973722457886, "173": 0.0011832714080810547, "174": 0.001116633415222168, "175": 0.0011501908302307129, "176": 0.0011020749807357788, "177": 0.0011749267578125, "178": 0.001139804720878601, "179": 0.0011743903160095215, "180": 0.001146271824836731, "181": 0.0011516809463500977, "182": 0.0011191368103027344, "183": 0.0011960864067077637, "184": 0.0009505897760391235, "185": 0.001058146357536316, "186": 0.0010349303483963013, "187": 0.001042380928993225, "188": 0.0009787380695343018, "189": 0.0010128766298294067, "190": 0.0009969472885131836, "191": 0.0010421425104141235, "192": 0.0009963959455490112, "193": 0.0010733157396316528, "194": 0.001027420163154602, "195": 0.0009661763906478882, "196": 0.000840604305267334, "197": 0.0007973462343215942, "198": 0.0008445382118225098, "199": 0.0008485615253448486, "200": 0.0008962750434875488, "201": 0.0009204447269439697, "202": 0.000915825366973877, "203": 0.00092335045337677, "204": 0.000897526741027832, "205": 0.0009786784648895264, "206": 0.0007768869400024414, "207": 0.0008286833763122559, "208": 0.000866815447807312, "209": 0.0008550882339477539, "210": 0.0008521527051925659, "211": 0.0008360445499420166, "212": 0.0007476508617401123, "213": 0.0007346868515014648, "214": 0.0007045567035675049, "215": 0.0007177591323852539, "216": 0.0007005631923675537, "217": 0.0007085055112838745, "218": 0.0005404949188232422, "219": 0.0006152838468551636, "220": 0.0006258785724639893, "221": 0.0006387233734130859, "222": 0.0005727708339691162, "223": 0.0005821436643600464, "224": 0.0005623102188110352, "225": 0.0005386918783187866, "226": 0.0005742460489273071, "227": 0.0005744248628616333, "228": 0.0005584359169006348, "229": 0.0005285888910293579, "230": 0.0005379468202590942, "231": 0.0005280971527099609, "232": 0.0004511922597885132, "233": 0.0004375278949737549, "234": 0.0004071742296218872, "235": 0.00034433603286743164, "236": 0.0003762245178222656, "237": 0.000356525182723999, "238": 0.0003507882356643677, "239": 0.0003696233034133911, "240": 0.00031366944313049316, "241": 0.0003368258476257324, "242": 0.0003058016300201416, "243": 0.00029186904430389404, "244": 0.0002448558807373047, "245": 0.0002884864807128906, "246": 0.00031165778636932373, "247": 0.0002994537353515625, "248": 0.00031110644340515137, "249": 0.0003139227628707886, "250": 0.00031216442584991455, "251": 0.00028736889362335205, "252": 0.00029781460762023926, "253": 0.0002997666597366333, "254": 0.00033596158027648926, "255": 0.0002488642930984497, "256": 0.00021532177925109863, "257": 0.00021608173847198486, "258": 0.0002071857452392578, "259": 0.00020901858806610107, "260": 0.00021104514598846436, "261": 0.0001770704984664917, "262": 0.00021275877952575684, "263": 0.00018547475337982178, "264": 0.00022774934768676758, "265": 0.00024361908435821533, "266": 0.0002449452877044678, "267": 0.00024144351482391357, "268": 0.00025916099548339844, "269": 0.0002238452434539795, "270": 0.00021120160818099976, "271": 0.00017664581537246704, "272": 0.00016342103481292725,