{"0": 998.3068526983261, "1": 0.3725961446762085, "2": 0.0004794597625732422, "3": 0.10371316969394684, "4": 0.01749482750892639, "5": 0.009551510214805603, "6": 0.006933480501174927, "7": 0.005483940243721008, "8": 0.0043773651123046875, "9": 0.0035828053951263428, "10": 0.003022700548171997, "11": 0.002592429518699646, "12": 0.002276018261909485, "13": 0.0019201934337615967, "14": 0.001634746789932251, "15": 0.001485481858253479, "16": 0.0013579577207565308, "17": 0.0012400895357131958, "18": 0.0011381655931472778, "19": 0.0010640472173690796, "20": 0.0010018348693847656, "21": 0.0009381771087646484, "22": 0.0008803755044937134, "23": 0.0008229613304138184, "24": 0.0007770806550979614, "25": 0.0007316619157791138, "26": 0.000696033239364624, "27": 0.0006582587957382202, "28": 0.0006326436996459961, "29": 0.0005971193313598633, "30": 0.0005681663751602173, "31": 0.0005416125059127808, "32": 0.0005178451538085938, "33": 0.0004950910806655884, "34": 0.0004718601703643799, "35": 0.00045031309127807617, "36": 0.0004304051399230957, "37": 0.0004131048917770386, "38": 0.0003999471664428711, "39": 0.00037766993045806885, "40": 0.00036576390266418457, "41": 0.00035472214221954346, "42": 0.000338137149810791, "43": 0.00032827258110046387, "44": 0.00031675398349761963, "45": 0.0003019571304321289, "46": 0.0002932995557785034, "47": 0.00028495490550994873, "48": 0.0002786964178085327, "49": 0.00027139484882354736, "50": 0.0002634674310684204, "51": 0.0002550184726715088, "52": 0.00024341046810150146, "53": 0.0002377629280090332, "54": 0.00023438036441802979, "55": 0.0002263188362121582, "56": 0.00022064149379730225, "57": 0.00021623075008392334, "58": 0.0002107173204421997, "59": 0.00020572543144226074, "60": 0.00020131468772888184, "61": 0.00019544363021850586, "62": 0.00019338726997375488, "63": 0.0001906752586364746, "64": 0.00018893182277679443, "65": 0.00018537044525146484, "66": 0.0001808851957321167, "67": 0.00018021464347839355, "68": 0.00017508864402770996, "69": 0.0001714080572128296, "70": 0.00016675889492034912, "71": 0.000164911150932312, "72": 0.00016336143016815186, "73": 0.00016185641288757324, "74": 0.0001592189073562622, "75": 0.00015555322170257568, "76": 0.00015658140182495117, "77": 0.00015373528003692627, "78": 0.00015173852443695068, "79": 0.0001501142978668213, "80": 0.0001484006643295288, "81": 0.0001462697982788086, "82": 0.00014582276344299316, "83": 0.00014548003673553467, "84": 0.00014320015907287598, "85": 0.00014141201972961426, "86": 0.0001424551010131836, "87": 0.0001436471939086914, "88": 0.00014387071132659912, "89": 0.00014460086822509766, "90": 0.0001427978277206421, "91": 0.0001437664031982422, "92": 0.00014610588550567627, "93": 0.00014927983283996582, "94": 0.00015209615230560303, "95": 0.00015622377395629883, "96": 0.00016483664512634277, "97": 0.00017242133617401123, "98": 0.00017918646335601807, "99": 0.0001858919858932495, "100": 0.00019055604934692383, "101": 0.00019501149654388428, "102": 0.00020065903663635254, "103": 0.00020435452461242676, "104": 0.00021483004093170166, "105": 0.00022692978382110596, "106": 0.00023651123046875, "107": 0.00025588274002075195, "108": 0.000269085168838501, "109": 0.00029735267162323, "110": 0.00031988322734832764, "111": 0.00034111738204956055, "112": 0.00037007778882980347, "113": 0.0004207342863082886, "114": 0.0004969611763954163, "115": 0.000525057315826416, "116": 0.0005859360098838806, "117": 0.0005950406193733215, "118": 0.0006837248802185059, "119": 0.00044289976358413696, "120": 0.0005575194954872131, "121": 0.0005555897951126099, "122": 0.0006002038717269897, "123": 0.0005358383059501648, "124": 0.0005930215120315552, "125": 0.0005188658833503723, "126": 0.000670120120048523, "127": 0.0004995390772819519, "128": 0.0006249099969863892, "129": 0.0006157234311103821, "130": 0.0004197433590888977, "131": 0.00039433687925338745, "132": 0.0004212707281112671, "133": 0.0003885403275489807, "134": 0.0004321560263633728, "135": 0.00037357211112976074, "136": 0.0004715472459793091, "137": 0.0003739893436431885, "138": 0.0003766268491744995, "139": 0.00037556886672973633, "140": 0.00044652819633483887, "141": 0.00030416250228881836, "142": 0.00034540146589279175, "143": 0.0003590211272239685, "144": 0.0003134533762931824, "145": 0.0003401562571525574, "146": 0.0003190934658050537, "147": 0.0003027394413948059, "148": 0.00033161044120788574, "149": 0.0003313794732093811, "150": 0.0003288090229034424, "151": 0.0003995969891548157, "152": 0.0002302229404449463, "153": 0.00021128356456756592, "154": 0.00021478533744812012, "155": 0.00023102760314941406, "156": 0.00024887174367904663, "157": 0.00024706870317459106, "158": 0.0002551153302192688, "159": 0.00025551021099090576, "160": 0.0003141835331916809, "161": 0.0002528280019760132, "162": 0.00029777735471725464, "163": 0.000317208468914032, "164": 0.0002917572855949402, "165": 0.00020882487297058105, "166": 0.0002155005931854248, "167": 0.0002566128969192505, "168": 0.00023871660232543945, "169": 0.0002313554286956787, "170": 0.00019559264183044434, "171": 0.0002378225326538086, "172": 0.00022555142641067505, "173": 0.00019069761037826538, "174": 0.0002157837152481079, "175": 0.00019213557243347168, "176": 0.0002127140760421753, "177": 0.0001803562045097351, "178": 0.00016529113054275513, "179": 0.0001596584916114807, "180": 0.00019887834787368774, "181": 0.00016000866889953613, "182": 0.00017257779836654663, "183": 0.00018696486949920654, "184": 0.00016423314809799194, "185": 0.00016984343528747559, "186": 0.00016025453805923462, "187": 0.00014662742614746094, "188": 0.00016548484563827515, "189": 0.0001475512981414795, "190": 0.00017262250185012817, "191": 0.00014846771955490112, "192": 0.00014378875494003296, "193": 0.00013837963342666626, "194": 0.00014241039752960205, "195": 0.00014050304889678955, "196": 0.0001434236764907837, "197": 0.00011564791202545166, "198": 0.00011771172285079956, "199": 0.00014856457710266113, "200": 0.00012576580047607422, "201": 0.00013960152864456177, "202": 0.00012695789337158203, "203": 0.00011648237705230713, "204": 0.00011540204286575317, "205": 0.00012997537851333618, "206": 0.00012323260307312012, "207": 0.00011742115020751953, "208": 0.00012770295143127441, "209": 0.0001134723424911499, "210": 9.772181510925293e-05, "211": 0.00012092292308807373, "212": 0.00011254847049713135, "213": 0.00010808557271957397, "214": 0.00010818988084793091, "215": 0.00010385364294052124, "216": 9.96217131614685e-05, "217": 0.00010215491056442261, "218": 0.0001059994101524353, "219": 0.00011050701141357422, "220": 0.00010511279106140137, "221": 7.610023021697998e-05, "222": 8.887797594070435e-05, "223": 6.982684135437012e-05, "224": 6.461143493652344e-05, "225": 6.0535967350006104e-05, "226": 6.099045276641846e-05, "227": 6.783008575439453e-05, "228": 6.861984729766846e-05, "229": 6.571412086486816e-05, "230": 7.633119821548462e-05, "231": 8.233636617660522e-05, "232": 8.131563663482666e-05, "233": 7.459521293640137e-05, "234": 7.364153861999512e-05, "235": 6.0752034187316895e-05, "236": 6.754696369171143e-05, "237": 8.607655763626099e-05, "238": 6.859749555587769e-05, "239": 7.434189319610596e-05, "240": 6.632506847381592e-05, "241": 6.806105375289917e-05, "242": 6.585568189620972e-05, "243": 6.397068500518799e-05, "244": 7.271766662597656e-05, "245": 7.064640522003174e-05, "246": 7.452070713043213e-05, "247": 8.163601160049438e-05, "248": 6.373971700668335e-05, "249": 5.704164505004883e-05, "250": 5.3822994232177734e-05, "251": 4.8547983169555664e-05, "252": 6.251037120819092e-05, "253": 4.5783817768096924e-05, "254": 4.6469271183013916e-05, "255": 4.7110021114349365e-05, "256": 5.188584327697754e-05, "257": 4.7169625759124756e-05, "258": 7.581710815429688e-05, "259": 4.6312808990478516e-05, "260": 4.6506524085998535e-05, "261": 4.579871892929077e-05, "262": 4.601478576660156e-05, "263": 4.5515596866607666e-05, "264": 4.357844591140747e-05, "265": 3.7066638469696045e-05, "266": 3.176182508468628e-05,