{"0": 998.3068526983261, "1": 0.5806258767843246, "2": 7.073581218719482e-05, "3": 0.02154303342103958, "4": 0.004230089485645294, "5": 0.003073573112487793, "6": 0.0024329274892807007, "7": 0.001983068883419037, "8": 0.0016559287905693054, "9": 0.0014302730560302734, "10": 0.0012241527438163757, "11": 0.0010672807693481445, "12": 0.0009443387389183044, "13": 0.0008266866207122803, "14": 0.0007428452372550964, "15": 0.0006762295961380005, "16": 0.0006183981895446777, "17": 0.0005653351545333862, "18": 0.0005259513854980469, "19": 0.0004895031452178955, "20": 0.00045677274465560913, "21": 0.0004275590181350708, "22": 0.00040121376514434814, "23": 0.00037682056427001953, "24": 0.00035630911588668823, "25": 0.00033286213874816895, "26": 0.0003161579370498657, "27": 0.0003006458282470703, "28": 0.00028746575117111206, "29": 0.0002726614475250244, "30": 0.00025850534439086914, "31": 0.00024878978729248047, "32": 0.00023861229419708252, "33": 0.00022720545530319214, "34": 0.00021839886903762817, "35": 0.00020878762006759644, "36": 0.00020117312669754028, "37": 0.0001942068338394165, "38": 0.0001887008547782898, "39": 0.00018230080604553223, "40": 0.0001762881875038147, "41": 0.00017115473747253418, "42": 0.00016608834266662598, "43": 0.00016092509031295776, "44": 0.0001553371548652649, "45": 0.00015214085578918457, "46": 0.0001485683023929596, "47": 0.00014446303248405457, "48": 0.0001410171389579773, "49": 0.00013782083988189697, "50": 0.00013355165719985962, "51": 0.00013025477528572083, "52": 0.00012594088912010193, "53": 0.00012430548667907715, "54": 0.00012116506695747375, "55": 0.00011929497122764587, "56": 0.00011682137846946716, "57": 0.0001139417290687561, "58": 0.00011206790804862976, "59": 0.00010976940393447876, "60": 0.00010789558291435242, "61": 0.00010517984628677368, "62": 0.00010431930422782898, "63": 0.0001023411750793457, "64": 0.00010071322321891785, "65": 9.917467832565308e-05, "66": 9.764730930328369e-05, "67": 9.631738066673279e-05, "68": 9.591132402420044e-05, "69": 9.534507989883423e-05, "70": 9.511411190032959e-05, "71": 9.370967745780945e-05, "72": 9.511783719062805e-05, "73": 9.436532855033875e-05, "74": 9.375438094139099e-05, "75": 9.46931540966034e-05, "76": 9.625405073165894e-05, "77": 9.872764348983765e-05, "78": 0.0001010410487651825, "79": 0.00010621920228004456, "80": 0.00010951608419418335, "81": 0.00011301413178443909, "82": 0.00011685863137245178, "83": 0.0001207403838634491, "84": 0.00012617185711860657, "85": 0.00013377517461776733, "86": 0.00014021992683410645, "87": 0.00014622509479522705, "88": 0.00015605613589286804, "89": 0.00016705691814422607, "90": 0.00018025189638137817, "91": 0.00019374117255210876, "92": 0.00020898506045341492, "93": 0.0002266429364681244, "94": 0.00025093182921409607, "95": 0.00029169395565986633, "96": 0.00038764625787734985, "97": 0.0003571547567844391, "98": 0.0003992542624473572, "99": 0.00048112496733665466, "100": 0.0003533884882926941, "101": 0.0004283599555492401, "102": 0.0004191398620605469, "103": 0.0004262663424015045, "104": 0.00040254369378089905, "105": 0.0004278533160686493, "106": 0.00037360936403274536, "107": 0.0004426538944244385, "108": 0.0003763735294342041, "109": 0.0004170835018157959, "110": 0.0004583001136779785, "111": 0.0003629624843597412, "112": 0.00034472718834877014, "113": 0.00042917579412460327, "114": 0.00037433207035064697, "115": 0.00041394680738449097, "116": 0.00036363303661346436, "117": 0.0004305541515350342, "118": 0.00036592409014701843, "119": 0.0003981664776802063, "120": 0.0003518722951412201, "121": 0.0004174374043941498, "122": 0.00031845271587371826, "123": 0.0002915970981121063, "124": 0.00032440945506095886, "125": 0.0002992860972881317, "126": 0.00034493207931518555, "127": 0.00030963122844696045, "128": 0.00035562366247177124, "129": 0.00040819868445396423, "130": 0.00040830671787261963, "131": 0.0003704279661178589, "132": 0.0004570707678794861, "133": 0.0003003068268299103, "134": 0.00027447938919067383, "135": 0.00026513636112213135, "136": 0.0002846568822860718, "137": 0.00025904178619384766, "138": 0.00024968385696411133, "139": 0.00026186928153038025, "140": 0.0002339184284210205, "141": 0.00028013065457344055, "142": 0.00025928765535354614, "143": 0.00023797526955604553, "144": 0.00028647854924201965, "145": 0.0002500377595424652, "146": 0.00022097676992416382, "147": 0.0002846717834472656, "148": 0.0002211146056652069, "149": 0.00023436546325683594, "150": 0.00024943798780441284, "151": 0.00021805986762046814, "152": 0.00022256746888160706, "153": 0.00023318082094192505, "154": 0.0002656690776348114, "155": 0.00025801360607147217, "156": 0.00021876394748687744, "157": 0.00020714476704597473, "158": 0.00021223723888397217, "159": 0.00019363686442375183, "160": 0.00023406371474266052, "161": 0.0001847594976425171, "162": 0.00018065795302391052, "163": 0.00018576160073280334, "164": 0.00016780942678451538, "165": 0.00020400434732437134, "166": 0.00018497556447982788, "167": 0.0001791641116142273, "168": 0.0001646578311920166, "169": 0.0001665167510509491, "170": 0.00015728920698165894, "171": 0.0001549758017063141, "172": 0.00015016645193099976, "173": 0.00014311820268630981, "174": 0.00016914308071136475, "175": 0.0001411736011505127, "176": 0.0001431107521057129, "177": 0.00014241784811019897, "178": 0.000134345144033432, "179": 0.00016043148934841156, "180": 0.00013206899166107178, "181": 0.00012899376451969147, "182": 0.00013494305312633514, "183": 0.00012718699872493744, "184": 0.0001238752156496048, "185": 0.00012808479368686676, "186": 0.00012125447392463684, "187": 0.00011825375258922577, "188": 0.00011966750025749207, "189": 0.00011165998876094818, "190": 0.000129014253616333, "191": 0.00010964274406433105, "192": 9.666942059993744e-05, "193": 0.00012977607548236847, "194": 0.00010025128722190857, "195": 0.00012896768748760223, "196": 0.000101456418633461, "197": 0.00010686181485652924, "198": 0.00010219961404800415, "199": 9.025819599628448e-05, "200": 8.749216794967651e-05, "201": 9.86829400062561e-05, "202": 0.00010918080806732178, "203": 9.751878678798676e-05, "204": 9.307824075222015e-05, "205": 9.143538773059845e-05, "206": 0.00010773353278636932, "207": 9.093433618545532e-05, "208": 8.52532684803009e-05, "209": 0.0001004151999950409, "210": 9.613856673240662e-05, "211": 8.730404078960419e-05, "212": 8.535757660865784e-05, "213": 8.29789787530899e-05, "214": 7.97174870967865e-05, "215": 8.334219455718994e-05, "216": 8.198432624340057e-05, "217": 9.70158725976944e-05, "218": 9.990483522415161e-05, "219": 8.64807516336441e-05, "220": 7.536448538303375e-05, "221": 9.433552622795105e-05, "222": 7.873587310314178e-05, "223": 7.29542225599289e-05, "224": 8.120015263557434e-05, "225": 7.884576916694641e-05, "226": 6.498023867607117e-05, "227": 5.84237277507782e-05, "228": 6.622821092605591e-05, "229": 6.842240691184998e-05, "230": 6.23464584350586e-05, "231": 6.132200360298157e-05, "232": 6.182678043842316e-05, "233": 6.311386823654175e-05, "234": 6.256252527236938e-05, "235": 5.908869206905365e-05, "236": 7.64504075050354e-05, "237": 5.701184272766113e-05, "238": 4.640407860279083e-05, "239": 4.503317177295685e-05, "240": 6.807968020439148e-05, "241": 4.5182183384895325e-05, "242": 4.509463906288147e-05, "243": 4.29544597864151e-05, "244": 6.630644202232361e-05, "245": 4.145875573158264e-05, "246": 4.169531166553497e-05, "247": 4.0858983993530273e-05, "248": 5.037151277065277e-05, "249": 4.021450877189636e-05, "250": 4.03672456741333e-05, "251": 3.999099135398865e-05, "252": 4.383176565170288e-05, "253": 3.8661062717437744e-05, "254": 3.878772258758545e-05, "255": 5.0321221351623535e-05, "256": 3.714114427566528e-05, "257": 3.637745976448059e-05, "258": 5.248747766017914e-05, "259": 3.484077751636505e-05, "260": 3.516301512718201e-05, "261": 3.4302473068237305e-05, "262": 3.457069396972656e-05, "263": 3.723427653312683e-05, "264": 3.866665065288544e-05, "265": 3.439001739025116e-05, "266": 3.238022327423096e-05,