{"0": 998.3068526983261, "1": 0.07520383596420288, "2": 0.001185774803161621, "3": 0.1434789001941681, "4": 0.0571770966053009, "5": 0.026764631271362305, "6": 0.018344849348068237, "7": 0.013844162225723267, "8": 0.010827034711837769, "9": 0.008846133947372437, "10": 0.007452458143234253, "11": 0.0063848793506622314, "12": 0.005632579326629639, "13": 0.004994094371795654, "14": 0.004434317350387573, "15": 0.004070669412612915, "16": 0.0037581324577331543, "17": 0.0035095810890197754, "18": 0.003263533115386963, "19": 0.0030728280544281006, "20": 0.0028853118419647217, "21": 0.00270235538482666, "22": 0.002563983201980591, "23": 0.0024055838584899902, "24": 0.002297639846801758, "25": 0.00221136212348938, "26": 0.002111196517944336, "27": 0.002010911703109741, "28": 0.0019228756427764893, "29": 0.0018505454063415527, "30": 0.0017665326595306396, "31": 0.0016966462135314941, "32": 0.0016465485095977783, "33": 0.0015892386436462402, "34": 0.0015154480934143066, "35": 0.0014733970165252686, "36": 0.00142669677734375, "37": 0.0013802945613861084, "38": 0.00133514404296875, "39": 0.001289457082748413, "40": 0.0012450218200683594, "41": 0.0012126564979553223, "42": 0.0011758953332901, "43": 0.0011422038078308105, "44": 0.0011110305786132812, "45": 0.0010828077793121338, "46": 0.0010610967874526978, "47": 0.0010344386100769043, "48": 0.0010112971067428589, "49": 0.0009867101907730103, "50": 0.0009692758321762085, "51": 0.0009485632181167603, "52": 0.0009228736162185669, "53": 0.0009018778800964355, "54": 0.0008821487426757812, "55": 0.0008667707443237305, "56": 0.0008487403392791748, "57": 0.0008331537246704102, "58": 0.0008175522089004517, "59": 0.0008061826229095459, "60": 0.0007966905832290649, "61": 0.0007880926132202148, "62": 0.000775456428527832, "63": 0.0007618814706802368, "64": 0.0007493495941162109, "65": 0.0007394999265670776, "66": 0.0007220804691314697, "67": 0.0007106512784957886, "68": 0.0006991028785705566, "69": 0.0006886273622512817, "70": 0.0006798356771469116, "71": 0.0006664693355560303, "72": 0.0006545782089233398, "73": 0.0006446242332458496, "74": 0.0006382912397384644, "75": 0.0006276071071624756, "76": 0.0006168931722640991, "77": 0.0006085336208343506, "78": 0.0006008446216583252, "79": 0.0005910694599151611, "80": 0.0005814433097839355, "81": 0.0005727261304855347, "82": 0.0005650371313095093, "83": 0.0005588382482528687, "84": 0.0005540251731872559, "85": 0.0005484968423843384, "86": 0.0005425512790679932, "87": 0.0005387812852859497, "88": 0.0005321502685546875, "89": 0.0005243271589279175, "90": 0.0005183666944503784, "91": 0.0005143284797668457, "92": 0.0005105435848236084, "93": 0.0005064159631729126, "94": 0.0005029588937759399, "95": 0.0004970133304595947, "96": 0.0004949122667312622, "97": 0.0004927366971969604, "98": 0.0004852712154388428, "99": 0.000481531023979187, "100": 0.0004830658435821533, "101": 0.0004928559064865112, "102": 0.0005073249340057373, "103": 0.0005178898572921753, "104": 0.0005313754081726074, "105": 0.0005578994750976562, "106": 0.0006079971790313721, "107": 0.0006584674119949341, "108": 0.0007234364748001099, "109": 0.0008111149072647095, "110": 0.0010529309511184692, "111": 0.0011332780122756958, "112": 0.0014397203922271729, "113": 0.0010976940393447876, "114": 0.0011732876300811768, "115": 0.0013463199138641357, "116": 0.0012439638376235962, "117": 0.0013084560632705688, "118": 0.0013678371906280518, "119": 0.0012285113334655762, "120": 0.001199379563331604, "121": 0.0013784021139144897, "122": 0.0011913180351257324, "123": 0.0012162476778030396, "124": 0.0010495483875274658, "125": 0.0010318458080291748, "126": 0.0010412484407424927, "127": 0.000948101282119751, "128": 0.0010014623403549194, "129": 0.0009752213954925537, "130": 0.0008715540170669556, "131": 0.0009368360042572021, "132": 0.0008549094200134277, "133": 0.0011096447706222534, "134": 0.0009482055902481079, "135": 0.000977441668510437, "136": 0.0008442401885986328, "137": 0.0008682757616043091, "138": 0.0008064359426498413, "139": 0.0008295178413391113, "140": 0.0008610337972640991, "141": 0.0008001327514648438, "142": 0.0008812844753265381, "143": 0.0007768571376800537, "144": 0.0008279979228973389, "145": 0.0008231401443481445, "146": 0.0007428824901580811, "147": 0.0007191747426986694, "148": 0.0006733536720275879, "149": 0.0008477717638015747, "150": 0.000629425048828125, "151": 0.0008041262626647949, "152": 0.0006648600101470947, "153": 0.0006266534328460693, "154": 0.0006348490715026855, "155": 0.0006757378578186035, "156": 0.0006288588047027588, "157": 0.0005990862846374512, "158": 0.0006393790245056152, "159": 0.0005814284086227417, "160": 0.0006081461906433105, "161": 0.0005110651254653931, "162": 0.0005385726690292358, "163": 0.0005486607551574707, "164": 0.0004985630512237549, "165": 0.0006096810102462769, "166": 0.0004863440990447998, "167": 0.0006313920021057129, "168": 0.0005715638399124146, "169": 0.0005019009113311768, "170": 0.0004901289939880371, "171": 0.0005265027284622192, "172": 0.00043992698192596436, "173": 0.0005587190389633179, "174": 0.0005300045013427734, "175": 0.0004899948835372925, "176": 0.0004601329565048218, "177": 0.00044377148151397705, "178": 0.0004936903715133667, "179": 0.00047166645526885986, "180": 0.00041750073432922363, "181": 0.0004708617925643921, "182": 0.0003941655158996582, "183": 0.0004416555166244507, "184": 0.0005014240741729736, "185": 0.0004727691411972046, "186": 0.00037384033203125, "187": 0.00034521520137786865, "188": 0.00035881996154785156, "189": 0.0003602951765060425, "190": 0.00036244094371795654, "191": 0.0003650486469268799, "192": 0.0003723055124282837, "193": 0.00035877525806427, "194": 0.00033263862133026123, "195": 0.0003514587879180908, "196": 0.0003667771816253662, "197": 0.0003173649311065674, "198": 0.00035455822944641113, "199": 0.00032986700534820557, "200": 0.000382348895072937, "201": 0.00029963254928588867, "202": 0.0003299117088317871, "203": 0.00029380619525909424, "204": 0.00029887259006500244, "205": 0.00029417872428894043, "206": 0.00032882392406463623, "207": 0.00031998753547668457, "208": 0.00026245415210723877, "209": 0.00028070807456970215, "210": 0.0002970695495605469, "211": 0.00032623112201690674, "212": 0.00023524463176727295, "213": 0.00022970139980316162, "214": 0.00022429227828979492, "215": 0.0002437382936477661, "216": 0.0002299100160598755, "217": 0.000243455171585083, "218": 0.00024010241031646729, "219": 0.00024518370628356934, "220": 0.00023999810218811035, "221": 0.00027382373809814453, "222": 0.00034746527671813965, "223": 0.00023052096366882324, "224": 0.0001885145902633667, "225": 0.0001812577247619629, "226": 0.00019422173500061035, "227": 0.00022549927234649658, "228": 0.0001760423183441162, "229": 0.0001787245273590088, "230": 0.0001837015151977539, "231": 0.0001769810914993286, "232": 0.0001668483018875122, "233": 0.00016769766807556152, "234": 0.00017248094081878662, "235": 0.00016540288925170898, "236": 0.00016723573207855225, "237": 0.00017508864402770996, "238": 0.00016641616821289062, "239": 0.00018724799156188965, "240": 0.00019665062427520752, "241": 0.00019778311252593994, "242": 0.0002047419548034668, "243": 0.0002057105302810669, "244": 0.0001866668462753296, "245": 0.00018727779388427734, "246": 0.0001857280731201172, "247": 0.00014685094356536865, "248": 0.00013750791549682617, "249": 0.00013235211372375488, "250": 0.00013215839862823486, "251": 0.00013211369514465332, "252": 0.00013680756092071533, "253": 0.00012888014316558838, "254": 0.00012376904487609863, "255": 0.00012221932411193848, "256": 0.00010964274406433105, "257": 0.00013650953769683838, "258": 0.00012737512588500977, "259": 0.00012969970703125, "260": 0.00012822449207305908, "261": 0.00018466264009475708, "262": 0.00011087208986282349, "263": 0.00010555237531661987, "264": 0.00010048598051071167, "265": 9.614229202270508e-05, "266": 8.738040924072266e-05, "267": 8.662045001983643e-05, "268": 9.307265281677246e-05, "269": 7.642805576324463e-05,