{"0": 0.6931473016738892, "1": 0.18461771309375763, "2": 0.1845371574163437, "3": 0.1675381362438202, "4": 0.15525242686271667, "5": 0.14682677388191223, "6": 0.14075967669487, "7": 0.1361052393913269, "8": 0.1323140263557434, "9": 0.12914831936359406, "10": 0.1264287829399109, "11": 0.12407596409320831, "12": 0.12198041379451752, "13": 0.12013489753007889, "14": 0.11846878379583359, "15": 0.1169513687491417, "16": 0.1155640259385109, "17": 0.11428623646497726, "18": 0.11310482770204544, "19": 0.1120065227150917, "20": 0.11098409444093704, "21": 0.11003390699625015, "22": 0.10913895815610886, "23": 0.10829915851354599, "24": 0.1074996292591095, "25": 0.1067471131682396, "26": 0.1060352623462677, "27": 0.10536448657512665, "28": 0.10472451150417328, "29": 0.10411131381988525, "30": 0.1035282239317894, "31": 0.10297121852636337, "32": 0.10244224220514297, "33": 0.10193559527397156, "34": 0.10144739598035812, "35": 0.100982166826725, "36": 0.10053104162216187, "37": 0.10009557753801346, "38": 0.099676713347435, "39": 0.09927324205636978, "40": 0.09888359904289246, "41": 0.09850886464118958, "42": 0.09814327210187912, "43": 0.09779002517461777, "44": 0.09744755178689957, "45": 0.09711600095033646, "46": 0.0967949852347374, "47": 0.09648241102695465, "48": 0.09617946296930313, "49": 0.09588523209095001, "50": 0.0955984964966774, "51": 0.09531888365745544, "52": 0.09504690021276474, "53": 0.09478390216827393, "54": 0.09452512115240097, "55": 0.09427420794963837, "56": 0.09402970224618912, "57": 0.09379050135612488, "58": 0.09355733543634415, "59": 0.09333014488220215, "60": 0.09310725331306458, "61": 0.09288978576660156, "62": 0.09267700463533401, "63": 0.09246885031461716, "64": 0.09226538985967636, "65": 0.09206657856702805, "66": 0.09187188744544983, "67": 0.09168143570423126, "68": 0.09149479866027832, "69": 0.09131179004907608, "70": 0.09113255143165588, "71": 0.09095680713653564, "72": 0.090784452855587, "73": 0.09061522781848907, "74": 0.09044884890317917, "75": 0.09028548002243042, "76": 0.09012473374605179, "77": 0.08996666222810745, "78": 0.08981124311685562, "79": 0.08965729176998138, "80": 0.08950208127498627, "81": 0.08934690058231354, "82": 0.08919087797403336, "83": 0.08903202414512634, "84": 0.08887054771184921, "85": 0.08870766311883926, "86": 0.08854422718286514, "87": 0.08837921172380447, "88": 0.08821212500333786, "89": 0.08804025501012802, "90": 0.08786268532276154, "91": 0.08767906576395035, "92": 0.08748779445886612, "93": 0.08728852868080139, "94": 0.08708164095878601, "95": 0.08686849474906921, "96": 0.08664858341217041, "97": 0.08642183989286423, "98": 0.08618747442960739, "99": 0.08594091236591339, "100": 0.08568204939365387, "101": 0.0854066014289856, "102": 0.08510739356279373, "103": 0.08478222787380219, "104": 0.08441027998924255, "105": 0.08395513892173767, "106": 0.08347273617982864, "107": 0.08307832479476929, "108": 0.08260292559862137, "109": 0.08208859711885452, "110": 0.08154445886611938, "111": 0.08094261586666107, "112": 0.08030381053686142, "113": 0.07962076365947723, "114": 0.07899461686611176, "115": 0.07833194732666016, "116": 0.0777360200881958, "117": 0.07703332602977753, "118": 0.07644681632518768, "119": 0.07587587088346481, "120": 0.07530570775270462, "121": 0.07474803179502487, "122": 0.07413220405578613, "123": 0.07354144006967545, "124": 0.07293932139873505, "125": 0.07233572751283646, "126": 0.07175228744745255, "127": 0.07113736122846603, "128": 0.07050875574350357, "129": 0.06989430636167526, "130": 0.06933113932609558, "131": 0.0687711089849472, "132": 0.0682339146733284, "133": 0.06768927723169327, "134": 0.06716135889291763, "135": 0.06663408875465393, "136": 0.06611471623182297, "137": 0.06560342013835907, "138": 0.06509216129779816, "139": 0.06458687782287598, "140": 0.06409167498350143, "141": 0.06360414624214172, "142": 0.06313833594322205, "143": 0.06267248094081879, "144": 0.06222556531429291, "145": 0.06177430599927902, "146": 0.06134486570954323, "147": 0.060906074941158295, "148": 0.06048997864127159, "149": 0.06006016582250595, "150": 0.05965198948979378, "151": 0.05924183502793312, "152": 0.05884397029876709, "153": 0.05845531448721886, "154": 0.058075912296772, "155": 0.05770424008369446, "156": 0.057335395365953445, "157": 0.05697742849588394, "158": 0.05661997199058533, "159": 0.056272123008966446, "160": 0.055927444249391556, "161": 0.055588629096746445, "162": 0.05525963753461838, "163": 0.05493021756410599, "164": 0.05461255833506584, "165": 0.05429290235042572, "166": 0.053986191749572754, "167": 0.05367549508810043, "168": 0.05337877944111824, "169": 0.05307978019118309, "170": 0.05279165133833885, "171": 0.052505724132061005, "172": 0.052222125232219696, "173": 0.051942575722932816, "174": 0.05166464298963547, "175": 0.0513925664126873, "176": 0.05112290382385254, "177": 0.050858303904533386, "178": 0.050598111003637314, "179": 0.05033876746892929, "180": 0.05008465424180031, "181": 0.04983033612370491, "182": 0.04958716034889221, "183": 0.049344856292009354, "184": 0.04911050200462341, "185": 0.04887383431196213, "186": 0.04864465445280075, "187": 0.048417046666145325, "188": 0.04819386824965477, "189": 0.04797475412487984, "190": 0.047754447907209396, "191": 0.047541260719299316, "192": 0.047327131032943726, "193": 0.0471184141933918, "194": 0.046910785138607025, "195": 0.046706829220056534, "196": 0.04650731757283211, "197": 0.04630635306239128, "198": 0.04610971733927727, "199": 0.04591312259435654, "200": 0.04572179168462753, "201": 0.045528970658779144, "202": 0.0453420951962471, "203": 0.045154500752687454, "204": 0.04497126489877701, "205": 0.04478766769170761, "206": 0.044606566429138184, "207": 0.04442886263132095, "208": 0.044252097606658936, "209": 0.044078949838876724, "210": 0.043907083570957184, "211": 0.04373571276664734, "212": 0.04356788843870163, "213": 0.04340020939707756, "214": 0.04323623329401016, "215": 0.04307081922888756, "216": 0.0429096557199955, "217": 0.04274864122271538, "218": 0.04259059578180313, "219": 0.04243238642811775, "220": 0.04227711632847786, "221": 0.04212259501218796, "222": 0.04196910560131073, "223": 0.041817352175712585, "224": 0.04166679456830025, "225": 0.04151533171534538, "226": 0.041366830468177795, "227": 0.041219357401132584, "228": 0.04107307642698288, "229": 0.04092838242650032, "230": 0.04078509286046028, "231": 0.04064427316188812, "232": 0.040506716817617416, "233": 0.04036989063024521, "234": 0.04023749753832817, "235": 0.0401034876704216, "236": 0.03997166454792023, "237": 0.03983960300683975, "238": 0.03971247747540474, "239": 0.03958102688193321, "240": 0.03945508226752281, "241": 0.03933221846818924, "242": 0.03920608013868332, "243": 0.0390838123857975, "244": 0.03896169364452362, "245": 0.03883872181177139, "246": 0.038717612624168396, "247": 0.03859323635697365, "248": 0.038471657782793045, "249": 0.03835286945104599, "250": 0.03823256120085716, "251": 0.03811457380652428, "252": 0.038001351058483124, "253": 0.03788209706544876, "254": 0.03777201846241951, "255": 0.03766613453626633, "256": 0.03752722218632698, "257": 0.037408262491226196, "258": 0.03729045391082764, "259": 0.03715537115931511, "260": 0.037012115120887756, "261": 0.03689846396446228, "262": 0.03678630664944649, "263": 0.03667605668306351, "264": 0.0365670844912529, "265": 0.03646249324083328, "266": 0.03635959327220917, "267": 0.036260075867176056, "268": 0.03616196662187576, "269": 0.036051422357559204, "270": 0.035952359437942505, "271": 0.03585611283779144, "272": 0.03576178103685379, "273": 0.035651158541440964, "274": 0.035555653274059296, "275": 0.03546154871582985, "276": 0.03536907210946083, "277": 0.03527434915304184, "278": 0.035173334181308746, "279": 0.03508172184228897, "280": 0.034992679953575134, "281": 0.03490631654858589, "282": 0.03482019901275635, "283": 0.034731969237327576, "284": 0.03464445844292641, "285": 0.034546859562397, "286": 0.03444855660200119, "287": 0.0343698114156723, "288": 0.03429383039474487,