{"0": 998.3068526983261, "1": 0.6745927650481462, "2": 1.1119991540908813e-06, "3": 0.0010168161243200302, "4": 0.0004513319581747055, "5": 0.00041905418038368225, "6": 0.00041522085666656494, "7": 0.0004040077328681946, "8": 0.0003941468894481659, "9": 0.0003809034824371338, "10": 0.0003688335418701172, "11": 0.0003546951338648796, "12": 0.000345802865922451, "13": 0.0003523528575897217, "14": 0.0003539007157087326, "15": 0.0003685392439365387, "16": 0.00039186514914035797, "17": 0.0004257252439856529, "18": 0.0004627453163266182, "19": 0.0004918444901704788, "20": 0.0005161967128515244, "21": 0.0005449596792459488, "22": 0.0005362210795283318, "23": 0.0005074432119727135, "24": 0.0004662899300456047, "25": 0.0004250071942806244, "26": 0.00038021430373191833, "27": 0.00044374167919158936, "28": 0.00023487210273742676, "29": 0.00018764520063996315, "30": 0.00017686840146780014, "31": 0.00016840221360325813, "32": 0.00015761330723762512, "33": 0.00014711357653141022, "34": 0.00013601034879684448, "35": 0.00012520700693130493, "36": 0.00011634081602096558, "37": 0.00010785413905978203, "38": 0.0001155477948486805, "39": 0.00010258052498102188, "40": 8.695200085639954e-05, "41": 8.427491411566734e-05, "42": 7.958896458148956e-05, "43": 7.787207141518593e-05, "44": 7.384736090898514e-05, "45": 7.184455171227455e-05, "46": 6.863800808787346e-05, "47": 6.660260260105133e-05, "48": 6.515439599752426e-05, "49": 6.372295320034027e-05, "50": 6.904918700456619e-05, "51": 5.600741133093834e-05, "52": 5.424674600362778e-05, "53": 5.4873060435056686e-05, "54": 5.181925371289253e-05, "55": 5.1719602197408676e-05, "56": 5.052145570516586e-05, "57": 5.049258470535278e-05, "58": 4.9384310841560364e-05, "59": 4.9334485083818436e-05, "60": 4.7209206968545914e-05, "61": 5.631055682897568e-05, "62": 4.6898145228624344e-05, "63": 4.387879744172096e-05, "64": 4.154350608587265e-05, "65": 4.1814520955085754e-05, "66": 4.0839891880750656e-05, "67": 4.076957702636719e-05, "68": 4.028435796499252e-05, "69": 4.0280167013406754e-05, "70": 3.957608714699745e-05, "71": 3.973301500082016e-05, "72": 3.751344047486782e-05, "73": 4.433700814843178e-05, "74": 3.69527842849493e-05, "75": 3.509293310344219e-05, "76": 3.196648322045803e-05, "77": 3.319489769637585e-05, "78": 3.229384310543537e-05, "79": 3.3176038414239883e-05, "80": 3.273226320743561e-05, "81": 3.331899642944336e-05, "82": 3.279000520706177e-05, "83": 3.330269828438759e-05, "84": 3.130338154733181e-05, "85": 3.675720654428005e-05, "86": 2.982933074235916e-05, "87": 2.8765294700860977e-05, "88": 2.6794150471687317e-05, "89": 2.7896836400032043e-05, "90": 2.7705449610948563e-05, "91": 2.8306618332862854e-05, "92": 2.8274953365325928e-05, "93": 2.8361566364765167e-05, "94": 2.79904343187809e-05, "95": 2.815062180161476e-05, "96": 2.7076341211795807e-05, "97": 3.283517435193062e-05, "98": 2.6854686439037323e-05, "99": 2.5461427867412567e-05, "100": 2.4395063519477844e-05, "101": 2.493755891919136e-05, "102": 2.5117304176092148e-05, "103": 2.4800188839435577e-05, "104": 2.445909194648266e-05, "105": 2.4441396817564964e-05, "106": 2.426723949611187e-05, "107": 2.368842251598835e-05, "108": 2.2984109818935394e-05, "109": 2.5657005608081818e-05, "110": 2.458132803440094e-05, "111": 2.219201996922493e-05, "112": 1.996103674173355e-05, "113": 2.0969659090042114e-05, "114": 2.1340791136026382e-05, "115": 2.1797139197587967e-05, "116": 2.1678395569324493e-05, "117": 2.132612280547619e-05, "118": 2.116616815328598e-05, "119": 2.004276029765606e-05, "120": 1.9301194697618484e-05, "121": 2.0363135263323784e-05, "122": 2.2875377908349037e-05, "123": 1.9892118871212006e-05, "124": 1.6931910067796707e-05, "125": 1.7829937860369682e-05, "126": 1.8419232219457626e-05, "127": 1.9394559785723686e-05, "128": 1.9758008420467377e-05, "129": 1.9527506083250046e-05, "130": 1.965416595339775e-05, "131": 1.9895611330866814e-05, "132": 1.9345199689269066e-05, "133": 1.9284896552562714e-05, "134": 2.0845560356974602e-05, "135": 2.198084257543087e-05, "136": 1.6175908967852592e-05, "137": 1.6412930563092232e-05, "138": 1.7416663467884064e-05, "139": 1.815054565668106e-05, "140": 1.8657883629202843e-05, "141": 1.8919119611382484e-05, "142": 1.899339258670807e-05, "143": 1.9041821360588074e-05, "144": 1.866673119366169e-05, "145": 1.9283965229988098e-05, "146": 2.00947979465127e-05, "147": 1.922470983117819e-05, "148": 1.4735152944922447e-05, "149": 1.5604542568325996e-05, "150": 1.6126548871397972e-05, "151": 1.6594305634498596e-05, "152": 1.7205718904733658e-05, "153": 1.7669284716248512e-05, "154": 1.7013982869684696e-05, "155": 1.5484518371522427e-05, "156": 1.4312216080725193e-05, "157": 1.4598132111132145e-05, "158": 1.586007419973612e-05, "159": 1.5546218492090702e-05, "160": 1.1424417607486248e-05, "161": 1.240801066160202e-05, "162": 1.3642129488289356e-05, "163": 1.404457725584507e-05, "164": 1.4064135029911995e-05, "165": 1.3984739780426025e-05, "166": 1.4094868674874306e-05, "167": 1.3921642675995827e-05, "168": 1.3766344636678696e-05, "169": 1.4351680874824524e-05, "170": 1.5594763681292534e-05, "171": 1.4258432202041149e-05, "172": 1.0113115422427654e-05, "173": 1.1278432793915272e-05, "174": 1.2086587958037853e-05, "175": 1.2334086932241917e-05, "176": 1.2469594366848469e-05, "177": 1.2585544027388096e-05, "178": 1.2700795195996761e-05, "179": 1.2301723472774029e-05, "180": 1.0653398931026459e-05, "181": 1.0952819138765335e-05, "182": 1.1344789527356625e-05, "183": 1.1672498658299446e-05, "184": 8.882023394107819e-06, "185": 9.125564247369766e-06, "186": 9.831041097640991e-06, "187": 9.622075594961643e-06, "188": 9.634066373109818e-06, "189": 9.542563930153847e-06, "190": 9.464798495173454e-06, "191": 9.450945071876049e-06, "192": 9.337207302451134e-06, "193": 9.86945815384388e-06, "194": 1.0060262866318226e-05, "195": 9.987037628889084e-06, "196": 7.137772627174854e-06, "197": 7.694121450185776e-06, "198": 8.25757160782814e-06, "199": 8.62369779497385e-06, "200": 8.703675121068954e-06, "201": 8.503207936882973e-06, "202": 8.659902960062027e-06, "203": 8.820206858217716e-06, "204": 8.718227036297321e-06, "205": 1.09492102637887e-05, "206": 9.435112588107586e-06, "207": 8.294242434203625e-06, "208": 7.844413630664349e-06, "209": 8.032191544771194e-06, "210": 7.736030966043472e-06, "211": 7.670605555176735e-06, "212": 7.845577783882618e-06, "213": 7.917871698737144e-06, "214": 7.700757123529911e-06, "215": 7.360940799117088e-06, "216": 6.930786184966564e-06, "217": 6.710877642035484e-06, "218": 5.546840839087963e-06, "219": 6.253132596611977e-06, "220": 6.353831849992275e-06, "221": 6.320304237306118e-06, "222": 6.590387783944607e-06, "223": 7.261871360242367e-06, "224": 7.162801921367645e-06, "225": 7.048831321299076e-06, "226": 6.993650458753109e-06, "227": 7.65977893024683e-06, "228": 7.768627256155014e-06, "229": 7.056631147861481e-06, "230": 6.680958904325962e-06, "231": 6.407615728676319e-06, "232": 6.29061833024025e-06, "233": 6.041023880243301e-06, "234": 8.278642781078815e-06, "235": 5.9105223044753075e-06, "236": 5.920650437474251e-06, "237": 6.575719453394413e-06, "238": 7.83940777182579e-06, "239": 6.213609594851732e-06, "240": 5.0255912356078625e-06, "241": 5.682464689016342e-06, "242": 4.664645530283451e-06, "243": 7.945578545331955e-06, "244": 5.615234840661287e-06, "245": 4.933972377330065e-06, "246": 7.448194082826376e-06, "247": 6.595277227461338e-06, "248": 2.3426255211234093e-06, "249": 2.8714421205222607e-06, "250": 3.058521542698145e-06, "251": 1.1330004781484604e-05, "252": 3.7395511753857136e-06, "253": 3.3539836294949055e-06, "254": 3.348570317029953e-06, "255": 3.213470336049795e-06, "256": 4.241243004798889e-06, "257": 3.2452517189085484e-06, "258": 6.234040483832359e-06, "259": 2.529122866690159e-06, "260": 2.7994392439723015e-06, "261": 3.2489770092070103e-06, "262": 2.975109964609146e-06, "263": 3.850611392408609e-06, "264": 2.4608452804386616e-06, "265": 2.4358159862458706e-06, "266": 2.3855245672166348e-06,