{"0": 0.6931473016738892, "1": 0.29900282621383667, "2": 0.29864275455474854, "3": 0.20011812448501587, "4": 0.1712304800748825, "5": 0.15777568519115448, "6": 0.14899100363254547, "7": 0.14279255270957947, "8": 0.13819502294063568, "9": 0.13463476300239563, "10": 0.13169586658477783, "11": 0.1292210817337036, "12": 0.12712348997592926, "13": 0.12537626922130585, "14": 0.12394039332866669, "15": 0.12260150909423828, "16": 0.12133258581161499, "17": 0.12013855576515198, "18": 0.11903239786624908, "19": 0.11799309402704239, "20": 0.11702560633420944, "21": 0.11611822992563248, "22": 0.11527372151613235, "23": 0.11447993665933609, "24": 0.11373206973075867, "25": 0.11301669478416443, "26": 0.11233488470315933, "27": 0.11167815327644348, "28": 0.11104714870452881, "29": 0.1104440689086914, "30": 0.10986657440662384, "31": 0.10931672155857086, "32": 0.10879015922546387, "33": 0.10828588902950287, "34": 0.10780125856399536, "35": 0.10733579099178314, "36": 0.10688364505767822, "37": 0.10644631087779999, "38": 0.10602615773677826, "39": 0.10561791062355042, "40": 0.10522253811359406, "41": 0.10483856499195099, "42": 0.10446467995643616, "43": 0.10409471392631531, "44": 0.10373297333717346, "45": 0.10337837785482407, "46": 0.10303224623203278, "47": 0.10269589722156525, "48": 0.10236429423093796, "49": 0.10203667730093002, "50": 0.10171085596084595, "51": 0.10139033198356628, "52": 0.10107539594173431, "53": 0.10076311230659485, "54": 0.10045602917671204, "55": 0.10014886409044266, "56": 0.09984497725963593, "57": 0.09953821450471878, "58": 0.099228136241436, "59": 0.09891152381896973, "60": 0.09859064966440201, "61": 0.09826348721981049, "62": 0.09793368726968765, "63": 0.09760134667158127, "64": 0.0972643792629242, "65": 0.09691940248012543, "66": 0.09657063335180283, "67": 0.09621310979127884, "68": 0.09584087133407593, "69": 0.09545056521892548, "70": 0.0950467512011528, "71": 0.09462808072566986, "72": 0.09419084340333939, "73": 0.09372424334287643, "74": 0.09322184324264526, "75": 0.09268921613693237, "76": 0.09211811423301697, "77": 0.09151129424571991, "78": 0.0908670723438263, "79": 0.0901959091424942, "80": 0.08948387205600739, "81": 0.08869875967502594, "82": 0.08786027133464813, "83": 0.08695481717586517, "84": 0.08601183444261551, "85": 0.08498093485832214, "86": 0.0842713788151741, "87": 0.08352559804916382, "88": 0.0827123373746872, "89": 0.0818358063697815, "90": 0.08092455565929413, "91": 0.0800715759396553, "92": 0.07925023138523102, "93": 0.07837167382240295, "94": 0.07752494513988495, "95": 0.07669351994991302, "96": 0.07593295723199844, "97": 0.0751858651638031, "98": 0.07427904009819031, "99": 0.0736551433801651, "100": 0.07304049283266068, "101": 0.07246144115924835, "102": 0.07188571989536285, "103": 0.07126977294683456, "104": 0.07068930566310883, "105": 0.07009433209896088, "106": 0.06948614865541458, "107": 0.0688638836145401, "108": 0.0682418942451477, "109": 0.067528136074543, "110": 0.0669163167476654, "111": 0.06641457229852676, "112": 0.06591710448265076, "113": 0.06544868648052216, "114": 0.06491883844137192, "115": 0.06444130837917328, "116": 0.0639631375670433, "117": 0.06348534673452377, "118": 0.06293316185474396, "119": 0.062433380633592606, "120": 0.06188232824206352, "121": 0.0614190474152565, "122": 0.06095081940293312, "123": 0.06047035753726959, "124": 0.05998588353395462, "125": 0.05956268310546875, "126": 0.059150330722332, "127": 0.05873851850628853, "128": 0.05832362174987793, "129": 0.05792270228266716, "130": 0.05752335488796234, "131": 0.05713963508605957, "132": 0.056787703186273575, "133": 0.05646039545536041, "134": 0.05613258108496666, "135": 0.05580401048064232, "136": 0.05546896159648895, "137": 0.05516843497753143, "138": 0.054830893874168396, "139": 0.05450040102005005, "140": 0.05417477712035179, "141": 0.053902141749858856, "142": 0.05358424782752991, "143": 0.05332935228943825, "144": 0.053044214844703674, "145": 0.052747637033462524, "146": 0.05248463898897171, "147": 0.05222195014357567, "148": 0.05194602161645889, "149": 0.05166339874267578, "150": 0.05140082910656929, "151": 0.0511360839009285, "152": 0.05087772011756897, "153": 0.05061012879014015, "154": 0.050353966653347015, "155": 0.05008937418460846, "156": 0.04987890273332596, "157": 0.049646906554698944, "158": 0.04944884404540062, "159": 0.04920380935072899, "160": 0.04900931194424629, "161": 0.04881701618432999, "162": 0.04862208664417267, "163": 0.0484141930937767, "164": 0.048192352056503296, "165": 0.04797373712062836, "166": 0.047745879739522934, "167": 0.04749252647161484, "168": 0.04725783318281174, "169": 0.04703999683260918, "170": 0.046832792460918427, "171": 0.04663301259279251, "172": 0.04643233120441437, "173": 0.04622059315443039, "174": 0.04599037766456604, "175": 0.04571215808391571, "176": 0.04545975476503372, "177": 0.045166924595832825, "178": 0.044917598366737366, "179": 0.04465549439191818, "180": 0.04442784935235977, "181": 0.04418104141950607, "182": 0.043965116143226624, "183": 0.04376570135354996, "184": 0.04357309639453888, "185": 0.04337789863348007, "186": 0.043179892003536224, "187": 0.043002478778362274, "188": 0.04285150021314621, "189": 0.0426911786198616, "190": 0.04253070056438446, "191": 0.04236689209938049, "192": 0.042211756110191345, "193": 0.04202879220247269, "194": 0.04188401252031326, "195": 0.04173332452774048, "196": 0.04158847779035568, "197": 0.04138779640197754, "198": 0.041119929403066635, "199": 0.0409037284553051, "200": 0.04071492701768875, "201": 0.040543124079704285, "202": 0.04036518931388855, "203": 0.04018478840589523, "204": 0.040027275681495667, "205": 0.03988867253065109, "206": 0.03975474834442139, "207": 0.03956198692321777, "208": 0.0394403450191021, "209": 0.03929390385746956, "210": 0.039154041558504105, "211": 0.039022304117679596, "212": 0.03890189528465271, "213": 0.03879198804497719, "214": 0.03868823125958443, "215": 0.03858744725584984, "216": 0.038477301597595215, "217": 0.03839704394340515, "218": 0.03826431185007095, "219": 0.0381515696644783, "220": 0.03804738447070122, "221": 0.03789250925183296, "222": 0.03778260573744774, "223": 0.0376269593834877, "224": 0.03751172497868538, "225": 0.03740183264017105, "226": 0.03727758303284645, "227": 0.037142906337976456, "228": 0.037002693861722946, "229": 0.03685085475444794, "230": 0.03672970458865166, "231": 0.03663262724876404, "232": 0.03654275834560394, "233": 0.03645087033510208, "234": 0.03635997697710991, "235": 0.036285918205976486, "236": 0.03621304780244827, "237": 0.03613801300525665, "238": 0.036054275929927826, "239": 0.035988833755254745, "240": 0.035890139639377594, "241": 0.03582141548395157, "242": 0.03570305556058884, "243": 0.035647567361593246, "244": 0.0355912521481514, "245": 0.03554154187440872, "246": 0.03549432381987572, "247": 0.03544841334223747, "248": 0.03540896624326706, "249": 0.03537200391292572, "250": 0.03533700853586197, "251": 0.03526102006435394, "252": 0.0352296456694603, "253": 0.03519529104232788, "254": 0.035161733627319336, "255": 0.03513180464506149, "256": 0.03510253131389618, "257": 0.03507371246814728, "258": 0.03503318130970001, "259": 0.034968581050634384, "260": 0.0348476842045784, "261": 0.03479917347431183, "262": 0.03476405143737793, "263": 0.034727782011032104, "264": 0.03469119220972061, "265": 0.0346536748111248, "266": 0.034622278064489365, "267": 0.034600842744112015, "268": 0.034575555473566055, "269": 0.0345517173409462, "270": 0.03453407436609268, "271": 0.03451157361268997, "272": 0.03448943793773651, "273": 0.034469716250896454, "274": 0.03444486856460571, "275": 0.0344218909740448, "276": 0.03439749777317047, "277": 0.03437409549951553, "278": 0.03435242176055908, "279": 0.03432517126202583, "280": 0.034297652542591095, "281": 0.0342719666659832, "282": 0.034246914088726044, "283": 0.03422838822007179, "284": 0.03421344235539436, "285": 0.03419870138168335, "286": 0.03418450430035591, "287": 0.034170519560575485, "288": 0.034154266119003296,