{"0": 0.6931473016738892, "1": 0.1776055544614792, "2": 0.17684315145015717, "3": 0.030005671083927155, "4": 0.02798670530319214, "5": 0.021226610988378525, "6": 0.020526517182588577, "7": 0.01992187090218067, "8": 0.019518952816724777, "9": 0.019151892513036728, "10": 0.018807677552103996, "11": 0.018528390675783157, "12": 0.01820964366197586, "13": 0.01781367138028145, "14": 0.0173101257532835, "15": 0.016708314418792725, "16": 0.016183190047740936, "17": 0.013619953766465187, "18": 0.013369028456509113, "19": 0.013167846016585827, "20": 0.012978748418390751, "21": 0.012771823443472385, "22": 0.012450089678168297, "23": 0.012170722708106041, "24": 0.011955074034631252, "25": 0.011754253879189491, "26": 0.011540577746927738, "27": 0.011370304971933365, "28": 0.011174331419169903, "29": 0.011062858626246452, "30": 0.010806219652295113, "31": 0.01073424518108368, "32": 0.010641522705554962, "33": 0.010514888912439346, "34": 0.010417616926133633, "35": 0.010328204371035099, "36": 0.010245393961668015, "37": 0.010156205855309963, "38": 0.01010315865278244, "39": 0.010052980855107307, "40": 0.010014769621193409, "41": 0.00999478343874216, "42": 0.009979359805583954, "43": 0.009962014853954315, "44": 0.009948177263140678, "45": 0.009940513409674168, "46": 0.009929979220032692, "47": 0.009918766096234322, "48": 0.009907294064760208, "49": 0.00988741870969534, "50": 0.009874481707811356, "51": 0.009866445325314999, "52": 0.009859589859843254, "53": 0.009851244278252125, "54": 0.009844586253166199, "55": 0.009841031394898891, "56": 0.009834500029683113, "57": 0.009828148409724236, "58": 0.009821322746574879, "59": 0.00981081835925579, "60": 0.009803921915590763, "61": 0.009799700230360031, "62": 0.009794115088880062, "63": 0.0097895422950387, "64": 0.009784968569874763, "65": 0.009780647233128548, "66": 0.009776482358574867, "67": 0.009772456251084805, "68": 0.009768549352884293, "69": 0.00976476725190878, "70": 0.009761065244674683, "71": 0.009756440296769142, "72": 0.009753142483532429, "73": 0.009747404605150223, "74": 0.009747336618602276}