{"0": 0.6931473016738892, "1": 0.18023017048835754, "2": 0.17969158291816711, "3": 0.05226751044392586, "4": 0.05054580420255661, "5": 0.04832123965024948, "6": 0.04690054804086685, "7": 0.04595347121357918, "8": 0.04525831714272499, "9": 0.04469743371009827, "10": 0.044229380786418915, "11": 0.04383774846792221, "12": 0.04349645972251892, "13": 0.04326043650507927, "14": 0.04306156188249588, "15": 0.04286520928144455, "16": 0.04265176132321358, "17": 0.04242522642016411, "18": 0.04218440502882004, "19": 0.041956495493650436, "20": 0.041697800159454346, "21": 0.04141705855727196, "22": 0.04114019125699997, "23": 0.04076170176267624, "24": 0.04024645313620567, "25": 0.03963196277618408, "26": 0.03905925154685974, "27": 0.03861989080905914, "28": 0.03816496953368187, "29": 0.037731703370809555, "30": 0.03729621320962906, "31": 0.03677557408809662, "32": 0.036405663937330246, "33": 0.03589842468500137, "34": 0.03553716838359833, "35": 0.03522813320159912, "36": 0.034941449761390686, "37": 0.03469650819897652, "38": 0.03447449207305908, "39": 0.034255500882864, "40": 0.0340459868311882, "41": 0.03385471552610397, "42": 0.03365863859653473, "43": 0.03346859663724899, "44": 0.03326554596424103, "45": 0.03304833918809891, "46": 0.03283969312906265, "47": 0.0326407253742218, "48": 0.03243517130613327, "49": 0.03223198652267456, "50": 0.03193574398756027, "51": 0.03157825767993927, "52": 0.03125954791903496, "53": 0.031052928417921066, "54": 0.030850738286972046, "55": 0.03058597818017006, "56": 0.03033577650785446, "57": 0.03011419251561165, "58": 0.0299233291298151, "59": 0.02975315786898136, "60": 0.029612667858600616, "61": 0.029484864324331284, "62": 0.029264645650982857, "63": 0.02908816561102867, "64": 0.02889085002243519, "65": 0.02873687632381916, "66": 0.02859983593225479, "67": 0.028479978442192078, "68": 0.028393367305397987, "69": 0.028306934982538223, "70": 0.028203465044498444, "71": 0.02809002622961998, "72": 0.027977364137768745, "73": 0.02790747582912445, "74": 0.027865547686815262, "75": 0.02784106694161892, "76": 0.02781939134001732, "77": 0.027796341106295586, "78": 0.02777661383152008, "79": 0.027758752927184105, "80": 0.027735576033592224, "81": 0.027705779299139977, "82": 0.027681272476911545, "83": 0.027641357854008675, "84": 0.027516242116689682, "85": 0.027335122227668762, "86": 0.027293788269162178, "87": 0.027293406426906586}