{"0": 998.3068526983261, "1": -0.10428261756896973, "2": 0.001963794231414795, "3": 0.16695564985275269, "4": 0.087959885597229, "5": 0.04249408841133118, "6": 0.028152018785476685, "7": 0.021279722452163696, "8": 0.016878575086593628, "9": 0.014135509729385376, "10": 0.012088805437088013, "11": 0.01056373119354248, "12": 0.009413093328475952, "13": 0.008508265018463135, "14": 0.0075064897537231445, "15": 0.006856650114059448, "16": 0.006449460983276367, "17": 0.006052196025848389, "18": 0.005600035190582275, "19": 0.005300462245941162, "20": 0.005012542009353638, "21": 0.004785716533660889, "22": 0.004526674747467041, "23": 0.004316598176956177, "24": 0.004095733165740967, "25": 0.003941237926483154, "26": 0.003794044256210327, "27": 0.0036413967609405518, "28": 0.0034873485565185547, "29": 0.0033606290817260742, "30": 0.003268122673034668, "31": 0.0031570792198181152, "32": 0.0030440688133239746, "33": 0.0029387474060058594, "34": 0.0028568804264068604, "35": 0.0027721524238586426, "36": 0.0026764869689941406, "37": 0.0026042163372039795, "38": 0.0025199055671691895, "39": 0.002452641725540161, "40": 0.0023893415927886963, "41": 0.002323716878890991, "42": 0.002259671688079834, "43": 0.0022022128105163574, "44": 0.002139568328857422, "45": 0.0020801126956939697, "46": 0.0020183920860290527, "47": 0.0019793808460235596, "48": 0.0019333958625793457, "49": 0.0018935203552246094, "50": 0.0018544942140579224, "51": 0.001817956566810608, "52": 0.0017853379249572754, "53": 0.0017495900392532349, "54": 0.0017097145318984985, "55": 0.001674845814704895, "56": 0.0016445964574813843, "57": 0.0016145408153533936, "58": 0.0015817582607269287, "59": 0.0015496909618377686, "60": 0.001525774598121643, "61": 0.0015014111995697021, "62": 0.0014707595109939575, "63": 0.0014385133981704712, "64": 0.0014128237962722778, "65": 0.0013844668865203857, "66": 0.0013525187969207764, "67": 0.001318603754043579, "68": 0.0012917816638946533, "69": 0.0012643784284591675, "70": 0.0012390166521072388, "71": 0.0012105107307434082, "72": 0.0011839866638183594, "73": 0.0011602193117141724, "74": 0.001133933663368225, "75": 0.0011117607355117798, "76": 0.0010860264301300049, "77": 0.0010630935430526733, "78": 0.0010422170162200928, "79": 0.0010209083557128906, "80": 0.0010016262531280518, "81": 0.0009865760803222656, "82": 0.000973045825958252, "83": 0.0009557604789733887, "84": 0.0009469985961914062, "85": 0.0009373724460601807, "86": 0.0009310245513916016, "87": 0.0009231269359588623, "88": 0.0009182393550872803, "89": 0.0009089410305023193, "90": 0.0008991658687591553, "91": 0.0008909702301025391, "92": 0.0008789598941802979, "93": 0.0008705705404281616, "94": 0.0008671730756759644, "95": 0.0008761435747146606, "96": 0.0008808374404907227, "97": 0.0008820444345474243, "98": 0.0009007453918457031, "99": 0.0009294748306274414, "100": 0.0009655207395553589, "101": 0.00100003182888031, "102": 0.0010500550270080566, "103": 0.0012045502662658691, "104": 0.001373201608657837, "105": 0.0014844834804534912, "106": 0.0014500021934509277, "107": 0.0014072209596633911, "108": 0.0013465136289596558, "109": 0.0014478117227554321, "110": 0.0013127624988555908, "111": 0.0013306885957717896, "112": 0.001317545771598816, "113": 0.0012875199317932129, "114": 0.0012945234775543213, "115": 0.0012800246477127075, "116": 0.0012633949518203735, "117": 0.0010547041893005371, "118": 0.001000046730041504, "119": 0.0010562092065811157, "120": 0.0010195374488830566, "121": 0.0009994208812713623, "122": 0.0008127689361572266, "123": 0.0008269250392913818, "124": 0.0008540153503417969, "125": 0.0008994489908218384, "126": 0.0008397102355957031, "127": 0.0009032785892486572, "128": 0.0008275210857391357, "129": 0.0008062869310379028, "130": 0.0007540285587310791, "131": 0.0008468329906463623, "132": 0.0008166879415512085, "133": 0.0008424669504165649, "134": 0.0007790029048919678, "135": 0.0008145719766616821, "136": 0.0008109956979751587, "137": 0.0007722675800323486, "138": 0.0008113682270050049, "139": 0.0007337033748626709, "140": 0.0007447004318237305, "141": 0.000668644905090332, "142": 0.0007225275039672852, "143": 0.0006756633520126343, "144": 0.0006326884031295776, "145": 0.0006601959466934204, "146": 0.0006241351366043091, "147": 0.0006270557641983032, "148": 0.000629037618637085, "149": 0.0006562471389770508, "150": 0.0005850344896316528, "151": 0.000598520040512085, "152": 0.0005265474319458008, "153": 0.0005339980125427246, "154": 0.0005329251289367676, "155": 0.0005431026220321655, "156": 0.0005018562078475952, "157": 0.0005317926406860352, "158": 0.0004701167345046997, "159": 0.0005187243223190308, "160": 0.0005254298448562622, "161": 0.0005175024271011353, "162": 0.0004658997058868408, "163": 0.0005079507827758789, "164": 0.0004595816135406494, "165": 0.00047469139099121094, "166": 0.00043836236000061035, "167": 0.0004592388868331909, "168": 0.0004807710647583008, "169": 0.0004371553659439087, "170": 0.0004738271236419678, "171": 0.0004299283027648926, "172": 0.00042082369327545166, "173": 0.0004166513681411743, "174": 0.0004446059465408325, "175": 0.00045897066593170166, "176": 0.00039301812648773193, "177": 0.0004172772169113159, "178": 0.00042831897735595703, "179": 0.00039733946323394775, "180": 0.00034196674823760986, "181": 0.00043500959873199463, "182": 0.0003921091556549072, "183": 0.0003687813878059387, "184": 0.00036778301000595093, "185": 0.0003589540719985962, "186": 0.0003174319863319397, "187": 0.00028965622186660767, "188": 0.00023859739303588867, "189": 0.00032360851764678955, "190": 0.00032801926136016846, "191": 0.00024725496768951416, "192": 0.00031985342502593994, "193": 0.00029627978801727295, "194": 0.0002752542495727539, "195": 0.00024048984050750732, "196": 0.00019394606351852417, "197": 0.0002238824963569641, "198": 0.00024519115686416626, "199": 0.00029152631759643555, "200": 0.00027952343225479126, "201": 0.0002818182110786438, "202": 0.0002635568380355835, "203": 0.00021961331367492676, "204": 0.00023796409368515015, "205": 0.00025919824838638306, "206": 0.0001895502209663391, "207": 0.00020343810319900513, "208": 0.00022632628679275513, "209": 0.00019744038581848145, "210": 0.00017851591110229492, "211": 0.00019969791173934937, "212": 0.00023020803928375244, "213": 0.00022487342357635498, "214": 0.0001994594931602478, "215": 0.00015964359045028687, "216": 0.00016377121210098267, "217": 0.00016094744205474854, "218": 0.0001397356390953064, "219": 0.00016111880540847778, "220": 0.00017002224922180176, "221": 0.00014352798461914062, "222": 0.0001779794692993164, "223": 0.00017248839139938354, "224": 0.00016886740922927856, "225": 0.00015645474195480347, "226": 0.00016772747039794922, "227": 0.00017001479864120483, "228": 0.00014798343181610107, "229": 0.0001277923583984375, "230": 0.00014365464448928833, "231": 0.00016447901725769043, "232": 0.0001475885510444641, "233": 0.00012165307998657227, "234": 0.0001240372657775879, "235": 0.0001256018877029419, "236": 0.00012420117855072021, "237": 0.0001249760389328003, "238": 0.00017141550779342651, "239": 0.00014454126358032227, "240": 0.0001472756266593933, "241": 0.00013561546802520752, "242": 0.00012090802192687988, "243": 0.0001370757818222046, "244": 0.00013821572065353394, "245": 0.00013149529695510864, "246": 0.00012373179197311401, "247": 0.00012181699275970459, "248": 0.00010555237531661987, "249": 0.0001168474555015564, "250": 0.00011371076107025146, "251": 0.00012079626321792603, "252": 0.00011916458606719971, "253": 0.00012503564357757568, "254": 0.00012981891632080078, "255": 0.0001120641827583313, "256": 9.746849536895752e-05, "257": 9.145587682723999e-05, "258": 8.890777826309204e-05, "259": 9.339302778244019e-05, "260": 9.676814079284668e-05, "261": 9.85264778137207e-05, "262": 7.53551721572876e-05, "263": 8.575618267059326e-05, "264": 0.00011440366506576538, "265": 8.082389831542969e-05, "266": 0.0001177564263343811, "267": 8.283555507659912e-05, "268": 7.648766040802002e-05, "269": 6.870180368423462e-05,