{"0": 0.6931473016738892, "1": 0.10291134566068649, "2": 0.10269463807344437, "3": 0.03434855490922928, "4": 0.033518385142087936, "5": 0.03252837434411049, "6": 0.03185503929853439, "7": 0.031347230076789856, "8": 0.030945276841521263, "9": 0.03061075508594513, "10": 0.030333055183291435, "11": 0.030096925795078278, "12": 0.029889127239584923, "13": 0.029735969379544258, "14": 0.029589669778943062, "15": 0.029415253549814224, "16": 0.029203038662672043, "17": 0.02895708754658699, "18": 0.028646644204854965, "19": 0.028274156153202057, "20": 0.027714896947145462, "21": 0.027073800563812256, "22": 0.02668902650475502, "23": 0.026463277637958527, "24": 0.02630837820470333, "25": 0.026185642927885056, "26": 0.026053428649902344, "27": 0.025915253907442093, "28": 0.025728126987814903, "29": 0.025461997836828232, "30": 0.025190476328134537, "31": 0.02491111122071743, "32": 0.024331020191311836, "33": 0.0240729171782732, "34": 0.023732755333185196, "35": 0.02344221994280815, "36": 0.023055877536535263, "37": 0.022786850109696388, "38": 0.022383341565728188, "39": 0.02215457335114479, "40": 0.021838543936610222, "41": 0.0216045118868351, "42": 0.02136165462434292, "43": 0.02115681767463684, "44": 0.02098870277404785, "45": 0.02082294598221779, "46": 0.020648829638957977, "47": 0.02051272988319397, "48": 0.020367080345749855, "49": 0.020239252597093582, "50": 0.02009267546236515, "51": 0.019970210269093513, "52": 0.019838757812976837, "53": 0.019716937094926834, "54": 0.019590765237808228, "55": 0.019472636282444, "56": 0.019361289218068123, "57": 0.019253328442573547, "58": 0.019157130271196365, "59": 0.019053585827350616, "60": 0.01895400509238243, "61": 0.01885377988219261, "62": 0.018763069063425064, "63": 0.018666699528694153, "64": 0.018577661365270615, "65": 0.018484657630324364, "66": 0.018405837938189507, "67": 0.018332554027438164, "68": 0.01825636625289917, "69": 0.01818014308810234, "70": 0.0181020125746727, "71": 0.018024886026978493, "72": 0.017948755994439125, "73": 0.017873583361506462, "74": 0.017796549946069717, "75": 0.017719976603984833, "76": 0.017646903172135353, "77": 0.017571978271007538, "78": 0.017497045919299126, "79": 0.017420221120119095, "80": 0.017337914556264877, "81": 0.017254095524549484, "82": 0.017176557332277298, "83": 0.01710638403892517, "84": 0.017036573961377144, "85": 0.016963385045528412, "86": 0.016891930252313614, "87": 0.016824575141072273, "88": 0.01675999164581299, "89": 0.01669428125023842, "90": 0.016633886843919754, "91": 0.016575632616877556, "92": 0.016520442441105843, "93": 0.016457274556159973, "94": 0.016394702717661858, "95": 0.016335448250174522, "96": 0.016278540715575218, "97": 0.016215980052947998, "98": 0.01616583950817585, "99": 0.01611638255417347, "100": 0.01606331765651703, "101": 0.016009259968996048, "102": 0.015952739864587784, "103": 0.015892069786787033, "104": 0.015832770615816116, "105": 0.015774840489029884, "106": 0.015721358358860016, "107": 0.015676142647862434, "108": 0.01562802866101265, "109": 0.015571577474474907, "110": 0.015510579571127892, "111": 0.015453699976205826, "112": 0.015401887707412243, "113": 0.015313386917114258, "114": 0.015230556949973106, "115": 0.015155047178268433, "116": 0.01509025413542986, "117": 0.015002837404608727, "118": 0.014935844577848911, "119": 0.014888867735862732, "120": 0.014846696518361568, "121": 0.01479234080761671, "122": 0.014727546833455563, "123": 0.014648064970970154, "124": 0.014593888074159622, "125": 0.014543100260198116, "126": 0.014481710270047188, "127": 0.014451534487307072, "128": 0.014422768726944923, "129": 0.014340978115797043, "130": 0.014312752522528172, "131": 0.014272352680563927, "132": 0.01421960536390543, "133": 0.014134427532553673, "134": 0.014034873805940151, "135": 0.013950510881841183, "136": 0.013886668719351292, "137": 0.013812016695737839, "138": 0.013749927282333374, "139": 0.013691921718418598, "140": 0.013619720935821533, "141": 0.01358192227780819, "142": 0.013535412959754467, "143": 0.013480192981660366, "144": 0.01342727430164814, "145": 0.01339061837643385, "146": 0.01333937980234623, "147": 0.013233298435807228, "148": 0.01318005658686161, "149": 0.013152087107300758, "150": 0.0131290378049016, "151": 0.013101684860885143, "152": 0.013070371933281422, "153": 0.013032766059041023, "154": 0.012991324998438358, "155": 0.012957117520272732, "156": 0.012930197641253471, "157": 0.012908400036394596, "158": 0.01288655400276184, "159": 0.012862611562013626, "160": 0.012831049039959908, "161": 0.012781936675310135, "162": 0.012748271226882935, "163": 0.012713514268398285, "164": 0.012681415304541588, "165": 0.012649277225136757, "166": 0.012615930289030075, "167": 0.012586558237671852, "168": 0.012554028071463108, "169": 0.01252727024257183, "170": 0.012506323866546154, "171": 0.012468087486922741, "172": 0.01244413759559393, "173": 0.012422475963830948, "174": 0.0124010369181633, "175": 0.012373549863696098, "176": 0.012355254963040352, "177": 0.01233582478016615, "178": 0.012316412292420864, "179": 0.012294233776628971, "180": 0.012280584312975407, "181": 0.01226826012134552, "182": 0.012257348746061325, "183": 0.012245818972587585, "184": 0.012231499888002872, "185": 0.012216314673423767, "186": 0.012205962091684341, "187": 0.012202266603708267, "188": 0.01219872198998928, "189": 0.012195463292300701, "190": 0.01219230331480503, "191": 0.01218767836689949, "192": 0.012183519080281258, "193": 0.012179356999695301, "194": 0.012175426818430424, "195": 0.012171533890068531, "196": 0.012167866341769695, "197": 0.01216348446905613, "198": 0.012160055339336395, "199": 0.012156086042523384, "200": 0.012148955836892128, "201": 0.012145964428782463, "202": 0.012143944390118122, "203": 0.012141675688326359, "204": 0.012139346450567245, "205": 0.012136598117649555, "206": 0.012132903560996056, "207": 0.012130595743656158, "208": 0.01212627999484539, "209": 0.012123395688831806, "210": 0.012120459228754044, "211": 0.012116136029362679, "212": 0.012113887816667557, "213": 0.012110146693885326, "214": 0.012106439098715782, "215": 0.012103366665542126, "216": 0.012100729160010815, "217": 0.012098593637347221, "218": 0.012096602469682693, "219": 0.012095056474208832, "220": 0.012093547731637955, "221": 0.012092120945453644, "222": 0.01209071185439825, "223": 0.012089399620890617, "224": 0.012088174000382423, "225": 0.012087010778486729, "226": 0.012085208669304848, "227": 0.012082420289516449, "228": 0.01207870151847601, "229": 0.01207591500133276, "230": 0.012072892859578133, "231": 0.012070179916918278, "232": 0.012068893760442734, "233": 0.01206888910382986}