,Accuracy,Precision,Recall,F1-score,ROC-AUC,PR-AUC,MCC
B,0.9987713564356134,0.9957196316903023,0.9898550724637681,0.9927772907378845,0.9998379273063407,0.9990056473767369,0.992111873004848
CD4_T,0.941743738353981,0.886658606997365,0.8830522656049606,0.8848431557951564,0.9827622180849811,0.9516339803698866,0.8458636853078574
CD8_T,0.9712930077008698,0.9349500528103596,0.8788220858895706,0.9060040133519885,0.987791715480385,0.956705794391388,0.8896855820917511
DC,0.9982922598890266,0.9679229635612614,0.9547177700348431,0.9612570197092432,0.9996514769818894,0.9906748822546982,0.9604170446639145
Mono,0.9930222277316038,0.9815451494356002,0.9956896636123703,0.9885667466081189,0.9984846071301036,0.994586708283073,0.983598231639589
NK,0.9901013149341622,0.956220562535542,0.9580742718334484,0.9571398774679762,0.9986757577231739,0.9914543087359154,0.9515492255538648
other,0.9918167707797737,0.9401013365035622,0.657583897046692,0.7737243913146703,0.9127419929246198,0.7707696349813282,0.7825386221329905
other_T,0.9874972010533704,0.8941460956817592,0.7963562341484242,0.842406173717816,0.9888984561073034,0.9027994984931389,0.8374484815868378
