{"0": 0.6931474208831787, "1": 0.8779804110527039, "2": 0.8750277161598206, "3": 0.7828306555747986, "4": 0.7140939831733704, "5": 0.6707935929298401, "6": 0.6387442350387573, "7": 0.6134607195854187, "8": 0.5925225019454956, "9": 0.574625551700592, "10": 0.558989405632019, "11": 0.545090913772583, "12": 0.5327154994010925, "13": 0.5214424729347229, "14": 0.5112394690513611, "15": 0.5018855929374695, "16": 0.49318817257881165, "17": 0.485073447227478, "18": 0.4774613380432129, "19": 0.47032150626182556, "20": 0.46359413862228394, "21": 0.4571695625782013, "22": 0.45107901096343994, "23": 0.44525209069252014, "24": 0.43971332907676697, "25": 0.43436890840530396, "26": 0.42926666140556335, "27": 0.4243733286857605, "28": 0.41965439915657043, "29": 0.4151392877101898, "30": 0.4107496738433838, "31": 0.40650486946105957, "32": 0.40239599347114563, "33": 0.3984141945838928, "34": 0.3945660889148712, "35": 0.3908293843269348, "36": 0.3871777653694153, "37": 0.38363388180732727, "38": 0.3801688849925995, "39": 0.3767814636230469, "40": 0.3734644949436188, "41": 0.37026089429855347, "42": 0.3670790195465088, "43": 0.3639659881591797, "44": 0.3609480559825897, "45": 0.3579530119895935, "46": 0.3550167679786682, "47": 0.35212674736976624, "48": 0.34928184747695923, "49": 0.3464902341365814, "50": 0.3437570333480835, "51": 0.34105753898620605, "52": 0.33841076493263245, "53": 0.3358008563518524, "54": 0.33320799469947815, "55": 0.33065128326416016, "56": 0.32813555002212524, "57": 0.32567131519317627, "58": 0.3232121467590332, "59": 0.3207918703556061, "60": 0.31841474771499634, "61": 0.31607675552368164, "62": 0.3137761354446411, "63": 0.3115077316761017, "64": 0.30927085876464844, "65": 0.30705833435058594, "66": 0.3048747777938843, "67": 0.3027102053165436, "68": 0.30057165026664734, "69": 0.2984682023525238, "70": 0.2963992655277252, "71": 0.29436445236206055, "72": 0.2923576533794403, "73": 0.2903735339641571, "74": 0.28840771317481995, "75": 0.28646019101142883, "76": 0.28453704714775085, "77": 0.28263500332832336, "78": 0.28075236082077026, "79": 0.2788998484611511, "80": 0.27707213163375854, "81": 0.27526044845581055, "82": 0.27346768975257874, "83": 0.271694540977478, "84": 0.26994043588638306, "85": 0.26820793747901917, "86": 0.266489177942276, "87": 0.2647789716720581, "88": 0.26308494806289673, "89": 0.26140016317367554, "90": 0.25972434878349304, "91": 0.25805237889289856, "92": 0.25638628005981445, "93": 0.2547251880168915, "94": 0.2530718743801117, "95": 0.25142019987106323, "96": 0.24976302683353424, "97": 0.2480969876050949, "98": 0.24642162024974823, "99": 0.24474398791790009, "100": 0.24306374788284302, "101": 0.24135231971740723, "102": 0.2395603358745575, "103": 0.23756913840770721, "104": 0.23549151420593262, "105": 0.23307320475578308, "106": 0.23092852532863617, "107": 0.22885113954544067, "108": 0.2265247255563736, "109": 0.2244231253862381, "110": 0.22206929326057434, "111": 0.22000013291835785, "112": 0.21782197058200836, "113": 0.2157282531261444, "114": 0.21348793804645538, "115": 0.2113962173461914, "116": 0.20938552916049957, "117": 0.20734190940856934, "118": 0.20553380250930786, "119": 0.2041095495223999, "120": 0.202574223279953, "121": 0.2008182406425476, "122": 0.19931954145431519, "123": 0.19774460792541504, "124": 0.19636934995651245, "125": 0.194724440574646, "126": 0.19334030151367188, "127": 0.19181059300899506, "128": 0.19038227200508118, "129": 0.18901294469833374, "130": 0.18771269917488098, "131": 0.18655627965927124, "132": 0.185366690158844, "133": 0.18420010805130005, "134": 0.18306586146354675, "135": 0.18193945288658142, "136": 0.18078088760375977, "137": 0.17976000905036926, "138": 0.17856356501579285, "139": 0.1774120330810547, "140": 0.17619448900222778, "141": 0.1751425713300705, "142": 0.17399998009204865, "143": 0.17294107377529144, "144": 0.17181020975112915, "145": 0.17071786522865295, "146": 0.16962023079395294, "147": 0.16848744451999664, "148": 0.16736486554145813, "149": 0.1660793274641037, "150": 0.16485697031021118, "151": 0.163722962141037, "152": 0.16262288391590118, "153": 0.1617095172405243, "154": 0.16070739924907684, "155": 0.15976020693778992, "156": 0.15880845487117767, "157": 0.15804019570350647, "158": 0.15707799792289734, "159": 0.15613587200641632, "160": 0.15526530146598816, "161": 0.15453453361988068, "162": 0.15363331139087677, "163": 0.15283559262752533, "164": 0.1520051807165146, "165": 0.15124987065792084, "166": 0.15044060349464417, "167": 0.14966195821762085, "168": 0.14886970818042755, "169": 0.14808157086372375, "170": 0.14727002382278442, "171": 0.14645147323608398, "172": 0.14562785625457764, "173": 0.14488956332206726, "174": 0.14402848482131958, "175": 0.14326319098472595, "176": 0.14244848489761353, "177": 0.14179039001464844, "178": 0.1410791277885437, "179": 0.14044110476970673, "180": 0.1398126482963562, "181": 0.1392429620027542, "182": 0.13855493068695068, "183": 0.13790741562843323, "184": 0.1373061239719391, "185": 0.13666009902954102, "186": 0.13604730367660522, "187": 0.13547857105731964, "188": 0.13492931425571442, "189": 0.13445885479450226, "190": 0.13390934467315674, "191": 0.13345856964588165, "192": 0.132943794131279, "193": 0.13245593011379242, "194": 0.13192278146743774, "195": 0.13149398565292358, "196": 0.13097786903381348, "197": 0.13051939010620117, "198": 0.1300366222858429, "199": 0.12960830330848694, "200": 0.12920576333999634, "201": 0.12877684831619263, "202": 0.12835371494293213, "203": 0.12798641622066498, "204": 0.12759791314601898, "205": 0.12722711265087128, "206": 0.12686148285865784, "207": 0.12649443745613098, "208": 0.12612174451351166, "209": 0.12575682997703552, "210": 0.12536413967609406, "211": 0.12501905858516693, "212": 0.1246388629078865, "213": 0.12427636981010437, "214": 0.12391297519207001, "215": 0.12354433536529541, "216": 0.12318535894155502, "217": 0.12283290922641754, "218": 0.12250697612762451, "219": 0.1221938356757164, "220": 0.12185738980770111, "221": 0.12151598185300827, "222": 0.12117350101470947, "223": 0.12080233544111252, "224": 0.1204836368560791, "225": 0.12013855576515198, "226": 0.11978678405284882, "227": 0.11942350119352341, "228": 0.11909182369709015, "229": 0.11872517317533493, "230": 0.11834217607975006, "231": 0.11794345080852509, "232": 0.11758071184158325, "233": 0.11721634864807129, "234": 0.11687113344669342, "235": 0.11656337976455688, "236": 0.11629785597324371, "237": 0.11610284447669983, "238": 0.1159210354089737, "239": 0.11573715507984161, "240": 0.11552931368350983, "241": 0.1153077781200409, "242": 0.11501561105251312, "243": 0.11475081741809845, "244": 0.11452442407608032, "245": 0.1142236515879631, "246": 0.11397144198417664, "247": 0.11368142813444138, "248": 0.11341103911399841, "249": 0.11317172646522522, "250": 0.11292006820440292, "251": 0.11263499408960342, "252": 0.11230812966823578, "253": 0.1120324358344078, "254": 0.11173468828201294, "255": 0.11146073043346405, "256": 0.11114367842674255, "257": 0.11088688671588898, "258": 0.11054791510105133, "259": 0.11036638915538788, "260": 0.11020869016647339, "261": 0.11009389162063599, "262": 0.10996951162815094, "263": 0.10987868905067444, "264": 0.10979633033275604, "265": 0.10965858399868011, "266": 0.10957878828048706, "267": 0.10938803851604462, "268": 0.10933240503072739, "269": 0.10927699506282806, "270": 0.10921552777290344, "271": 0.10911141335964203, "272": 0.10904987901449203, "273": 0.10895387828350067, "274": 0.10888426005840302, "275": 0.10875144600868225, "276": 0.10861986130475998, "277": 0.10848802328109741, "278": 0.10831919312477112, "279": 0.10819849371910095, "280": 0.10805783420801163, "281": 0.10791754722595215, "282": 0.10776360332965851, "283": 0.1076444536447525, "284": 0.1074974536895752, "285": 0.1073460578918457, "286": 0.10719974339008331, "287": 0.10705678910017014, "288": 0.10691333562135696, "289": 0.10676230490207672, "290": 0.10658695548772812, "291": 0.10641993582248688, "292": 0.10624180734157562,