{"0": 998.3068525791168, "1": -0.13792556524276733, "2": 0.0031496286392211914, "3": 0.049462199211120605, "4": 0.04777789115905762, "5": 0.039960622787475586, "6": 0.03412896394729614, "7": 0.02928215265274048, "8": 0.02557957172393799, "9": 0.022423863410949707, "10": 0.019802868366241455, "11": 0.01720607280731201, "12": 0.01556020975112915, "13": 0.013903498649597168, "14": 0.012451767921447754, "15": 0.01149207353591919, "16": 0.010755777359008789, "17": 0.01009148359298706, "18": 0.009351164102554321, "19": 0.008816033601760864, "20": 0.00828656554222107, "21": 0.007763892412185669, "22": 0.007355779409408569, "23": 0.006977736949920654, "24": 0.006609886884689331, "25": 0.006292462348937988, "26": 0.005977988243103027, "27": 0.005701661109924316, "28": 0.0054645836353302, "29": 0.005224078893661499, "30": 0.005012035369873047, "31": 0.004797458648681641, "32": 0.0046002864837646484, "33": 0.004418492317199707, "34": 0.0042351484298706055, "35": 0.004078596830368042, "36": 0.00391995906829834, "37": 0.003777235746383667, "38": 0.003655165433883667, "39": 0.0035362541675567627, "40": 0.003410547971725464, "41": 0.0033002495765686035, "42": 0.0031957626342773438, "43": 0.003102540969848633, "44": 0.003005474805831909, "45": 0.0029157400131225586, "46": 0.002820312976837158, "47": 0.002743542194366455, "48": 0.0026686787605285645, "49": 0.002597510814666748, "50": 0.0025273561477661133, "51": 0.002460390329360962, "52": 0.002392709255218506, "53": 0.002325505018234253, "54": 0.002267181873321533, "55": 0.0022134482860565186, "56": 0.0021555423736572266, "57": 0.0021032989025115967, "58": 0.0020521581172943115, "59": 0.00199812650680542, "60": 0.001949399709701538, "61": 0.0019030869007110596, "62": 0.0018558800220489502, "63": 0.0018141865730285645, "64": 0.0017718076705932617, "65": 0.0017288923263549805, "66": 0.001689821481704712, "67": 0.0016511976718902588, "68": 0.0016113519668579102, "69": 0.0015758872032165527, "70": 0.0015385746955871582, "71": 0.0014975666999816895, "72": 0.0014631450176239014, "73": 0.0014318525791168213, "74": 0.0014022588729858398, "75": 0.0013791918754577637, "76": 0.001355677843093872, "77": 0.0013299882411956787, "78": 0.0012996494770050049, "79": 0.0012689530849456787, "80": 0.001237720251083374, "81": 0.0012125074863433838, "82": 0.001189500093460083, "83": 0.0011616945266723633, "84": 0.0011387765407562256, "85": 0.0011188089847564697, "86": 0.0010986030101776123, "87": 0.001074463129043579, "88": 0.0010484755039215088, "89": 0.001025557518005371, "90": 0.0010019540786743164, "91": 0.0009840130805969238, "92": 0.0009633302688598633, "93": 0.0009438991546630859, "94": 0.0009255856275558472, "95": 0.00090809166431427, "96": 0.0008864253759384155, "97": 0.0008696168661117554, "98": 0.0008562356233596802, "99": 0.0008391886949539185, "100": 0.0008259415626525879, "101": 0.0008103549480438232, "102": 0.0007956027984619141, "103": 0.0007819533348083496, "104": 0.0007682591676712036, "105": 0.0007531493902206421, "106": 0.0007436573505401611, "107": 0.0007331669330596924, "108": 0.0007213056087493896, "109": 0.0007143318653106689, "110": 0.0007099062204360962, "111": 0.0007049590349197388, "112": 0.0007065385580062866, "113": 0.0007097572088241577, "114": 0.0007137805223464966, "115": 0.0007242411375045776, "116": 0.000731050968170166, "117": 0.0007378160953521729, "118": 0.0007530897855758667, "119": 0.0007838159799575806, "120": 0.0008245110511779785, "121": 0.0008655190467834473, "122": 0.0009049773216247559, "123": 0.0009404569864273071, "124": 0.0009840130805969238, "125": 0.0010197311639785767, "126": 0.0010483264923095703, "127": 0.0010744184255599976, "128": 0.0011094659566879272, "129": 0.0011414587497711182, "130": 0.0011681616306304932, "131": 0.001189202070236206, "132": 0.001275569200515747, "133": 0.0014402270317077637, "134": 0.0009028017520904541, "135": 0.001025855541229248, "136": 0.0010754168033599854, "137": 0.0010911524295806885, "138": 0.0010998845100402832, "139": 0.00108259916305542, "140": 0.0010972917079925537, "141": 0.001084253191947937, "142": 0.001059606671333313, "143": 0.001061558723449707, "144": 0.0011842846870422363, "145": 0.0010361969470977783, "146": 0.0009167790412902832, "147": 0.0009823590517044067, "148": 0.0009457916021347046, "149": 0.0010084211826324463, "150": 0.0010277032852172852, "151": 0.001033291220664978, "152": 0.0010492056608200073, "153": 0.0009363293647766113, "154": 0.0009851902723312378, "155": 0.0009326785802841187, "156": 0.0009030699729919434, "157": 0.0007576346397399902, "158": 0.0007669925689697266, "159": 0.0007514655590057373, "160": 0.0007972419261932373, "161": 0.0008189976215362549, "162": 0.0008270144462585449, "163": 0.0007790625095367432, "164": 0.0007474571466445923, "165": 0.000710800290107727, "166": 0.0007142126560211182, "167": 0.0006472915410995483, "168": 0.0005970746278762817, "169": 0.0005902647972106934, "170": 0.0006282776594161987, "171": 0.0006093084812164307, "172": 0.000655055046081543, "173": 0.000612214207649231, "174": 0.000644385814666748, "175": 0.0006299912929534912, "176": 0.0006302595138549805, "177": 0.0005908012390136719, "178": 0.0005843788385391235, "179": 0.00046728551387786865, "180": 0.0004496574401855469, "181": 0.0004610121250152588, "182": 0.00048223137855529785, "183": 0.00047406554222106934, "184": 0.00046443939208984375, "185": 0.00047460198402404785, "186": 0.0004759877920150757, "187": 0.00046716630458831787, "188": 0.0004772692918777466, "189": 0.0004476308822631836, "190": 0.00047229230403900146, "191": 0.00038811564445495605, "192": 0.00042597949504852295, "193": 0.0003996342420578003, "194": 0.0004462003707885742, "195": 0.0004458874464035034, "196": 0.0004452615976333618, "197": 0.0004248321056365967, "198": 0.00039699673652648926, "199": 0.00041954219341278076, "200": 0.00045795738697052, "201": 0.0004564523696899414, "202": 0.00040033459663391113, "203": 0.0003775060176849365, "204": 0.000354960560798645, "205": 0.00031979382038116455, "206": 0.00032673776149749756, "207": 0.00037007033824920654, "208": 0.00040084123611450195, "209": 0.0003983527421951294, "210": 0.0003598034381866455, "211": 0.00035168230533599854, "212": 0.0003224611282348633, "213": 0.0003260970115661621, "214": 0.0003459453582763672, "215": 0.00034371018409729004, "216": 0.00037044286727905273, "217": 0.00031635165214538574, "218": 0.000294610857963562, "219": 0.00031714141368865967, "220": 0.00037214159965515137, "221": 0.0003826618194580078, "222": 0.00035133957862854004, "223": 0.0003848075866699219, "224": 0.000349581241607666, "225": 0.0003533661365509033, "226": 0.000260084867477417, "227": 0.00023505091667175293, "228": 0.0002522319555282593, "229": 0.00027085840702056885, "230": 0.00027310848236083984, "231": 0.0002652406692504883, "232": 0.00027279555797576904, "233": 0.00029627978801727295, "234": 0.00027570128440856934, "235": 0.0002676546573638916, "236": 0.0003105252981185913, "237": 0.00024828314781188965, "238": 0.00024543702602386475, "239": 0.00023239850997924805, "240": 0.00020581483840942383, "241": 0.0002091526985168457, "242": 0.00018152594566345215, "243": 0.000150337815284729, "244": 0.00014998018741607666, "245": 0.00017115473747253418, "246": 0.00019881129264831543, "247": 0.00020244717597961426, "248": 0.0001614391803741455, "249": 0.00018514692783355713, "250": 0.0002908259630203247, "251": 0.00030431151390075684, "252": 0.0002622455358505249, "253": 0.0003054589033126831, "254": 0.0002724379301071167, "255": 0.0003043264150619507, "256": 0.000286102294921875, "257": 0.000285416841506958, "258": 0.0002774149179458618, "259": 0.00029705464839935303, "260": 0.00028893351554870605, "261": 0.0003012418746948242, "262": 0.00028426945209503174, "263": 0.0002553015947341919, "264": 0.00031387805938720703, "265": 0.0002752840518951416, "266": 0.00026091933250427246, "267": 0.00023919343948364258, "268": 0.0003275573253631592, "269": 0.0003315955400466919, "270": 0.0002990216016769409,