{"0": 0.6931474208831787, "1": 0.831072986125946, "2": 0.8279233574867249, "3": 0.7784611582756042, "4": 0.7306832671165466, "5": 0.690722644329071, "6": 0.6565936803817749, "7": 0.6273115277290344, "8": 0.6017319560050964, "9": 0.5793080925941467, "10": 0.5595052242279053, "11": 0.5422991514205933, "12": 0.5267389416694641, "13": 0.5128354430198669, "14": 0.5003836750984192, "15": 0.4888916015625, "16": 0.4781358242034912, "17": 0.46804434061050415, "18": 0.45869317650794983, "19": 0.44987714290618896, "20": 0.4415905773639679, "21": 0.4338266849517822, "22": 0.42647090554237366, "23": 0.419493168592453, "24": 0.41288328170776367, "25": 0.4065908193588257, "26": 0.40061283111572266, "27": 0.39491117000579834, "28": 0.38944658637046814, "29": 0.38422250747680664, "30": 0.3792104721069336, "31": 0.37441301345825195, "32": 0.3698127269744873, "33": 0.3653942346572876, "34": 0.361159086227417, "35": 0.35708048939704895, "36": 0.3531605303287506, "37": 0.34938329458236694, "38": 0.3457281291484833, "39": 0.3421918749809265, "40": 0.33878132700920105, "41": 0.33548107743263245, "42": 0.3322853147983551, "43": 0.32918277382850647, "44": 0.32617729902267456, "45": 0.323261559009552, "46": 0.32044124603271484, "47": 0.3176977038383484, "48": 0.3150290250778198, "49": 0.3124315142631531, "50": 0.30990415811538696, "51": 0.307443767786026, "52": 0.3050510585308075, "53": 0.30272555351257324, "54": 0.3004583716392517, "55": 0.2982449233531952, "56": 0.29608938097953796, "57": 0.29398608207702637, "58": 0.29193392395973206, "59": 0.28993579745292664, "60": 0.2879863977432251, "61": 0.28608331084251404, "62": 0.2842274308204651, "63": 0.2824132442474365, "64": 0.28064143657684326, "65": 0.2789125442504883, "66": 0.27722272276878357, "67": 0.2755715250968933, "68": 0.2739601731300354, "69": 0.27238428592681885, "70": 0.2708457112312317, "71": 0.26934814453125, "72": 0.2678849995136261, "73": 0.2664531469345093, "74": 0.26505088806152344, "75": 0.2636716961860657, "76": 0.2623160183429718, "77": 0.2609860301017761, "78": 0.2596863806247711, "79": 0.25841742753982544, "80": 0.25717970728874207, "81": 0.2559671998023987, "82": 0.2547776997089386, "83": 0.25361600518226624, "84": 0.25247722864151, "85": 0.25135841965675354, "86": 0.2502598166465759, "87": 0.24918535351753235, "88": 0.24813687801361084, "89": 0.24711132049560547, "90": 0.24610936641693115, "91": 0.24512535333633423, "92": 0.24416202306747437, "93": 0.24321812391281128, "94": 0.24229253828525543, "95": 0.24138444662094116, "96": 0.24049802124500275, "97": 0.239628404378891, "98": 0.2387721687555313, "99": 0.2379329800605774, "100": 0.2371070384979248, "101": 0.23629668354988098, "102": 0.23550108075141907, "103": 0.23471912741661072, "104": 0.23395086824893951, "105": 0.23319771885871887, "106": 0.2324540615081787, "107": 0.23172089457511902, "108": 0.23099958896636963, "109": 0.23028525710105896, "110": 0.22957535088062286, "111": 0.22887039184570312, "112": 0.22816385328769684, "113": 0.22745409607887268, "114": 0.22674031555652618, "115": 0.2260160744190216, "116": 0.22528502345085144, "117": 0.22454720735549927, "118": 0.2237941175699234, "119": 0.22301030158996582, "120": 0.22218579053878784, "121": 0.2213202714920044, "122": 0.22041529417037964, "123": 0.21947483718395233, "124": 0.2184908241033554, "125": 0.21747109293937683, "126": 0.21642276644706726, "127": 0.21534834802150726, "128": 0.21423888206481934, "129": 0.21309742331504822, "130": 0.21192926168441772, "131": 0.21074005961418152, "132": 0.20946449041366577, "133": 0.208024263381958, "134": 0.20712146162986755, "135": 0.2060956060886383, "136": 0.20502018928527832, "137": 0.20392903685569763, "138": 0.20282915234565735, "139": 0.20174655318260193, "140": 0.20064926147460938, "141": 0.19956500828266144, "142": 0.19850540161132812, "143": 0.19744384288787842, "144": 0.19625955820083618, "145": 0.1952233612537384, "146": 0.19430658221244812, "147": 0.1933242231607437, "148": 0.192378431558609, "149": 0.19137001037597656, "150": 0.19034230709075928, "151": 0.1893090158700943, "152": 0.1882598102092743, "153": 0.18732348084449768, "154": 0.18633829057216644, "155": 0.18540561199188232, "156": 0.18450254201889038, "157": 0.1837449073791504, "158": 0.18297791481018066, "159": 0.18222644925117493, "160": 0.1814292073249817, "161": 0.18061020970344543, "162": 0.1797831952571869, "163": 0.17900413274765015, "164": 0.17825667560100555, "165": 0.17754587531089783, "166": 0.1768316626548767, "167": 0.17618437111377716, "168": 0.17558729648590088, "169": 0.17499703168869019, "170": 0.174368754029274, "171": 0.17375944554805756, "172": 0.173104390501976, "173": 0.17249217629432678, "174": 0.17184779047966003, "175": 0.17121779918670654, "176": 0.17058753967285156, "177": 0.1699967384338379, "178": 0.16941235959529877, "179": 0.1689450740814209, "180": 0.16849541664123535, "181": 0.1680344045162201, "182": 0.1675521731376648, "183": 0.16707810759544373, "184": 0.16661366820335388, "185": 0.16613906621932983, "186": 0.16566307842731476, "187": 0.16519591212272644, "188": 0.1647186428308487, "189": 0.1642710119485855, "190": 0.1637987196445465, "191": 0.16341060400009155, "192": 0.16298462450504303, "193": 0.16258499026298523, "194": 0.16213878989219666, "195": 0.16169290244579315, "196": 0.1612476408481598, "197": 0.1608228087425232, "198": 0.1604258120059967, "199": 0.16000626981258392, "200": 0.1595483124256134, "201": 0.15909186005592346, "202": 0.15869152545928955, "203": 0.15831401944160461, "204": 0.15795905888080597, "205": 0.1576392650604248, "206": 0.1573125272989273, "207": 0.1569424569606781, "208": 0.1565416157245636, "209": 0.15614326298236847, "210": 0.15578345954418182, "211": 0.15543177723884583, "212": 0.15510931611061096, "213": 0.1547832190990448, "214": 0.15443727374076843, "215": 0.15409356355667114, "216": 0.1537231206893921, "217": 0.1534067690372467, "218": 0.15311215817928314, "219": 0.15279501676559448, "220": 0.15242287516593933, "221": 0.15204021334648132, "222": 0.15168887376785278, "223": 0.15130406618118286, "224": 0.1509544849395752, "225": 0.1506011188030243, "226": 0.15034103393554688, "227": 0.15010598301887512, "228": 0.14985375106334686, "229": 0.1495828926563263, "230": 0.14930978417396545, "231": 0.14904454350471497, "232": 0.1487717479467392, "233": 0.14847546815872192, "234": 0.14819976687431335, "235": 0.14793211221694946, "236": 0.14762158691883087, "237": 0.14737330377101898, "238": 0.14712786674499512, "239": 0.14689546823501587, "240": 0.14668965339660645, "241": 0.1464805006980896, "242": 0.14629897475242615, "243": 0.14614863693714142, "244": 0.14599865674972534, "245": 0.1458275020122528, "246": 0.1456286907196045, "247": 0.14542624354362488, "248": 0.14526480436325073, "249": 0.14507965743541718, "250": 0.14478883147239685, "251": 0.1444845199584961, "252": 0.14422227442264557, "253": 0.14391681551933289, "254": 0.14364437758922577, "255": 0.14334005117416382, "256": 0.14305394887924194, "257": 0.14276853203773499, "258": 0.14249111711978912, "259": 0.14219406247138977, "260": 0.14190512895584106, "261": 0.14160388708114624, "262": 0.1413196176290512, "263": 0.14106431603431702, "264": 0.1407504379749298, "265": 0.14047515392303467, "266": 0.1402142345905304, "267": 0.13997504115104675, "268": 0.1396474838256836, "269": 0.1393158882856369, "270": 0.13901686668395996, "271": 0.1388213336467743, "272": 0.1386260986328125, "273": 0.13847866654396057, "274": 0.13832785189151764, "275": 0.13818421959877014, "276": 0.1380206048488617, "277": 0.1378750503063202, "278": 0.13773876428604126, "279": 0.13765211403369904, "280": 0.13758045434951782, "281": 0.13752177357673645, "282": 0.13748294115066528, "283": 0.13742616772651672, "284": 0.13736730813980103, "285": 0.13731174170970917, "286": 0.13723298907279968, "287": 0.13719069957733154, "288": 0.13715006411075592, "289": 0.13710282742977142, "290": 0.13704951107501984, "291": 0.13700765371322632, "292": 0.13696624338626862, "293": 0.13691270351409912,