{"B": 0.004641588833612781, "Endothelial": 0.0014677992676220694, "Fibroblast": 0.0014677992676220694, "Hepatocyte": 0.014677992676220709, "Myeloid": 0.003162277660168382, "T_NK": 0.006812920690579613}