,Accuracy,Precision,Recall,F1-score,ROC-AUC,PR-AUC,MCC
B,0.9990603617142779,0.9964339169746907,0.992536231884058,0.9944771291363208,0.9999321223614764,0.9994666262269852,0.9939683746272415
CD4_T,0.9727319131472634,0.9468857106473794,0.9468063412849711,0.9464510609514699,0.9953286175812742,0.9867397254133102,0.9285163489059716
CD8_T,0.9715326169958173,0.9358536917985747,0.8794618139511255,0.9067434707827629,0.9886205153200324,0.9584247973072084,0.8905902054545336
DC,0.9983989024479987,0.9698379467841296,0.9576481237592415,0.9636947342121228,0.9997920456508413,0.9922089391624521,0.9629014030520053
Mono,0.9922603266901533,0.9793526232469034,0.9954499081820037,0.9873322307533771,0.998171146943335,0.993200272788231,0.9818319701674177
NK,0.992563237332195,0.9693488788907588,0.9662455076805492,0.9677534492349837,0.9986812522716992,0.9940306614313101,0.9635783762837166
other,0.9917287073438124,0.9268729993508387,0.6591255442670537,0.7563113752975679,0.9303432396319063,0.7828263415054348,0.7704120931817383
other_T,0.9857137461328167,0.8810066767371136,0.7626982981388166,0.8173837212741164,0.9863538586972653,0.8850813437314757,0.8123851360702579
