{"0": 0.6931474208831787, "1": 0.8227270245552063, "2": 0.8193132877349854, "3": 0.7831798195838928, "4": 0.747916579246521, "5": 0.7173627018928528, "6": 0.6916446089744568, "7": 0.6695289015769958, "8": 0.6507686376571655, "9": 0.6343580484390259, "10": 0.6205227375030518, "11": 0.6083284616470337, "12": 0.5976793766021729, "13": 0.5881019830703735, "14": 0.5793675780296326, "15": 0.5714820623397827, "16": 0.564070999622345, "17": 0.5573717355728149, "18": 0.5512032508850098, "19": 0.5454571843147278, "20": 0.5400338768959045, "21": 0.5349316596984863, "22": 0.5301372408866882, "23": 0.5256990790367126, "24": 0.521541953086853, "25": 0.517542839050293, "26": 0.5137839913368225, "27": 0.5101978778839111, "28": 0.5068302750587463, "29": 0.5035800933837891, "30": 0.5004500150680542, "31": 0.4974430501461029, "32": 0.4945451021194458, "33": 0.49173685908317566, "34": 0.4890218675136566, "35": 0.4864175319671631, "36": 0.48390993475914, "37": 0.4814887046813965, "38": 0.4791271686553955, "39": 0.47684624791145325, "40": 0.4746673107147217, "41": 0.4725816547870636, "42": 0.47056370973587036, "43": 0.46858730912208557, "44": 0.46667221188545227, "45": 0.46479183435440063, "46": 0.4630078673362732, "47": 0.4613279104232788, "48": 0.45968151092529297, "49": 0.45805954933166504, "50": 0.4565405249595642, "51": 0.45504897832870483, "52": 0.453596293926239, "53": 0.4522005617618561, "54": 0.45081859827041626, "55": 0.4494953155517578, "56": 0.44818931818008423, "57": 0.44690024852752686, "58": 0.44562995433807373, "59": 0.4443773031234741, "60": 0.4431312382221222, "61": 0.4419209361076355, "62": 0.44073230028152466, "63": 0.43959522247314453, "64": 0.4384550154209137, "65": 0.43733254075050354, "66": 0.4362116754055023, "67": 0.43510136008262634, "68": 0.4340021014213562, "69": 0.43290823698043823, "70": 0.43187400698661804, "71": 0.43081218004226685, "72": 0.42976367473602295, "73": 0.42870599031448364, "74": 0.42767655849456787, "75": 0.42661726474761963, "76": 0.42556852102279663, "77": 0.42453432083129883, "78": 0.4235226809978485, "79": 0.4225269556045532, "80": 0.4214975833892822, "81": 0.4204663336277008, "82": 0.41941237449645996, "83": 0.4183332324028015, "84": 0.4172241687774658, "85": 0.4161207377910614, "86": 0.4150169789791107, "87": 0.4139423370361328, "88": 0.4128878116607666, "89": 0.4118116497993469, "90": 0.4107457101345062, "91": 0.40966910123825073, "92": 0.40854597091674805, "93": 0.40742260217666626, "94": 0.406309574842453, "95": 0.4051962196826935, "96": 0.4041138291358948, "97": 0.4030238389968872, "98": 0.40193068981170654, "99": 0.4008415937423706, "100": 0.3997419476509094, "101": 0.3986276388168335, "102": 0.3975619077682495, "103": 0.39651352167129517, "104": 0.3954511880874634, "105": 0.39438217878341675, "106": 0.39330679178237915, "107": 0.3922680616378784, "108": 0.39125552773475647, "109": 0.39025986194610596, "110": 0.3892861008644104, "111": 0.38833940029144287, "112": 0.3874107003211975, "113": 0.38647720217704773, "114": 0.385520875453949, "115": 0.3845077455043793, "116": 0.38344836235046387, "117": 0.3823503255844116, "118": 0.3812345862388611, "119": 0.3801247477531433, "120": 0.37895506620407104, "121": 0.3777601718902588, "122": 0.3766270875930786, "123": 0.37553948163986206, "124": 0.37442463636398315, "125": 0.3731163740158081, "126": 0.37209075689315796, "127": 0.3709736764431, "128": 0.3698205053806305, "129": 0.3686901926994324, "130": 0.3677625060081482, "131": 0.36710333824157715, "132": 0.36639082431793213, "133": 0.3656560182571411, "134": 0.364890992641449, "135": 0.3641017973423004, "136": 0.3633131980895996, "137": 0.3626708388328552, "138": 0.3619319200515747, "139": 0.36118775606155396, "140": 0.3604193329811096, "141": 0.3597414195537567, "142": 0.3590400815010071, "143": 0.35839366912841797, "144": 0.3576500415802002, "145": 0.35698190331459045, "146": 0.35625770688056946, "147": 0.3555290997028351, "148": 0.3548220694065094, "149": 0.35422804951667786, "150": 0.35356658697128296, "151": 0.3529649078845978, "152": 0.3523208498954773, "153": 0.35175833106040955, "154": 0.35115697979927063, "155": 0.3505619168281555, "156": 0.34998059272766113, "157": 0.349434494972229, "158": 0.34889304637908936, "159": 0.3484076261520386, "160": 0.34795597195625305, "161": 0.3475155234336853, "162": 0.3470321297645569, "163": 0.34659671783447266, "164": 0.34614336490631104, "165": 0.3456823527812958, "166": 0.3452295660972595, "167": 0.34479600191116333, "168": 0.34433311223983765, "169": 0.3438699245452881, "170": 0.3434027135372162, "171": 0.3430261015892029, "172": 0.3426288664340973, "173": 0.3421890139579773, "174": 0.3417436182498932, "175": 0.34126394987106323, "176": 0.3408053517341614, "177": 0.3403126001358032, "178": 0.33979812264442444, "179": 0.3393399119377136, "180": 0.33885347843170166, "181": 0.33845511078834534, "182": 0.33809274435043335, "183": 0.3377181887626648, "184": 0.3373067378997803, "185": 0.33693867921829224, "186": 0.3364889621734619, "187": 0.3360261023044586, "188": 0.33561456203460693, "189": 0.33523237705230713, "190": 0.33482471108436584, "191": 0.33442234992980957, "192": 0.3339874744415283, "193": 0.3336336016654968, "194": 0.3332645893096924, "195": 0.33289027214050293, "196": 0.33247697353363037, "197": 0.33205434679985046, "198": 0.33160334825515747, "199": 0.3312445878982544, "200": 0.3309508264064789, "201": 0.33064624667167664, "202": 0.33031165599823, "203": 0.3299866318702698, "204": 0.32970768213272095, "205": 0.3294259309768677, "206": 0.3291042447090149, "207": 0.32877877354621887, "208": 0.328468382358551, "209": 0.3281834125518799, "210": 0.3279041051864624, "211": 0.32760393619537354, "212": 0.3273027837276459, "213": 0.3269687294960022, "214": 0.326632559299469, "215": 0.3263610899448395, "216": 0.3260992169380188, "217": 0.32582607865333557, "218": 0.3255392909049988, "219": 0.32521453499794006, "220": 0.3248893618583679, "221": 0.32456544041633606, "222": 0.3242546617984772, "223": 0.3240048885345459, "224": 0.32381248474121094, "225": 0.32358741760253906, "226": 0.3234431743621826, "227": 0.3233150243759155, "228": 0.3231891691684723, "229": 0.3230649530887604, "230": 0.322939932346344, "231": 0.3227909207344055, "232": 0.3226463794708252, "233": 0.3225179612636566, "234": 0.3223806619644165, "235": 0.3222506046295166, "236": 0.32212042808532715, "237": 0.32200610637664795, "238": 0.3218800127506256, "239": 0.3217621445655823, "240": 0.3216508626937866, "241": 0.3214954137802124, "242": 0.32136961817741394, "243": 0.3212490677833557, "244": 0.321128785610199, "245": 0.3209851086139679, "246": 0.3208025395870209, "247": 0.32070738077163696, "248": 0.3205045759677887, "249": 0.3203814625740051, "250": 0.32031285762786865, "251": 0.3202265501022339, "252": 0.32009392976760864, "253": 0.32000023126602173, "254": 0.31990158557891846, "255": 0.3197553753852844, "256": 0.31965911388397217, "257": 0.31955835223197937, "258": 0.3194481134414673, "259": 0.31934717297554016, "260": 0.31918203830718994, "261": 0.3190982937812805, "262": 0.31901323795318604, "263": 0.31886595487594604, "264": 0.3187887668609619, "265": 0.3187083303928375, "266": 0.31859201192855835, "267": 0.3185105621814728, "268": 0.31843075156211853, "269": 0.31835922598838806, "270": 0.3182949423789978, "271": 0.31822866201400757, "272": 0.3181624412536621, "273": 0.31809794902801514, "274": 0.3180118203163147, "275": 0.3179575502872467, "276": 0.31790778040885925, "277": 0.31785333156585693, "278": 0.3177987337112427, "279": 0.3177452087402344, "280": 0.31769150495529175, "281": 0.3176387548446655, "282": 0.3175867199897766, "283": 0.3175349235534668, "284": 0.31747692823410034, "285": 0.3174299895763397, "286": 0.31737273931503296, "287": 0.31732267141342163, "288": 0.3172685503959656, "289": 0.31721824407577515, "290": 0.3171684741973877, "291": 0.3171200156211853, "292": 0.3170713782310486, "293": 0.31702402234077454, "294": 0.3169858157634735, "295": 0.31693848967552185, "296": 0.316875159740448,