{"0": 0.6931474208831787, "1": 0.1823650449514389, "2": 0.18225055932998657, "3": 0.13877129554748535, "4": 0.1287115514278412, "5": 0.12458851933479309, "6": 0.12145720422267914, "7": 0.11879244446754456, "8": 0.11644221097230911, "9": 0.11435230821371078, "10": 0.11249169707298279, "11": 0.11083642393350601, "12": 0.10933145880699158, "13": 0.10798217356204987, "14": 0.1067584902048111, "15": 0.10562673211097717, "16": 0.10457397252321243, "17": 0.10358770936727524, "18": 0.10265796631574631, "19": 0.10178367048501968, "20": 0.1009519174695015, "21": 0.10016270726919174, "22": 0.09940619766712189, "23": 0.09868727624416351, "24": 0.09800001978874207, "25": 0.09734397381544113, "26": 0.09672199189662933, "27": 0.0961197167634964, "28": 0.09553985297679901, "29": 0.09498187899589539, "30": 0.09444490820169449, "31": 0.09392822533845901, "32": 0.09343162178993225, "33": 0.09295229613780975, "34": 0.09248977154493332, "35": 0.09204378724098206, "36": 0.0916137769818306, "37": 0.09119786322116852, "38": 0.09079631417989731, "39": 0.09040970355272293, "40": 0.09003352373838425, "41": 0.08966904133558273, "42": 0.08931666612625122, "43": 0.0889747142791748, "44": 0.08864340931177139, "45": 0.0883234515786171, "46": 0.0880148857831955, "47": 0.0877123549580574, "48": 0.08741890639066696, "49": 0.08713410794734955, "50": 0.08685672283172607, "51": 0.08658626675605774, "52": 0.08632288873195648, "53": 0.08606640249490738, "54": 0.08581671118736267, "55": 0.08557380735874176, "56": 0.08533622324466705, "57": 0.08510585874319077, "58": 0.08487983047962189, "59": 0.0846591368317604, "60": 0.08444343507289886, "61": 0.08423219621181488, "62": 0.08402562141418457, "63": 0.08382391184568405, "64": 0.08362571895122528, "65": 0.08343162387609482, "66": 0.08324150741100311, "67": 0.08305501937866211, "68": 0.08287251740694046, "69": 0.08269273489713669, "70": 0.08251618593931198, "71": 0.08234284073114395, "72": 0.0821727067232132, "73": 0.08200539648532867, "74": 0.08184145390987396, "75": 0.08168098330497742, "76": 0.08152401447296143, "77": 0.0813698098063469, "78": 0.08121830224990845, "79": 0.08106979727745056, "80": 0.08092395961284637, "81": 0.08078083395957947, "82": 0.08064016699790955, "83": 0.08050182461738586, "84": 0.08036540448665619, "85": 0.08023074269294739, "86": 0.08009710907936096, "87": 0.07996417582035065, "88": 0.07983214408159256, "89": 0.07969967275857925, "90": 0.07956675440073013, "91": 0.0794316902756691, "92": 0.07929378747940063, "93": 0.07915262877941132, "94": 0.07900691777467728, "95": 0.07885611057281494, "96": 0.07869825512170792, "97": 0.07853317260742188, "98": 0.07835564017295837, "99": 0.07816466689109802, "100": 0.07795140892267227, "101": 0.07770974934101105, "102": 0.07743323594331741, "103": 0.07705517113208771, "104": 0.07657037675380707, "105": 0.07598178833723068, "106": 0.07550479471683502, "107": 0.07489944249391556, "108": 0.07431095838546753, "109": 0.07369862496852875, "110": 0.0731186494231224, "111": 0.07253576070070267, "112": 0.07196361571550369, "113": 0.07143905758857727, "114": 0.07080436497926712, "115": 0.07027515769004822, "116": 0.06964810937643051, "117": 0.06912050396203995, "118": 0.06859883666038513, "119": 0.06807411462068558, "120": 0.06754680722951889, "121": 0.06704171001911163, "122": 0.06653805077075958, "123": 0.06602989137172699, "124": 0.06555988639593124, "125": 0.06501907855272293, "126": 0.06455166637897491, "127": 0.06402316689491272, "128": 0.06353962421417236, "129": 0.0630706250667572, "130": 0.06259201467037201, "131": 0.06214349716901779, "132": 0.06165241450071335, "133": 0.06120773032307625, "134": 0.060773883014917374, "135": 0.06032908707857132, "136": 0.05988875776529312, "137": 0.05946784466505051, "138": 0.059053003787994385, "139": 0.058644019067287445, "140": 0.05827292427420616, "141": 0.057808768004179, "142": 0.0574200339615345, "143": 0.05700002610683441, "144": 0.05660673603415489, "145": 0.056223608553409576, "146": 0.05584217235445976, "147": 0.0554688386619091, "148": 0.05510570481419563, "149": 0.05473845452070236, "150": 0.054399456828832626, "151": 0.054025545716285706, "152": 0.05367501825094223, "153": 0.05333361774682999, "154": 0.05300483480095863, "155": 0.05266883224248886, "156": 0.052348531782627106, "157": 0.05202935263514519, "158": 0.05172551050782204, "159": 0.05141705647110939, "160": 0.051106568425893784, "161": 0.050819285213947296, "162": 0.050565410405397415, "163": 0.050206590443849564, "164": 0.04993730038404465, "165": 0.04966902732849121, "166": 0.049316368997097015, "167": 0.04903227835893631, "168": 0.048767365515232086, "169": 0.04846698045730591, "170": 0.04820891097187996, "171": 0.047911129891872406, "172": 0.047629427164793015, "173": 0.0473773293197155, "174": 0.04707922041416168, "175": 0.04683176428079605, "176": 0.0466214120388031, "177": 0.04640962928533554, "178": 0.046201299875974655, "179": 0.04599856585264206, "180": 0.04579899460077286, "181": 0.0455755740404129, "182": 0.04538176953792572, "183": 0.04519689828157425, "184": 0.04499960318207741, "185": 0.04481760039925575, "186": 0.04460931569337845, "187": 0.04441790655255318, "188": 0.04425136744976044, "189": 0.044089239090681076, "190": 0.043915122747421265, "191": 0.04374881461262703, "192": 0.04354273900389671, "193": 0.043378088623285294, "194": 0.04321862757205963, "195": 0.04299125447869301, "196": 0.04283344745635986, "197": 0.042677830904722214, "198": 0.042494311928749084, "199": 0.04234146699309349, "200": 0.042191505432128906, "201": 0.04203673452138901, "202": 0.0418899729847908, "203": 0.041739627718925476, "204": 0.04157421365380287, "205": 0.04143083840608597, "206": 0.04128870740532875, "207": 0.04114893451333046, "208": 0.04099804908037186, "209": 0.04086068272590637, "210": 0.040663763880729675, "211": 0.04053179919719696, "212": 0.04040032625198364, "213": 0.04027280956506729, "214": 0.040137141942977905, "215": 0.0400119349360466, "216": 0.03986497223377228, "217": 0.03974669426679611, "218": 0.03962906450033188, "219": 0.03951643034815788, "220": 0.03938846290111542, "221": 0.03927849978208542, "222": 0.039169374853372574, "223": 0.03906334936618805, "224": 0.03894990682601929, "225": 0.038829244673252106, "226": 0.03872638940811157, "227": 0.03862600773572922, "228": 0.03853004798293114, "229": 0.03843240067362785, "230": 0.03833810240030289, "231": 0.038244932889938354, "232": 0.03815305605530739, "233": 0.03805690258741379, "234": 0.037967927753925323, "235": 0.037877198308706284, "236": 0.037786684930324554, "237": 0.037659626454114914, "238": 0.03756481409072876, "239": 0.037469521164894104, "240": 0.03737606108188629, "241": 0.037235721945762634, "242": 0.03714628517627716, "243": 0.0370573028922081, "244": 0.0369715578854084, "245": 0.036884717643260956, "246": 0.03679793328046799, "247": 0.036706261336803436, "248": 0.0366213396191597, "249": 0.03653895854949951, "250": 0.03640758618712425, "251": 0.036311935633420944, "252": 0.03623320534825325, "253": 0.03615639731287956, "254": 0.036078907549381256, "255": 0.03600279241800308, "256": 0.035928480327129364, "257": 0.035853661596775055, "258": 0.03577422350645065, "259": 0.03570166230201721, "260": 0.035628654062747955, "261": 0.03555800020694733, "262": 0.03548137843608856, "263": 0.035410258919000626, "264": 0.03534063324332237, "265": 0.03527183085680008, "266": 0.03517182916402817, "267": 0.035104185342788696, "268": 0.03503800928592682, "269": 0.03497103974223137, "270": 0.03490542620420456, "271": 0.03483016788959503, "272": 0.03477413207292557, "273": 0.03471878916025162, "274": 0.034666746854782104, "275": 0.034610845148563385, "276": 0.03456153720617294, "277": 0.034512072801589966, "278": 0.03446415066719055, "279": 0.03441093489527702, "280": 0.034364599734544754, "281": 0.034318193793296814, "282": 0.03427271544933319, "283": 0.034226998686790466, "284": 0.03415274992585182, "285": 0.03410518914461136, "286": 0.034061137586832047, "287": 0.034016937017440796,