{"0": 998.3068525791168, "1": -0.043139755725860596, "2": 0.0016235709190368652, "3": 0.16537034511566162, "4": 0.06816142797470093, "5": 0.02612331509590149, "6": 0.017266184091567993, "7": 0.014122068881988525, "8": 0.012006014585494995, "9": 0.010467857122421265, "10": 0.00921061635017395, "11": 0.00820016860961914, "12": 0.0073659420013427734, "13": 0.00652235746383667, "14": 0.005896121263504028, "15": 0.005428344011306763, "16": 0.0050310492515563965, "17": 0.00468522310256958, "18": 0.004358500242233276, "19": 0.004098266363143921, "20": 0.0038501322269439697, "21": 0.0036051571369171143, "22": 0.0034092962741851807, "23": 0.0032207071781158447, "24": 0.003026038408279419, "25": 0.002863645553588867, "26": 0.002759277820587158, "27": 0.0026187896728515625, "28": 0.0024993419647216797, "29": 0.0023948252201080322, "30": 0.0022827088832855225, "31": 0.0021956264972686768, "32": 0.002104640007019043, "33": 0.0020117759704589844, "34": 0.0019488036632537842, "35": 0.0018804371356964111, "36": 0.001808762550354004, "37": 0.001753091812133789, "38": 0.001683741807937622, "39": 0.0016388893127441406, "40": 0.0015880465507507324, "41": 0.0015335381031036377, "42": 0.0014743208885192871, "43": 0.0014147758483886719, "44": 0.0014160573482513428, "45": 0.0013775229454040527, "46": 0.0013405084609985352, "47": 0.0013037621974945068, "48": 0.0012619197368621826, "49": 0.001239091157913208, "50": 0.0011999011039733887, "51": 0.0011865794658660889, "52": 0.0011607110500335693, "53": 0.0011387467384338379, "54": 0.0011169016361236572, "55": 0.0010967850685119629, "56": 0.001076430082321167, "57": 0.0010611116886138916, "58": 0.0010350048542022705, "59": 0.0010318756103515625, "60": 0.001018434762954712, "61": 0.0010001659393310547, "62": 0.0009884536266326904, "63": 0.0009766221046447754, "64": 0.0009625554084777832, "65": 0.0009568333625793457, "66": 0.0009481608867645264, "67": 0.000942617654800415, "68": 0.0009351968765258789, "69": 0.0009314417839050293, "70": 0.0009214878082275391, "71": 0.0009220540523529053, "72": 0.0009117424488067627, "73": 0.0009119808673858643, "74": 0.0009143352508544922, "75": 0.0009073317050933838, "76": 0.0009054839611053467, "77": 0.0009077191352844238, "78": 0.0009054243564605713, "79": 0.0009032189846038818, "80": 0.0009039342403411865, "81": 0.0009036064147949219, "82": 0.0009030401706695557, "83": 0.0009040236473083496, "84": 0.0009006857872009277, "85": 0.0009010136127471924, "86": 0.0009020566940307617, "87": 0.0009040236473083496, "88": 0.0009049177169799805, "89": 0.0009048581123352051, "90": 0.0009006857872009277, "91": 0.00089988112449646, "92": 0.0009012222290039062, "93": 0.0009024739265441895, "94": 0.0009041726589202881, "95": 0.0009054839611053467, "96": 0.0009119510650634766, "97": 0.0009167194366455078, "98": 0.0009230375289916992, "99": 0.0009272098541259766, "100": 0.0009329915046691895, "101": 0.00093802809715271, "102": 0.0009485632181167603, "103": 0.0009596794843673706, "104": 0.0009672939777374268, "105": 0.0009739547967910767, "106": 0.0009808838367462158, "107": 0.0009905695915222168, "108": 0.0009971857070922852, "109": 0.0010038763284683228, "110": 0.0010116100311279297, "111": 0.0010329335927963257, "112": 0.001094922423362732, "113": 0.0011744201183319092, "114": 0.0012241452932357788, "115": 0.0014454126358032227, "116": 0.0017421692609786987, "117": 0.0010446608066558838, "118": 0.0012577921152114868, "119": 0.0013280212879180908, "120": 0.0013463497161865234, "121": 0.0013826042413711548, "122": 0.0014519691467285156, "123": 0.0015570670366287231, "124": 0.0015531033277511597, "125": 0.0013864636421203613, "126": 0.0011773407459259033, "127": 0.001819804310798645, "128": 0.0008753091096878052, "129": 0.0007985532283782959, "130": 0.0008191913366317749, "131": 0.0007674843072891235, "132": 0.0007753521203994751, "133": 0.0007625371217727661, "134": 0.0007555931806564331, "135": 0.0007509440183639526, "136": 0.0007516443729400635, "137": 0.0007424652576446533, "138": 0.0011365711688995361, "139": 0.000679701566696167, "140": 0.0007307380437850952, "141": 0.000707477331161499, "142": 0.0007229000329971313, "143": 0.0007231235504150391, "144": 0.0007467567920684814, "145": 0.0007509291172027588, "146": 0.0007950961589813232, "147": 0.0007820725440979004, "148": 0.000836789608001709, "149": 0.0008958429098129272, "150": 0.001084938645362854, "151": 0.0007307231426239014, "152": 0.0007035434246063232, "153": 0.0008537024259567261, "154": 0.0006788820028305054, "155": 0.0008610635995864868, "156": 0.000700533390045166, "157": 0.0008436292409896851, "158": 0.0008074045181274414, "159": 0.0008807629346847534, "160": 0.0009135156869888306, "161": 0.0009225308895111084, "162": 0.0008206814527511597, "163": 0.0006762295961380005, "164": 0.0006589740514755249, "165": 0.0006532669067382812, "166": 0.0006123334169387817, "167": 0.0007463842630386353, "168": 0.0006535053253173828, "169": 0.0007391870021820068, "170": 0.0007094144821166992, "171": 0.0007196664810180664, "172": 0.0007080584764480591, "173": 0.0006522536277770996, "174": 0.0006763339042663574, "175": 0.0005925744771957397, "176": 0.0005875825881958008, "177": 0.0005473196506500244, "178": 0.0005405992269515991, "179": 0.0006538182497024536, "180": 0.0005690902471542358, "181": 0.000610053539276123, "182": 0.0005825608968734741, "183": 0.0005617588758468628, "184": 0.000598415732383728, "185": 0.0005625635385513306, "186": 0.0005792081356048584, "187": 0.0005268603563308716, "188": 0.00054207444190979, "189": 0.0005054175853729248, "190": 0.0005399584770202637, "191": 0.000504225492477417, "192": 0.0005248486995697021, "193": 0.000500902533531189, "194": 0.0005195736885070801, "195": 0.0004811286926269531, "196": 0.000506669282913208, "197": 0.00048035383224487305, "198": 0.0004942268133163452, "199": 0.00045193731784820557, "200": 0.00044701993465423584, "201": 0.00039912760257720947, "202": 0.00042103230953216553, "203": 0.00039659440517425537, "204": 0.00043383240699768066, "205": 0.00039483606815338135, "206": 0.0004489719867706299, "207": 0.00038720667362213135, "208": 0.0005188286304473877, "209": 0.00041362643241882324, "210": 0.0005193948745727539, "211": 0.0004704892635345459, "212": 0.00044217705726623535, "213": 0.00041425228118896484, "214": 0.00039079785346984863, "215": 0.00041271746158599854, "216": 0.000386655330657959, "217": 0.00040759146213531494, "218": 0.0003924816846847534, "219": 0.0003691762685775757, "220": 0.00036059319972991943, "221": 0.00038546323776245117, "222": 0.00045536458492279053, "223": 0.00035509467124938965, "224": 0.00040678679943084717, "225": 0.00033114850521087646, "226": 0.0003677457571029663, "227": 0.0003224313259124756, "228": 0.0003379136323928833, "229": 0.0003229975700378418, "230": 0.0003162771463394165, "231": 0.0002927929162979126, "232": 0.0002745389938354492, "233": 0.0003432631492614746, "234": 0.00039596855640411377, "235": 0.0002684593200683594, "236": 0.0002584308385848999, "237": 0.0002823173999786377, "238": 0.0002677440643310547, "239": 0.0003619939088821411, "240": 0.0002751201391220093, "241": 0.00028455257415771484, "242": 0.00034655630588531494, "243": 0.0002981424331665039, "244": 0.0002993941307067871, "245": 0.0003712475299835205, "246": 0.00024628639221191406, "247": 0.00022210180759429932, "248": 0.0002594590187072754, "249": 0.00023448467254638672, "250": 0.00025346875190734863, "251": 0.00030487775802612305, "252": 0.0002253204584121704, "253": 0.00029505789279937744, "254": 0.00022846460342407227, "255": 0.00022317469120025635, "256": 0.0002523958683013916, "257": 0.000277101993560791, "258": 0.0002292841672897339, "259": 0.00022067129611968994, "260": 0.0002659410238265991, "261": 0.0002002418041229248, "262": 0.0002037137746810913, "263": 0.00021155178546905518, "264": 0.00018921494483947754, "265": 0.00019443035125732422, "266": 0.00019308924674987793, "267": 0.0002114623785018921, "268": 0.00016595423221588135, "269": 0.00017255544662475586,