{"0": 998.3068525791168, "1": 0.5107823759317398, "2": 0.00011448562145233154, "3": 0.04347926378250122, "4": 0.010059744119644165, "5": 0.004123032093048096, "6": 0.0031313151121139526, "7": 0.0026647597551345825, "8": 0.002350233495235443, "9": 0.0020899027585983276, "10": 0.0018606111407279968, "11": 0.0016552731394767761, "12": 0.0015049651265144348, "13": 0.0013492852449417114, "14": 0.0012236833572387695, "15": 0.0011317580938339233, "16": 0.00105275958776474, "17": 0.0009862631559371948, "18": 0.0009297430515289307, "19": 0.0008742958307266235, "20": 0.0008317530155181885, "21": 0.0007892102003097534, "22": 0.0007565096020698547, "23": 0.000718921422958374, "24": 0.0006872564554214478, "25": 0.0006560459733009338, "26": 0.0006219819188117981, "27": 0.0006022751331329346, "28": 0.0005798637866973877, "29": 0.0005579739809036255, "30": 0.0005369707942008972, "31": 0.0005166828632354736, "32": 0.0004966035485267639, "33": 0.00047932565212249756, "34": 0.0004625245928764343, "35": 0.00044598430395126343, "36": 0.00043001025915145874, "37": 0.00041591376066207886, "38": 0.0004015490412712097, "39": 0.00038661062717437744, "40": 0.0003761798143386841, "41": 0.00036448240280151367, "42": 0.00035237520933151245, "43": 0.000341951847076416, "44": 0.00033130496740341187, "45": 0.0003199577331542969, "46": 0.00030856579542160034, "47": 0.00030253082513809204, "48": 0.0002934485673904419, "49": 0.00028479844331741333, "50": 0.0002773851156234741, "51": 0.00027045607566833496, "52": 0.0002633780241012573, "53": 0.0002564862370491028, "54": 0.00024969130754470825, "55": 0.00024290382862091064, "56": 0.00023758411407470703, "57": 0.00023036450147628784, "58": 0.00022602826356887817, "59": 0.0002206936478614807, "60": 0.00021570175886154175, "61": 0.00021123886108398438, "62": 0.00020657479763031006, "63": 0.0002017095685005188, "64": 0.00019819289445877075, "65": 0.00019409507513046265, "66": 0.00019011646509170532, "67": 0.00018648803234100342, "68": 0.00018250197172164917, "69": 0.00017978250980377197, "70": 0.00017654895782470703, "71": 0.00017334520816802979, "72": 0.00017013400793075562, "73": 0.00016731023788452148, "74": 0.00016394257545471191, "75": 0.0001604706048965454, "76": 0.0001569688320159912, "77": 0.00015420466661453247, "78": 0.00015150755643844604, "79": 0.00014850497245788574, "80": 0.000145837664604187, "81": 0.00014312565326690674, "82": 0.00014066696166992188, "83": 0.00013834238052368164, "84": 0.0001364201307296753, "85": 0.00013466179370880127, "86": 0.00013363361358642578, "87": 0.00013293325901031494, "88": 0.00013203173875808716, "89": 0.00013247132301330566, "90": 0.0001329183578491211, "91": 0.00013506412506103516, "92": 0.00013790279626846313, "93": 0.00014115869998931885, "94": 0.0001457110047340393, "95": 0.0001508072018623352, "96": 0.00015785545110702515, "97": 0.00016508251428604126, "98": 0.00017753243446350098, "99": 0.00019097328186035156, "100": 0.00021325796842575073, "101": 0.00024165958166122437, "102": 0.00027651339769363403, "103": 0.0003780648112297058, "104": 0.00048479437828063965, "105": 0.0005885884165763855, "106": 0.0004769936203956604, "107": 0.0006053522229194641, "108": 0.0005884841084480286, "109": 0.0006123334169387817, "110": 0.0005799755454063416, "111": 0.0005828887224197388, "112": 0.0005721449851989746, "113": 0.0005245581269264221, "114": 0.0006346926093101501, "115": 0.0005292072892189026, "116": 0.0006270483136177063, "117": 0.000527605414390564, "118": 0.0005216673016548157, "119": 0.0005247220396995544, "120": 0.000527307391166687, "121": 0.0005050972104072571, "122": 0.0005036592483520508, "123": 0.0005081593990325928, "124": 0.00047000497579574585, "125": 0.000540807843208313, "126": 0.00046741217374801636, "127": 0.0005284994840621948, "128": 0.00048354268074035645, "129": 0.00046899914741516113, "130": 0.00047861039638519287, "131": 0.00044851750135421753, "132": 0.0004910826683044434, "133": 0.0004446841776371002, "134": 0.0004338473081588745, "135": 0.0004447959363460541, "136": 0.00044032931327819824, "137": 0.00042091310024261475, "138": 0.0004148408770561218, "139": 0.0004089847207069397, "140": 0.00037109479308128357, "141": 0.00046415627002716064, "142": 0.00038873404264450073, "143": 0.0004200078547000885, "144": 0.00039329007267951965, "145": 0.00038312748074531555, "146": 0.00038143619894981384, "147": 0.0003733336925506592, "148": 0.00036313384771347046, "149": 0.0003672502934932709, "150": 0.0003389976918697357, "151": 0.0003739111125469208, "152": 0.00035052746534347534, "153": 0.00034140050411224365, "154": 0.00032878294587135315, "155": 0.00033600255846977234, "156": 0.00032030045986175537, "157": 0.00031917914748191833, "158": 0.00030384212732315063, "159": 0.0003084540367126465, "160": 0.0003104880452156067, "161": 0.0002872832119464874, "162": 0.000253874808549881, "163": 0.00035881996154785156, "164": 0.0002692900598049164, "165": 0.0002682730555534363, "166": 0.00035265833139419556, "167": 0.00028409063816070557, "168": 0.00026491284370422363, "169": 0.000300385057926178, "170": 0.0002580694854259491, "171": 0.0002977810800075531, "172": 0.0002817027270793915, "173": 0.00025209784507751465, "174": 0.00029810890555381775, "175": 0.0002474561333656311, "176": 0.00021035224199295044, "177": 0.00021178275346755981, "178": 0.00020832940936088562, "179": 0.00020273402333259583, "180": 0.00019957125186920166, "181": 0.00022342056035995483, "182": 0.00019380450248718262, "183": 0.00018487125635147095, "184": 0.00019729509949684143, "185": 0.00018200278282165527, "186": 0.00020828470587730408, "187": 0.0001914091408252716, "188": 0.00016653910279273987, "189": 0.00016212835907936096, "190": 0.0001741163432598114, "191": 0.00016630813479423523, "192": 0.00020607560873031616, "193": 0.00016465038061141968, "194": 0.00015946105122566223, "195": 0.00022737309336662292, "196": 0.00015780702233314514, "197": 0.00015561655163764954, "198": 0.00018351897597312927, "199": 0.00015284493565559387, "200": 0.00014996156096458435, "201": 0.00015477091073989868, "202": 0.00014676153659820557, "203": 0.00015034526586532593, "204": 0.00016541406512260437, "205": 0.0001433752477169037, "206": 0.0001421310007572174, "207": 0.00013977289199829102, "208": 0.0001508854329586029, "209": 0.00013736635446548462, "210": 0.00019691884517669678, "211": 0.00013196468353271484, "212": 0.00013147294521331787, "213": 0.00012751668691635132, "214": 0.00013566762208938599, "215": 0.00012520700693130493, "216": 0.0001469627022743225, "217": 0.00011827796697616577, "218": 0.0001176297664642334, "219": 0.00011263415217399597, "220": 0.0001279674470424652, "221": 0.00010996311902999878, "222": 0.00010912492871284485, "223": 0.00010602548718452454, "224": 0.00011344254016876221, "225": 0.0001206621527671814, "226": 0.00010285526514053345, "227": 0.00010038167238235474, "228": 9.595975279808044e-05, "229": 9.764730930328369e-05, "230": 9.429827332496643e-05, "231": 9.316951036453247e-05, "232": 9.187683463096619e-05, "233": 9.615346789360046e-05, "234": 8.897483348846436e-05, "235": 9.072944521903992e-05, "236": 9.051337838172913e-05, "237": 0.0001270584762096405, "238": 9.481236338615417e-05, "239": 9.529292583465576e-05, "240": 9.34600830078125e-05, "241": 0.00014033913612365723, "242": 8.943676948547363e-05, "243": 8.898228406906128e-05, "244": 8.574500679969788e-05, "245": 8.684024214744568e-05, "246": 8.678436279296875e-05, "247": 9.167194366455078e-05, "248": 8.492171764373779e-05, "249": 8.238106966018677e-05, "250": 0.0001313723623752594, "251": 9.56505537033081e-05, "252": 7.873028516769409e-05, "253": 7.680803537368774e-05, "254": 7.748976349830627e-05, "255": 7.611513137817383e-05, "256": 7.431209087371826e-05, "257": 7.481873035430908e-05, "258": 7.943809032440186e-05, "259": 7.256120443344116e-05, "260": 7.300823926925659e-05, "261": 7.065385580062866e-05, "262": 7.662177085876465e-05, "263": 7.11195170879364e-05, "264": 6.962567567825317e-05, "265": 6.880238652229309e-05,