{"0": 0.6931474208831787, "1": 0.2583123743534088, "2": 0.25812315940856934, "3": 0.19823038578033447, "4": 0.18095089495182037, "5": 0.17475785315036774, "6": 0.17042967677116394, "7": 0.1667889654636383, "8": 0.1636139452457428, "9": 0.1608286201953888, "10": 0.15836329758167267, "11": 0.15616221725940704, "12": 0.15418146550655365, "13": 0.15242193639278412, "14": 0.15083327889442444, "15": 0.1493643969297409, "16": 0.14799904823303223, "17": 0.146730437874794, "18": 0.14553919434547424, "19": 0.14442382752895355, "20": 0.14337903261184692, "21": 0.14239393174648285, "22": 0.1414610892534256, "23": 0.14058031141757965, "24": 0.13974152505397797, "25": 0.13894324004650116, "26": 0.13818687200546265, "27": 0.13746806979179382, "28": 0.1367756873369217, "29": 0.13611625134944916, "30": 0.1354823261499405, "31": 0.13487522304058075, "32": 0.13429145514965057, "33": 0.13373079895973206, "34": 0.13319240510463715, "35": 0.1326715648174286, "36": 0.13217104971408844, "37": 0.1316865086555481, "38": 0.13121618330478668, "39": 0.13076026737689972, "40": 0.1303187608718872, "41": 0.1298898607492447, "42": 0.12947049736976624, "43": 0.1290629804134369, "44": 0.12866879999637604, "45": 0.12828369438648224, "46": 0.12790903449058533, "47": 0.12754222750663757, "48": 0.1271836757659912, "49": 0.12683303654193878, "50": 0.1264897733926773, "51": 0.12615346908569336, "52": 0.12582483887672424, "53": 0.12550504505634308, "54": 0.125189870595932, "55": 0.12488096952438354, "56": 0.12457945197820663, "57": 0.1242850199341774, "58": 0.123992420732975, "59": 0.12370482832193375, "60": 0.12342258542776108, "61": 0.12314553558826447, "62": 0.12287339568138123, "63": 0.12260553240776062, "64": 0.12234266847372055, "65": 0.12208478152751923, "66": 0.12183044105768204, "67": 0.12157949060201645, "68": 0.12133083492517471, "69": 0.12108612805604935, "70": 0.12084492295980453, "71": 0.1206071600317955, "72": 0.12037323415279388, "73": 0.12014336884021759, "74": 0.11991684883832932, "75": 0.11969395726919174, "76": 0.11947420239448547, "77": 0.11925807595252991, "78": 0.11904413998126984, "79": 0.11883331090211868, "80": 0.11862364411354065, "81": 0.1184171810746193, "82": 0.11821415275335312, "83": 0.11801446974277496, "84": 0.11781830340623856, "85": 0.11762578785419464, "86": 0.11743665486574173, "87": 0.11724986881017685, "88": 0.11706533282995224, "89": 0.11688286066055298, "90": 0.11670298129320145, "91": 0.11652568727731705, "92": 0.11635053157806396, "93": 0.11617764830589294, "94": 0.11600766330957413, "95": 0.11583831906318665, "96": 0.11567141115665436, "97": 0.11550675332546234, "98": 0.11534396559000015, "99": 0.11518268287181854, "100": 0.11502239108085632, "101": 0.11486265063285828, "102": 0.11470156908035278, "103": 0.11453991383314133, "104": 0.11437757313251495, "105": 0.11421390622854233, "106": 0.11404728144407272, "107": 0.11387709528207779, "108": 0.11369891464710236, "109": 0.11351241171360016, "110": 0.11331677436828613, "111": 0.11310982704162598, "112": 0.1128920167684555, "113": 0.11266457289457321, "114": 0.11242697387933731, "115": 0.11217685788869858, "116": 0.11191003769636154, "117": 0.11161596328020096, "118": 0.11127813160419464, "119": 0.11081401258707047, "120": 0.11049599200487137, "121": 0.11002711951732635, "122": 0.1095338687300682, "123": 0.1089528426527977, "124": 0.10837402194738388, "125": 0.10770055651664734, "126": 0.10706458985805511, "127": 0.10639017075300217, "128": 0.10579660534858704, "129": 0.10509654879570007, "130": 0.10444153845310211, "131": 0.10386510193347931, "132": 0.10326632112264633, "133": 0.10270117223262787, "134": 0.10212834924459457, "135": 0.10155456513166428, "136": 0.10098130255937576, "137": 0.10045310109853745, "138": 0.09990175813436508, "139": 0.09931367635726929, "140": 0.09877575188875198, "141": 0.09826311469078064, "142": 0.09770140051841736, "143": 0.09702233225107193, "144": 0.09646812826395035, "145": 0.09594766795635223, "146": 0.09531161934137344, "147": 0.0947817787528038, "148": 0.09426065534353256, "149": 0.0936998724937439, "150": 0.09318296611309052, "151": 0.09267543256282806, "152": 0.09204411506652832, "153": 0.09154853969812393, "154": 0.09106143563985825, "155": 0.09057801216840744, "156": 0.09009625017642975, "157": 0.08945513516664505, "158": 0.08898007124662399, "159": 0.08850990980863571, "160": 0.08805891871452332, "161": 0.08762741833925247, "162": 0.08718522638082504, "163": 0.0867609977722168, "164": 0.08628924190998077, "165": 0.085883229970932, "166": 0.08548575639724731, "167": 0.08509379625320435, "168": 0.0847124457359314, "169": 0.08433853089809418, "170": 0.08397755771875381, "171": 0.08362232893705368, "172": 0.08320263028144836, "173": 0.08285130560398102, "174": 0.08250667154788971, "175": 0.08216908574104309, "176": 0.08183906972408295, "177": 0.08151456713676453, "178": 0.08119817823171616, "179": 0.0808693990111351, "180": 0.08055400848388672, "181": 0.08012549579143524, "182": 0.07981385290622711, "183": 0.07951024174690247, "184": 0.0792132318019867, "185": 0.07892286777496338, "186": 0.07863733917474747, "187": 0.07835998386144638, "188": 0.07808540761470795, "189": 0.07781711220741272, "190": 0.07755151391029358, "191": 0.07729147374629974, "192": 0.07703182846307755, "193": 0.07676923274993896, "194": 0.0765112042427063, "195": 0.07624195516109467, "196": 0.07598736137151718, "197": 0.07572420686483383, "198": 0.07547292858362198, "199": 0.07521810382604599, "200": 0.07491153478622437, "201": 0.07466688752174377, "202": 0.07443168759346008, "203": 0.07417523115873337, "204": 0.07390643656253815, "205": 0.07364523410797119, "206": 0.07339894026517868, "207": 0.07315859198570251, "208": 0.07289926707744598, "209": 0.07266390323638916, "210": 0.07243778556585312, "211": 0.07221457362174988, "212": 0.07198385894298553, "213": 0.07174397259950638, "214": 0.07152862846851349, "215": 0.07132711261510849, "216": 0.07113122195005417, "217": 0.07088099420070648, "218": 0.07068876922130585, "219": 0.07050131261348724, "220": 0.07031571120023727, "221": 0.07013418525457382, "222": 0.06994519382715225, "223": 0.06976817548274994, "224": 0.06959353387355804, "225": 0.06935390084981918, "226": 0.06917813420295715, "227": 0.06900443136692047, "228": 0.0688333809375763, "229": 0.06866568326950073, "230": 0.06849981099367142, "231": 0.06833601742982864, "232": 0.06817009299993515, "233": 0.0679786279797554, "234": 0.067818783223629, "235": 0.06766141951084137, "236": 0.06750832498073578, "237": 0.06735899299383163, "238": 0.06721220910549164, "239": 0.06705950200557709, "240": 0.06691800057888031, "241": 0.06677855551242828, "242": 0.06663765758275986, "243": 0.06650388985872269, "244": 0.06637172400951385, "245": 0.0662236288189888, "246": 0.06609324365854263, "247": 0.06596457958221436, "248": 0.06580646336078644, "249": 0.06567917764186859, "250": 0.06555213034152985, "251": 0.06542361527681351, "252": 0.06529907137155533, "253": 0.06516239792108536, "254": 0.06503967195749283, "255": 0.06491820514202118, "256": 0.0647985115647316, "257": 0.06468129903078079, "258": 0.06456528604030609, "259": 0.0644461140036583, "260": 0.06433172523975372, "261": 0.06421902775764465, "262": 0.06410782784223557, "263": 0.06398757547140121, "264": 0.0638771802186966, "265": 0.06376796215772629, "266": 0.0636572614312172, "267": 0.06354988366365433, "268": 0.06344044953584671, "269": 0.06333518773317337, "270": 0.0632321909070015, "271": 0.06312467157840729, "272": 0.06301989406347275, "273": 0.06291639804840088, "274": 0.06280581653118134, "275": 0.06271186470985413, "276": 0.06261704117059708, "277": 0.06252488493919373, "278": 0.06243310496211052, "279": 0.0623110756278038, "280": 0.06221834942698479, "281": 0.06212571635842323, "282": 0.062035106122493744, "283": 0.06194470077753067, "284": 0.06182008981704712, "285": 0.061725638806819916, "286": 0.06163182854652405, "287": 0.061542291194200516, "288": 0.06144723296165466, "289": 0.06136075779795647, "290": 0.06126978248357773,