{"0": 998.3068525791168, "1": 0.09951835870742798, "2": 0.0010398030281066895, "3": 0.1543012261390686, "4": 0.048211246728897095, "5": 0.016985714435577393, "6": 0.011646449565887451, "7": 0.009692013263702393, "8": 0.00839853286743164, "9": 0.007361173629760742, "10": 0.006479352712631226, "11": 0.005782455205917358, "12": 0.005207240581512451, "13": 0.004619896411895752, "14": 0.004145324230194092, "15": 0.0038332343101501465, "16": 0.0035612285137176514, "17": 0.0032949447631835938, "18": 0.003102719783782959, "19": 0.0029134750366210938, "20": 0.0027292370796203613, "21": 0.002567589282989502, "22": 0.00243455171585083, "23": 0.002273261547088623, "24": 0.0021737515926361084, "25": 0.0020686984062194824, "26": 0.0019728243350982666, "27": 0.001878589391708374, "28": 0.0017917752265930176, "29": 0.0017132759094238281, "30": 0.0016349852085113525, "31": 0.0015679001808166504, "32": 0.001484513282775879, "33": 0.0014435350894927979, "34": 0.001385331153869629, "35": 0.0013396739959716797, "36": 0.001289278268814087, "37": 0.001248180866241455, "38": 0.0012096166610717773, "39": 0.0011667907238006592, "40": 0.0011307895183563232, "41": 0.0010839402675628662, "42": 0.0010564625263214111, "43": 0.001041501760482788, "44": 0.0010055899620056152, "45": 0.000981748104095459, "46": 0.0009620785713195801, "47": 0.000938117504119873, "48": 0.0009161233901977539, "49": 0.0008880943059921265, "50": 0.0008763968944549561, "51": 0.0008604675531387329, "52": 0.0008444935083389282, "53": 0.0008287280797958374, "54": 0.0008086562156677246, "55": 0.0008024871349334717, "56": 0.0007892251014709473, "57": 0.0007776468992233276, "58": 0.0007572919130325317, "59": 0.0007576793432235718, "60": 0.0007426291704177856, "61": 0.0007301270961761475, "62": 0.0007375776767730713, "63": 0.0007270276546478271, "64": 0.0007159262895584106, "65": 0.0007107406854629517, "66": 0.0007001906633377075, "67": 0.0007007867097854614, "68": 0.0006870478391647339, "69": 0.0007022172212600708, "70": 0.0006974786520004272, "71": 0.0006952285766601562, "72": 0.0006873011589050293, "73": 0.0006939470767974854, "74": 0.0006849914789199829, "75": 0.0006875544786453247, "76": 0.0006834268569946289, "77": 0.0006802529096603394, "78": 0.0006814301013946533, "79": 0.0006798207759857178, "80": 0.0006773322820663452, "81": 0.0006836652755737305, "82": 0.0006875097751617432, "83": 0.0006881803274154663, "84": 0.0006902813911437988, "85": 0.0006885379552841187, "86": 0.0006869286298751831, "87": 0.0006889104843139648, "88": 0.0006893426179885864, "89": 0.0006909817457199097, "90": 0.0006962418556213379, "91": 0.0007011890411376953, "92": 0.0007082968950271606, "93": 0.0007134526968002319, "94": 0.0007181018590927124, "95": 0.000724494457244873, "96": 0.0007302910089492798, "97": 0.0007363557815551758, "98": 0.0007455945014953613, "99": 0.0007556527853012085, "100": 0.0007644742727279663, "101": 0.0007776468992233276, "102": 0.0007906705141067505, "103": 0.0008079260587692261, "104": 0.0008273124694824219, "105": 0.0008410662412643433, "106": 0.0008549988269805908, "107": 0.0008698254823684692, "108": 0.0008840113878250122, "109": 0.0008984953165054321, "110": 0.0009147077798843384, "111": 0.0009316354990005493, "112": 0.0009571462869644165, "113": 0.0009884536266326904, "114": 0.0010486990213394165, "115": 0.0011022984981536865, "116": 0.0013623088598251343, "117": 0.0014549195766448975, "118": 0.0008916854858398438, "119": 0.0012047290802001953, "120": 0.0012631118297576904, "121": 0.0013324320316314697, "122": 0.0014979839324951172, "123": 0.0016492903232574463, "124": 0.0015371739864349365, "125": 0.0014155954122543335, "126": 0.00139579176902771, "127": 0.0012429207563400269, "128": 0.0018880516290664673, "129": 0.0009628385305404663, "130": 0.0008478760719299316, "131": 0.0008392333984375, "132": 0.0008266866207122803, "133": 0.0008161664009094238, "134": 0.0008102506399154663, "135": 0.0008019357919692993, "136": 0.0008077770471572876, "137": 0.0008018761873245239, "138": 0.0008016973733901978, "139": 0.0011359155178070068, "140": 0.0007999390363693237, "141": 0.0008288174867630005, "142": 0.000995054841041565, "143": 0.0008414089679718018, "144": 0.001096963882446289, "145": 0.000861823558807373, "146": 0.0008979737758636475, "147": 0.0009238123893737793, "148": 0.0011821538209915161, "149": 0.0010723620653152466, "150": 0.0011763572692871094, "151": 0.000965118408203125, "152": 0.0008522719144821167, "153": 0.0009636580944061279, "154": 0.0009340345859527588, "155": 0.0009678006172180176, "156": 0.0009305775165557861, "157": 0.0009146630764007568, "158": 0.0009277611970901489, "159": 0.0009050816297531128, "160": 0.0010356605052947998, "161": 0.001068413257598877, "162": 0.0009127259254455566, "163": 0.0008967220783233643, "164": 0.0009553581476211548, "165": 0.0008445978164672852, "166": 0.0009163320064544678, "167": 0.0008563101291656494, "168": 0.0008762329816818237, "169": 0.0008126646280288696, "170": 0.0010184049606323242, "171": 0.0008844286203384399, "172": 0.0008336454629898071, "173": 0.0008591264486312866, "174": 0.0007851570844650269, "175": 0.0008069425821304321, "176": 0.0007393807172775269, "177": 0.0006893426179885864, "178": 0.0008187443017959595, "179": 0.0006668418645858765, "180": 0.0006433278322219849, "181": 0.0007229149341583252, "182": 0.0006804019212722778, "183": 0.0006650835275650024, "184": 0.0006522536277770996, "185": 0.0006397813558578491, "186": 0.0006249397993087769, "187": 0.0006195008754730225, "188": 0.000659450888633728, "189": 0.0006833821535110474, "190": 0.0006011277437210083, "191": 0.0006178319454193115, "192": 0.0005872398614883423, "193": 0.0005856379866600037, "194": 0.0005927234888076782, "195": 0.0005624517798423767, "196": 0.0005603432655334473, "197": 0.0005568712949752808, "198": 0.0005285143852233887, "199": 0.0005242303013801575, "200": 0.0005479380488395691, "201": 0.0005280226469039917, "202": 0.0004850924015045166, "203": 0.0005780160427093506, "204": 0.00047666579484939575, "205": 0.0005443468689918518, "206": 0.0005469322204589844, "207": 0.0006001219153404236, "208": 0.0004673898220062256, "209": 0.00044579803943634033, "210": 0.00044430047273635864, "211": 0.0004289373755455017, "212": 0.0005140975117683411, "213": 0.0004305541515350342, "214": 0.0006070137023925781, "215": 0.000479869544506073, "216": 0.00047393888235092163, "217": 0.0004937052726745605, "218": 0.000601842999458313, "219": 0.00047425925731658936, "220": 0.00045306235551834106, "221": 0.00044495612382888794, "222": 0.00044239312410354614, "223": 0.00041603296995162964, "224": 0.0003894716501235962, "225": 0.0003726780414581299, "226": 0.0003749728202819824, "227": 0.0003507286310195923, "228": 0.00038370490074157715, "229": 0.0003791525959968567, "230": 0.00034196674823760986, "231": 0.00047034770250320435, "232": 0.0003364086151123047, "233": 0.00034336745738983154, "234": 0.0003623291850090027, "235": 0.0003613978624343872, "236": 0.0003277584910392761, "237": 0.0003271549940109253, "238": 0.00042219460010528564, "239": 0.00034002959728240967, "240": 0.0002835020422935486, "241": 0.00027554482221603394, "242": 0.000278666615486145, "243": 0.00026526302099227905, "244": 0.0002552047371864319, "245": 0.0002460852265357971, "246": 0.0002573058009147644, "247": 0.0002591460943222046, "248": 0.00024910271167755127, "249": 0.0002761632204055786, "250": 0.0003471672534942627, "251": 0.00028114020824432373, "252": 0.00029049813747406006, "253": 0.000265657901763916, "254": 0.0002273470163345337, "255": 0.00032973289489746094, "256": 0.00023262202739715576, "257": 0.00022582709789276123, "258": 0.0002718791365623474, "259": 0.00022649765014648438, "260": 0.00022533535957336426, "261": 0.00022765249013900757, "262": 0.00022725015878677368, "263": 0.00022277235984802246, "264": 0.00022620707750320435, "265": 0.00022231042385101318, "266": 0.00024338066577911377, "267": 0.0002295970916748047, "268": 0.00020290911197662354, "269": 0.0002232864499092102,