{"0": 998.3068525791168, "1": 0.6542283073067665, "2": 3.413483500480652e-05, "3": 0.01740570366382599, "4": 0.0001721791923046112, "5": 0.00013044103980064392, "6": 0.000131925567984581, "7": 0.00012657232582569122, "8": 0.000118231400847435, "9": 0.00010780617594718933, "10": 9.93441790342331e-05, "11": 9.104609489440918e-05, "12": 8.439458906650543e-05, "13": 6.527267396450043e-05, "14": 6.924755871295929e-05, "15": 7.502920925617218e-05, "16": 7.86706805229187e-05, "17": 7.823854684829712e-05, "18": 7.944740355014801e-05, "19": 7.969886064529419e-05, "20": 7.888674736022949e-05, "21": 7.757171988487244e-05, "22": 7.647275924682617e-05, "23": 7.791630923748016e-05, "24": 8.09747725725174e-05, "25": 8.282437920570374e-05, "26": 8.795224130153656e-05, "27": 9.328313171863556e-05, "28": 0.0001028943806886673, "29": 0.00011884793639183044, "30": 0.00013672560453414917, "31": 0.00016394257545471191, "32": 0.00019233301281929016, "33": 0.00024255365133285522, "34": 0.0003046654164791107, "35": 0.00046118348836898804, "36": 0.0003063119947910309, "37": 0.000383155420422554, "38": 0.00038204342126846313, "39": 0.00041669607162475586, "40": 0.0003052782267332077, "41": 0.00030494388192892075, "42": 0.00027342699468135834, "43": 0.00026724860072135925, "44": 0.00026529934257268906, "45": 0.00022509321570396423, "46": 0.00026425253599882126, "47": 0.00023446232080459595, "48": 0.00023183878511190414, "49": 0.0002011265605688095, "50": 0.00021204911172389984, "51": 0.0001986958086490631, "52": 0.000186799094080925, "53": 0.00017786026000976562, "54": 0.00016253534704446793, "55": 0.0001533934846520424, "56": 0.00014275498688220978, "57": 0.0001426776871085167, "58": 0.00012786779552698135, "59": 0.00012832321226596832, "60": 0.00012273434549570084, "61": 0.00011729728430509567, "62": 0.00011398084461688995, "63": 0.00010850280523300171, "64": 0.00011185742914676666, "65": 0.00010464433580636978, "66": 9.859167039394379e-05, "67": 9.50666144490242e-05, "68": 9.264424443244934e-05, "69": 8.395686745643616e-05, "70": 9.283982217311859e-05, "71": 9.339675307273865e-05, "72": 8.821859955787659e-05, "73": 8.437968790531158e-05, "74": 8.085649460554123e-05, "75": 7.829628884792328e-05, "76": 7.557496428489685e-05, "77": 7.427576929330826e-05, "78": 7.33276829123497e-05, "79": 7.06138089299202e-05, "80": 6.749853491783142e-05, "81": 6.996467709541321e-05, "82": 6.72508031129837e-05, "83": 6.94170594215393e-05, "84": 6.695836782455444e-05, "85": 6.498396396636963e-05, "86": 6.44829124212265e-05, "87": 6.199348717927933e-05, "88": 6.0150399804115295e-05, "89": 6.0508958995342255e-05, "90": 5.619414150714874e-05, "91": 5.8395788073539734e-05, "92": 5.55235892534256e-05, "93": 5.525816231966019e-05, "94": 5.491729825735092e-05, "95": 5.1895156502723694e-05, "96": 5.1837414503097534e-05, "97": 5.329493433237076e-05, "98": 4.914868623018265e-05, "99": 5.1917508244514465e-05, "100": 4.972890019416809e-05, "101": 4.5124441385269165e-05, "102": 4.747975617647171e-05, "103": 4.360917955636978e-05, "104": 4.235748201608658e-05, "105": 4.088785499334335e-05, "106": 4.105083644390106e-05, "107": 4.2362138628959656e-05, "108": 4.246644675731659e-05, "109": 4.069693386554718e-05, "110": 4.0815211832523346e-05, "111": 4.001148045063019e-05, "112": 3.804545849561691e-05, "113": 3.63057479262352e-05, "114": 3.712158650159836e-05, "115": 3.7346966564655304e-05, "116": 3.674812614917755e-05, "117": 3.666989505290985e-05, "118": 3.786012530326843e-05, "119": 3.5643577575683594e-05, "120": 3.5828910768032074e-05, "121": 3.40314581990242e-05, "122": 3.248825669288635e-05, "123": 3.260839730501175e-05, "124": 3.179628401994705e-05, "125": 3.271736204624176e-05, "126": 3.323890268802643e-05, "127": 3.236904740333557e-05, "128": 3.294367343187332e-05, "129": 3.270339220762253e-05, "130": 3.3387914299964905e-05, "131": 3.1531788408756256e-05, "132": 3.1647272408008575e-05, "133": 2.9988586902618408e-05, "134": 2.93804332613945e-05, "135": 2.9641203582286835e-05, "136": 3.0347146093845367e-05, "137": 2.8238631784915924e-05, "138": 2.8464943170547485e-05, "139": 2.807052806019783e-05, "140": 2.9463786631822586e-05, "141": 2.909824252128601e-05, "142": 2.943631261587143e-05, "143": 3.042258322238922e-05, "144": 3.0491501092910767e-05, "145": 3.0147843062877655e-05, "146": 2.975156530737877e-05, "147": 2.880161628127098e-05, "148": 2.5631394237279892e-05, "149": 2.6605557650327682e-05, "150": 2.7591362595558167e-05, "151": 2.5558285415172577e-05, "152": 2.37245112657547e-05, "153": 2.2804364562034607e-05, "154": 1.9801780581474304e-05, "155": 1.878291368484497e-05, "156": 1.691468060016632e-05, "157": 1.761503517627716e-05, "158": 1.8849968910217285e-05, "159": 1.7748214304447174e-05, "160": 1.8303748220205307e-05, "161": 1.7009209841489792e-05, "162": 1.74008309841156e-05, "163": 1.6062520444393158e-05, "164": 1.5070661902427673e-05, "165": 1.4117453247308731e-05, "166": 1.3547483831644058e-05, "167": 1.25933438539505e-05, "168": 1.231534406542778e-05, "169": 1.085083931684494e-05, "170": 1.216074451804161e-05, "171": 1.2636184692382812e-05, "172": 1.303618773818016e-05, "173": 1.8203631043434143e-05, "174": 1.9861850887537003e-05, "175": 1.8727965652942657e-05, "176": 1.9572675228118896e-05, "177": 1.856451854109764e-05, "178": 2.194102853536606e-05, "179": 1.914938911795616e-05, "180": 2.011191099882126e-05, "181": 1.754099503159523e-05, "182": 1.6262289136648178e-05, "183": 1.396099105477333e-05, "184": 1.4137011021375656e-05, "185": 1.3793818652629852e-05, "186": 1.1305324733257294e-05, "187": 1.6640406101942062e-05, "188": 1.4714431017637253e-05, "189": 1.566438004374504e-05, "190": 1.734727993607521e-05, "191": 1.519080251455307e-05, "192": 1.588091254234314e-05, "193": 2.007419243454933e-05, "194": 1.371605321764946e-05, "195": 1.549534499645233e-05, "196": 1.4588702470064163e-05, "197": 1.4299992471933365e-05, "198": 1.8956605345010757e-05, "199": 2.175942063331604e-05, "200": 1.9072089344263077e-05, "201": 1.6611535102128983e-05, "202": 1.4046672731637955e-05, "203": 1.1994503438472748e-05, "204": 2.3855827748775482e-05, "205": 1.0907649993896484e-05, "206": 1.081591472029686e-05, "207": 8.67387279868126e-06, "208": 9.540468454360962e-06, "209": 1.0302290320396423e-05, "210": 9.2359259724617e-06, "211": 1.1469703167676926e-05, "212": 1.1242460459470749e-05, "213": 1.209508627653122e-05, "214": 1.0930933058261871e-05, "215": 1.153256744146347e-05, "216": 9.145587682723999e-06, "217": 8.715782314538956e-06, "218": 8.021015673875809e-06, "219": 6.720423698425293e-06, "220": 8.02893191576004e-06, "221": 1.000240445137024e-05, "222": 8.0927275121212e-06, "223": 9.043607860803604e-06, "224": 8.760020136833191e-06, "225": 1.108366996049881e-05, "226": 8.650124073028564e-06, "227": 1.2468546628952026e-05, "228": 5.610287189483643e-06, "229": 3.4444965422153473e-06, "230": 3.311317414045334e-06, "231": 3.053806722164154e-06, "232": 3.618188202381134e-06, "233": 3.7141144275665283e-06, "234": 3.243330866098404e-06, "235": 3.798864781856537e-06, "236": 3.773719072341919e-06, "237": 2.610962837934494e-06, "238": 3.1995587050914764e-06, "239": 3.486406058073044e-06, "240": 3.757420927286148e-06, "241": 4.515517503023148e-06, "242": 4.8959627747535706e-06, "243": 5.6014396250247955e-06, "244": 8.794013410806656e-06, "245": 4.581175744533539e-06, "246": 4.794448614120483e-06, "247": 4.523433744907379e-06, "248": 8.382834494113922e-06, "249": 3.7462450563907623e-06, "250": 4.061497747898102e-06, "251": 3.898981958627701e-06, "252": 4.2244791984558105e-06, "253": 4.118774086236954e-06, "254": 4.598870873451233e-06, "255": 3.1371600925922394e-06, "256": 3.0258670449256897e-06, "257": 2.5904737412929535e-06, "258": 2.4391338229179382e-06, "259": 2.4582259356975555e-06, "260": 2.4675391614437103e-06, "261": 1.8142163753509521e-06, "262": 1.723412424325943e-06, "263": 1.7383135855197906e-06, "264": 1.9781291484832764e-06, "265": 2.061016857624054e-06, "266": 2.2142194211483e-06,