{"0": 998.3068525791168, "1": 0.3586321473121643, "2": 0.00046953558921813965, "3": 0.11866000294685364, "4": 0.013880878686904907, "5": 0.005868986248970032, "6": 0.004750385880470276, "7": 0.0040718913078308105, "8": 0.0034912526607513428, "9": 0.0030117928981781006, "10": 0.002612859010696411, "11": 0.002291634678840637, "12": 0.002057284116744995, "13": 0.0017416328191757202, "14": 0.001530662178993225, "15": 0.0014493167400360107, "16": 0.0013859272003173828, "17": 0.0013187378644943237, "18": 0.0012415051460266113, "19": 0.0011783093214035034, "20": 0.0011105537414550781, "21": 0.0010408908128738403, "22": 0.0009784847497940063, "23": 0.0009407848119735718, "24": 0.0009050369262695312, "25": 0.0008731633424758911, "26": 0.0008436888456344604, "27": 0.0008044987916946411, "28": 0.0007700622081756592, "29": 0.0007391870021820068, "30": 0.0007079988718032837, "31": 0.000677645206451416, "32": 0.0006600469350814819, "33": 0.0006344467401504517, "34": 0.0006112903356552124, "35": 0.0005899518728256226, "36": 0.0005699098110198975, "37": 0.0005496591329574585, "38": 0.0005297213792800903, "39": 0.000512242317199707, "40": 0.0004987269639968872, "41": 0.0004821866750717163, "42": 0.0004661977291107178, "43": 0.0004567652940750122, "44": 0.0004407912492752075, "45": 0.0004273653030395508, "46": 0.0004128366708755493, "47": 0.000405922532081604, "48": 0.00039546191692352295, "49": 0.0003852546215057373, "50": 0.00037747621536254883, "51": 0.0003698021173477173, "52": 0.00036062300205230713, "53": 0.00035437941551208496, "54": 0.00034555792808532715, "55": 0.0003346055746078491, "56": 0.0003291964530944824, "57": 0.00032404065132141113, "58": 0.00031816959381103516, "59": 0.00031322240829467773, "60": 0.0003058314323425293, "61": 0.00030069053173065186, "62": 0.0002950727939605713, "63": 0.00028952956199645996, "64": 0.00028204917907714844, "65": 0.00027655065059661865, "66": 0.00027270615100860596, "67": 0.00026904046535491943, "68": 0.000266343355178833, "69": 0.0002617835998535156, "70": 0.00025738775730133057, "71": 0.0002535134553909302, "72": 0.0002512037754058838, "73": 0.00024418532848358154, "74": 0.00023803114891052246, "75": 0.00023502111434936523, "76": 0.0002317279577255249, "77": 0.00023002922534942627, "78": 0.00022807717323303223, "79": 0.00022479891777038574, "80": 0.00022442638874053955, "81": 0.0002241581678390503, "82": 0.0002218484878540039, "83": 0.00021825730800628662, "84": 0.00021629035472869873, "85": 0.00021301209926605225, "86": 0.00021162629127502441, "87": 0.0002088397741317749, "88": 0.00020615756511688232, "89": 0.00020375847816467285, "90": 0.0002033710479736328, "91": 0.00019985437393188477, "92": 0.00019823014736175537, "93": 0.00019741058349609375, "94": 0.00019688904285430908, "95": 0.00019787251949310303, "96": 0.00019881129264831543, "97": 0.00019869208335876465, "98": 0.00019906461238861084, "99": 0.0001999586820602417, "100": 0.0002002418041229248, "101": 0.00020262598991394043, "102": 0.00020043551921844482, "103": 0.00020137429237365723, "104": 0.00020840764045715332, "105": 0.00021471083164215088, "106": 0.00023408234119415283, "107": 0.00026069581508636475, "108": 0.00029896199703216553, "109": 0.0003390014171600342, "110": 0.00039970874786376953, "111": 0.0006058365106582642, "112": 0.000585600733757019, "113": 0.0005975216627120972, "114": 0.0006303638219833374, "115": 0.0007090121507644653, "116": 0.0007277652621269226, "117": 0.0008782222867012024, "118": 0.0006303489208221436, "119": 0.0006637275218963623, "120": 0.0006355717778205872, "121": 0.0007999390363693237, "122": 0.0007752478122711182, "123": 0.0008872374892234802, "124": 0.0006968304514884949, "125": 0.0008956268429756165, "126": 0.000871904194355011, "127": 0.0008304193615913391, "128": 0.0008321776986122131, "129": 0.0007093921303749084, "130": 0.0006584897637367249, "131": 0.0008615925908088684, "132": 0.0006861835718154907, "133": 0.0007289350032806396, "134": 0.0007958337664604187, "135": 0.0007907822728157043, "136": 0.0006497949361801147, "137": 0.000726647675037384, "138": 0.0007555857300758362, "139": 0.0008535981178283691, "140": 0.0006640926003456116, "141": 0.0005611255764961243, "142": 0.0008601844310760498, "143": 0.0007995590567588806, "144": 0.0007823333144187927, "145": 0.0006989091634750366, "146": 0.0009352192282676697, "147": 0.0007387623190879822, "148": 0.0006764307618141174, "149": 0.0006683766841888428, "150": 0.0007517486810684204, "151": 0.0006685331463813782, "152": 0.0006339699029922485, "153": 0.000660039484500885, "154": 0.000661998987197876, "155": 0.0006362795829772949, "156": 0.0006642714142799377, "157": 0.0007288083434104919, "158": 0.0006111487746238708, "159": 0.0005161911249160767, "160": 0.0005685463547706604, "161": 0.0006315037608146667, "162": 0.0007257834076881409, "163": 0.0005682185292243958, "164": 0.0005434304475784302, "165": 0.0006620883941650391, "166": 0.00048422813415527344, "167": 0.0004943311214447021, "168": 0.000503838062286377, "169": 0.0006040185689926147, "170": 0.00047241151332855225, "171": 0.00048295408487319946, "172": 0.0004543215036392212, "173": 0.0004962459206581116, "174": 0.0005398392677307129, "175": 0.0004358440637588501, "176": 0.00047941505908966064, "177": 0.000539138913154602, "178": 0.0005191117525100708, "179": 0.00039692223072052, "180": 0.00033205747604370117, "181": 0.00035246461629867554, "182": 0.00033164769411087036, "183": 0.0003290027379989624, "184": 0.00032367557287216187, "185": 0.00031954795122146606, "186": 0.00033770501613616943, "187": 0.0003883764147758484, "188": 0.00030959397554397583, "189": 0.000386752188205719, "190": 0.000361807644367218, "191": 0.00030893832445144653, "192": 0.0003253743052482605, "193": 0.0003293156623840332, "194": 0.00029806792736053467, "195": 0.00030162930488586426, "196": 0.0002916604280471802, "197": 0.0002806037664413452, "198": 0.00031001120805740356, "199": 0.0002885386347770691, "200": 0.00031901895999908447, "201": 0.00032816827297210693, "202": 0.0003070235252380371, "203": 0.00030399858951568604, "204": 0.0002873837947845459, "205": 0.00030721724033355713, "206": 0.0002690628170967102, "207": 0.000210590660572052, "208": 0.00020618736743927002, "209": 0.00021541118621826172, "210": 0.00022234022617340088, "211": 0.00024349987506866455, "212": 0.00019347667694091797, "213": 0.0003015100955963135, "214": 0.00020538270473480225, "215": 0.00020587444305419922, "216": 0.00022116303443908691, "217": 0.00023487955331802368, "218": 0.0002227574586868286, "219": 0.0002509281039237976, "220": 0.00020571798086166382, "221": 0.0002412647008895874, "222": 0.000240229070186615, "223": 0.00022542476654052734, "224": 0.00022175908088684082, "225": 0.000237390398979187, "226": 0.00021001696586608887, "227": 0.00021417438983917236, "228": 0.00020559877157211304, "229": 0.00016734004020690918, "230": 0.00013517588376998901, "231": 0.00013619661331176758, "232": 0.0001342371106147766, "233": 0.0001505538821220398, "234": 0.00013538450002670288, "235": 0.0001585260033607483, "236": 0.00012646615505218506, "237": 0.00012514740228652954, "238": 0.0001565292477607727, "239": 0.000127449631690979, "240": 0.00011745095252990723, "241": 0.0001162216067314148, "242": 0.00014243274927139282, "243": 0.00011108815670013428, "244": 0.0001252889633178711, "245": 0.00010898709297180176, "246": 0.00011131167411804199, "247": 0.0001061856746673584, "248": 8.208304643630981e-05, "249": 8.325278759002686e-05, "250": 8.02949070930481e-05, "251": 0.00011134147644042969, "252": 7.551908493041992e-05, "253": 7.258355617523193e-05, "254": 7.153302431106567e-05, "255": 7.020682096481323e-05, "256": 6.96331262588501e-05, "257": 6.726384162902832e-05, "258": 6.671249866485596e-05, "259": 7.04154372215271e-05, "260": 6.612390279769897e-05, "261": 6.382167339324951e-05, "262": 6.171315908432007e-05, "263": 6.112456321716309e-05, "264": 6.114691495895386e-05, "265": 6.0364603996276855e-05, "266": 5.92842698097229e-05, "267": 5.864351987838745e-05,