{"0": 998.3068525791168, "1": 0.6248119026422501, "2": 5.8360397815704346e-05, "3": 0.029442422091960907, "4": 0.0007470808923244476, "5": 0.0004868805408477783, "6": 0.00044350698590278625, "7": 0.00038975849747657776, "8": 0.0003460422158241272, "9": 0.00031029805541038513, "10": 0.00027972087264060974, "11": 0.00025180354714393616, "12": 0.00022727623581886292, "13": 0.00016447529196739197, "14": 0.00015277042984962463, "15": 0.00015387311577796936, "16": 0.0001524612307548523, "17": 0.00015075504779815674, "18": 0.00014643743634223938, "19": 0.00014041364192962646, "20": 0.00013266503810882568, "21": 0.00012660399079322815, "22": 0.00011928752064704895, "23": 0.0001164563000202179, "24": 0.00011254101991653442, "25": 0.00010771676898002625, "26": 0.00010567903518676758, "27": 0.00010508671402931213, "28": 0.0001029670238494873, "29": 0.00010186806321144104, "30": 9.910017251968384e-05, "31": 9.92603600025177e-05, "32": 9.637698531150818e-05, "33": 9.686499834060669e-05, "34": 9.750202298164368e-05, "35": 9.86047089099884e-05, "36": 9.995698928833008e-05, "37": 9.918957948684692e-05, "38": 0.00010226666927337646, "39": 0.00010557100176811218, "40": 0.0001085139811038971, "41": 0.00011349469423294067, "42": 0.00012200698256492615, "43": 0.00013008713722229004, "44": 0.00014241784811019897, "45": 0.00015376508235931396, "46": 0.00017478689551353455, "47": 0.00019825249910354614, "48": 0.0002529378980398178, "49": 0.0003059525042772293, "50": 0.0004080049693584442, "51": 0.0004745703190565109, "52": 0.0005189739167690277, "53": 0.0005733314901590347, "54": 0.0005463976413011551, "55": 0.0006540175527334213, "56": 0.0005262717604637146, "57": 0.0006872657686471939, "58": 0.00038645975291728973, "59": 0.0004163254052400589, "60": 0.00044295378029346466, "61": 0.00037828274071216583, "62": 0.0004300493746995926, "63": 0.00034017860889434814, "64": 0.0003863144665956497, "65": 0.0002929363399744034, "66": 0.0002876296639442444, "67": 0.00027939677238464355, "68": 0.0003145970404148102, "69": 0.00023871846497058868, "70": 0.0002185143530368805, "71": 0.00026329606771469116, "72": 0.0002446752041578293, "73": 0.0002411380410194397, "74": 0.00019890069961547852, "75": 0.0001840628683567047, "76": 0.00021626614034175873, "77": 0.00019050762057304382, "78": 0.00018795952200889587, "79": 0.000202057883143425, "80": 0.00016677379608154297, "81": 0.00016099214553833008, "82": 0.00016087666153907776, "83": 0.00014451146125793457, "84": 0.00016861967742443085, "85": 0.00015631690621376038, "86": 0.00014496780931949615, "87": 0.00013699382543563843, "88": 0.0001379493623971939, "89": 0.00013883598148822784, "90": 0.0001345500349998474, "91": 0.00013393349945545197, "92": 0.00011422671377658844, "93": 0.00012832507491111755, "94": 0.00011247023940086365, "95": 0.00011964142322540283, "96": 0.00011422485113143921, "97": 0.0001148805022239685, "98": 0.00011527538299560547, "99": 0.00011716969311237335, "100": 0.00011131353676319122, "101": 0.00010971352458000183, "102": 0.00010972842574119568, "103": 0.00010272674262523651, "104": 0.00010482966899871826, "105": 0.00010231323540210724, "106": 0.0001022089272737503, "107": 0.00010411441326141357, "108": 0.00010751932859420776, "109": 0.00010137073695659637, "110": 0.00010123848915100098, "111": 9.001418948173523e-05, "112": 8.451007306575775e-05, "113": 9.093061089515686e-05, "114": 8.336547762155533e-05, "115": 8.717924356460571e-05, "116": 7.929559797048569e-05, "117": 7.87973403930664e-05, "118": 8.547306060791016e-05, "119": 9.083002805709839e-05, "120": 8.103437721729279e-05, "121": 7.588136941194534e-05, "122": 7.694866508245468e-05, "123": 7.617659866809845e-05, "124": 7.395073771476746e-05, "125": 8.346140384674072e-05, "126": 8.385069668292999e-05, "127": 7.95433297753334e-05, "128": 8.061248809099197e-05, "129": 8.003506809473038e-05, "130": 7.557030767202377e-05, "131": 7.815472781658173e-05, "132": 7.939618080854416e-05, "133": 7.805600762367249e-05, "134": 7.834099233150482e-05, "135": 6.960425525903702e-05, "136": 8.021388202905655e-05, "137": 8.164625614881516e-05, "138": 8.227210491895676e-05, "139": 6.964895874261856e-05, "140": 6.829388439655304e-05, "141": 6.558187305927277e-05, "142": 5.931966006755829e-05, "143": 5.912967026233673e-05, "144": 5.8813951909542084e-05, "145": 6.0276128351688385e-05, "146": 5.3783878684043884e-05, "147": 4.873983561992645e-05, "148": 4.853866994380951e-05, "149": 4.946067929267883e-05, "150": 5.170423537492752e-05, "151": 5.2809715270996094e-05, "152": 5.091819912195206e-05, "153": 5.279853940010071e-05, "154": 5.5771321058273315e-05, "155": 5.6529417634010315e-05, "156": 5.5091455578804016e-05, "157": 5.33033162355423e-05, "158": 5.351938307285309e-05, "159": 5.730893462896347e-05, "160": 5.211029201745987e-05, "161": 4.879385232925415e-05, "162": 5.120038986206055e-05, "163": 5.046464502811432e-05, "164": 6.486289203166962e-05, "165": 5.301088094711304e-05, "166": 4.678964614868164e-05, "167": 4.649534821510315e-05, "168": 4.795193672180176e-05, "169": 4.495307803153992e-05, "170": 5.355849862098694e-05, "171": 6.224028766155243e-05, "172": 6.505101919174194e-05, "173": 5.843956023454666e-05, "174": 5.74011355638504e-05, "175": 5.3408555686473846e-05, "176": 3.3272430300712585e-05, "177": 3.611668944358826e-05, "178": 3.3115968108177185e-05, "179": 2.9863789677619934e-05, "180": 5.089491605758667e-05, "181": 5.1877461373806e-05, "182": 4.9629248678684235e-05, "183": 4.712585359811783e-05, "184": 4.3540261685848236e-05, "185": 4.5715831220149994e-05, "186": 4.3468549847602844e-05, "187": 7.850769907236099e-05, "188": 4.76296991109848e-05, "189": 6.290711462497711e-05, "190": 5.210749804973602e-05, "191": 3.809109330177307e-05, "192": 3.6014243960380554e-05, "193": 3.567896783351898e-05, "194": 3.458186984062195e-05, "195": 3.280956298112869e-05, "196": 3.2763928174972534e-05, "197": 2.9628165066242218e-05, "198": 3.1966716051101685e-05, "199": 2.9515475034713745e-05, "200": 3.0192546546459198e-05, "201": 3.1937845051288605e-05, "202": 2.978648990392685e-05, "203": 2.6424415409564972e-05, "204": 2.5499612092971802e-05, "205": 2.5070272386074066e-05, "206": 2.1758489310741425e-05, "207": 2.314988523721695e-05, "208": 2.0938925445079803e-05, "209": 2.2573396563529968e-05, "210": 2.46390700340271e-05, "211": 1.4853663742542267e-05, "212": 1.4883466064929962e-05, "213": 1.4136545360088348e-05, "214": 1.4897435903549194e-05, "215": 2.5420449674129486e-05, "216": 1.4115124940872192e-05, "217": 1.9107945263385773e-05, "218": 1.5094876289367676e-05, "219": 2.1822750568389893e-05, "220": 1.4113262295722961e-05, "221": 1.3488344848155975e-05, "222": 1.3463199138641357e-05, "223": 2.4555251002311707e-05, "224": 1.4347955584526062e-05, "225": 1.3336539268493652e-05, "226": 1.2179836630821228e-05, "227": 1.0674819350242615e-05, "228": 9.465031325817108e-06, "229": 1.2978911399841309e-05, "230": 8.002854883670807e-06, "231": 8.258968591690063e-06, "232": 7.231719791889191e-06, "233": 7.214955985546112e-06, "234": 7.517635822296143e-06, "235": 7.156282663345337e-06, "236": 8.852221071720123e-06, "237": 6.438232958316803e-06, "238": 6.400980055332184e-06, "239": 5.475245416164398e-06, "240": 1.1087395250797272e-05, "241": 1.264084130525589e-05, "242": 1.4528632164001465e-05, "243": 1.1451542377471924e-05, "244": 1.158192753791809e-05, "245": 1.1524185538291931e-05, "246": 1.2813135981559753e-05, "247": 1.7369166016578674e-05, "248": 1.2279488146305084e-05, "249": 1.1845491826534271e-05, "250": 1.1769123375415802e-05, "251": 1.143384724855423e-05, "252": 1.3864599168300629e-05, "253": 9.236857295036316e-06, "254": 1.0834075510501862e-05, "255": 1.5026889741420746e-05, "256": 8.030794560909271e-06, "257": 1.3061799108982086e-05, "258": 5.613081157207489e-06, "259": 6.6515058279037476e-06, "260": 4.773959517478943e-06, "261": 3.8929283618927e-06, "262": 3.0156224966049194e-06, "263": 7.139518857002258e-06, "264": 2.389773726463318e-06, "265": 2.3311004042625427e-06,