{"0": 998.3068525791168, "1": 0.5846197530627251, "2": 0.00034312158823013306, "3": 0.07709427550435066, "4": 0.0006867386400699615, "5": 0.0011387504637241364, "6": 0.0006643366068601608, "7": 0.00044109858572483063, "8": 0.000353936105966568, "9": 0.0002673733979463577, "10": 0.00021542422473430634, "11": 0.00018164515495300293, "12": 0.00015822052955627441, "13": 0.00011903606355190277, "14": 7.815659046173096e-05, "15": 7.907487452030182e-05, "16": 7.597357034683228e-05, "17": 7.902272045612335e-05, "18": 7.754005491733551e-05, "19": 7.683970034122467e-05, "20": 7.601454854011536e-05, "21": 6.573833525180817e-05, "22": 6.070360541343689e-05, "23": 6.008520722389221e-05, "24": 5.621276795864105e-05, "25": 4.668720066547394e-05, "26": 4.740990698337555e-05, "27": 4.694238305091858e-05, "28": 4.265829920768738e-05, "29": 4.0339305996894836e-05, "30": 4.044175148010254e-05, "31": 4.0551647543907166e-05, "32": 4.0125101804733276e-05, "33": 3.9944425225257874e-05, "34": 4.002079367637634e-05, "35": 4.034675657749176e-05, "36": 4.090741276741028e-05, "37": 3.567524254322052e-05, "38": 3.6193057894706726e-05, "39": 3.65767627954483e-05, "40": 3.6288052797317505e-05, "41": 3.804638981819153e-05, "42": 3.565102815628052e-05, "43": 4.538148641586304e-05, "44": 4.06317412853241e-05, "45": 5.296245217323303e-05, "46": 7.559917867183685e-05, "47": 0.00013100728392601013, "48": 0.0002184789627790451, "49": 8.328072726726532e-05, "50": 4.978291690349579e-05, "51": 3.10949981212616e-05, "52": 2.8330832719802856e-05, "53": 2.1263957023620605e-05, "54": 1.878105103969574e-05, "55": 6.16852194070816e-05, "56": 6.115809082984924e-05, "57": 4.6644359827041626e-05, "58": 4.396028816699982e-05, "59": 0.0001111440360546112, "60": 0.0001002531498670578, "61": 8.976273238658905e-05, "62": 0.00010444223880767822, "63": 7.324479520320892e-05, "64": 6.780587136745453e-05, "65": 0.00012649036943912506, "66": 8.18111002445221e-05, "67": 0.00011621788144111633, "68": 0.00011311843991279602, "69": 0.00013267621397972107, "70": 0.00014996901154518127, "71": 0.00012725777924060822, "72": 0.00011993199586868286, "73": 0.0001259036362171173, "74": 0.00015779957175254822, "75": 9.486451745033264e-05, "76": 6.998702883720398e-05, "77": 8.26418399810791e-05, "78": 7.42599368095398e-05, "79": 7.278844714164734e-05, "80": 7.255189120769501e-05, "81": 7.141008973121643e-05, "82": 6.262212991714478e-05, "83": 5.527213215827942e-05, "84": 4.9155205488204956e-05, "85": 3.8994476199150085e-05, "86": 3.581680357456207e-05, "87": 4.690885543823242e-05, "88": 4.410184919834137e-05, "89": 3.940798342227936e-05, "90": 3.246404230594635e-05, "91": 2.5110319256782532e-05, "92": 2.8135254979133606e-05, "93": 2.8392300009727478e-05, "94": 2.33333557844162e-05, "95": 2.713128924369812e-05, "96": 3.137253224849701e-05, "97": 2.9131770133972168e-05, "98": 2.352893352508545e-05, "99": 2.6017427444458008e-05, "100": 1.8835067749023438e-05, "101": 1.1587515473365784e-05, "102": 1.173652708530426e-05, "103": 9.542331099510193e-06, "104": 1.3425946235656738e-05, "105": 1.418963074684143e-05, "106": 1.564808189868927e-05, "107": 1.2790784239768982e-05, "108": 5.189329385757446e-06, "109": 1.0253861546516418e-05, "110": 9.704381227493286e-06, "111": 8.60355794429779e-06, "112": 1.1138617992401123e-05, "113": 1.0998919606208801e-05, "114": 6.414949893951416e-06, "115": 5.641952157020569e-06, "116": 4.8317015171051025e-06, "117": 5.813315510749817e-06, "118": 6.9979578256607056e-06, "119": 9.354203939437866e-06, "120": 6.5229833126068115e-06, "121": 9.270384907722473e-06, "122": 5.207955837249756e-06, "123": 4.7925859689712524e-06, "124": 5.031004548072815e-06, "125": 5.111098289489746e-06, "126": 1.8514692783355713e-06, "127": 6.146728992462158e-07}