{"0": 998.3068525791168, "1": -0.03711271286010742, "2": 0.0018461346626281738, "3": 0.17110979557037354, "4": 0.06729021668434143, "5": 0.029334187507629395, "6": 0.020442426204681396, "7": 0.016617268323898315, "8": 0.014173507690429688, "9": 0.012581616640090942, "10": 0.01118248701095581, "11": 0.009924113750457764, "12": 0.008885860443115234, "13": 0.00808975100517273, "14": 0.0071299076080322266, "15": 0.006584882736206055, "16": 0.0061032772064208984, "17": 0.005733281373977661, "18": 0.005430042743682861, "19": 0.005135595798492432, "20": 0.004844456911087036, "21": 0.004591703414916992, "22": 0.004370182752609253, "23": 0.004138261079788208, "24": 0.0039563775062561035, "25": 0.0037879347801208496, "26": 0.00364038348197937, "27": 0.0034992098808288574, "28": 0.0033479034900665283, "29": 0.0032130777835845947, "30": 0.0030831098556518555, "31": 0.0029717683792114258, "32": 0.0028684139251708984, "33": 0.0027617216110229492, "34": 0.0026411116123199463, "35": 0.0025810301303863525, "36": 0.00248679518699646, "37": 0.0024045705795288086, "38": 0.0023235082626342773, "39": 0.0022554397583007812, "40": 0.0021873116493225098, "41": 0.0021235644817352295, "42": 0.002057015895843506, "43": 0.0019915103912353516, "44": 0.0019394606351852417, "45": 0.0018844306468963623, "46": 0.0018310248851776123, "47": 0.0017761439085006714, "48": 0.0017378032207489014, "49": 0.0016928017139434814, "50": 0.0016503483057022095, "51": 0.0016140192747116089, "52": 0.0015727132558822632, "53": 0.0015378445386886597, "54": 0.001503974199295044, "55": 0.001469254493713379, "56": 0.001434236764907837, "57": 0.0014053285121917725, "58": 0.0013776272535324097, "59": 0.0013497620820999146, "60": 0.0013228505849838257, "61": 0.001297101378440857, "62": 0.0012698471546173096, "63": 0.0012461543083190918, "64": 0.0012224316596984863, "65": 0.0011976957321166992, "66": 0.001173168420791626, "67": 0.001146852970123291, "68": 0.001123279333114624, "69": 0.001099914312362671, "70": 0.0010755360126495361, "71": 0.0010506510734558105, "72": 0.0010288655757904053, "73": 0.001014620065689087, "74": 0.0009983628988265991, "75": 0.0009774118661880493, "76": 0.0009573251008987427, "77": 0.000939786434173584, "78": 0.0009211450815200806, "79": 0.0009034276008605957, "80": 0.0008843839168548584, "81": 0.000860556960105896, "82": 0.0008480548858642578, "83": 0.0008400082588195801, "84": 0.0008302628993988037, "85": 0.0008206814527511597, "86": 0.0008094906806945801, "87": 0.0007971227169036865, "88": 0.0007886290550231934, "89": 0.0007800161838531494, "90": 0.000768616795539856, "91": 0.0007597506046295166, "92": 0.0007541477680206299, "93": 0.0007483214139938354, "94": 0.0007471293210983276, "95": 0.0007527768611907959, "96": 0.0007718503475189209, "97": 0.0008001476526260376, "98": 0.0008398741483688354, "99": 0.0008869022130966187, "100": 0.0009397268295288086, "101": 0.00099925696849823, "102": 0.0011030882596969604, "103": 0.0012309998273849487, "104": 0.001269027590751648, "105": 0.0013332068920135498, "106": 0.0013241767883300781, "107": 0.0013235509395599365, "108": 0.001322716474533081, "109": 0.0013162493705749512, "110": 0.00106029212474823, "111": 0.0011319369077682495, "112": 0.001233816146850586, "113": 0.0011708438396453857, "114": 0.0011499971151351929, "115": 0.0010729581117630005, "116": 0.001070067286491394, "117": 0.0010692626237869263, "118": 0.0010326951742172241, "119": 0.00109197199344635, "120": 0.0010431408882141113, "121": 0.0009364783763885498, "122": 0.0009494125843048096, "123": 0.0009693056344985962, "124": 0.0009709149599075317, "125": 0.0009067356586456299, "126": 0.001033097505569458, "127": 0.0008332729339599609, "128": 0.0009174048900604248, "129": 0.0007951110601425171, "130": 0.0008947402238845825, "131": 0.000900566577911377, "132": 0.0009520500898361206, "133": 0.0007105767726898193, "134": 0.0008268207311630249, "135": 0.0008654147386550903, "136": 0.0008233785629272461, "137": 0.0008310526609420776, "138": 0.0008245706558227539, "139": 0.0007927417755126953, "140": 0.0007750838994979858, "141": 0.0007258951663970947, "142": 0.0007269382476806641, "143": 0.0007178932428359985, "144": 0.0006347000598907471, "145": 0.000553518533706665, "146": 0.0005990564823150635, "147": 0.0006813853979110718, "148": 0.0007032454013824463, "149": 0.0006585419178009033, "150": 0.0006741136312484741, "151": 0.0006093680858612061, "152": 0.0006062984466552734, "153": 0.0005887150764465332, "154": 0.0006043165922164917, "155": 0.0005047023296356201, "156": 0.000530734658241272, "157": 0.0005231797695159912, "158": 0.0005334317684173584, "159": 0.000531420111656189, "160": 0.0005151331424713135, "161": 0.0004899650812149048, "162": 0.0005486011505126953, "163": 0.0004957318305969238, "164": 0.0005269348621368408, "165": 0.0004927963018417358, "166": 0.0004855692386627197, "167": 0.00044836103916168213, "168": 0.00040435791015625, "169": 0.0003784596920013428, "170": 0.00035281479358673096, "171": 0.0003719329833984375, "172": 0.00035034120082855225, "173": 0.00040827691555023193, "174": 0.0003752708435058594, "175": 0.0003833845257759094, "176": 0.0003330335021018982, "177": 0.00030559301376342773, "178": 0.00032716989517211914, "179": 0.0002733394503593445, "180": 0.00032113492488861084, "181": 0.000270254909992218, "182": 0.0003041177988052368, "183": 0.00032426416873931885, "184": 0.0002869442105293274, "185": 0.0002711191773414612, "186": 0.0002792775630950928, "187": 0.0002464279532432556, "188": 0.00029027462005615234, "189": 0.00027223676443099976, "190": 0.00028155744075775146, "191": 0.0002572163939476013, "192": 0.00025888532400131226, "193": 0.00022251904010772705, "194": 0.00025898218154907227, "195": 0.0002305731177330017, "196": 0.0002694949507713318, "197": 0.0002397596836090088, "198": 0.00026872754096984863, "199": 0.00023208558559417725, "200": 0.00026682019233703613, "201": 0.0002625882625579834, "202": 0.000268787145614624, "203": 0.00022307038307189941, "204": 0.00024403631687164307, "205": 0.0002244114875793457, "206": 0.00021414458751678467, "207": 0.00019752979278564453, "208": 0.00019168108701705933, "209": 0.00018074363470077515, "210": 0.0001753196120262146, "211": 0.000172540545463562, "212": 0.00021431595087051392, "213": 0.00019820034503936768, "214": 0.0001485198736190796, "215": 0.00017961859703063965, "216": 0.00015282630920410156, "217": 0.00020773708820343018, "218": 0.00019250810146331787, "219": 0.0001773536205291748, "220": 0.00020629167556762695, "221": 0.00018374621868133545, "222": 0.00015819072723388672, "223": 0.00019209086894989014, "224": 0.00019787997007369995, "225": 0.00015795975923538208, "226": 0.00018151849508285522, "227": 0.00014140456914901733, "228": 0.00012888014316558838, "229": 0.00012822449207305908, "230": 0.0001414865255355835, "231": 0.00014160573482513428, "232": 0.00012040138244628906, "233": 0.00014391541481018066, "234": 0.00011293590068817139, "235": 9.409338235855103e-05, "236": 9.612739086151123e-05, "237": 0.00012070685625076294, "238": 0.00011774897575378418, "239": 0.00012345612049102783, "240": 0.00011630356311798096, "241": 0.00011913478374481201, "242": 0.00011724233627319336, "243": 0.00012576580047607422, "244": 0.00014030933380126953, "245": 0.00012163817882537842, "246": 0.00011498481035232544, "247": 9.324401617050171e-05, "248": 8.466839790344238e-05, "249": 0.00010406225919723511, "250": 9.340792894363403e-05, "251": 7.91698694229126e-05, "252": 8.320808410644531e-05, "253": 0.0001033097505569458, "254": 8.908659219741821e-05, "255": 0.00010658800601959229, "256": 9.241700172424316e-05, "257": 0.00010795146226882935, "258": 9.691715240478516e-05, "259": 0.00010567903518676758, "260": 0.00010213255882263184, "261": 8.909404277801514e-05, "262": 8.440017700195312e-05, "263": 5.957484245300293e-05, "264": 5.5670738220214844e-05, "265": 5.258619785308838e-05, "266": 5.614757537841797e-05, "267": 5.145370960235596e-05, "268": 5.488842725753784e-05, "269": 5.819648504257202e-05,