{"0": 998.3068525791168, "1": 0.3852677047252655, "2": 0.0010815560817718506, "3": 0.16283845901489258, "4": 0.009322747588157654, "5": 0.007966607809066772, "6": 0.005774110555648804, "7": 0.0040728747844696045, "8": 0.003413662314414978, "9": 0.002796545624732971, "10": 0.0024060681462287903, "11": 0.0021656453609466553, "12": 0.00184699147939682, "13": 0.0015146583318710327, "14": 0.0011892616748809814, "15": 0.0011253207921981812, "16": 0.0011186227202415466, "17": 0.0010643154382705688, "18": 0.0010448098182678223, "19": 0.000988297164440155, "20": 0.0009508803486824036, "21": 0.0008764937520027161, "22": 0.0008339658379554749, "23": 0.000787101686000824, "24": 0.0007580891251564026, "25": 0.0007298365235328674, "26": 0.000721275806427002, "27": 0.0007096529006958008, "28": 0.0006881058216094971, "29": 0.0006720647215843201, "30": 0.0006428807973861694, "31": 0.0006187334656715393, "32": 0.0005955547094345093, "33": 0.0005699992179870605, "34": 0.0005587413907051086, "35": 0.0005497336387634277, "36": 0.0005339011549949646, "37": 0.0005149245262145996, "38": 0.0005050674080848694, "39": 0.0004952028393745422, "40": 0.0004839003086090088, "41": 0.0004719048738479614, "42": 0.00046031177043914795, "43": 0.0004490464925765991, "44": 0.00043529272079467773, "45": 0.0004248395562171936, "46": 0.00041563063859939575, "47": 0.0004047602415084839, "48": 0.0003918260335922241, "49": 0.00038058310747146606, "50": 0.0003715530037879944, "51": 0.00036716461181640625, "52": 0.00035996735095977783, "53": 0.0003558695316314697, "54": 0.0003520846366882324, "55": 0.00034214556217193604, "56": 0.0003338530659675598, "57": 0.0003297552466392517, "58": 0.00032176077365875244, "59": 0.00032024085521698, "60": 0.0003201887011528015, "61": 0.00031757354736328125, "62": 0.0003106743097305298, "63": 0.00030600279569625854, "64": 0.0002995729446411133, "65": 0.0003012418746948242, "66": 0.00029984116554260254, "67": 0.000306740403175354, "68": 0.0003117173910140991, "69": 0.00031638145446777344, "70": 0.00031848251819610596, "71": 0.00031641125679016113, "72": 0.00031960010528564453, "73": 0.0003175809979438782, "74": 0.00031870603561401367, "75": 0.00032839924097061157, "76": 0.0003429204225540161, "77": 0.0003581494092941284, "78": 0.00036425888538360596, "79": 0.0003600567579269409, "80": 0.00036484748125076294, "81": 0.0003714635968208313, "82": 0.0003754720091819763, "83": 0.0003770217299461365, "84": 0.00037188827991485596, "85": 0.00036485493183135986, "86": 0.00036244839429855347, "87": 0.00036441534757614136, "88": 0.000353887677192688, "89": 0.00034521520137786865, "90": 0.00032745301723480225, "91": 0.0003261566162109375, "92": 0.00033067911863327026, "93": 0.0003328770399093628, "94": 0.00032539665699005127, "95": 0.0003033280372619629, "96": 0.00029683858156204224, "97": 0.0002971850335597992, "98": 0.00029476359486579895, "99": 0.00029359757900238037, "100": 0.00030566751956939697, "101": 0.00031679123640060425, "102": 0.00032372772693634033, "103": 0.0003166273236274719, "104": 0.000328846275806427, "105": 0.00032786279916763306, "106": 0.0003373250365257263, "107": 0.00032364577054977417, "108": 0.00032026320695877075, "109": 0.00033156946301460266, "110": 0.0003487914800643921, "111": 0.0003612898290157318, "112": 0.0003451332449913025, "113": 0.00033381208777427673, "114": 0.0003031603991985321, "115": 0.00028639286756515503, "116": 0.0002946220338344574, "117": 0.000275585800409317, "118": 0.00026363879442214966, "119": 0.0002599097788333893, "120": 0.00025945529341697693, "121": 0.00025596097111701965, "122": 0.00025326013565063477, "123": 0.00024205446243286133, "124": 0.00024066492915153503, "125": 0.00023131072521209717, "126": 0.0002190135419368744, "127": 0.00022247061133384705, "128": 0.00022339820861816406, "129": 0.0001838207244873047, "130": 0.00020101293921470642, "131": 0.00020048394799232483, "132": 0.0002224072813987732, "133": 0.00023371726274490356, "134": 0.00024245679378509521, "135": 0.00023200362920761108, "136": 0.0002449601888656616, "137": 0.00024689361453056335, "138": 0.0002452172338962555, "139": 0.00024034827947616577, "140": 0.0002736002206802368, "141": 0.00023448467254638672, "142": 0.00020685791969299316, "143": 0.00019505620002746582, "144": 0.0002108365297317505, "145": 0.00019064545631408691, "146": 0.00019200891256332397, "147": 0.00018059462308883667, "148": 0.00016750022768974304, "149": 0.00018057599663734436, "150": 0.00017420947551727295, "151": 0.0001236051321029663, "152": 0.00011634081602096558, "153": 0.00014126300811767578, "154": 0.00013878941535949707, "155": 0.00013866648077964783, "156": 0.0001401565968990326, "157": 0.0001825764775276184, "158": 0.0001728832721710205, "159": 0.0001476183533668518, "160": 0.0001300238072872162, "161": 0.0002176128327846527, "162": 0.0002580210566520691, "163": 0.0003219693899154663, "164": 0.00027216970920562744, "165": 0.0003029182553291321, "166": 0.00026585161685943604, "167": 0.00017814338207244873, "168": 0.0001397356390953064, "169": 0.0001358315348625183, "170": 0.0001471303403377533, "171": 0.00017978623509407043, "172": 0.000189170241355896, "173": 0.00023975223302841187, "174": 0.0002216920256614685, "175": 0.00019396841526031494, "176": 0.00019349902868270874, "177": 0.00018355250358581543, "178": 0.00017252564430236816, "179": 0.00020639225840568542, "180": 0.0001617521047592163, "181": 0.00014061108231544495, "182": 0.00011996552348136902, "183": 0.00013528019189834595, "184": 0.0002642311155796051, "185": 0.0002583526074886322, "186": 0.0002315826714038849, "187": 0.00016044825315475464, "188": 0.00021170824766159058, "189": 0.00020676851272583008, "190": 0.0001629069447517395, "191": 0.00011155009269714355, "192": 0.00014743581414222717, "193": 0.00013751909136772156, "194": 9.528174996376038e-05, "195": 0.00011293590068817139, "196": 0.00010995566844940186, "197": 9.652972221374512e-05, "198": 0.0001033879816532135, "199": 0.00011262297630310059, "200": 0.00010342895984649658, "201": 0.00010351091623306274, "202": 7.605552673339844e-05, "203": 6.160885095596313e-05, "204": 5.955994129180908e-05, "205": 5.743652582168579e-05, "206": 6.468594074249268e-05, "207": 7.230043411254883e-05, "208": 7.69495964050293e-05, "209": 6.615370512008667e-05, "210": 7.683783769607544e-05, "211": 8.012354373931885e-05, "212": 5.2791088819503784e-05, "213": 4.445016384124756e-05, "214": 5.408376455307007e-05, "215": 6.248429417610168e-05, "216": 5.101412534713745e-05, "217": 4.782155156135559e-05, "218": 4.828721284866333e-05, "219": 4.805997014045715e-05, "220": 5.265325307846069e-05, "221": 5.119293928146362e-05, "222": 3.9186328649520874e-05, "223": 4.0374696254730225e-05, "224": 5.5223703384399414e-05, "225": 7.022172212600708e-05, "226": 5.483254790306091e-05, "227": 3.277882933616638e-05, "228": 2.5857239961624146e-05, "229": 2.376362681388855e-05, "230": 2.4557113647460938e-05, "231": 2.7846544981002808e-05, "232": 2.874433994293213e-05, "233": 3.108382225036621e-05, "234": 5.573779344558716e-05, "235": 2.7105212211608887e-05, "236": 1.8559396266937256e-05, "237": 1.7724931240081787e-05, "238": 1.0583549737930298e-05, "239": 1.2617558240890503e-05, "240": 1.3649463653564453e-05, "241": 1.3295561075210571e-05, "242": 1.5169382095336914e-05, "243": 2.195313572883606e-05, "244": 2.1263957023620605e-05, "245": 1.0892748832702637e-05, "246": 8.441507816314697e-06, "247": 1.029670238494873e-05, "248": 1.2524425983428955e-05, "249": 1.263245940208435e-05, "250": 1.301988959312439e-05, "251": 1.424551010131836e-05, "252": 1.1019408702850342e-05, "253": 2.1360814571380615e-05, "254": 2.865120768547058e-05, "255": 1.8980354070663452e-05, "256": 2.1185725927352905e-05, "257": 3.5412609577178955e-05, "258": 7.29784369468689e-06, "259": 6.5229833126068115e-06, "260": 5.487352609634399e-06, "261": 4.988163709640503e-06, "262": 6.992369890213013e-06, "263": 9.469687938690186e-06, "264": 3.516674041748047e-06, "265": 4.842877388000488e-08}