{"0": 998.3068525791168, "1": 0.4611256867647171, "2": 0.00017240643501281738, "3": 0.058506935834884644, "4": 0.013622045516967773, "5": 0.005103185772895813, "6": 0.0037562549114227295, "7": 0.0032082945108413696, "8": 0.0027643442153930664, "9": 0.002411380410194397, "10": 0.002110913395881653, "11": 0.0018860548734664917, "12": 0.0016948133707046509, "13": 0.0014899373054504395, "14": 0.00134296715259552, "15": 0.001237228512763977, "16": 0.001142069697380066, "17": 0.0010634362697601318, "18": 0.0010004639625549316, "19": 0.0009407103061676025, "20": 0.000883147120475769, "21": 0.0008323937654495239, "22": 0.0007891803979873657, "23": 0.00074806809425354, "24": 0.000712171196937561, "25": 0.0006783008575439453, "26": 0.0006457194685935974, "27": 0.0006152242422103882, "28": 0.0005857199430465698, "29": 0.0005612149834632874, "30": 0.0005371794104576111, "31": 0.0005144327878952026, "32": 0.0004939958453178406, "33": 0.00047463178634643555, "34": 0.0004571154713630676, "35": 0.00043998658657073975, "36": 0.00042703747749328613, "37": 0.00041282176971435547, "38": 0.0004002898931503296, "39": 0.0003887787461280823, "40": 0.0003765374422073364, "41": 0.00036422163248062134, "42": 0.00035284459590911865, "43": 0.0003427043557167053, "44": 0.00033211708068847656, "45": 0.0003247857093811035, "46": 0.0003155842423439026, "47": 0.00030928850173950195, "48": 0.00030212104320526123, "49": 0.00029515475034713745, "50": 0.0002884119749069214, "51": 0.00028304755687713623, "52": 0.0002773851156234741, "53": 0.000271037220954895, "54": 0.0002663806080818176, "55": 0.00026182830333709717, "56": 0.0002582967281341553, "57": 0.0002538040280342102, "58": 0.00024959444999694824, "59": 0.0002410784363746643, "60": 0.00024500489234924316, "61": 0.00024037808179855347, "62": 0.00023698806762695312, "63": 0.0002350136637687683, "64": 0.00023245066404342651, "65": 0.00022896379232406616, "66": 0.0002276599407196045, "67": 0.00022529810667037964, "68": 0.0002227872610092163, "69": 0.000222034752368927, "70": 0.0002208426594734192, "71": 0.00021983683109283447, "72": 0.00021638721227645874, "73": 0.00022143125534057617, "74": 0.00021877139806747437, "75": 0.0002199113368988037, "76": 0.00021794438362121582, "77": 0.00021658837795257568, "78": 0.00021495670080184937, "79": 0.0002142190933227539, "80": 0.00021261721849441528, "81": 0.0002145916223526001, "82": 0.00021475553512573242, "83": 0.00021860748529434204, "84": 0.0002201274037361145, "85": 0.00021933019161224365, "86": 0.00022032856941223145, "87": 0.0002204105257987976, "88": 0.0002189427614212036, "89": 0.00022291392087936401, "90": 0.00022289156913757324, "91": 0.00022330880165100098, "92": 0.00022552162408828735, "93": 0.0002276301383972168, "94": 0.00022970139980316162, "95": 0.00023295730352401733, "96": 0.00023633986711502075, "97": 0.00024231523275375366, "98": 0.00024856626987457275, "99": 0.0002532452344894409, "100": 0.0002610832452774048, "101": 0.0002682507038116455, "102": 0.00027539581060409546, "103": 0.0002863183617591858, "104": 0.00029890984296798706, "105": 0.0003088340163230896, "106": 0.00032000988721847534, "107": 0.0003315359354019165, "108": 0.0003433823585510254, "109": 0.00035919249057769775, "110": 0.0003788471221923828, "111": 0.00040684640407562256, "112": 0.00043960660696029663, "113": 0.0004693269729614258, "114": 0.0005288198590278625, "115": 0.0007442981004714966, "116": 0.000391349196434021, "117": 0.0005271881818771362, "118": 0.0005667358636856079, "119": 0.0006498917937278748, "120": 0.0007003843784332275, "121": 0.0007048249244689941, "122": 0.0007210895419120789, "123": 0.0007169321179389954, "124": 0.0007100477814674377, "125": 0.000683613121509552, "126": 0.0008287429809570312, "127": 0.0005623921751976013, "128": 0.00048260390758514404, "129": 0.00047141313552856445, "130": 0.0004797056317329407, "131": 0.0004872530698776245, "132": 0.00048685818910598755, "133": 0.0005018934607505798, "134": 0.0005019083619117737, "135": 0.0005135685205459595, "136": 0.0005071237683296204, "137": 0.0007040202617645264, "138": 0.0004957020282745361, "139": 0.0004607737064361572, "140": 0.0004796162247657776, "141": 0.0004824995994567871, "142": 0.0005361735820770264, "143": 0.0005045682191848755, "144": 0.000605359673500061, "145": 0.000531323254108429, "146": 0.0006707087159156799, "147": 0.0005540326237678528, "148": 0.0007707998156547546, "149": 0.0005641654133796692, "150": 0.0004847198724746704, "151": 0.0006032362580299377, "152": 0.0005247220396995544, "153": 0.0005561858415603638, "154": 0.0004928931593894958, "155": 0.0005116239190101624, "156": 0.0006214156746864319, "157": 0.0004943236708641052, "158": 0.0004580765962600708, "159": 0.0005226656794548035, "160": 0.0005042031407356262, "161": 0.00043194741010665894, "162": 0.0003990158438682556, "163": 0.0005482286214828491, "164": 0.0003806203603744507, "165": 0.00037015974521636963, "166": 0.0005018040537834167, "167": 0.00044906139373779297, "168": 0.0003912225365638733, "169": 0.0003683343529701233, "170": 0.0004190504550933838, "171": 0.0003760308027267456, "172": 0.00038900226354599, "173": 0.00035506486892700195, "174": 0.00041647255420684814, "175": 0.00034990161657333374, "176": 0.0003114044666290283, "177": 0.0003390014171600342, "178": 0.00029950588941574097, "179": 0.00032939016819000244, "180": 0.00028445571660995483, "181": 0.0002763420343399048, "182": 0.0002810284495353699, "183": 0.00031877681612968445, "184": 0.0002739466726779938, "185": 0.0002883709967136383, "186": 0.00028906017541885376, "187": 0.0002581775188446045, "188": 0.00027244165539741516, "189": 0.00024136528372764587, "190": 0.0002778582274913788, "191": 0.000240962952375412, "192": 0.00023889541625976562, "193": 0.00023498758673667908, "194": 0.00023844093084335327, "195": 0.000231083482503891, "196": 0.0002358071506023407, "197": 0.00022834539413452148, "198": 0.00021767616271972656, "199": 0.0002191103994846344, "200": 0.0002106986939907074, "201": 0.00019988790154457092, "202": 0.00020203366875648499, "203": 0.0001919865608215332, "204": 0.00019397586584091187, "205": 0.00018611550331115723, "206": 0.00018949806690216064, "207": 0.00018156692385673523, "208": 0.0001872815191745758, "209": 0.00017762929201126099, "210": 0.0001838691532611847, "211": 0.00017632544040679932, "212": 0.0001773051917552948, "213": 0.0001676306128501892, "214": 0.00016893818974494934, "215": 0.0001618899405002594, "216": 0.00016650184988975525, "217": 0.00015806779265403748, "218": 0.00016407668590545654, "219": 0.00015325099229812622, "220": 0.00015784800052642822, "221": 0.0001491047441959381, "222": 0.00015236064791679382, "223": 0.00014256685972213745, "224": 0.00014594197273254395, "225": 0.00014031678438186646, "226": 0.0001401752233505249, "227": 0.0001388639211654663, "228": 0.00013596564531326294, "229": 0.00013814866542816162, "230": 0.0001321844756603241, "231": 0.00013339146971702576, "232": 0.00013158470392227173, "233": 0.00012818723917007446, "234": 0.00013271719217300415, "235": 0.0001245364546775818, "236": 0.00013424456119537354, "237": 0.00012173503637313843, "238": 0.0001333579421043396, "239": 0.00012214109301567078, "240": 0.00013818591833114624, "241": 0.00012272968888282776, "242": 0.0001242905855178833, "243": 0.00012121722102165222, "244": 0.00011623650789260864, "245": 0.00013397261500358582, "246": 0.0001168176531791687, "247": 0.00011681020259857178, "248": 0.00012053176760673523, "249": 0.00011485442519187927, "250": 0.00011846423149108887, "251": 0.00011421740055084229, "252": 0.0001204460859298706, "253": 0.00011374801397323608, "254": 0.00011470913887023926, "255": 0.00011207163333892822, "256": 0.00011422112584114075, "257": 0.00010937824845314026, "258": 0.00010369718074798584, "259": 9.511411190032959e-05, "260": 0.00010079145431518555, "261": 0.00011779367923736572, "262": 9.945780038833618e-05, "263": 0.00010306388139724731, "264": 9.830296039581299e-05, "265": 9.635090827941895e-05, "266": 9.483844041824341e-05,