{"0": 0.6931474208831787, "1": 0.2320217341184616, "2": 0.2318493276834488, "3": 0.17334239184856415, "4": 0.15972034633159637, "5": 0.15461716055870056, "6": 0.15086090564727783, "7": 0.14765261113643646, "8": 0.1448882669210434, "9": 0.142476886510849, "10": 0.14036597311496735, "11": 0.13847991824150085, "12": 0.1367851048707962, "13": 0.13529516756534576, "14": 0.13395220041275024, "15": 0.13271497189998627, "16": 0.1315729022026062, "17": 0.13050946593284607, "18": 0.12950900197029114, "19": 0.12856829166412354, "20": 0.12768514454364777, "21": 0.12685275077819824, "22": 0.12606357038021088, "23": 0.12531550228595734, "24": 0.12460333108901978, "25": 0.12392503023147583, "26": 0.12327931076288223, "27": 0.12266408652067184, "28": 0.12207836657762527, "29": 0.12151715159416199, "30": 0.12097997218370438, "31": 0.12046553939580917, "32": 0.11997154355049133, "33": 0.1194969117641449, "34": 0.11903979629278183, "35": 0.11859980970621109, "36": 0.1181727722287178, "37": 0.11775995045900345, "38": 0.11735966056585312, "39": 0.11697088181972504, "40": 0.1165943443775177, "41": 0.11623012274503708, "42": 0.11587727814912796, "43": 0.11553457379341125, "44": 0.11520245671272278, "45": 0.11487767100334167, "46": 0.11456208676099777, "47": 0.11425279825925827, "48": 0.11395067721605301, "49": 0.11365552246570587, "50": 0.11336711049079895, "51": 0.11308406293392181, "52": 0.11280667781829834, "53": 0.11253564059734344, "54": 0.11226925998926163, "55": 0.11200743168592453, "56": 0.11174913495779037, "57": 0.11149533092975616, "58": 0.11124573647975922, "59": 0.11100465804338455, "60": 0.11075965315103531, "61": 0.11051927506923676, "62": 0.1102822870016098, "63": 0.11004727333784103, "64": 0.10981482267379761, "65": 0.10958585888147354, "66": 0.10935819894075394, "67": 0.10913290083408356, "68": 0.10891011357307434, "69": 0.10868807882070541, "70": 0.108467236161232, "71": 0.10824739933013916, "72": 0.1080310121178627, "73": 0.10780958086252213, "74": 0.10759080946445465, "75": 0.10737089812755585, "76": 0.10715295374393463, "77": 0.10693636536598206, "78": 0.1067214086651802, "79": 0.10650718957185745, "80": 0.10629457235336304, "81": 0.10607998073101044, "82": 0.1058652251958847, "83": 0.10564661771059036, "84": 0.10542649030685425, "85": 0.105207160115242, "86": 0.10498683154582977, "87": 0.10476642102003098, "88": 0.10454747825860977, "89": 0.10432456433773041, "90": 0.10410167276859283, "91": 0.10387836396694183, "92": 0.10365284234285355, "93": 0.10342521220445633, "94": 0.10319551080465317, "95": 0.10296255350112915, "96": 0.10272621363401413, "97": 0.10248389840126038, "98": 0.1022353321313858, "99": 0.10198208689689636, "100": 0.10172100365161896, "101": 0.10145275294780731, "102": 0.10117735713720322, "103": 0.10089103877544403, "104": 0.10059212893247604, "105": 0.10028329491615295, "106": 0.09996328502893448, "107": 0.09963174909353256, "108": 0.09928836673498154, "109": 0.09892917424440384, "110": 0.09855032712221146, "111": 0.09814348071813583, "112": 0.09770387411117554, "113": 0.09723454713821411, "114": 0.09670572727918625, "115": 0.09596142917871475, "116": 0.09557007998228073, "117": 0.0950428918004036, "118": 0.09447615593671799, "119": 0.09382626414299011, "120": 0.09312587976455688, "121": 0.09242105484008789, "122": 0.09169996529817581, "123": 0.09098303318023682, "124": 0.09027298539876938, "125": 0.08958937227725983, "126": 0.0887606292963028, "127": 0.0881982371211052, "128": 0.08771563321352005, "129": 0.08724422007799149, "130": 0.08676451444625854, "131": 0.08627726137638092, "132": 0.08579040318727493, "133": 0.08528850972652435, "134": 0.08478660136461258, "135": 0.08427303284406662, "136": 0.083765909075737, "137": 0.08306188881397247, "138": 0.08256618678569794, "139": 0.08210541307926178, "140": 0.081625796854496, "141": 0.08114329725503922, "142": 0.08060712367296219, "143": 0.08010255545377731, "144": 0.07949719578027725, "145": 0.07896587252616882, "146": 0.07829516381025314, "147": 0.07774113118648529, "148": 0.07697033137083054, "149": 0.07640616595745087, "150": 0.0759214460849762, "151": 0.07531820982694626, "152": 0.0747934877872467, "153": 0.07423730194568634, "154": 0.07374440878629684, "155": 0.07323278486728668, "156": 0.07261136919260025, "157": 0.07211704552173615, "158": 0.07165896892547607, "159": 0.07113630324602127, "160": 0.07063210010528564, "161": 0.07020015269517899, "162": 0.06980113685131073, "163": 0.06925290822982788, "164": 0.06887228786945343, "165": 0.06850212812423706, "166": 0.06800032407045364, "167": 0.06755126267671585, "168": 0.06716004014015198, "169": 0.06679170578718185, "170": 0.06637265533208847, "171": 0.06599662452936172, "172": 0.06560762226581573, "173": 0.06525255739688873, "174": 0.06483608484268188, "175": 0.06448618322610855, "176": 0.06417477875947952, "177": 0.06383577734231949, "178": 0.06353627145290375, "179": 0.06320688128471375, "180": 0.06292242556810379, "181": 0.06264608353376389, "182": 0.062365055084228516, "183": 0.06204627826809883, "184": 0.06177233159542084, "185": 0.0614839605987072, "186": 0.061194900423288345, "187": 0.06093672290444374, "188": 0.060664281249046326, "189": 0.06042291596531868, "190": 0.0601450577378273, "191": 0.05990409478545189, "192": 0.05966519936919212, "193": 0.059430211782455444, "194": 0.05919177085161209, "195": 0.0589606873691082, "196": 0.05872488021850586, "197": 0.05849653482437134, "198": 0.05827885866165161, "199": 0.05805974826216698, "200": 0.05784904956817627, "201": 0.0576491616666317, "202": 0.057447127997875214, "203": 0.05725514143705368, "204": 0.05706116557121277, "205": 0.05687505006790161, "206": 0.05668555200099945, "207": 0.056503985077142715, "208": 0.05631670355796814, "209": 0.05613907426595688, "210": 0.055955205112695694, "211": 0.055778879672288895, "212": 0.0556015744805336, "213": 0.05543394386768341, "214": 0.05526500567793846, "215": 0.0551031157374382, "216": 0.05493661388754845, "217": 0.05477854609489441, "218": 0.05461446940898895, "219": 0.054461218416690826, "220": 0.0543033704161644, "221": 0.05415426567196846, "222": 0.054001905024051666, "223": 0.05385933816432953, "224": 0.053713396191596985, "225": 0.05357307940721512, "226": 0.053432904183864594, "227": 0.05329404026269913, "228": 0.053158074617385864, "229": 0.0530199259519577, "230": 0.05288774147629738, "231": 0.05275435000658035, "232": 0.05262276530265808, "233": 0.05249457806348801, "234": 0.052361860871315, "235": 0.05223732441663742, "236": 0.05210307985544205, "237": 0.05198134481906891, "238": 0.05184798687696457, "239": 0.0517258457839489, "240": 0.05158765986561775, "241": 0.051464930176734924, "242": 0.05134063959121704, "243": 0.05121942237019539, "244": 0.05110318586230278, "245": 0.050969213247299194, "246": 0.050852395594120026, "247": 0.050735585391521454, "248": 0.05061505362391472, "249": 0.05050019919872284, "250": 0.05038173496723175, "251": 0.05026751756668091, "252": 0.05014707148075104, "253": 0.0500333234667778, "254": 0.04991861432790756, "255": 0.049806542694568634, "256": 0.04969232156872749, "257": 0.04958294332027435, "258": 0.04947924613952637, "259": 0.04938413202762604, "260": 0.04928334057331085, "261": 0.049165546894073486, "262": 0.04906608909368515, "263": 0.0489630252122879, "264": 0.04886472225189209, "265": 0.04876837134361267, "266": 0.04867353290319443, "267": 0.04857925325632095, "268": 0.048483844846487045, "269": 0.04838643968105316, "270": 0.0482998751103878, "271": 0.048206936568021774, "272": 0.048115767538547516, "273": 0.04802582412958145, "274": 0.04794004186987877, "275": 0.04784596711397171, "276": 0.04776344820857048, "277": 0.04767226427793503, "278": 0.047589126974344254, "279": 0.04750481992959976, "280": 0.04741944372653961, "281": 0.04734183847904205, "282": 0.04726026952266693, "283": 0.047187551856040955, "284": 0.04709925875067711, "285": 0.04702319949865341, "286": 0.04694722592830658, "287": 0.04687190055847168, "288": 0.04679994285106659, "289": 0.04671701788902283,