{"0": 0.6931474208831787, "1": 0.025164220482110977, "2": 0.025142913684248924, "3": 0.013370211236178875, "4": 0.01330316998064518, "5": 0.013241872191429138, "6": 0.013177664950489998, "7": 0.013114843517541885, "8": 0.013055898249149323, "9": 0.013001419603824615, "10": 0.012950165197253227, "11": 0.01290147379040718, "12": 0.012854639440774918, "13": 0.01281432993710041, "14": 0.012768611311912537, "15": 0.012713111937046051, "16": 0.01264865230768919, "17": 0.01257357932627201, "18": 0.012489262968301773, "19": 0.012387117370963097, "20": 0.012261287309229374, "21": 0.01210662443190813, "22": 0.011891612783074379, "23": 0.011679567396640778, "24": 0.0115333441644907, "25": 0.011431598104536533, "26": 0.01135154440999031, "27": 0.011273104697465897, "28": 0.011179182678461075, "29": 0.011040255427360535, "30": 0.010869552381336689, "31": 0.010713059455156326, "32": 0.010574227198958397, "33": 0.010422693565487862, "34": 0.01031290739774704, "35": 0.010209344327449799, "36": 0.010099133476614952, "37": 0.009994439780712128, "38": 0.009899587370455265, "39": 0.009812939912080765, "40": 0.009727884083986282, "41": 0.009641259908676147, "42": 0.009561482816934586, "43": 0.009486213326454163, "44": 0.00940833892673254, "45": 0.009332126937806606, "46": 0.009264159947633743, "47": 0.009192060679197311, "48": 0.009122652001678944, "49": 0.009057525545358658, "50": 0.009000240825116634, "51": 0.00894398894160986, "52": 0.008888667449355125, "53": 0.008830799721181393, "54": 0.00878108013421297, "55": 0.00872056558728218, "56": 0.008671166375279427, "57": 0.00861399807035923, "58": 0.00856657512485981, "59": 0.008516058325767517, "60": 0.008467787876725197, "61": 0.008420050144195557, "62": 0.008376034907996655, "63": 0.00832750927656889, "64": 0.008284751325845718, "65": 0.008244631811976433, "66": 0.008197398856282234, "67": 0.008153518661856651, "68": 0.008108757436275482, "69": 0.008062191307544708, "70": 0.008017225190997124, "71": 0.007974890060722828, "72": 0.007934970781207085, "73": 0.007894635200500488, "74": 0.007855739444494247, "75": 0.00781670119613409, "76": 0.007778218016028404, "77": 0.007741700857877731, "78": 0.00770226027816534, "79": 0.007661869749426842, "80": 0.007626085542142391, "81": 0.0075911832973361015, "82": 0.007556949742138386, "83": 0.0075244782492518425, "84": 0.007492983713746071, "85": 0.007461947854608297, "86": 0.007433795370161533, "87": 0.007403286173939705, "88": 0.007372659631073475, "89": 0.007342467084527016, "90": 0.007314172573387623, "91": 0.007284694816917181, "92": 0.007257222197949886, "93": 0.007228274829685688, "94": 0.007200764492154121, "95": 0.0071740467101335526, "96": 0.007146649993956089, "97": 0.007119406946003437, "98": 0.007095450069755316, "99": 0.007071288302540779, "100": 0.00704723596572876, "101": 0.007021999917924404, "102": 0.00699692964553833, "103": 0.00697233946993947, "104": 0.006948194466531277, "105": 0.006923528388142586, "106": 0.006902427412569523, "107": 0.0068793222308158875, "108": 0.006855202838778496, "109": 0.006829512771219015, "110": 0.006803970783948898, "111": 0.006777538917958736, "112": 0.006751080974936485, "113": 0.00672303419560194, "114": 0.0066945552825927734, "115": 0.00666577136144042, "116": 0.006635869853198528, "117": 0.006609821226447821, "118": 0.0065817078575491905, "119": 0.006554900668561459, "120": 0.00652891444042325, "121": 0.006503508426249027, "122": 0.006475253961980343, "123": 0.006451909895986319, "124": 0.006427312269806862, "125": 0.00640383455902338, "126": 0.0063813249580562115, "127": 0.006359129212796688, "128": 0.006338716484606266, "129": 0.006316935643553734, "130": 0.006299471948295832, "131": 0.006282748654484749, "132": 0.006260576657950878, "133": 0.006244594231247902, "134": 0.006224216893315315, "135": 0.006209271028637886, "136": 0.0061918096616864204, "137": 0.006173033267259598, "138": 0.006156572140753269, "139": 0.006140138953924179, "140": 0.006120193749666214, "141": 0.006101539824157953, "142": 0.0060827420093119144, "143": 0.006062679458409548, "144": 0.0060409847646951675, "145": 0.006018053740262985, "146": 0.005998231004923582, "147": 0.005983239505439997, "148": 0.0059710098430514336, "149": 0.0059583792462944984, "150": 0.005946516990661621, "151": 0.005934827029705048, "152": 0.005922957323491573, "153": 0.005902839824557304, "154": 0.0058924430049955845, "155": 0.005879812873899937, "156": 0.005868048407137394, "157": 0.005850248970091343, "158": 0.00583697110414505, "159": 0.005824824795126915, "160": 0.005812033079564571, "161": 0.005801431834697723, "162": 0.005791324190795422, "163": 0.005773280747234821, "164": 0.005763425957411528, "165": 0.005754057317972183, "166": 0.00574070867151022, "167": 0.005731130950152874, "168": 0.0057219648733735085, "169": 0.0057138605043292046, "170": 0.005706246010959148, "171": 0.005697974935173988, "172": 0.005686788819730282, "173": 0.005676422268152237, "174": 0.0056658098474144936, "175": 0.005657058209180832, "176": 0.005648159421980381, "177": 0.005639338865876198, "178": 0.005627152509987354, "179": 0.005613475572317839, "180": 0.00560455396771431, "181": 0.005596828646957874, "182": 0.0055910032242536545, "183": 0.0055855694226920605, "184": 0.005580097436904907, "185": 0.005575293675065041, "186": 0.00556973135098815, "187": 0.005564799997955561, "188": 0.0055600665509700775, "189": 0.005554670002311468, "190": 0.005548952147364616, "191": 0.005537856370210648, "192": 0.005531350150704384, "193": 0.005524239968508482, "194": 0.005516804754734039, "195": 0.0055053457617759705, "196": 0.005499410443007946, "197": 0.0054932935163378716, "198": 0.005486289970576763, "199": 0.005479061976075172, "200": 0.005472765304148197, "201": 0.005466091446578503, "202": 0.005459580570459366, "203": 0.00545286713168025, "204": 0.005445312708616257, "205": 0.005438679829239845, "206": 0.005428639706224203, "207": 0.005417444743216038, "208": 0.005411447957158089, "209": 0.005405403673648834, "210": 0.005398597568273544, "211": 0.005392924416810274, "212": 0.005387256853282452, "213": 0.005381543654948473, "214": 0.005371730774641037, "215": 0.005366649478673935, "216": 0.0053617325611412525, "217": 0.0053572505712509155, "218": 0.005352791864424944, "219": 0.005347990896552801, "220": 0.005344047676771879, "221": 0.005340790841728449, "222": 0.005335468333214521, "223": 0.0053322771564126015, "224": 0.005329091567546129, "225": 0.00532643124461174, "226": 0.005321379750967026, "227": 0.005316360853612423, "228": 0.005313431844115257, "229": 0.005310455337166786, "230": 0.00530809722840786, "231": 0.005306242033839226, "232": 0.005304432474076748, "233": 0.005302629433572292, "234": 0.005299937911331654, "235": 0.005297360010445118, "236": 0.005295129958540201, "237": 0.005293859168887138, "238": 0.005292100831866264, "239": 0.005290147382766008, "240": 0.005288798362016678, "241": 0.005287563893944025, "242": 0.005286378785967827, "243": 0.005285206716507673, "244": 0.00528407096862793, "245": 0.005282948724925518, "246": 0.005281748250126839, "247": 0.005280677694827318, "248": 0.005279522854834795, "249": 0.005278452765196562, "250": 0.005277332384139299, "251": 0.0052762096747756, "252": 0.005275073926895857, "253": 0.005273943766951561, "254": 0.005272739101201296, "255": 0.0052716899663209915, "256": 0.005270395893603563, "257": 0.005269195418804884, "258": 0.00526800099760294, "259": 0.005266956984996796, "260": 0.005266282707452774}