{"0": 0.6931474208831787, "1": 0.0350630097091198, "2": 0.03501315414905548, "3": 0.014533060602843761, "4": 0.01447807066142559, "5": 0.01441614143550396, "6": 0.014356928877532482, "7": 0.01430098433047533, "8": 0.014248907566070557, "9": 0.014200477860867977, "10": 0.014153768308460712, "11": 0.014109599404036999, "12": 0.01406736858189106, "13": 0.014030981808900833, "14": 0.013984020799398422, "15": 0.013914400711655617, "16": 0.013816340826451778, "17": 0.013678654097020626, "18": 0.01347146276384592, "19": 0.013182072900235653, "20": 0.013038253411650658, "21": 0.012948190793395042, "22": 0.012882230803370476, "23": 0.012830033898353577, "24": 0.012785465456545353, "25": 0.012747114524245262, "26": 0.012709743343293667, "27": 0.01267191767692566, "28": 0.01262421254068613, "29": 0.012588107958436012, "30": 0.012558719143271446, "31": 0.01252775639295578, "32": 0.012474681250751019, "33": 0.012368997558951378, "34": 0.012242591008543968, "35": 0.01217485312372446, "36": 0.01209530234336853, "37": 0.012012418359518051, "38": 0.011941861361265182, "39": 0.011858686804771423, "40": 0.011793751269578934, "41": 0.011710591614246368, "42": 0.011628077365458012, "43": 0.011549516580998898, "44": 0.01149006001651287, "45": 0.01140851154923439, "46": 0.011333397589623928, "47": 0.01126755028963089, "48": 0.011194220744073391, "49": 0.011140991002321243, "50": 0.011092846281826496, "51": 0.011035947129130363, "52": 0.010975508019328117, "53": 0.010927071794867516, "54": 0.010887710377573967, "55": 0.010852903127670288, "56": 0.01080953236669302, "57": 0.010773349553346634, "58": 0.010735763236880302, "59": 0.010696262121200562, "60": 0.010656846687197685, "61": 0.010612020269036293, "62": 0.01057768426835537, "63": 0.010538196191191673, "64": 0.010499149560928345, "65": 0.010461661964654922, "66": 0.010431698523461819, "67": 0.010392261669039726, "68": 0.010362894274294376, "69": 0.010326651856303215, "70": 0.01029808260500431, "71": 0.010267162695527077, "72": 0.010237314738333225, "73": 0.01021121721714735, "74": 0.01017877459526062, "75": 0.010150773450732231, "76": 0.010121257975697517, "77": 0.01009460911154747, "78": 0.010067940689623356, "79": 0.010041465051472187, "80": 0.010016420856118202, "81": 0.009991908445954323, "82": 0.009966062381863594, "83": 0.009939895942807198, "84": 0.009914766997098923, "85": 0.009885421022772789, "86": 0.009856963530182838, "87": 0.0098279919475317, "88": 0.00980018824338913, "89": 0.009769383817911148, "90": 0.009745609946548939, "91": 0.009724505245685577, "92": 0.009706173092126846, "93": 0.00968899205327034, "94": 0.009673113003373146, "95": 0.00965834315866232, "96": 0.009637403301894665, "97": 0.009621243923902512, "98": 0.009604177437722683, "99": 0.009587762877345085, "100": 0.009569902904331684, "101": 0.009555602446198463, "102": 0.009541701525449753, "103": 0.009526844136416912, "104": 0.009512514807283878, "105": 0.009497292339801788, "106": 0.009480142034590244, "107": 0.009465634822845459, "108": 0.009449183009564877, "109": 0.009429017081856728, "110": 0.00941112358123064, "111": 0.009398804977536201, "112": 0.009388038888573647, "113": 0.009376522153615952, "114": 0.00936492532491684, "115": 0.00935281626880169, "116": 0.009339278563857079, "117": 0.009324325248599052, "118": 0.009310662746429443, "119": 0.009298902936279774, "120": 0.009288843721151352, "121": 0.009279105812311172, "122": 0.009267304092645645, "123": 0.009257854893803596, "124": 0.009251363575458527, "125": 0.00924313347786665, "126": 0.00923430360853672, "127": 0.009227676317095757, "128": 0.009221207350492477, "129": 0.009215002879500389, "130": 0.009209268726408482, "131": 0.009201059117913246, "132": 0.009195886552333832, "133": 0.00918944925069809, "134": 0.009181708097457886, "135": 0.009175851941108704, "136": 0.00917026773095131, "137": 0.009164197370409966, "138": 0.009158307686448097, "139": 0.009152553975582123, "140": 0.00914694182574749, "141": 0.009141890332102776, "142": 0.009135664440691471, "143": 0.00912925973534584, "144": 0.009123165160417557, "145": 0.009117535315454006, "146": 0.009113738313317299, "147": 0.009108948521316051, "148": 0.009103963151574135, "149": 0.009099012240767479, "150": 0.009093854576349258, "151": 0.00908876582980156, "152": 0.009083506651222706, "153": 0.009078362956643105, "154": 0.009071421809494495, "155": 0.009062983095645905, "156": 0.009050695225596428, "157": 0.009042909368872643, "158": 0.009034690447151661, "159": 0.00902678444981575, "160": 0.009019702672958374, "161": 0.009013432078063488, "162": 0.009006133303046227, "163": 0.008997838944196701, "164": 0.008988725021481514, "165": 0.00898006558418274, "166": 0.008970066905021667, "167": 0.008958411403000355, "168": 0.008943058550357819, "169": 0.008933234959840775, "170": 0.008923961780965328, "171": 0.008909588679671288, "172": 0.008894450962543488, "173": 0.008887181058526039, "174": 0.008879837580025196, "175": 0.008872334845364094, "176": 0.008862951770424843, "177": 0.008855185471475124, "178": 0.008846214041113853, "179": 0.008838344365358353, "180": 0.008825006894767284, "181": 0.008813961409032345, "182": 0.008807757869362831, "183": 0.008801683783531189, "184": 0.008794656954705715, "185": 0.008787430822849274, "186": 0.008780394680798054, "187": 0.00877367053180933, "188": 0.00876755639910698, "189": 0.00876142643392086, "190": 0.008752712979912758, "191": 0.008745427243411541, "192": 0.008736328221857548, "193": 0.008731046691536903, "194": 0.008725466206669807, "195": 0.00871945358812809, "196": 0.008712612092494965, "197": 0.008706667460501194, "198": 0.008699974976480007, "199": 0.008694584481418133, "200": 0.00868628267198801, "201": 0.008681374602019787, "202": 0.008677186444401741, "203": 0.0086734090000391, "204": 0.008666190318763256, "205": 0.008662502281367779, "206": 0.008658932521939278, "207": 0.00865550059825182, "208": 0.008652242831885815, "209": 0.008649352006614208, "210": 0.008645057678222656, "211": 0.008641255088150501, "212": 0.008635935373604298, "213": 0.008632054552435875, "214": 0.00862849224358797, "215": 0.008625390939414501, "216": 0.008622479625046253, "217": 0.008619362488389015, "218": 0.008616970852017403, "219": 0.008614540100097656, "220": 0.008611890487372875, "221": 0.008609309792518616, "222": 0.008607214316725731, "223": 0.008603595197200775, "224": 0.008600672706961632, "225": 0.0085979038849473, "226": 0.008595084771513939, "227": 0.008592082187533379, "228": 0.008587973192334175, "229": 0.008586017414927483, "230": 0.008582891896367073, "231": 0.008580973371863365, "232": 0.008578581735491753, "233": 0.008576431311666965, "234": 0.008574008010327816, "235": 0.008572093211114407, "236": 0.008569899015128613, "237": 0.008567530661821365, "238": 0.008565625175833702, "239": 0.008563517592847347, "240": 0.008561692200601101, "241": 0.008558481000363827, "242": 0.008555600419640541, "243": 0.008553307503461838, "244": 0.00855120550841093, "245": 0.00854889489710331, "246": 0.008546518161892891, "247": 0.008543746545910835, "248": 0.008541395887732506, "249": 0.008539234288036823, "250": 0.00853673368692398, "251": 0.008534226566553116, "252": 0.008531801402568817, "253": 0.008529511280357838, "254": 0.00852733850479126, "255": 0.008525069802999496, "256": 0.00852322019636631, "257": 0.008521142415702343, "258": 0.00852032471448183}