{"0": 998.3068525791168, "1": 0.6679832004010677, "2": 2.1306797862052917e-05, "3": 0.01177270244807005, "4": 6.704125553369522e-05, "5": 6.129778921604156e-05, "6": 6.420724093914032e-05, "7": 6.282143294811249e-05, "8": 5.8945268392562866e-05, "9": 5.447864532470703e-05, "10": 5.1254406571388245e-05, "11": 4.869140684604645e-05, "12": 4.6834349632263184e-05, "13": 4.030950367450714e-05, "14": 4.571862518787384e-05, "15": 5.5499374866485596e-05, "16": 6.445962935686111e-05, "17": 7.507298141717911e-05, "18": 8.431635797023773e-05, "19": 0.00010214559733867645, "20": 0.0001258300617337227, "21": 0.00015466287732124329, "22": 0.00021501164883375168, "23": 0.00021204538643360138, "24": 0.00014622323215007782, "25": 0.00010174605995416641, "26": 8.005369454622269e-05, "27": 7.843971252441406e-05, "28": 9.392201900482178e-05, "29": 0.00013892725110054016, "30": 0.00017070304602384567, "31": 0.0001564929261803627, "32": 0.00013883225619792938, "33": 0.00015153363347053528, "34": 0.00010978616774082184, "35": 0.00010356307029724121, "36": 0.0001102108508348465, "37": 0.0001046936959028244, "38": 9.485241025686264e-05, "39": 8.664745837450027e-05, "40": 8.505582809448242e-05, "41": 8.662417531013489e-05, "42": 7.977709174156189e-05, "43": 7.526949048042297e-05, "44": 7.787439972162247e-05, "45": 7.621198892593384e-05, "46": 6.7966990172863e-05, "47": 7.209926843643188e-05, "48": 6.940867751836777e-05, "49": 6.51264563202858e-05, "50": 5.728472024202347e-05, "51": 5.62518835067749e-05, "52": 5.532149225473404e-05, "53": 5.786772817373276e-05, "54": 4.9719586968421936e-05, "55": 6.051454693078995e-05, "56": 4.939921200275421e-05, "57": 5.716830492019653e-05, "58": 4.7422945499420166e-05, "59": 5.0516799092292786e-05, "60": 4.827044904232025e-05, "61": 4.77377325296402e-05, "62": 4.401523619890213e-05, "63": 4.852563142776489e-05, "64": 4.2757950723171234e-05, "65": 4.0119513869285583e-05, "66": 4.723295569419861e-05, "67": 4.3880194425582886e-05, "68": 4.476122558116913e-05, "69": 4.6566128730773926e-05, "70": 4.4966116547584534e-05, "71": 4.233513027429581e-05, "72": 3.9919279515743256e-05, "73": 4.0335580706596375e-05, "74": 3.8895756006240845e-05, "75": 3.903824836015701e-05, "76": 3.848318010568619e-05, "77": 3.651715815067291e-05, "78": 3.94405797123909e-05, "79": 4.039052873849869e-05, "80": 3.578420728445053e-05, "81": 3.490224480628967e-05, "82": 3.423355519771576e-05, "83": 3.2471492886543274e-05, "84": 3.149453550577164e-05, "85": 3.1035859137773514e-05, "86": 2.8152484446763992e-05, "87": 3.050919622182846e-05, "88": 3.062654286623001e-05, "89": 3.0192546546459198e-05, "90": 2.8294511139392853e-05, "91": 2.9477756470441818e-05, "92": 2.7472618967294693e-05, "93": 2.8947368264198303e-05, "94": 2.751033753156662e-05, "95": 2.6717782020568848e-05, "96": 2.739671617746353e-05, "97": 2.7243047952651978e-05, "98": 2.395687624812126e-05, "99": 2.4161767214536667e-05, "100": 2.4052336812019348e-05, "101": 2.523604780435562e-05, "102": 2.5070272386074066e-05, "103": 2.4590175598859787e-05, "104": 2.4145003408193588e-05, "105": 2.466607838869095e-05, "106": 2.1100975573062897e-05, "107": 2.3105181753635406e-05, "108": 2.4119392037391663e-05, "109": 2.5690067559480667e-05, "110": 2.5541987270116806e-05, "111": 2.6431865990161896e-05, "112": 2.645794302225113e-05, "113": 2.8046779334545135e-05, "114": 2.8478913009166718e-05, "115": 2.8783921152353287e-05, "116": 2.990150824189186e-05, "117": 2.6048626750707626e-05, "118": 2.8113368898630142e-05, "119": 2.6807188987731934e-05, "120": 2.598622813820839e-05, "121": 2.5406014174222946e-05, "122": 2.8254464268684387e-05, "123": 2.3344065994024277e-05, "124": 2.459762617945671e-05, "125": 2.3477710783481598e-05, "126": 2.2509600967168808e-05, "127": 2.2195745259523392e-05, "128": 2.0412728190422058e-05, "129": 2.1780841052532196e-05, "130": 1.7463695257902145e-05, "131": 1.672329381108284e-05, "132": 2.2171996533870697e-05, "133": 1.5982426702976227e-05, "134": 2.037733793258667e-05, "135": 1.49458646774292e-05, "136": 1.7461366951465607e-05, "137": 1.8776394426822662e-05, "138": 1.6461126506328583e-05, "139": 1.643318682909012e-05, "140": 1.9945204257965088e-05, "141": 1.8653925508260727e-05, "142": 1.879781484603882e-05, "143": 2.0062550902366638e-05, "144": 2.1694693714380264e-05, "145": 2.2931024432182312e-05, "146": 1.9822735339403152e-05, "147": 1.4991499483585358e-05, "148": 1.2229662388563156e-05, "149": 1.263059675693512e-05, "150": 1.186225563287735e-05, "151": 1.1689960956573486e-05, "152": 1.1869706213474274e-05, "153": 2.011749893426895e-05, "154": 1.0396819561719894e-05, "155": 1.2630131095647812e-05, "156": 1.1764466762542725e-05, "157": 1.7799437046051025e-05, "158": 1.3277865946292877e-05, "159": 1.214630901813507e-05, "160": 1.2791715562343597e-05, "161": 1.0601244866847992e-05, "162": 1.0107643902301788e-05, "163": 1.804344356060028e-05, "164": 9.854789823293686e-06, "165": 9.368639439344406e-06, "166": 1.3348646461963654e-05, "167": 9.577721357345581e-06, "168": 9.16607677936554e-06, "169": 8.104369044303894e-06, "170": 7.614493370056152e-06, "171": 8.271075785160065e-06, "172": 1.1186115443706512e-05, "173": 1.0366551578044891e-05, "174": 1.0612420737743378e-05, "175": 8.751638233661652e-06, "176": 8.898787200450897e-06, "177": 8.820556104183197e-06, "178": 1.2186355888843536e-05, "179": 1.367693766951561e-05, "180": 8.921604603528976e-06, "181": 7.725320756435394e-06, "182": 5.825422704219818e-06, "183": 5.433801561594009e-06, "184": 5.471985787153244e-06, "185": 4.803761839866638e-06, "186": 5.5623240768909454e-06, "187": 4.931353032588959e-06, "188": 4.7334469854831696e-06, "189": 5.39654865860939e-06, "190": 5.71785494685173e-06, "191": 1.1095777153968811e-05, "192": 6.506219506263733e-06, "193": 7.110182195901871e-06, "194": 7.435213774442673e-06, "195": 1.1458992958068848e-05, "196": 5.935318768024445e-06, "197": 6.116926670074463e-06, "198": 7.0035457611083984e-06, "199": 7.227994501590729e-06, "200": 6.29667192697525e-06, "201": 6.673857569694519e-06, "202": 6.51087611913681e-06, "203": 6.713438779115677e-06, "204": 7.554423063993454e-06, "205": 6.632879376411438e-06, "206": 1.0040123015642166e-05, "207": 1.119496300816536e-05, "208": 5.996786057949066e-06, "209": 6.0442835092544556e-06, "210": 6.806105375289917e-06, "211": 5.673151463270187e-06, "212": 5.6675635278224945e-06, "213": 5.713198333978653e-06, "214": 9.81288030743599e-06, "215": 5.081295967102051e-06, "216": 4.916917532682419e-06, "217": 4.48198989033699e-06, "218": 4.458706825971603e-06, "219": 4.800967872142792e-06, "220": 3.943219780921936e-06, "221": 3.2568350434303284e-06, "222": 5.32250851392746e-06, "223": 3.191176801919937e-06, "224": 3.1855888664722443e-06, "225": 2.6603229343891144e-06, "226": 5.0514936447143555e-06, "227": 5.018897354602814e-06, "228": 2.92900949716568e-06, "229": 2.9765069484710693e-06, "230": 2.3581087589263916e-06, "231": 1.8551945686340332e-06, "232": 1.8095597624778748e-06, "233": 1.8030405044555664e-06, "234": 2.691522240638733e-06, "235": 2.5779008865356445e-06, "236": 2.2300519049167633e-06, "237": 1.2707896530628204e-06, "238": 1.7583370208740234e-06, "239": 1.953449100255966e-06, "240": 1.3490207493305206e-06, "241": 1.2344680726528168e-06, "242": 1.1851079761981964e-06, "243": 1.1720694601535797e-06, "244": 1.135747879743576e-06, "245": 1.1222437024116516e-06, "246": 1.2004747986793518e-06, "247": 1.0705552995204926e-06, "248": 1.1548399925231934e-06, "249": 1.0700896382331848e-06, "250": 1.1203810572624207e-06, "251": 1.1227093636989594e-06, "252": 1.135747879743576e-06, "253": 1.1301599442958832e-06, "254": 1.2046657502651215e-06, "255": 1.0491348803043365e-06, "256": 1.2940727174282074e-06, "257": 1.2004747986793518e-06, "258": 1.1944212019443512e-06, "259": 1.0440126061439514e-06, "260": 6.742775440216064e-07}