{"0": 998.3068525791168, "1": 0.42443031072616577, "2": 0.000348508358001709, "3": 0.10237398743629456, "4": 0.008934557437896729, "5": 0.004070743918418884, "6": 0.0034606456756591797, "7": 0.003034144639968872, "8": 0.002590656280517578, "9": 0.0022368431091308594, "10": 0.001977682113647461, "11": 0.0017659664154052734, "12": 0.0015581995248794556, "13": 0.0012632906436920166, "14": 0.0011249929666519165, "15": 0.0010638982057571411, "16": 0.0010264962911605835, "17": 0.000983700156211853, "18": 0.0009383410215377808, "19": 0.0009063184261322021, "20": 0.0008667260408401489, "21": 0.0008331388235092163, "22": 0.0007929503917694092, "23": 0.0007673203945159912, "24": 0.0007335394620895386, "25": 0.0007165819406509399, "26": 0.0006934776902198792, "27": 0.0006685927510261536, "28": 0.0006506666541099548, "29": 0.0006304532289505005, "30": 0.0006149858236312866, "31": 0.0005991384387016296, "32": 0.0005795061588287354, "33": 0.0005712136626243591, "34": 0.000553816556930542, "35": 0.0005416572093963623, "36": 0.0005227774381637573, "37": 0.0005131438374519348, "38": 0.0005033165216445923, "39": 0.0004882737994194031, "40": 0.0004871785640716553, "41": 0.0004800334572792053, "42": 0.0004673004150390625, "43": 0.00046312063932418823, "44": 0.00045168399810791016, "45": 0.0004408732056617737, "46": 0.0004325881600379944, "47": 0.0004227086901664734, "48": 0.000415802001953125, "49": 0.00041093677282333374, "50": 0.0004051774740219116, "51": 0.00040005147457122803, "52": 0.0003974214196205139, "53": 0.0003947913646697998, "54": 0.00038535892963409424, "55": 0.00038055330514907837, "56": 0.0003741830587387085, "57": 0.00036960095167160034, "58": 0.0003647357225418091, "59": 0.00036103278398513794, "60": 0.0003581419587135315, "61": 0.00035344064235687256, "62": 0.00035159289836883545, "63": 0.0003478303551673889, "64": 0.00034449994564056396, "65": 0.00034242868423461914, "66": 0.0003399699926376343, "67": 0.00033783167600631714, "68": 0.00033746659755706787, "69": 0.00033671408891677856, "70": 0.00033511966466903687, "71": 0.0003314092755317688, "72": 0.0003320425748825073, "73": 0.0003367289900779724, "74": 0.0003383532166481018, "75": 0.0003391280770301819, "76": 0.0003423839807510376, "77": 0.00034692883491516113, "78": 0.0003523975610733032, "79": 0.00035293400287628174, "80": 0.0003521442413330078, "81": 0.00035466253757476807, "82": 0.0003598034381866455, "83": 0.0003668591380119324, "84": 0.00037560611963272095, "85": 0.0003915131092071533, "86": 0.0004020184278488159, "87": 0.00042363256216049194, "88": 0.000521831214427948, "89": 0.0005924701690673828, "90": 0.0006026774644851685, "91": 0.0006191879510879517, "92": 0.000605851411819458, "93": 0.0006204172968864441, "94": 0.0006296336650848389, "95": 0.0004584193229675293, "96": 0.000502072274684906, "97": 0.00046863406896591187, "98": 0.0005146637558937073, "99": 0.00047576427459716797, "100": 0.0005515441298484802, "101": 0.00046062469482421875, "102": 0.000467836856842041, "103": 0.0004215613007545471, "104": 0.00046184659004211426, "105": 0.0004494860768318176, "106": 0.0003657713532447815, "107": 0.0003649294376373291, "108": 0.00040431320667266846, "109": 0.000341564416885376, "110": 0.0003683939576148987, "111": 0.00033761560916900635, "112": 0.00038454681634902954, "113": 0.0003333538770675659, "114": 0.0003404170274734497, "115": 0.00032779574394226074, "116": 0.0003138408064842224, "117": 0.0003310069441795349, "118": 0.00028211623430252075, "119": 0.0003062337636947632, "120": 0.00029502809047698975, "121": 0.00028493255376815796, "122": 0.0003079026937484741, "123": 0.0003079548478126526, "124": 0.00029250234365463257, "125": 0.0002942681312561035, "126": 0.0002757161855697632, "127": 0.00027967989444732666, "128": 0.0002549365162849426, "129": 0.00026310235261917114, "130": 0.0002456158399581909, "131": 0.0002589896321296692, "132": 0.0002511441707611084, "133": 0.0002618059515953064, "134": 0.0002538636326789856, "135": 0.00026281923055648804, "136": 0.00029187649488449097, "137": 0.0002746507525444031, "138": 0.00025307387113571167, "139": 0.0002555921673774719, "140": 0.00023820996284484863, "141": 0.00024049729108810425, "142": 0.00022234022617340088, "143": 0.00021325796842575073, "144": 0.00021724402904510498, "145": 0.00022907555103302002, "146": 0.00023565441370010376, "147": 0.0002615302801132202, "148": 0.00023855268955230713, "149": 0.0002467334270477295, "150": 0.000227414071559906, "151": 0.00019890815019607544, "152": 0.00016683340072631836, "153": 0.0002213791012763977, "154": 0.00021827220916748047, "155": 0.00019600242376327515, "156": 0.00021173059940338135, "157": 0.00018910318613052368, "158": 0.00016517937183380127, "159": 0.00023496150970458984, "160": 0.0002177506685256958, "161": 0.00018105655908584595, "162": 0.00021610409021377563, "163": 0.00020976364612579346, "164": 0.00021526217460632324, "165": 0.00018716603517532349, "166": 0.0001569613814353943, "167": 0.00020997226238250732, "168": 0.00019983947277069092, "169": 0.0001722574234008789, "170": 0.00016325712203979492, "171": 0.0001632198691368103, "172": 0.0001933649182319641, "173": 0.00017102807760238647, "174": 0.0001390203833580017, "175": 0.00022716820240020752, "176": 0.00014872103929519653, "177": 0.00014478713274002075, "178": 0.00019635260105133057, "179": 0.00014448165893554688, "180": 0.00013306736946105957, "181": 0.0001993030309677124, "182": 0.0001382008194923401, "183": 0.00013308972120285034, "184": 0.00021286308765411377, "185": 0.00012717396020889282, "186": 0.00012436509132385254, "187": 0.0001850128173828125, "188": 0.00013734400272369385, "189": 0.0001626834273338318, "190": 0.0001836344599723816, "191": 0.0001421123743057251, "192": 0.00012745708227157593, "193": 0.00012861192226409912, "194": 0.00016479939222335815, "195": 0.0001301392912864685, "196": 0.00013014674186706543, "197": 0.0002048388123512268, "198": 0.00014273077249526978, "199": 0.00014434754848480225, "200": 0.00019820034503936768, "201": 0.00016277283430099487, "202": 0.00016494840383529663, "203": 0.0001592189073562622, "204": 0.00014090538024902344, "205": 0.0001353248953819275, "206": 0.0002033710479736328, "207": 0.0001701265573501587, "208": 0.00016032904386520386, "209": 0.0001396089792251587, "210": 0.0001311376690864563, "211": 0.00014341622591018677, "212": 0.00014825165271759033, "213": 0.0001252591609954834, "214": 0.0001252591609954834, "215": 0.0001276060938835144, "216": 0.00012756884098052979, "217": 0.0001400187611579895, "218": 0.00010079890489578247, "219": 0.00013477355241775513, "220": 0.00010082125663757324, "221": 9.857863187789917e-05, "222": 0.00013574957847595215, "223": 0.00011792033910751343, "224": 9.520351886749268e-05, "225": 0.00013530999422073364, "226": 0.0001269802451133728, "227": 0.00010650604963302612, "228": 0.00011368095874786377, "229": 9.299814701080322e-05, "230": 9.529292583465576e-05, "231": 9.407103061676025e-05, "232": 8.190423250198364e-05, "233": 6.782263517379761e-05, "234": 7.38874077796936e-05, "235": 6.246566772460938e-05, "236": 5.866587162017822e-05, "237": 6.0208141803741455e-05, "238": 5.42178750038147e-05, "239": 6.279721856117249e-05, "240": 4.791468381881714e-05, "241": 4.614517092704773e-05, "242": 4.519522190093994e-05, "243": 4.346668720245361e-05, "244": 4.320591688156128e-05, "245": 4.4718384742736816e-05, "246": 4.439055919647217e-05, "247": 8.42362642288208e-05, "248": 4.632025957107544e-05, "249": 4.629790782928467e-05, "250": 7.505714893341064e-05, "251": 4.4558197259902954e-05, "252": 4.5608729124069214e-05, "253": 4.8488378524780273e-05, "254": 8.371472358703613e-05, "255": 4.7013163566589355e-05, "256": 4.126131534576416e-05, "257": 3.6891549825668335e-05, "258": 3.540888428688049e-05, "259": 3.996118903160095e-05, "260": 4.0844082832336426e-05, "261": 4.042312502861023e-05, "262": 3.976747393608093e-05, "263": 3.394857048988342e-05, "264": 2.917274832725525e-05, "265": 3.182515501976013e-05, "266": 3.0722469091415405e-05,