{"0": 0.6931474208831787, "1": 0.8263512849807739, "2": 0.8230632543563843, "3": 0.7711939215660095, "4": 0.7235270738601685, "5": 0.6853704452514648, "6": 0.6548835635185242, "7": 0.6290473341941833, "8": 0.6070385575294495, "9": 0.5882848501205444, "10": 0.5721577405929565, "11": 0.557604193687439, "12": 0.5447244048118591, "13": 0.5334153175354004, "14": 0.5229687094688416, "15": 0.513440728187561, "16": 0.5047808885574341, "17": 0.49674034118652344, "18": 0.4892815351486206, "19": 0.4822819232940674, "20": 0.4757525324821472, "21": 0.46958982944488525, "22": 0.4637727439403534, "23": 0.45821988582611084, "24": 0.45296889543533325, "25": 0.44792690873146057, "26": 0.44323623180389404, "27": 0.4387044310569763, "28": 0.4343509078025818, "29": 0.4302237629890442, "30": 0.426200270652771, "31": 0.42231011390686035, "32": 0.4185473918914795, "33": 0.41491857171058655, "34": 0.4114186465740204, "35": 0.4080362617969513, "36": 0.40480291843414307, "37": 0.4016929864883423, "38": 0.3987017869949341, "39": 0.39581024646759033, "40": 0.39301514625549316, "41": 0.39030933380126953, "42": 0.38771066069602966, "43": 0.38520547747612, "44": 0.38274598121643066, "45": 0.38036805391311646, "46": 0.3780529797077179, "47": 0.3758232891559601, "48": 0.37364065647125244, "49": 0.3715129494667053, "50": 0.369431734085083, "51": 0.3673844337463379, "52": 0.36536937952041626, "53": 0.36339816451072693, "54": 0.3614611029624939, "55": 0.35956352949142456, "56": 0.35770848393440247, "57": 0.3558849096298218, "58": 0.3540958762168884, "59": 0.3523429036140442, "60": 0.35063403844833374, "61": 0.3489477038383484, "62": 0.3472961187362671, "63": 0.34567365050315857, "64": 0.34409624338150024, "65": 0.34255170822143555, "66": 0.3410602807998657, "67": 0.3396109640598297, "68": 0.3382134437561035, "69": 0.3368654251098633, "70": 0.33553236722946167, "71": 0.33422428369522095, "72": 0.33294814825057983, "73": 0.3316985070705414, "74": 0.33047157526016235, "75": 0.3292643129825592, "76": 0.3280675411224365, "77": 0.3268985152244568, "78": 0.3257458209991455, "79": 0.3246212601661682, "80": 0.32353025674819946, "81": 0.3224526643753052, "82": 0.3213925361633301, "83": 0.3203507661819458, "84": 0.3193458914756775, "85": 0.3183520436286926, "86": 0.31737902760505676, "87": 0.3164154291152954, "88": 0.3154703974723816, "89": 0.3145427405834198, "90": 0.3136252760887146, "91": 0.3127281069755554, "92": 0.31185412406921387, "93": 0.3110130727291107, "94": 0.31017857789993286, "95": 0.3093529939651489, "96": 0.30854538083076477, "97": 0.3077400028705597, "98": 0.3069443106651306, "99": 0.30616670846939087, "100": 0.30540600419044495, "101": 0.30466094613075256, "102": 0.30393242835998535, "103": 0.303208589553833, "104": 0.3024900257587433, "105": 0.30177974700927734, "106": 0.30106624960899353, "107": 0.30034977197647095, "108": 0.29963627457618713, "109": 0.2989419102668762, "110": 0.2982577681541443, "111": 0.2975699305534363, "112": 0.296872079372406, "113": 0.29618406295776367, "114": 0.2955085039138794, "115": 0.2948361039161682, "116": 0.29414671659469604, "117": 0.29343199729919434, "118": 0.2927101254463196, "119": 0.29197537899017334, "120": 0.2912110388278961, "121": 0.2904268503189087, "122": 0.2896178364753723, "123": 0.2887696623802185, "124": 0.2878420948982239, "125": 0.286824107170105, "126": 0.2857721447944641, "127": 0.2847290635108948, "128": 0.2836238145828247, "129": 0.28245848417282104, "130": 0.2811816334724426, "131": 0.27982398867607117, "132": 0.27860575914382935, "133": 0.2773328423500061, "134": 0.27599990367889404, "135": 0.2745842933654785, "136": 0.2731598913669586, "137": 0.2717469334602356, "138": 0.2703583538532257, "139": 0.26898136734962463, "140": 0.2676471471786499, "141": 0.2664237320423126, "142": 0.2652661204338074, "143": 0.26418057084083557, "144": 0.2631675899028778, "145": 0.2620660066604614, "146": 0.26109784841537476, "147": 0.26011916995048523, "148": 0.25909292697906494, "149": 0.25805020332336426, "150": 0.2569299638271332, "151": 0.2559816241264343, "152": 0.2551664710044861, "153": 0.254336953163147, "154": 0.2535175681114197, "155": 0.25277775526046753, "156": 0.2519213557243347, "157": 0.25111323595046997, "158": 0.25017455220222473, "159": 0.24927830696105957, "160": 0.2482498586177826, "161": 0.247260183095932, "162": 0.24622978270053864, "163": 0.24520741403102875, "164": 0.24423468112945557, "165": 0.2434169501066208, "166": 0.24255217611789703, "167": 0.241765096783638, "168": 0.24095726013183594, "169": 0.2400883436203003, "170": 0.23917937278747559, "171": 0.23831768333911896, "172": 0.2374730408191681, "173": 0.23670126497745514, "174": 0.23592320084571838, "175": 0.23514840006828308, "176": 0.23438222706317902, "177": 0.23361355066299438, "178": 0.2328214794397354, "179": 0.23207169771194458, "180": 0.23138350248336792, "181": 0.23067502677440643, "182": 0.22989892959594727, "183": 0.22906801104545593, "184": 0.22815707325935364, "185": 0.22728711366653442, "186": 0.22664228081703186, "187": 0.22589534521102905, "188": 0.22511492669582367, "189": 0.2243066430091858, "190": 0.2235172688961029, "191": 0.22268399596214294, "192": 0.22197231650352478, "193": 0.22124463319778442, "194": 0.22060824930667877, "195": 0.2199382185935974, "196": 0.2192549705505371, "197": 0.21864217519760132, "198": 0.21813973784446716, "199": 0.21757009625434875, "200": 0.2170630693435669, "201": 0.2166149914264679, "202": 0.21626657247543335, "203": 0.21587669849395752, "204": 0.21554447710514069, "205": 0.2152755856513977, "206": 0.21501296758651733, "207": 0.21472372114658356, "208": 0.2144436240196228, "209": 0.21410387754440308, "210": 0.2137807309627533, "211": 0.21347981691360474, "212": 0.21313080191612244, "213": 0.21276596188545227, "214": 0.21242311596870422, "215": 0.2121497094631195, "216": 0.21185213327407837, "217": 0.21103793382644653, "218": 0.21068157255649567, "219": 0.20993518829345703, "220": 0.209476500749588, "221": 0.2092657834291458, "222": 0.20901210606098175, "223": 0.20878948271274567, "224": 0.20857688784599304, "225": 0.208351731300354, "226": 0.20811164379119873, "227": 0.20790737867355347, "228": 0.20770397782325745, "229": 0.2075212001800537, "230": 0.20739665627479553, "231": 0.20727349817752838, "232": 0.20715315639972687, "233": 0.20698924362659454, "234": 0.2067156732082367, "235": 0.20656868815422058, "236": 0.2064475119113922, "237": 0.20634889602661133, "238": 0.2062506079673767, "239": 0.2061665952205658, "240": 0.2060963213443756, "241": 0.20604361593723297, "242": 0.2059563398361206, "243": 0.2058650553226471, "244": 0.20576122403144836, "245": 0.2056516706943512, "246": 0.20553767681121826, "247": 0.20542913675308228, "248": 0.20534449815750122, "249": 0.20525337755680084, "250": 0.20515680313110352, "251": 0.205035999417305, "252": 0.20497824251651764, "253": 0.20491088926792145, "254": 0.20483234524726868, "255": 0.20474891364574432, "256": 0.20465978980064392, "257": 0.20448577404022217, "258": 0.20439429581165314, "259": 0.20430296659469604, "260": 0.2042153924703598, "261": 0.20413005352020264, "262": 0.20405229926109314, "263": 0.2039836049079895, "264": 0.20392084121704102, "265": 0.20386314392089844, "266": 0.20375888049602509, "267": 0.20373296737670898, "268": 0.20370373129844666, "269": 0.20365040004253387, "270": 0.20362162590026855, "271": 0.203595370054245, "272": 0.20356279611587524, "273": 0.20352408289909363, "274": 0.20348316431045532, "275": 0.2034437656402588, "276": 0.2033999264240265, "277": 0.2033354640007019, "278": 0.20330345630645752, "279": 0.20328368246555328, "280": 0.20326577126979828, "281": 0.20325084030628204, "282": 0.2032316029071808, "283": 0.20321044325828552, "284": 0.20318952202796936, "285": 0.20316685736179352, "286": 0.20313648879528046, "287": 0.20311442017555237, "288": 0.20308873057365417, "289": 0.20306310057640076, "290": 0.20303839445114136, "291": 0.20301449298858643, "292": 0.20297706127166748, "293": 0.20295313000679016, "294": 0.2029288113117218,