{"0": 998.3068525791168, "1": -0.06725943088531494, "2": 0.0019159913063049316, "3": 0.15985965728759766, "4": 0.06738519668579102, "5": 0.028823375701904297, "6": 0.019649982452392578, "7": 0.01566988229751587, "8": 0.0130845308303833, "9": 0.011096477508544922, "10": 0.009692400693893433, "11": 0.00853392481803894, "12": 0.007625192403793335, "13": 0.006816983222961426, "14": 0.006023615598678589, "15": 0.005552500486373901, "16": 0.005154818296432495, "17": 0.004777848720550537, "18": 0.004429280757904053, "19": 0.004134416580200195, "20": 0.0038626492023468018, "21": 0.003620147705078125, "22": 0.0034111738204956055, "23": 0.0032318532466888428, "24": 0.0030517578125, "25": 0.002878159284591675, "26": 0.0027209222316741943, "27": 0.0025845468044281006, "28": 0.002461671829223633, "29": 0.0023352205753326416, "30": 0.00223386287689209, "31": 0.0021300911903381348, "32": 0.002026855945587158, "33": 0.0019267797470092773, "34": 0.0018367767333984375, "35": 0.001779109239578247, "36": 0.0017009377479553223, "37": 0.0016261935234069824, "38": 0.0015732944011688232, "39": 0.001515507698059082, "40": 0.001459270715713501, "41": 0.0014094114303588867, "42": 0.001357346773147583, "43": 0.0013054609298706055, "44": 0.0012697279453277588, "45": 0.0012272894382476807, "46": 0.0011855661869049072, "47": 0.0011415183544158936, "48": 0.0011013150215148926, "49": 0.0010708272457122803, "50": 0.0010331273078918457, "51": 0.0009907186031341553, "52": 0.0009557604789733887, "53": 0.0009400844573974609, "54": 0.0009137094020843506, "55": 0.0008864700794219971, "56": 0.000850290060043335, "57": 0.0008397996425628662, "58": 0.000817418098449707, "59": 0.0007978975772857666, "60": 0.0007791221141815186, "61": 0.0007584095001220703, "62": 0.0007283389568328857, "63": 0.0007255375385284424, "64": 0.0007116198539733887, "65": 0.000695347785949707, "66": 0.0006731152534484863, "67": 0.0006746053695678711, "68": 0.0006642937660217285, "69": 0.0006532967090606689, "70": 0.0006409883499145508, "71": 0.0006330311298370361, "72": 0.0006242692470550537, "73": 0.0006100833415985107, "74": 0.0006119310855865479, "75": 0.0006049871444702148, "76": 0.0005987286567687988, "77": 0.0006000101566314697, "78": 0.0005914568901062012, "79": 0.0005872249603271484, "80": 0.0005812942981719971, "81": 0.0005811452865600586, "82": 0.0005746781826019287, "83": 0.0005744993686676025, "84": 0.0005739331245422363, "85": 0.000573962926864624, "86": 0.0005720257759094238, "87": 0.0005795061588287354, "88": 0.0005787014961242676, "89": 0.00057944655418396, "90": 0.0005831122398376465, "91": 0.0005832016468048096, "92": 0.0005843043327331543, "93": 0.000595778226852417, "94": 0.0005937516689300537, "95": 0.0006048381328582764, "96": 0.0006111264228820801, "97": 0.0006186366081237793, "98": 0.0006230473518371582, "99": 0.0006289482116699219, "100": 0.0006378591060638428, "101": 0.0006453990936279297, "102": 0.0006570816040039062, "103": 0.000674903392791748, "104": 0.0006932318210601807, "105": 0.0007108747959136963, "106": 0.0007321834564208984, "107": 0.0007474124431610107, "108": 0.0007598996162414551, "109": 0.0007782280445098877, "110": 0.0007964372634887695, "111": 0.0008170604705810547, "112": 0.0008458495140075684, "113": 0.000870823860168457, "114": 0.0008970499038696289, "115": 0.0009273886680603027, "116": 0.0009806454181671143, "117": 0.0010585188865661621, "118": 0.001124650239944458, "119": 0.001188427209854126, "120": 0.0012390315532684326, "121": 0.0012080669403076172, "122": 0.0011748671531677246, "123": 0.0012171566486358643, "124": 0.0012668967247009277, "125": 0.0013294517993927002, "126": 0.0015472471714019775, "127": 0.001146852970123291, "128": 0.00134962797164917, "129": 0.0013522207736968994, "130": 0.0014252066612243652, "131": 0.001308053731918335, "132": 0.0012913644313812256, "133": 0.0011288225650787354, "134": 0.0010735690593719482, "135": 0.0010771900415420532, "136": 0.0009471476078033447, "137": 0.0010471940040588379, "138": 0.0010620206594467163, "139": 0.0007872581481933594, "140": 0.0008090436458587646, "141": 0.0009581297636032104, "142": 0.0007593780755996704, "143": 0.0009018480777740479, "144": 0.000804901123046875, "145": 0.000789940357208252, "146": 0.0007620751857757568, "147": 0.0007236897945404053, "148": 0.000786706805229187, "149": 0.00070171058177948, "150": 0.0007722079753875732, "151": 0.0006241500377655029, "152": 0.0007418245077133179, "153": 0.0006492584943771362, "154": 0.0007749497890472412, "155": 0.0006622821092605591, "156": 0.0007896870374679565, "157": 0.0006391406059265137, "158": 0.0007867217063903809, "159": 0.0006463825702667236, "160": 0.0007089525461196899, "161": 0.0006113648414611816, "162": 0.0006159991025924683, "163": 0.0005657970905303955, "164": 0.0005651712417602539, "165": 0.0005963295698165894, "166": 0.0005629956722259521, "167": 0.0006335526704788208, "168": 0.0006177425384521484, "169": 0.00058002769947052, "170": 0.0006717443466186523, "171": 0.0005652755498886108, "172": 0.00056418776512146, "173": 0.0005216747522354126, "174": 0.0005413442850112915, "175": 0.0005039423704147339, "176": 0.0005064904689788818, "177": 0.0004572272300720215, "178": 0.0005445927381515503, "179": 0.0004723966121673584, "180": 0.0005897432565689087, "181": 0.0004933178424835205, "182": 0.0005797743797302246, "183": 0.00045771896839141846, "184": 0.0005140602588653564, "185": 0.00044365227222442627, "186": 0.0005143433809280396, "187": 0.0004648268222808838, "188": 0.0004866868257522583, "189": 0.0004647672176361084, "190": 0.0004357844591140747, "191": 0.000535920262336731, "192": 0.00045177340507507324, "193": 0.0005278736352920532, "194": 0.0005378574132919312, "195": 0.0005026310682296753, "196": 0.0004495084285736084, "197": 0.00045536458492279053, "198": 0.00045321881771087646, "199": 0.00038601458072662354, "200": 0.0005194097757339478, "201": 0.0003925412893295288, "202": 0.0003765374422073364, "203": 0.00039984285831451416, "204": 0.0005102753639221191, "205": 0.0003930777311325073, "206": 0.0004910826683044434, "207": 0.00040878355503082275, "208": 0.00036594271659851074, "209": 0.0003542602062225342, "210": 0.0002834498882293701, "211": 0.000275537371635437, "212": 0.0002681910991668701, "213": 0.00027529895305633545, "214": 0.00031748414039611816, "215": 0.00029821693897247314, "216": 0.000394478440284729, "217": 0.00027976930141448975, "218": 0.0003134310245513916, "219": 0.0002983957529067993, "220": 0.0002749413251876831, "221": 0.00023077428340911865, "222": 0.0002209395170211792, "223": 0.0002783834934234619, "224": 0.00024059414863586426, "225": 0.00025895237922668457, "226": 0.0002422332763671875, "227": 0.00023153424263000488, "228": 0.00022336840629577637, "229": 0.0002575516700744629, "230": 0.0002798736095428467, "231": 0.00028443336486816406, "232": 0.00022158026695251465, "233": 0.0001590251922607422, "234": 0.00021407008171081543, "235": 0.0001608729362487793, "236": 0.00015488266944885254, "237": 0.00016516447067260742, "238": 0.00015109777450561523, "239": 0.00012987852096557617, "240": 0.0001754164695739746, "241": 0.00020463764667510986, "242": 0.0001591891050338745, "243": 0.00017730891704559326, "244": 0.00017189979553222656, "245": 0.00014735758304595947, "246": 0.00014869868755340576, "247": 0.00014315545558929443, "248": 0.00014320015907287598, "249": 0.0001500248908996582, "250": 0.00018534064292907715, "251": 0.0002410411834716797, "252": 0.00018030405044555664, "253": 0.00024756789207458496, "254": 0.0002142786979675293, "255": 0.0002720654010772705, "256": 0.000182226300239563, "257": 0.0001569986343383789, "258": 0.0001873224973678589, "259": 0.00015419721603393555, "260": 0.00019308924674987793, "261": 0.00015000998973846436, "262": 0.0001507103443145752, "263": 0.0001300126314163208, "264": 0.0001274198293685913, "265": 0.00017690658569335938, "266": 0.00014369189739227295, "267": 0.0001417994499206543, "268": 0.0001389235258102417, "269": 0.00013932585716247559, "270": 0.00013276934623718262,