{"0": 0.6931474208831787, "1": 0.6839507818222046, "2": 0.6826683282852173, "3": 0.5273599624633789, "4": 0.46626707911491394, "5": 0.4450821280479431, "6": 0.4312423765659332, "7": 0.4197978079319, "8": 0.40985360741615295, "9": 0.40108025074005127, "10": 0.3932536542415619, "11": 0.38622361421585083, "12": 0.3798314929008484, "13": 0.37408390641212463, "14": 0.3688206076622009, "15": 0.36396849155426025, "16": 0.35945674777030945, "17": 0.3552417755126953, "18": 0.3512935936450958, "19": 0.3475914001464844, "20": 0.34411299228668213, "21": 0.34082943201065063, "22": 0.3377106189727783, "23": 0.33474576473236084, "24": 0.33190733194351196, "25": 0.32919615507125854, "26": 0.3266163468360901, "27": 0.32413727045059204, "28": 0.3217509984970093, "29": 0.31946855783462524, "30": 0.317257821559906, "31": 0.3151230812072754, "32": 0.3130571246147156, "33": 0.31106388568878174, "34": 0.30912962555885315, "35": 0.307246595621109, "36": 0.30542317032814026, "37": 0.30364271998405457, "38": 0.30191317200660706, "39": 0.30021804571151733, "40": 0.2985667586326599, "41": 0.29696008563041687, "42": 0.29538410902023315, "43": 0.2938375174999237, "44": 0.2923322021961212, "45": 0.290842741727829, "46": 0.2893820106983185, "47": 0.287947416305542, "48": 0.2865336239337921, "49": 0.2851484417915344, "50": 0.2837907075881958, "51": 0.2824498414993286, "52": 0.2811339497566223, "53": 0.27984166145324707, "54": 0.27856114506721497, "55": 0.277302086353302, "56": 0.2760654091835022, "57": 0.274848997592926, "58": 0.27365291118621826, "59": 0.27247676253318787, "60": 0.2713209390640259, "61": 0.2701842486858368, "62": 0.26906853914260864, "63": 0.26796990633010864, "64": 0.2668890058994293, "65": 0.26582810282707214, "66": 0.2647862434387207, "67": 0.26376432180404663, "68": 0.26276344060897827, "69": 0.26178178191185, "70": 0.2608191668987274, "71": 0.25987598299980164, "72": 0.2589491009712219, "73": 0.2580404281616211, "74": 0.2571490406990051, "75": 0.25627508759498596, "76": 0.2554182708263397, "77": 0.2545786499977112, "78": 0.25375500321388245, "79": 0.25294673442840576, "80": 0.2521534264087677, "81": 0.2513744533061981, "82": 0.25060969591140747, "83": 0.24985820055007935, "84": 0.24911952018737793, "85": 0.24839401245117188, "86": 0.2476816475391388, "87": 0.24698159098625183, "88": 0.24629336595535278, "89": 0.2456163763999939, "90": 0.24494998157024384, "91": 0.24429203569889069, "92": 0.24364285171031952, "93": 0.243003249168396, "94": 0.24237388372421265, "95": 0.2417546808719635, "96": 0.24114473164081573, "97": 0.2405434399843216, "98": 0.23994970321655273, "99": 0.23935742676258087, "100": 0.23876339197158813, "101": 0.2381625920534134, "102": 0.2375495284795761, "103": 0.23692846298217773, "104": 0.23629820346832275, "105": 0.23565085232257843, "106": 0.23498466610908508, "107": 0.23429293930530548, "108": 0.23357626795768738, "109": 0.23282663524150848, "110": 0.23202703893184662, "111": 0.23112940788269043, "112": 0.2300901561975479, "113": 0.22865299880504608, "114": 0.22756841778755188, "115": 0.22615104913711548, "116": 0.2246619462966919, "117": 0.22302183508872986, "118": 0.2214169055223465, "119": 0.21974550187587738, "120": 0.2181241661310196, "121": 0.21646647155284882, "122": 0.21493755280971527, "123": 0.2133793830871582, "124": 0.21180211007595062, "125": 0.21031349897384644, "126": 0.20887084305286407, "127": 0.2074657380580902, "128": 0.20609723031520844, "129": 0.20483116805553436, "130": 0.2035067230463028, "131": 0.20216937363147736, "132": 0.2009105235338211, "133": 0.19964303076267242, "134": 0.19841702282428741, "135": 0.19721677899360657, "136": 0.19602017104625702, "137": 0.1948215514421463, "138": 0.19361849129199982, "139": 0.19247876107692719, "140": 0.19133347272872925, "141": 0.19022692739963531, "142": 0.1891297996044159, "143": 0.18805083632469177, "144": 0.18698102235794067, "145": 0.1859249323606491, "146": 0.18488828837871552, "147": 0.18390008807182312, "148": 0.18286442756652832, "149": 0.18183045089244843, "150": 0.18083731830120087, "151": 0.17985033988952637, "152": 0.178884819149971, "153": 0.177954763174057, "154": 0.17700016498565674, "155": 0.17607317864894867, "156": 0.17514365911483765, "157": 0.1742265224456787, "158": 0.17335262894630432, "159": 0.17247329652309418, "160": 0.1716141402721405, "161": 0.17078058421611786, "162": 0.16994068026542664, "163": 0.16911673545837402, "164": 0.1683148890733719, "165": 0.16751739382743835, "166": 0.16674509644508362, "167": 0.16597746312618256, "168": 0.16522103548049927, "169": 0.16451005637645721, "170": 0.1637396365404129, "171": 0.16300813853740692, "172": 0.16228212416172028, "173": 0.1615648865699768, "174": 0.16086484491825104, "175": 0.16017082333564758, "176": 0.15949027240276337, "177": 0.15881572663784027, "178": 0.15813827514648438, "179": 0.15745732188224792, "180": 0.15681588649749756, "181": 0.15618906915187836, "182": 0.15555815398693085, "183": 0.15494515001773834, "184": 0.15432213246822357, "185": 0.1537201702594757, "186": 0.15311706066131592, "187": 0.1525302529335022, "188": 0.1519419401884079, "189": 0.15136222541332245, "190": 0.15077458322048187, "191": 0.1502038985490799, "192": 0.14965108036994934, "193": 0.14909426867961884, "194": 0.1485700011253357, "195": 0.14804503321647644, "196": 0.14752912521362305, "197": 0.14702807366847992, "198": 0.1465032398700714, "199": 0.1460036188364029, "200": 0.14548905193805695, "201": 0.1449897140264511, "202": 0.1444883942604065, "203": 0.14400020241737366, "204": 0.14350472390651703, "205": 0.14302529394626617, "206": 0.14255467057228088, "207": 0.142082080245018, "208": 0.14163270592689514, "209": 0.1411343365907669, "210": 0.14069315791130066, "211": 0.14027239382266998, "212": 0.13972392678260803, "213": 0.1391785889863968, "214": 0.13870622217655182, "215": 0.13822928071022034, "216": 0.13767138123512268, "217": 0.13716179132461548, "218": 0.13670751452445984, "219": 0.1362876296043396, "220": 0.1358857899904251, "221": 0.1354834884405136, "222": 0.13508543372154236, "223": 0.13469082117080688, "224": 0.13418951630592346, "225": 0.13378338515758514, "226": 0.13329903781414032, "227": 0.1328461915254593, "228": 0.13246700167655945, "229": 0.1320103108882904, "230": 0.131601020693779, "231": 0.1312769651412964, "232": 0.1309584081172943, "233": 0.1306462585926056, "234": 0.1302623450756073, "235": 0.12994171679019928, "236": 0.12961147725582123, "237": 0.12924960255622864, "238": 0.1289360225200653, "239": 0.1285739243030548, "240": 0.1282043159008026, "241": 0.12788167595863342, "242": 0.12747997045516968, "243": 0.12718813121318817, "244": 0.1269267350435257, "245": 0.12666143476963043, "246": 0.12640319764614105, "247": 0.12615281343460083, "248": 0.1258694976568222, "249": 0.12561391294002533, "250": 0.12534691393375397, "251": 0.12510105967521667, "252": 0.12485893070697784, "253": 0.12460070848464966, "254": 0.12436190247535706, "255": 0.12409825623035431, "256": 0.12380972504615784, "257": 0.1235494315624237, "258": 0.12332818657159805, "259": 0.1231129840016365, "260": 0.12289964407682419, "261": 0.12264250963926315, "262": 0.12243233621120453, "263": 0.12222698330879211, "264": 0.12200406193733215, "265": 0.12179955095052719, "266": 0.12153908610343933, "267": 0.12134179472923279, "268": 0.12114698439836502, "269": 0.12095649540424347, "270": 0.12074530124664307, "271": 0.12055487930774689, "272": 0.12037365138530731, "273": 0.12019523978233337, "274": 0.12001054733991623, "275": 0.11982136219739914, "276": 0.11962735652923584, "277": 0.11944302916526794, "278": 0.11927340179681778, "279": 0.11910304427146912, "280": 0.11893950402736664, "281": 0.11877728253602982, "282": 0.11860202252864838, "283": 0.11842372268438339, "284": 0.11825515329837799, "285": 0.11809569597244263, "286": 0.11794466525316238, "287": 0.11778877675533295, "288": 0.11763189733028412, "289": 0.11747539043426514, "290": 0.11732842773199081, "291": 0.11718431115150452, "292": 0.11702932417392731,