{"0": 998.3068525791168, "1": 0.10762006044387817, "2": 0.0009750723838806152, "3": 0.15071576833724976, "4": 0.04878351092338562, "5": 0.016832202672958374, "6": 0.011336714029312134, "7": 0.009433388710021973, "8": 0.008225053548812866, "9": 0.0072095394134521484, "10": 0.006417006254196167, "11": 0.00572928786277771, "12": 0.005174577236175537, "13": 0.004583120346069336, "14": 0.004129916429519653, "15": 0.0038237571716308594, "16": 0.003542095422744751, "17": 0.003318607807159424, "18": 0.0030913054943084717, "19": 0.0029123127460479736, "20": 0.002737075090408325, "21": 0.0025784671306610107, "22": 0.0024138987064361572, "23": 0.0023055672645568848, "24": 0.00219041109085083, "25": 0.002089887857437134, "26": 0.001986891031265259, "27": 0.0018940865993499756, "28": 0.0018041729927062988, "29": 0.001729518175125122, "30": 0.0016532838344573975, "31": 0.001587986946105957, "32": 0.001535177230834961, "33": 0.0014702081680297852, "34": 0.0014269351959228516, "35": 0.001378566026687622, "36": 0.001328587532043457, "37": 0.0012876689434051514, "38": 0.0012477636337280273, "39": 0.001197516918182373, "40": 0.0011759698390960693, "41": 0.0011301934719085693, "42": 0.0011129677295684814, "43": 0.0010815262794494629, "44": 0.0010575652122497559, "45": 0.0010297894477844238, "46": 0.0010002553462982178, "47": 0.0009924918413162231, "48": 0.0009703338146209717, "49": 0.0009506195783615112, "50": 0.0009235590696334839, "51": 0.0009196549654006958, "52": 0.0009044259786605835, "53": 0.0008890628814697266, "54": 0.0008662492036819458, "55": 0.000865638256072998, "56": 0.0008550286293029785, "57": 0.0008304715156555176, "58": 0.0008396357297897339, "59": 0.000826224684715271, "60": 0.000817611813545227, "61": 0.0008082389831542969, "62": 0.0008016973733901978, "63": 0.0007874816656112671, "64": 0.0007884949445724487, "65": 0.0007812976837158203, "66": 0.0007743984460830688, "67": 0.0007727444171905518, "68": 0.0007629692554473877, "69": 0.0007765442132949829, "70": 0.0007701516151428223, "71": 0.0007650554180145264, "72": 0.0007606297731399536, "73": 0.0007566511631011963, "74": 0.0007541924715042114, "75": 0.0007480084896087646, "76": 0.0007522553205490112, "77": 0.0007511526346206665, "78": 0.0007526129484176636, "79": 0.0007574558258056641, "80": 0.0007550418376922607, "81": 0.0007566958665847778, "82": 0.0007553398609161377, "83": 0.0007543563842773438, "84": 0.0007541924715042114, "85": 0.0007556527853012085, "86": 0.00075550377368927, "87": 0.0007582604885101318, "88": 0.0007638484239578247, "89": 0.0007670968770980835, "90": 0.0007731318473815918, "91": 0.0007787793874740601, "92": 0.0007809102535247803, "93": 0.0007838904857635498, "94": 0.0007870197296142578, "95": 0.0007894784212112427, "96": 0.0007970333099365234, "97": 0.0008069872856140137, "98": 0.0008184909820556641, "99": 0.0008314698934555054, "100": 0.0008418112993240356, "101": 0.0008482486009597778, "102": 0.0008614659309387207, "103": 0.0008773505687713623, "104": 0.0008889734745025635, "105": 0.0009010285139083862, "106": 0.0009140074253082275, "107": 0.0009265094995498657, "108": 0.0009413659572601318, "109": 0.0009540319442749023, "110": 0.000979885458946228, "111": 0.0010235905647277832, "112": 0.001069679856300354, "113": 0.00112152099609375, "114": 0.001171305775642395, "115": 0.0014973580837249756, "116": 0.0013091713190078735, "117": 0.0013218671083450317, "118": 0.0014805048704147339, "119": 0.001487836241722107, "120": 0.0014565140008926392, "121": 0.0015566349029541016, "122": 0.0013570785522460938, "123": 0.0012020915746688843, "124": 0.0013405382633209229, "125": 0.0014994293451309204, "126": 0.0012411624193191528, "127": 0.001311570405960083, "128": 0.001180499792098999, "129": 0.0011630505323410034, "130": 0.0010306984186172485, "131": 0.0012607425451278687, "132": 0.0010556131601333618, "133": 0.0011973828077316284, "134": 0.001150473952293396, "135": 0.001073688268661499, "136": 0.001072317361831665, "137": 0.0010410994291305542, "138": 0.001094728708267212, "139": 0.0010160505771636963, "140": 0.0010976791381835938, "141": 0.0009535700082778931, "142": 0.001022934913635254, "143": 0.0009781867265701294, "144": 0.0010307133197784424, "145": 0.0009910762310028076, "146": 0.0010203272104263306, "147": 0.0009573996067047119, "148": 0.0009848177433013916, "149": 0.0009648054838180542, "150": 0.0009979605674743652, "151": 0.000967562198638916, "152": 0.0009573847055435181, "153": 0.000921890139579773, "154": 0.0008906573057174683, "155": 0.00091552734375, "156": 0.0008890479803085327, "157": 0.0008729547262191772, "158": 0.0008715540170669556, "159": 0.0008542835712432861, "160": 0.0008708834648132324, "161": 0.0008355677127838135, "162": 0.0008511841297149658, "163": 0.0008059293031692505, "164": 0.0008184462785720825, "165": 0.0007778853178024292, "166": 0.0007928162813186646, "167": 0.0007539093494415283, "168": 0.0007804036140441895, "169": 0.0007455796003341675, "170": 0.0007555484771728516, "171": 0.0007421225309371948, "172": 0.000742107629776001, "173": 0.0007279068231582642, "174": 0.0007203668355941772, "175": 0.0007047951221466064, "176": 0.0006872415542602539, "177": 0.0006596669554710388, "178": 0.0006955936551094055, "179": 0.0006614923477172852, "180": 0.0007118880748748779, "181": 0.000653684139251709, "182": 0.0006981790065765381, "183": 0.0006602481007575989, "184": 0.0006751939654350281, "185": 0.0006502270698547363, "186": 0.0006773248314857483, "187": 0.0006422027945518494, "188": 0.0005949288606643677, "189": 0.0006634369492530823, "190": 0.0005892440676689148, "191": 0.0005865991115570068, "192": 0.0005723536014556885, "193": 0.000656522810459137, "194": 0.0007574409246444702, "195": 0.0006273910403251648, "196": 0.00064869225025177, "197": 0.0006329119205474854, "198": 0.0006443187594413757, "199": 0.0005948767066001892, "200": 0.0006041824817657471, "201": 0.000561937689781189, "202": 0.0005394816398620605, "203": 0.0005491003394126892, "204": 0.00048261135816574097, "205": 0.0006795823574066162, "206": 0.0005180984735488892, "207": 0.0004755184054374695, "208": 0.0005149692296981812, "209": 0.00048328936100006104, "210": 0.0004699230194091797, "211": 0.0004833415150642395, "212": 0.00045558810234069824, "213": 0.000450916588306427, "214": 0.00046034902334213257, "215": 0.0004519224166870117, "216": 0.00043001770973205566, "217": 0.0004464685916900635, "218": 0.0004021003842353821, "219": 0.00040996819734573364, "220": 0.00039120763540267944, "221": 0.0003925934433937073, "222": 0.0003802552819252014, "223": 0.00037729740142822266, "224": 0.00036209821701049805, "225": 0.00037392228841781616, "226": 0.00035005807876586914, "227": 0.00037794560194015503, "228": 0.0003460794687271118, "229": 0.000332660973072052, "230": 0.000457078218460083, "231": 0.0003615543246269226, "232": 0.00035487115383148193, "233": 0.0004307478666305542, "234": 0.00035846978425979614, "235": 0.00035518407821655273, "236": 0.0003473535180091858, "237": 0.0003290995955467224, "238": 0.00037354230880737305, "239": 0.0003643035888671875, "240": 0.0003293231129646301, "241": 0.0003280043601989746, "242": 0.0003957897424697876, "243": 0.00031907111406326294, "244": 0.0003104209899902344, "245": 0.0003353506326675415, "246": 0.0003237426280975342, "247": 0.00032416731119155884, "248": 0.00028001517057418823, "249": 0.00024370849132537842, "250": 0.00023354589939117432, "251": 0.0002337247133255005, "252": 0.00023345649242401123, "253": 0.00023399293422698975, "254": 0.00022646784782409668, "255": 0.00021657347679138184, "256": 0.00031711161136627197, "257": 0.00021355599164962769, "258": 0.00021075457334518433, "259": 0.00020656734704971313, "260": 0.00019552558660507202, "261": 0.0002908781170845032, "262": 0.00019441545009613037, "263": 0.00018733739852905273, "264": 0.00018724054098129272, "265": 0.00027508288621902466, "266": 0.00018531829118728638, "267": 0.0001768171787261963, "268": 0.00017733126878738403, "269": 0.0001765117049217224, "270": 0.0001738220453262329,