{"0": 998.3068525791168, "1": 0.07579898834228516, "2": 0.0011813640594482422, "3": 0.159820556640625, "4": 0.04875856637954712, "5": 0.01825624704360962, "6": 0.012791723012924194, "7": 0.01058080792427063, "8": 0.009169012308120728, "9": 0.007946759462356567, "10": 0.007149755954742432, "11": 0.00641322135925293, "12": 0.0057582855224609375, "13": 0.00526013970375061, "14": 0.004746615886688232, "15": 0.004391193389892578, "16": 0.004105925559997559, "17": 0.0038189589977264404, "18": 0.003621518611907959, "19": 0.003414839506149292, "20": 0.003209024667739868, "21": 0.003056466579437256, "22": 0.0029140114784240723, "23": 0.0027438104152679443, "24": 0.002634406089782715, "25": 0.002528280019760132, "26": 0.0024028122425079346, "27": 0.0023022890090942383, "28": 0.002218008041381836, "29": 0.002125769853591919, "30": 0.0020444095134735107, "31": 0.0019607841968536377, "32": 0.001887500286102295, "33": 0.0018191635608673096, "34": 0.0017517805099487305, "35": 0.0016870498657226562, "36": 0.0016346871852874756, "37": 0.0015749037265777588, "38": 0.0015216469764709473, "39": 0.001476198434829712, "40": 0.0014282763004302979, "41": 0.0013835132122039795, "42": 0.0013392865657806396, "43": 0.0012978911399841309, "44": 0.0012539923191070557, "45": 0.0012290030717849731, "46": 0.0011971443891525269, "47": 0.0011645108461380005, "48": 0.001135319471359253, "49": 0.0011085420846939087, "50": 0.0010809451341629028, "51": 0.001055702567100525, "52": 0.0010281801223754883, "53": 0.0010042786598205566, "54": 0.0009777545928955078, "55": 0.0009670555591583252, "56": 0.0009457170963287354, "57": 0.0009285509586334229, "58": 0.0009060949087142944, "59": 0.0008868277072906494, "60": 0.000866815447807312, "61": 0.0008466541767120361, "62": 0.0008259862661361694, "63": 0.0008117556571960449, "64": 0.0007987767457962036, "65": 0.0007833242416381836, "66": 0.0007693171501159668, "67": 0.000753253698348999, "68": 0.0007372349500656128, "69": 0.0007223635911941528, "70": 0.0007068216800689697, "71": 0.0006914734840393066, "72": 0.0006781071424484253, "73": 0.0006671547889709473, "74": 0.000654369592666626, "75": 0.0006430447101593018, "76": 0.0006307810544967651, "77": 0.0006182640790939331, "78": 0.0006057471036911011, "79": 0.0005922615528106689, "80": 0.0005790591239929199, "81": 0.0005669295787811279, "82": 0.0005572140216827393, "83": 0.0005460530519485474, "84": 0.0005367398262023926, "85": 0.0005263239145278931, "86": 0.0005165338516235352, "87": 0.0005058497190475464, "88": 0.0004962682723999023, "89": 0.0004858672618865967, "90": 0.00047685205936431885, "91": 0.0004686415195465088, "92": 0.00046181678771972656, "93": 0.00045484304428100586, "94": 0.00044736266136169434, "95": 0.0004409700632095337, "96": 0.00043576955795288086, "97": 0.00043170154094696045, "98": 0.0004252791404724121, "99": 0.0004228651523590088, "100": 0.00041922926902770996, "101": 0.0004144906997680664, "102": 0.0004131495952606201, "103": 0.00041481852531433105, "104": 0.000418052077293396, "105": 0.0004205256700515747, "106": 0.0004417002201080322, "107": 0.0004723668098449707, "108": 0.0005323886871337891, "109": 0.0005993098020553589, "110": 0.0006787776947021484, "111": 0.0008078515529632568, "112": 0.0010413676500320435, "113": 0.0012001246213912964, "114": 0.0013742893934249878, "115": 0.0013920217752456665, "116": 0.0013668835163116455, "117": 0.001575961709022522, "118": 0.0011264979839324951, "119": 0.001223921775817871, "120": 0.0013042837381362915, "121": 0.0013187676668167114, "122": 0.0015644431114196777, "123": 0.0012576878070831299, "124": 0.0015182942152023315, "125": 0.0012335628271102905, "126": 0.001577720046043396, "127": 0.0010104179382324219, "128": 0.0014708936214447021, "129": 0.0010737180709838867, "130": 0.00119742751121521, "131": 0.0013740360736846924, "132": 0.0010339170694351196, "133": 0.0011177361011505127, "134": 0.0009596198797225952, "135": 0.0009366869926452637, "136": 0.0011972934007644653, "137": 0.0010427683591842651, "138": 0.0010700523853302002, "139": 0.0009728223085403442, "140": 0.0008329451084136963, "141": 0.001031637191772461, "142": 0.000933229923248291, "143": 0.0008462816476821899, "144": 0.0008080899715423584, "145": 0.0008616745471954346, "146": 0.0008006244897842407, "147": 0.0009093433618545532, "148": 0.000864371657371521, "149": 0.0009035319089889526, "150": 0.0009031891822814941, "151": 0.0007821619510650635, "152": 0.000711977481842041, "153": 0.0009045898914337158, "154": 0.0008107274770736694, "155": 0.0009195059537887573, "156": 0.0007532685995101929, "157": 0.0006667524576187134, "158": 0.0008159726858139038, "159": 0.0006584227085113525, "160": 0.000638812780380249, "161": 0.0008292496204376221, "162": 0.0006905347108840942, "163": 0.0006016641855239868, "164": 0.0006776750087738037, "165": 0.0006233900785446167, "166": 0.0006210952997207642, "167": 0.0006526410579681396, "168": 0.0005847960710525513, "169": 0.000673338770866394, "170": 0.00064048171043396, "171": 0.0006181448698043823, "172": 0.000656813383102417, "173": 0.0006472170352935791, "174": 0.0006008297204971313, "175": 0.0005869865417480469, "176": 0.0005756467580795288, "177": 0.0006157755851745605, "178": 0.000583842396736145, "179": 0.00048698484897613525, "180": 0.0005936175584793091, "181": 0.0005599260330200195, "182": 0.0005109310150146484, "183": 0.0005386620759963989, "184": 0.0005225241184234619, "185": 0.0005202442407608032, "186": 0.0006447881460189819, "187": 0.000497087836265564, "188": 0.0004279017448425293, "189": 0.0006506592035293579, "190": 0.00046144425868988037, "191": 0.00044479966163635254, "192": 0.0004722774028778076, "193": 0.00045809149742126465, "194": 0.0004527270793914795, "195": 0.00040400028228759766, "196": 0.00037986040115356445, "197": 0.0004082620143890381, "198": 0.0004512667655944824, "199": 0.00040033459663391113, "200": 0.00043682754039764404, "201": 0.0004058927297592163, "202": 0.00039321184158325195, "203": 0.00042779743671417236, "204": 0.00035947561264038086, "205": 0.00043369829654693604, "206": 0.0003662705421447754, "207": 0.00040443241596221924, "208": 0.0003887265920639038, "209": 0.0003822147846221924, "210": 0.0003707408905029297, "211": 0.00037151575088500977, "212": 0.0003527700901031494, "213": 0.000348895788192749, "214": 0.0003432929515838623, "215": 0.0003419741988182068, "216": 0.000327281653881073, "217": 0.00033548474311828613, "218": 0.0003849342465400696, "219": 0.0003442540764808655, "220": 0.00030259042978286743, "221": 0.0002636834979057312, "222": 0.00025801360607147217, "223": 0.0003260970115661621, "224": 0.0002625957131385803, "225": 0.00022711604833602905, "226": 0.00022999942302703857, "227": 0.0002403557300567627, "228": 0.0002353861927986145, "229": 0.0002169385552406311, "230": 0.00030431151390075684, "231": 0.000242576003074646, "232": 0.0002550855278968811, "233": 0.00022623687982559204, "234": 0.0002498999238014221, "235": 0.0002463608980178833, "236": 0.00021913647651672363, "237": 0.00019909441471099854, "238": 0.00020406395196914673, "239": 0.00021128356456756592, "240": 0.00020400434732437134, "241": 0.00020379573106765747, "242": 0.000185355544090271, "243": 0.00020118802785873413, "244": 0.00018126517534255981, "245": 0.00019370019435882568, "246": 0.00019282102584838867, "247": 0.00020931661128997803, "248": 0.000182420015335083, "249": 0.00015485286712646484, "250": 0.00015447288751602173, "251": 0.00015819817781448364, "252": 0.00014666467905044556, "253": 0.00015047937631607056, "254": 0.00015109777450561523, "255": 0.00014355778694152832, "256": 0.00015217065811157227, "257": 0.00015737861394882202, "258": 0.0001651868224143982, "259": 0.0001723840832710266, "260": 0.00014872848987579346, "261": 0.00011702626943588257, "262": 0.00012114644050598145, "263": 0.00011493265628814697, "264": 0.0001605302095413208, "265": 0.00016997754573822021, "266": 0.00011009722948074341, "267": 0.00010735541582107544, "268": 0.00011090189218521118, "269": 0.00010512024164199829,