{"0": 998.3068525791168, "1": 0.42027318477630615, "2": 0.00027948617935180664, "3": 0.09230957925319672, "4": 0.014933153986930847, "5": 0.006044909358024597, "6": 0.004910990595817566, "7": 0.00427323579788208, "8": 0.00367620587348938, "9": 0.0031759142875671387, "10": 0.0027040094137191772, "11": 0.0024190694093704224, "12": 0.0021364837884902954, "13": 0.001834079623222351, "14": 0.0016020387411117554, "15": 0.001509055495262146, "16": 0.001429721713066101, "17": 0.0013650357723236084, "18": 0.0012992769479751587, "19": 0.0012249350547790527, "20": 0.001164272427558899, "21": 0.0011023879051208496, "22": 0.0010540932416915894, "23": 0.0010012313723564148, "24": 0.0009585171937942505, "25": 0.0009249970316886902, "26": 0.000891372561454773, "27": 0.0008547976613044739, "28": 0.0008306056261062622, "29": 0.0007997900247573853, "30": 0.0007751360535621643, "31": 0.0007457062602043152, "32": 0.0007189437747001648, "33": 0.0006971955299377441, "34": 0.0006716400384902954, "35": 0.0006511658430099487, "36": 0.0006275475025177002, "37": 0.0006107240915298462, "38": 0.0005943328142166138, "39": 0.0005764812231063843, "40": 0.0005608424544334412, "41": 0.0005467012524604797, "42": 0.0005298107862472534, "43": 0.0005118250846862793, "44": 0.0004987865686416626, "45": 0.00048391520977020264, "46": 0.00047288835048675537, "47": 0.00045949965715408325, "48": 0.00045164674520492554, "49": 0.0004404336214065552, "50": 0.0004306286573410034, "51": 0.0004198029637336731, "52": 0.000409446656703949, "53": 0.0004001706838607788, "54": 0.000391639769077301, "55": 0.00038423389196395874, "56": 0.0003769323229789734, "57": 0.0003715008497238159, "58": 0.0003650858998298645, "59": 0.0003582090139389038, "60": 0.00035104900598526, "61": 0.00034611672163009644, "62": 0.0003414079546928406, "63": 0.0003367811441421509, "64": 0.00033355504274368286, "65": 0.0003311261534690857, "66": 0.00033286213874816895, "67": 0.00033435970544815063, "68": 0.0003366023302078247, "69": 0.00033808499574661255, "70": 0.0003392025828361511, "71": 0.0003387182950973511, "72": 0.00034092366695404053, "73": 0.00034433603286743164, "74": 0.00035043060779571533, "75": 0.0003559291362762451, "76": 0.00036866217851638794, "77": 0.0003826320171356201, "78": 0.0004033967852592468, "79": 0.00042676180601119995, "80": 0.0004537254571914673, "81": 0.00048104673624038696, "82": 0.0005201995372772217, "83": 0.0005762726068496704, "84": 0.0006332695484161377, "85": 0.0007025375962257385, "86": 0.0008289813995361328, "87": 0.0010417178273200989, "88": 0.0010871291160583496, "89": 0.0011955425143241882, "90": 0.0009029656648635864, "91": 0.0009750649333000183, "92": 0.0009813308715820312, "93": 0.001013435423374176, "94": 0.0009309276938438416, "95": 0.0009783580899238586, "96": 0.0008323267102241516, "97": 0.0010089874267578125, "98": 0.0007961839437484741, "99": 0.0009008049964904785, "100": 0.000852435827255249, "101": 0.0007549375295639038, "102": 0.000661507248878479, "103": 0.0006867572665214539, "104": 0.0005833432078361511, "105": 0.0006941258907318115, "106": 0.0006264448165893555, "107": 0.0006236955523490906, "108": 0.0005587637424468994, "109": 0.000639893114566803, "110": 0.000597342848777771, "111": 0.0005704611539840698, "112": 0.0005269050598144531, "113": 0.0005379170179367065, "114": 0.0005308091640472412, "115": 0.0004840269684791565, "116": 0.0004771575331687927, "117": 0.000466763973236084, "118": 0.0004625171422958374, "119": 0.00047300755977630615, "120": 0.0004428178071975708, "121": 0.00047294795513153076, "122": 0.00045558810234069824, "123": 0.00043426454067230225, "124": 0.0004281550645828247, "125": 0.0004158429801464081, "126": 0.0004018060863018036, "127": 0.00040584802627563477, "128": 0.00037253275513648987, "129": 0.00041161850094795227, "130": 0.00041047483682632446, "131": 0.0003920719027519226, "132": 0.0004080943763256073, "133": 0.0003755129873752594, "134": 0.00036941468715667725, "135": 0.0003843232989311218, "136": 0.00034643709659576416, "137": 0.00038968026638031006, "138": 0.0003651082515716553, "139": 0.00035125017166137695, "140": 0.00034572556614875793, "141": 0.0003475882112979889, "142": 0.00030775368213653564, "143": 0.0003414638340473175, "144": 0.0003563240170478821, "145": 0.00033540651202201843, "146": 0.0003315284848213196, "147": 0.000291578471660614, "148": 0.00032350048422813416, "149": 0.00033927708864212036, "150": 0.0003334730863571167, "151": 0.0003192238509654999, "152": 0.00028382614254951477, "153": 0.00026533380150794983, "154": 0.0002777203917503357, "155": 0.0002611912786960602, "156": 0.00024910643696784973, "157": 0.00027605146169662476, "158": 0.00025030598044395447, "159": 0.00022231414914131165, "160": 0.00026963651180267334, "161": 0.000271771103143692, "162": 0.00025070086121559143, "163": 0.00024253129959106445, "164": 0.0002427995204925537, "165": 0.000248003751039505, "166": 0.00022968649864196777, "167": 0.0002192966639995575, "168": 0.00024235248565673828, "169": 0.0002510249614715576, "170": 0.00022915005683898926, "171": 0.00024098902940750122, "172": 0.00024721771478652954, "173": 0.00024541839957237244, "174": 0.00022798776626586914, "175": 0.00023004040122032166, "176": 0.00020935013890266418, "177": 0.0002058856189250946, "178": 0.00023514032363891602, "179": 0.0002172216773033142, "180": 0.00023511424660682678, "181": 0.00023252889513969421, "182": 0.00019010528922080994, "183": 0.0002151578664779663, "184": 0.0001990795135498047, "185": 0.0001916736364364624, "186": 0.00017507746815681458, "187": 0.00018422678112983704, "188": 0.00018960610032081604, "189": 0.00016167759895324707, "190": 0.00015989691019058228, "191": 0.00016278773546218872, "192": 0.00017783790826797485, "193": 0.00017783790826797485, "194": 0.0001814812421798706, "195": 0.0001698620617389679, "196": 0.00017209351062774658, "197": 0.00013556703925132751, "198": 0.00016524642705917358, "199": 0.00017134100198745728, "200": 0.0001460053026676178, "201": 0.00015691295266151428, "202": 0.0001425035297870636, "203": 0.00016474351286888123, "204": 0.00014140456914901733, "205": 0.00014510750770568848, "206": 0.0001419559121131897, "207": 0.0001480206847190857, "208": 0.000140458345413208, "209": 0.0001441165804862976, "210": 0.00013069063425064087, "211": 0.0001332312822341919, "212": 0.00014344602823257446, "213": 0.0001478642225265503, "214": 0.00015353411436080933, "215": 0.0001479797065258026, "216": 0.00012825801968574524, "217": 0.00013457238674163818, "218": 0.00012531131505966187, "219": 0.0001188032329082489, "220": 0.00010969862341880798, "221": 0.00012185052037239075, "222": 9.757652878761292e-05, "223": 9.266287088394165e-05, "224": 0.00010373443365097046, "225": 0.00011604279279708862, "226": 0.0001187250018119812, "227": 0.00012949854135513306, "228": 0.00011641532182693481, "229": 0.0001209750771522522, "230": 0.00012961030006408691, "231": 0.00011417269706726074, "232": 0.00012111291289329529, "233": 0.0001323707401752472, "234": 0.00012819841504096985, "235": 0.00011780485510826111, "236": 0.00010117143392562866, "237": 9.219348430633545e-05, "238": 9.185820817947388e-05, "239": 7.060915231704712e-05, "240": 6.428360939025879e-05, "241": 6.283819675445557e-05, "242": 6.312131881713867e-05, "243": 6.392598152160645e-05, "244": 6.255507469177246e-05, "245": 5.889683961868286e-05, "246": 7.559359073638916e-05, "247": 4.9564987421035767e-05, "248": 7.123872637748718e-05, "249": 6.503984332084656e-05, "250": 7.285550236701965e-05, "251": 8.880347013473511e-05, "252": 7.18533992767334e-05, "253": 6.373226642608643e-05, "254": 6.659328937530518e-05, "255": 6.457045674324036e-05, "256": 6.000325083732605e-05, "257": 6.284564733505249e-05, "258": 4.77619469165802e-05, "259": 5.405023694038391e-05, "260": 5.1237642765045166e-05, "261": 6.748735904693604e-05, "262": 3.3099204301834106e-05, "263": 3.6600977182388306e-05, "264": 4.079192876815796e-05, "265": 4.351884126663208e-05, "266": 3.551691770553589e-05, "267": 5.027651786804199e-05,