{"0": 0.6931474208831787, "1": 0.3345152735710144, "2": 0.33404576778411865, "3": 0.2153860628604889, "4": 0.20149779319763184, "5": 0.1956309974193573, "6": 0.19088035821914673, "7": 0.18681006133556366, "8": 0.18331629037857056, "9": 0.18030045926570892, "10": 0.17768226563930511, "11": 0.1753871738910675, "12": 0.1733272671699524, "13": 0.17158350348472595, "14": 0.17005029320716858, "15": 0.16860024631023407, "16": 0.16721832752227783, "17": 0.16590207815170288, "18": 0.16465763747692108, "19": 0.16348005831241608, "20": 0.16237100958824158, "21": 0.16133809089660645, "22": 0.16035641729831696, "23": 0.15941599011421204, "24": 0.1585119664669037, "25": 0.1576365828514099, "26": 0.1567939817905426, "27": 0.15599070489406586, "28": 0.15522299706935883, "29": 0.15448489785194397, "30": 0.15378090739250183, "31": 0.1531030684709549, "32": 0.1524503082036972, "33": 0.15181884169578552, "34": 0.15121009945869446, "35": 0.15062016248703003, "36": 0.15005166828632355, "37": 0.14950144290924072, "38": 0.1489703506231308, "39": 0.14845700562000275, "40": 0.14795856177806854, "41": 0.14747564494609833, "42": 0.14701047539710999, "43": 0.14655505120754242, "44": 0.1461159884929657, "45": 0.14568951725959778, "46": 0.14527501165866852, "47": 0.14487165212631226, "48": 0.144477978348732, "49": 0.144093319773674, "50": 0.14371690154075623, "51": 0.14334936439990997, "52": 0.14299137890338898, "53": 0.14263944327831268, "54": 0.1422976404428482, "55": 0.14196406304836273, "56": 0.1416349858045578, "57": 0.14131230115890503, "58": 0.14099520444869995, "59": 0.14068439602851868, "60": 0.14037911593914032, "61": 0.1400790959596634, "62": 0.13978470861911774, "63": 0.13949653506278992, "64": 0.1392119824886322, "65": 0.1389314979314804, "66": 0.13865654170513153, "67": 0.13838715851306915, "68": 0.1381213515996933, "69": 0.13785703480243683, "70": 0.13759823143482208, "71": 0.13734400272369385, "72": 0.1370917558670044, "73": 0.1368439793586731, "74": 0.1366005837917328, "75": 0.13636095821857452, "76": 0.13612423837184906, "77": 0.13588958978652954, "78": 0.1356573849916458, "79": 0.13542965054512024, "80": 0.13520322740077972, "81": 0.13497842848300934, "82": 0.1347559690475464, "83": 0.134536013007164, "84": 0.134317547082901, "85": 0.13410338759422302, "86": 0.13389195501804352, "87": 0.13368408381938934, "88": 0.13347823917865753, "89": 0.13327333331108093, "90": 0.1330690085887909, "91": 0.132864847779274, "92": 0.13266122341156006, "93": 0.1324576735496521, "94": 0.13225464522838593, "95": 0.13205070793628693, "96": 0.13184987008571625, "97": 0.1316501349210739, "98": 0.1314484030008316, "99": 0.13124574720859528, "100": 0.13104015588760376, "101": 0.1308353692293167, "102": 0.1306312531232834, "103": 0.13042214512825012, "104": 0.1302037239074707, "105": 0.1299809068441391, "106": 0.129738911986351, "107": 0.12947119772434235, "108": 0.12916800379753113, "109": 0.1288265883922577, "110": 0.12841810286045074, "111": 0.1278633326292038, "112": 0.1272684633731842, "113": 0.1266074776649475, "114": 0.12593267858028412, "115": 0.12515270709991455, "116": 0.12440361827611923, "117": 0.12368305772542953, "118": 0.12286505848169327, "119": 0.1221778392791748, "120": 0.12140946090221405, "121": 0.1207527294754982, "122": 0.11991195380687714, "123": 0.11918042600154877, "124": 0.11828229576349258, "125": 0.11758021265268326, "126": 0.11671937257051468, "127": 0.11604174971580505, "128": 0.11520543694496155, "129": 0.11438295990228653, "130": 0.11366616934537888, "131": 0.11298320442438126, "132": 0.11210908740758896, "133": 0.11138271540403366, "134": 0.11055824160575867, "135": 0.10984144359827042, "136": 0.10911933332681656, "137": 0.10838066786527634, "138": 0.10764453560113907, "139": 0.1068635955452919, "140": 0.1060502678155899, "141": 0.10519060492515564, "142": 0.10457966476678848, "143": 0.10374259203672409, "144": 0.10309423506259918, "145": 0.10239222645759583, "146": 0.10160824656486511, "147": 0.1009208932518959, "148": 0.10021942108869553, "149": 0.09947142750024796, "150": 0.09880311787128448, "151": 0.09800270944833755, "152": 0.09736251085996628, "153": 0.09683573246002197, "154": 0.09630277007818222, "155": 0.0957644134759903, "156": 0.09522280842065811, "157": 0.094640351831913, "158": 0.09407422691583633, "159": 0.09331133216619492, "160": 0.09275002777576447, "161": 0.09210077673196793, "162": 0.09131962805986404, "163": 0.09063281118869781, "164": 0.09010857343673706, "165": 0.08959893882274628, "166": 0.08895480632781982, "167": 0.08849798142910004, "168": 0.08807970583438873, "169": 0.08765406906604767, "170": 0.08724993467330933, "171": 0.08678554743528366, "172": 0.08639746159315109, "173": 0.08597975224256516, "174": 0.08545014262199402, "175": 0.08492694795131683, "176": 0.08451737463474274, "177": 0.08400062471628189, "178": 0.0835399180650711, "179": 0.08313504606485367, "180": 0.08271823823451996, "181": 0.08221212029457092, "182": 0.08177179843187332, "183": 0.08134391903877258, "184": 0.08089535683393478, "185": 0.08047366142272949, "186": 0.08007967472076416, "187": 0.07968680560588837, "188": 0.07919038832187653, "189": 0.07885714620351791, "190": 0.0785897821187973, "191": 0.07832718640565872, "192": 0.07807592302560806, "193": 0.07763656228780746, "194": 0.07739086449146271, "195": 0.07715021073818207, "196": 0.07690969109535217, "197": 0.07661597430706024, "198": 0.07638336718082428, "199": 0.07615206390619278, "200": 0.07581508159637451, "201": 0.0755813717842102, "202": 0.07535777240991592, "203": 0.07513903081417084, "204": 0.07493112236261368, "205": 0.0747065320611, "206": 0.07450834661722183, "207": 0.07430005073547363, "208": 0.07409585267305374, "209": 0.0738791972398758, "210": 0.07363726198673248, "211": 0.07340307533740997, "212": 0.07321043312549591, "213": 0.07296815514564514, "214": 0.07266838103532791, "215": 0.07241803407669067, "216": 0.07218103110790253, "217": 0.07191937416791916, "218": 0.07168764621019363, "219": 0.07146310806274414, "220": 0.07126127183437347, "221": 0.07104954123497009, "222": 0.0708140879869461, "223": 0.07064040005207062, "224": 0.0704721212387085, "225": 0.07031392306089401, "226": 0.07015236467123032, "227": 0.06999079883098602, "228": 0.06980140507221222, "229": 0.0696587860584259, "230": 0.06951559334993362, "231": 0.06937342882156372, "232": 0.06924265623092651, "233": 0.0691247209906578, "234": 0.06898118555545807, "235": 0.0688638836145401, "236": 0.06874877214431763, "237": 0.06861847639083862, "238": 0.06851162016391754, "239": 0.06840738654136658, "240": 0.06823654472827911, "241": 0.06813493371009827, "242": 0.06803561747074127, "243": 0.06792185455560684, "244": 0.06782583147287369, "245": 0.06772759556770325, "246": 0.06756573915481567, "247": 0.0674617737531662, "248": 0.06737038493156433, "249": 0.06727904081344604, "250": 0.06719055771827698, "251": 0.06709719449281693, "252": 0.0670061782002449, "253": 0.06685009598731995, "254": 0.06675152480602264, "255": 0.06666763126850128, "256": 0.06658409535884857, "257": 0.06650225073099136, "258": 0.06642206013202667, "259": 0.06634058058261871, "260": 0.06616413593292236, "261": 0.06607804447412491, "262": 0.06599629670381546, "263": 0.06591348350048065, "264": 0.0658319741487503, "265": 0.06575287878513336, "266": 0.06567607820034027, "267": 0.06560264527797699, "268": 0.06552965939044952, "269": 0.06546348333358765, "270": 0.06539865583181381, "271": 0.06533798575401306, "272": 0.06528221815824509, "273": 0.06522466242313385, "274": 0.06516708433628082, "275": 0.06511145830154419, "276": 0.06505844742059708, "277": 0.06500651687383652, "278": 0.06495736539363861, "279": 0.06491062790155411, "280": 0.0648617148399353, "281": 0.06481720507144928, "282": 0.06477220356464386, "283": 0.06472567468881607, "284": 0.06468197703361511, "285": 0.06463313847780228, "286": 0.06458991765975952, "287": 0.06454619765281677, "288": 0.0644993782043457, "289": 0.06446226686239243, "290": 0.06442452222108841, "291": 0.0643872618675232,