{"0": 998.3068525791168, "1": 0.3586321473121643, "2": 0.00046950578689575195, "3": 0.11865970492362976, "4": 0.013888269662857056, "5": 0.005866795778274536, "6": 0.004750639200210571, "7": 0.004070296883583069, "8": 0.003493770956993103, "9": 0.0030158311128616333, "10": 0.0026181936264038086, "11": 0.00229509174823761, "12": 0.0020599067211151123, "13": 0.0017437636852264404, "14": 0.001533210277557373, "15": 0.0014500468969345093, "16": 0.0013819187879562378, "17": 0.0013162493705749512, "18": 0.0012444406747817993, "19": 0.0011775791645050049, "20": 0.0011090487241744995, "21": 0.0010329186916351318, "22": 0.0009816735982894897, "23": 0.0009404271841049194, "24": 0.0009040236473083496, "25": 0.0008753836154937744, "26": 0.0008426010608673096, "27": 0.0008032768964767456, "28": 0.0007677078247070312, "29": 0.000738099217414856, "30": 0.0007039904594421387, "31": 0.000677838921546936, "32": 0.0006527602672576904, "33": 0.0006314665079116821, "34": 0.0006087422370910645, "35": 0.0005899369716644287, "36": 0.0005684942007064819, "37": 0.0005502253770828247, "38": 0.0005310922861099243, "39": 0.0005133450031280518, "40": 0.0004984438419342041, "41": 0.00048291683197021484, "42": 0.0004651695489883423, "43": 0.0004554241895675659, "44": 0.0004390627145767212, "45": 0.0004264712333679199, "46": 0.00041450560092926025, "47": 0.0004033595323562622, "48": 0.00039367377758026123, "49": 0.0003846585750579834, "50": 0.00037641823291778564, "51": 0.00036753714084625244, "52": 0.0003579854965209961, "53": 0.00035193562507629395, "54": 0.00034180283546447754, "55": 0.00033357739448547363, "56": 0.00032907724380493164, "57": 0.000322684645652771, "58": 0.0003170967102050781, "59": 0.0003108084201812744, "60": 0.00030528008937835693, "61": 0.0003000199794769287, "62": 0.0002943873405456543, "63": 0.0002881735563278198, "64": 0.00028455257415771484, "65": 0.00028048455715179443, "66": 0.00027495622634887695, "67": 0.00026938319206237793, "68": 0.0002658069133758545, "69": 0.0002643167972564697, "70": 0.0002588033676147461, "71": 0.00025422871112823486, "72": 0.0002522468566894531, "73": 0.00024777650833129883, "74": 0.00024339556694030762, "75": 0.00023962557315826416, "76": 0.00023671984672546387, "77": 0.00023464858531951904, "78": 0.00023220479488372803, "79": 0.00022773444652557373, "80": 0.00022642314434051514, "81": 0.00022479891777038574, "82": 0.00022245943546295166, "83": 0.00021995604038238525, "84": 0.0002184659242630005, "85": 0.00021415948867797852, "86": 0.0002114325761795044, "87": 0.0002078711986541748, "88": 0.00020584464073181152, "89": 0.00020490586757659912, "90": 0.00020432472229003906, "91": 0.00020416080951690674, "92": 0.00020362436771392822, "93": 0.00020354986190795898, "94": 0.00020302832126617432, "95": 0.00020393729209899902, "96": 0.0002008378505706787, "97": 0.00019973516464233398, "98": 0.00020173192024230957, "99": 0.00020265579223632812, "100": 0.0002055913209915161, "101": 0.00020478665828704834, "102": 0.0002041161060333252, "103": 0.00020910799503326416, "104": 0.00021842122077941895, "105": 0.000222817063331604, "106": 0.00024199485778808594, "107": 0.000267714262008667, "108": 0.00030319392681121826, "109": 0.0003414154052734375, "110": 0.0004084855318069458, "111": 0.0005547702312469482, "112": 0.0005948692560195923, "113": 0.0006609857082366943, "114": 0.0006747990846633911, "115": 0.0007799714803695679, "116": 0.0007490888237953186, "117": 0.0007205605506896973, "118": 0.0008179992437362671, "119": 0.0006872192025184631, "120": 0.0007683783769607544, "121": 0.0006567314267158508, "122": 0.0008407756686210632, "123": 0.0007315278053283691, "124": 0.0008981302380561829, "125": 0.0007020831108093262, "126": 0.0008608400821685791, "127": 0.0006776228547096252, "128": 0.0008363127708435059, "129": 0.0008224770426750183, "130": 0.0007167905569076538, "131": 0.0006829649209976196, "132": 0.0008741170167922974, "133": 0.0007263720035552979, "134": 0.0008244737982749939, "135": 0.0007167980074882507, "136": 0.0007221102714538574, "137": 0.0007386654615402222, "138": 0.0007361322641372681, "139": 0.000780940055847168, "140": 0.0008133277297019958, "141": 0.0008596628904342651, "142": 0.000610940158367157, "143": 0.0008370727300643921, "144": 0.0006483569741249084, "145": 0.0007020086050033569, "146": 0.0007839798927307129, "147": 0.0006873533129692078, "148": 0.0007014721632003784, "149": 0.0007479935884475708, "150": 0.0006683096289634705, "151": 0.0008004084229469299, "152": 0.0006401985883712769, "153": 0.0005267783999443054, "154": 0.0005329623818397522, "155": 0.000538356602191925, "156": 0.0005416050553321838, "157": 0.0005824565887451172, "158": 0.0005661249160766602, "159": 0.0007628947496414185, "160": 0.0005613043904304504, "161": 0.0006492510437965393, "162": 0.0007811486721038818, "163": 0.0006868168711662292, "164": 0.0005242377519607544, "165": 0.0005096346139907837, "166": 0.0006441324949264526, "167": 0.0004568248987197876, "168": 0.0004182755947113037, "169": 0.00042563676834106445, "170": 0.0004041343927383423, "171": 0.0004643872380256653, "172": 0.00038808584213256836, "173": 0.0004177093505859375, "174": 0.0005296096205711365, "175": 0.0005231946706771851, "176": 0.0004095733165740967, "177": 0.000516749918460846, "178": 0.0004607066512107849, "179": 0.00040487200021743774, "180": 0.0004168078303337097, "181": 0.0005061179399490356, "182": 0.0004403218626976013, "183": 0.0004278793931007385, "184": 0.00044856220483779907, "185": 0.00042169541120529175, "186": 0.00039398670196533203, "187": 0.00039286911487579346, "188": 0.0004964172840118408, "189": 0.00033324211835861206, "190": 0.00026736408472061157, "191": 0.0002625957131385803, "192": 0.0002512633800506592, "193": 0.00043936073780059814, "194": 0.0002456977963447571, "195": 0.00024065375328063965, "196": 0.00024051964282989502, "197": 0.00029371678829193115, "198": 0.00023260712623596191, "199": 0.00023130327463150024, "200": 0.0003369823098182678, "201": 0.00023370981216430664, "202": 0.000223599374294281, "203": 0.00021874159574508667, "204": 0.00020790845155715942, "205": 0.00022459030151367188, "206": 0.00019818544387817383, "207": 0.00020829588174819946, "208": 0.00020419806241989136, "209": 0.000216655433177948, "210": 0.00024193525314331055, "211": 0.00023418664932250977, "212": 0.0001926422119140625, "213": 0.00024227797985076904, "214": 0.0002997741103172302, "215": 0.00025034695863723755, "216": 0.00023700296878814697, "217": 0.0002616569399833679, "218": 0.0002317279577255249, "219": 0.0002245381474494934, "220": 0.0002018362283706665, "221": 0.00021173059940338135, "222": 0.00023545324802398682, "223": 0.00017368793487548828, "224": 0.00016827881336212158, "225": 0.00015819817781448364, "226": 0.0001615583896636963, "227": 0.0001615658402442932, "228": 0.0001893937587738037, "229": 0.00014261901378631592, "230": 0.00014319270849227905, "231": 0.00014216452836990356, "232": 0.00013077259063720703, "233": 0.00011793524026870728, "234": 0.00014353543519973755, "235": 0.00011730194091796875, "236": 0.00011511147022247314, "237": 0.0001302957534790039, "238": 0.00010685622692108154, "239": 0.00010423362255096436, "240": 0.00017084181308746338, "241": 0.00010161101818084717, "242": 9.931623935699463e-05, "243": 0.00011376291513442993, "244": 9.60230827331543e-05, "245": 9.823590517044067e-05, "246": 0.00016185641288757324, "247": 0.0001039654016494751, "248": 9.138882160186768e-05, "249": 9.134411811828613e-05, "250": 8.848309516906738e-05, "251": 9.336322546005249e-05, "252": 9.101629257202148e-05, "253": 0.00015608221292495728, "254": 9.857118129730225e-05, "255": 8.38935375213623e-05, "256": 8.353590965270996e-05, "257": 8.184462785720825e-05, "258": 8.019059896469116e-05, "259": 8.147954940795898e-05, "260": 0.0001764446496963501, "261": 8.609145879745483e-05, "262": 8.174777030944824e-05, "263": 8.281320333480835e-05, "264": 8.150935173034668e-05, "265": 7.909536361694336e-05, "266": 7.680058479309082e-05, "267": 7.343292236328125e-05,