{"0": 0.6931474208831787, "1": 0.3278796672821045, "2": 0.3272523581981659, "3": 0.18971525132656097, "4": 0.1797502040863037, "5": 0.17444178462028503, "6": 0.170040100812912, "7": 0.16636718809604645, "8": 0.16338075697422028, "9": 0.16086718440055847, "10": 0.15868504345417023, "11": 0.15678058564662933, "12": 0.1550772339105606, "13": 0.1538078635931015, "14": 0.15272876620292664, "15": 0.15171712636947632, "16": 0.15074899792671204, "17": 0.14983662962913513, "18": 0.1489645391702652, "19": 0.1481291800737381, "20": 0.1473308503627777, "21": 0.14658579230308533, "22": 0.14588208496570587, "23": 0.14520888030529022, "24": 0.1445699781179428, "25": 0.14395278692245483, "26": 0.14336687326431274, "27": 0.1427980661392212, "28": 0.14225338399410248, "29": 0.1417454183101654, "30": 0.14125770330429077, "31": 0.14078471064567566, "32": 0.14032654464244843, "33": 0.13988052308559418, "34": 0.13944192230701447, "35": 0.13902273774147034, "36": 0.13861849904060364, "37": 0.13822436332702637, "38": 0.13784563541412354, "39": 0.1374775618314743, "40": 0.13711519539356232, "41": 0.13676123321056366, "42": 0.13642387092113495, "43": 0.13608364760875702, "44": 0.13575604557991028, "45": 0.13543716073036194, "46": 0.13512855768203735, "47": 0.13482345640659332, "48": 0.13452818989753723, "49": 0.1342363804578781, "50": 0.13395226001739502, "51": 0.1336754560470581, "52": 0.1334032416343689, "53": 0.13313449919223785, "54": 0.13287323713302612, "55": 0.13261371850967407, "56": 0.13236509263515472, "57": 0.13211730122566223, "58": 0.13187631964683533, "59": 0.1316438615322113, "60": 0.13141900300979614, "61": 0.13119734823703766, "62": 0.13097545504570007, "63": 0.13075661659240723, "64": 0.1305396407842636, "65": 0.13032397627830505, "66": 0.1301071047782898, "67": 0.1298922300338745, "68": 0.12968070805072784, "69": 0.12947498261928558, "70": 0.1292668730020523, "71": 0.12905967235565186, "72": 0.1288573145866394, "73": 0.12865525484085083, "74": 0.12845517694950104, "75": 0.12825407087802887, "76": 0.12805087864398956, "77": 0.1278466135263443, "78": 0.1276429146528244, "79": 0.12743811309337616, "80": 0.12723611295223236, "81": 0.12703582644462585, "82": 0.12683622539043427, "83": 0.12663191556930542, "84": 0.12642203271389008, "85": 0.12620404362678528, "86": 0.12598377466201782, "87": 0.12576541304588318, "88": 0.12553463876247406, "89": 0.12529747188091278, "90": 0.1250566691160202, "91": 0.12480428069829941, "92": 0.12454184889793396, "93": 0.12426678836345673, "94": 0.12397715449333191, "95": 0.12366883456707001, "96": 0.12333397567272186, "97": 0.12294638156890869, "98": 0.12249928712844849, "99": 0.12199486792087555, "100": 0.12140462547540665, "101": 0.12065430730581284, "102": 0.11965316534042358, "103": 0.11888043582439423, "104": 0.11781163513660431, "105": 0.11685988306999207, "106": 0.11596482247114182, "107": 0.11499154567718506, "108": 0.11414244025945663, "109": 0.11325561255216599, "110": 0.11250223219394684, "111": 0.1116870865225792, "112": 0.11097630113363266, "113": 0.11011108756065369, "114": 0.1093677505850792, "115": 0.1086706817150116, "116": 0.10795343667268753, "117": 0.10726606845855713, "118": 0.10659231245517731, "119": 0.10598870366811752, "120": 0.10534637421369553, "121": 0.10472329705953598, "122": 0.10413488745689392, "123": 0.10359211266040802, "124": 0.1029110699892044, "125": 0.10218795388936996, "126": 0.10161663591861725, "127": 0.10106949508190155, "128": 0.10052291303873062, "129": 0.09984749555587769, "130": 0.0993180125951767, "131": 0.0987875759601593, "132": 0.09831041842699051, "133": 0.09778810292482376, "134": 0.09733383357524872, "135": 0.09690791368484497, "136": 0.09634117037057877, "137": 0.09576408565044403, "138": 0.09528382867574692, "139": 0.09487219154834747, "140": 0.09431684762239456, "141": 0.0938216894865036, "142": 0.09338941425085068, "143": 0.09296997636556625, "144": 0.09257606416940689, "145": 0.09216128289699554, "146": 0.09176663309335709, "147": 0.09138806164264679, "148": 0.09093131124973297, "149": 0.09054812788963318, "150": 0.09018073230981827, "151": 0.08980011940002441, "152": 0.08940405398607254, "153": 0.08903418481349945, "154": 0.08867284655570984, "155": 0.08831581473350525, "156": 0.08794089406728745, "157": 0.08757934719324112, "158": 0.08725948631763458, "159": 0.08686374872922897, "160": 0.0865175873041153, "161": 0.08620201796293259, "162": 0.08579389750957489, "163": 0.08540591597557068, "164": 0.08500538766384125, "165": 0.0846746489405632, "166": 0.08435294032096863, "167": 0.0840211808681488, "168": 0.08373705297708511, "169": 0.0834428071975708, "170": 0.08318446576595306, "171": 0.08294443786144257, "172": 0.08270890265703201, "173": 0.08236881345510483, "174": 0.08213606476783752, "175": 0.0819084644317627, "176": 0.08168050646781921, "177": 0.08144356310367584, "178": 0.08121505379676819, "179": 0.0809536725282669, "180": 0.08072808384895325, "181": 0.08049808442592621, "182": 0.08024636656045914, "183": 0.07993758469820023, "184": 0.07966545969247818, "185": 0.07945500314235687, "186": 0.07916262745857239, "187": 0.07894669473171234, "188": 0.07871218770742416, "189": 0.07848037034273148, "190": 0.07822365313768387, "191": 0.07798139750957489, "192": 0.07782058417797089, "193": 0.07764727622270584, "194": 0.07741716504096985, "195": 0.07719869911670685, "196": 0.07701313495635986, "197": 0.07680366933345795, "198": 0.07658148556947708, "199": 0.07640141248703003, "200": 0.07620969414710999, "201": 0.07598520815372467, "202": 0.07575687766075134, "203": 0.07556609064340591, "204": 0.0753612071275711, "205": 0.0751921534538269, "206": 0.0750235766172409, "207": 0.07485315203666687, "208": 0.07463711500167847, "209": 0.0744919702410698, "210": 0.07430116832256317, "211": 0.07412955164909363, "212": 0.07398856431245804, "213": 0.07385428249835968, "214": 0.07372535765171051, "215": 0.07357747852802277, "216": 0.0734293982386589, "217": 0.0732804536819458, "218": 0.07316888868808746, "219": 0.07304954528808594, "220": 0.07294303923845291, "221": 0.07280822098255157, "222": 0.07263050228357315, "223": 0.07251832634210587, "224": 0.0723978579044342, "225": 0.07223865389823914, "226": 0.07207624614238739, "227": 0.0719510018825531, "228": 0.07181030511856079, "229": 0.07169169187545776, "230": 0.07158166170120239, "231": 0.07147647440433502, "232": 0.07137138396501541, "233": 0.07120294123888016, "234": 0.07111747562885284, "235": 0.07102571427822113, "236": 0.07093773782253265, "237": 0.07086125016212463, "238": 0.07078348100185394, "239": 0.07070598006248474, "240": 0.07062681019306183, "241": 0.0705537348985672, "242": 0.07048381865024567, "243": 0.0703713446855545, "244": 0.07030230760574341, "245": 0.07023178786039352, "246": 0.07016120851039886, "247": 0.07008744776248932, "248": 0.0700119361281395, "249": 0.06994301080703735, "250": 0.06987270712852478, "251": 0.06977937370538712, "252": 0.0697147324681282, "253": 0.06964989006519318, "254": 0.06958359479904175, "255": 0.06949768215417862, "256": 0.06944099813699722, "257": 0.06937962025403976, "258": 0.06932802498340607, "259": 0.06925889849662781, "260": 0.06919395923614502, "261": 0.06912242621183395, "262": 0.06907220184803009, "263": 0.06902442872524261, "264": 0.06898094713687897, "265": 0.06893324106931686, "266": 0.06889842450618744, "267": 0.06886374950408936, "268": 0.06882712244987488, "269": 0.06879164278507233, "270": 0.0687648132443428, "271": 0.0687388926744461, "272": 0.06871311366558075, "273": 0.06869139522314072, "274": 0.06867138296365738, "275": 0.068651482462883, "276": 0.06863095611333847, "277": 0.06860944628715515, "278": 0.06858931481838226, "279": 0.0685701072216034, "280": 0.06855207681655884, "281": 0.06853671371936798, "282": 0.0685231164097786, "283": 0.0685090571641922, "284": 0.06848424673080444, "285": 0.06846670061349869, "286": 0.06844097375869751, "287": 0.068422332406044, "288": 0.0684008002281189, "289": 0.06837967038154602, "290": 0.06835994869470596,