{"0": 998.3068525791168, "1": 0.3652677536010742, "2": 0.0006273090839385986, "3": 0.13753710687160492, "4": 0.009965047240257263, "5": 0.005308419466018677, "6": 0.004401683807373047, "7": 0.0036729127168655396, "8": 0.002986431121826172, "9": 0.002513572573661804, "10": 0.0021821409463882446, "11": 0.0019044578075408936, "12": 0.0017033517360687256, "13": 0.0012693703174591064, "14": 0.0010790973901748657, "15": 0.0010116398334503174, "16": 0.0009681284427642822, "17": 0.0009123682975769043, "18": 0.0008720904588699341, "19": 0.0008353590965270996, "20": 0.0007983297109603882, "21": 0.0007450580596923828, "22": 0.0007037073373794556, "23": 0.0006732046604156494, "24": 0.0006389021873474121, "25": 0.0006171911954879761, "26": 0.0005859136581420898, "27": 0.0005688071250915527, "28": 0.0005446821451187134, "29": 0.0005079656839370728, "30": 0.0004877150058746338, "31": 0.0004729926586151123, "32": 0.0004581660032272339, "33": 0.00044602155685424805, "34": 0.0004386007785797119, "35": 0.0004191845655441284, "36": 0.0004042387008666992, "37": 0.0003941357135772705, "38": 0.00037872791290283203, "39": 0.00036807358264923096, "40": 0.0003623664379119873, "41": 0.0003539621829986572, "42": 0.00033736228942871094, "43": 0.0003402233123779297, "44": 0.0003276020288467407, "45": 0.00031888484954833984, "46": 0.00030860304832458496, "47": 0.00030510127544403076, "48": 0.0002952665090560913, "49": 0.00029180943965911865, "50": 0.00028412044048309326, "51": 0.00027680397033691406, "52": 0.000272214412689209, "53": 0.0002687424421310425, "54": 0.00026126205921173096, "55": 0.0002595186233520508, "56": 0.00024862587451934814, "57": 0.0002477914094924927, "58": 0.0002409815788269043, "59": 0.00023245811462402344, "60": 0.00022485852241516113, "61": 0.0002216547727584839, "62": 0.00022189319133758545, "63": 0.00021883845329284668, "64": 0.00021697580814361572, "65": 0.00021566450595855713, "66": 0.0002168715000152588, "67": 0.0002148747444152832, "68": 0.00021152198314666748, "69": 0.00020572543144226074, "70": 0.00020810961723327637, "71": 0.00020720064640045166, "72": 0.00020235776901245117, "73": 0.00020205974578857422, "74": 0.00020007789134979248, "75": 0.00020110607147216797, "76": 0.00020319223403930664, "77": 0.00020426511764526367, "78": 0.00020369887351989746, "79": 0.0002048015594482422, "80": 0.00020200014114379883, "81": 0.00020028650760650635, "82": 0.00019960105419158936, "83": 0.00020430982112884521, "84": 0.00020988285541534424, "85": 0.00021798908710479736, "86": 0.00022026896476745605, "87": 0.00021836161613464355, "88": 0.00023077428340911865, "89": 0.0002371668815612793, "90": 0.00024080276489257812, "91": 0.0002523884177207947, "92": 0.000262431800365448, "93": 0.0002750605344772339, "94": 0.0002896338701248169, "95": 0.00030831992626190186, "96": 0.00033485889434814453, "97": 0.0003875941038131714, "98": 0.0004470944404602051, "99": 0.000504419207572937, "100": 0.0005902424454689026, "101": 0.000750318169593811, "102": 0.0010011419653892517, "103": 0.0007727295160293579, "104": 0.001068800687789917, "105": 0.0009517520666122437, "106": 0.0008950605988502502, "107": 0.0009732767939567566, "108": 0.0008491054177284241, "109": 0.0008868277072906494, "110": 0.0007533803582191467, "111": 0.0008151456713676453, "112": 0.0007107853889465332, "113": 0.0008652135729789734, "114": 0.0007433369755744934, "115": 0.0006970688700675964, "116": 0.0007172450423240662, "117": 0.0006873682141304016, "118": 0.0006737560033798218, "119": 0.0006036087870597839, "120": 0.0006423294544219971, "121": 0.0006230771541595459, "122": 0.0005884096026420593, "123": 0.0005427747964859009, "124": 0.0006810426712036133, "125": 0.0007231160998344421, "126": 0.0005713179707527161, "127": 0.0005471408367156982, "128": 0.000546582043170929, "129": 0.0006754174828529358, "130": 0.0005294829607009888, "131": 0.000530436635017395, "132": 0.0004771575331687927, "133": 0.000522315502166748, "134": 0.0004542693495750427, "135": 0.00042591989040374756, "136": 0.0005667433142662048, "137": 0.0005770847201347351, "138": 0.00048025697469711304, "139": 0.0004116371273994446, "140": 0.0005553439259529114, "141": 0.0004951581358909607, "142": 0.0004322752356529236, "143": 0.00041943788528442383, "144": 0.0003939121961593628, "145": 0.00041478127241134644, "146": 0.00039464980363845825, "147": 0.00037857145071029663, "148": 0.00045675039291381836, "149": 0.0003831833600997925, "150": 0.0003673955798149109, "151": 0.00038061290979385376, "152": 0.0003960654139518738, "153": 0.0003698691725730896, "154": 0.0003613382577896118, "155": 0.00035703182220458984, "156": 0.00037492066621780396, "157": 0.0003615468740463257, "158": 0.00031986087560653687, "159": 0.00039573758840560913, "160": 0.000346161425113678, "161": 0.00031556934118270874, "162": 0.00040812045335769653, "163": 0.0003879815340042114, "164": 0.00040052831172943115, "165": 0.00033073872327804565, "166": 0.000321708619594574, "167": 0.0003317594528198242, "168": 0.0002841278910636902, "169": 0.00029424577951431274, "170": 0.0002583414316177368, "171": 0.00024002790451049805, "172": 0.00023553520441055298, "173": 0.00034008920192718506, "174": 0.00023274868726730347, "175": 0.0002276003360748291, "176": 0.00022795796394348145, "177": 0.00023694336414337158, "178": 0.0002285093069076538, "179": 0.00026138126850128174, "180": 0.00022558867931365967, "181": 0.00022999942302703857, "182": 0.00025171786546707153, "183": 0.00030878186225891113, "184": 0.0002721250057220459, "185": 0.00021045655012130737, "186": 0.00029237568378448486, "187": 0.0002159327268600464, "188": 0.0002345070242881775, "189": 0.000231817364692688, "190": 0.0002567172050476074, "191": 0.00024225562810897827, "192": 0.0001608133316040039, "193": 0.00017330795526504517, "194": 0.00023011118173599243, "195": 0.0002184659242630005, "196": 0.00018556416034698486, "197": 0.0002094656229019165, "198": 0.00022218376398086548, "199": 0.000180073082447052, "200": 0.00019171833992004395, "201": 0.00022448599338531494, "202": 0.00022833049297332764, "203": 0.00019078701734542847, "204": 0.00020488351583480835, "205": 0.00016905367374420166, "206": 0.00016857683658599854, "207": 0.00017042458057403564, "208": 0.00021603703498840332, "209": 0.0001451447606086731, "210": 0.00019080191850662231, "211": 0.00017161667346954346, "212": 0.0001409873366355896, "213": 0.00013428181409835815, "214": 0.00012892484664916992, "215": 0.00014787912368774414, "216": 0.00014808028936386108, "217": 0.00014894455671310425, "218": 0.0001115649938583374, "219": 0.00011934340000152588, "220": 0.00010650604963302612, "221": 0.00013481825590133667, "222": 0.00017771869897842407, "223": 0.00011217594146728516, "224": 0.00012046843767166138, "225": 0.00015920400619506836, "226": 0.0001624077558517456, "227": 0.00012524425983428955, "228": 0.00014069676399230957, "229": 0.00011861324310302734, "230": 0.0001100301742553711, "231": 0.0001051872968673706, "232": 0.0001050904393196106, "233": 0.0001684427261352539, "234": 8.546561002731323e-05, "235": 9.176135063171387e-05, "236": 8.797645568847656e-05, "237": 7.648766040802002e-05, "238": 7.776916027069092e-05, "239": 7.750093936920166e-05, "240": 7.91698694229126e-05, "241": 7.30752944946289e-05, "242": 6.99162483215332e-05, "243": 0.00011247396469116211, "244": 6.903707981109619e-05, "245": 7.051974534988403e-05, "246": 7.057934999465942e-05, "247": 7.37607479095459e-05, "248": 7.5511634349823e-05, "249": 6.892532110214233e-05, "250": 7.030367851257324e-05, "251": 9.33334231376648e-05, "252": 6.464123725891113e-05, "253": 6.484240293502808e-05, "254": 6.629526615142822e-05, "255": 8.591264486312866e-05, "256": 5.6684017181396484e-05, "257": 6.13778829574585e-05, "258": 5.159527063369751e-05, "259": 6.912648677825928e-05, "260": 6.493926048278809e-05, "261": 7.153302431106567e-05, "262": 5.0224363803863525e-05, "263": 4.7773122787475586e-05, "264": 4.348158836364746e-05, "265": 4.770606756210327e-05, "266": 3.481656312942505e-05,