{"0": 998.3068525791168, "1": -0.06378203630447388, "2": 0.0024359822273254395, "3": 0.13985514640808105, "4": 0.06944328546524048, "5": 0.03580188751220703, "6": 0.025139272212982178, "7": 0.019103258848190308, "8": 0.015295147895812988, "9": 0.012456268072128296, "10": 0.010461896657943726, "11": 0.009051859378814697, "12": 0.007992267608642578, "13": 0.0071274638175964355, "14": 0.006326764822006226, "15": 0.005748450756072998, "16": 0.005279719829559326, "17": 0.004838168621063232, "18": 0.004503309726715088, "19": 0.004260420799255371, "20": 0.003983110189437866, "21": 0.0037496089935302734, "22": 0.0035390257835388184, "23": 0.0033876895904541016, "24": 0.003230065107345581, "25": 0.0030627846717834473, "26": 0.002873331308364868, "27": 0.002802431583404541, "28": 0.002637147903442383, "29": 0.0025521814823150635, "30": 0.002452373504638672, "31": 0.0023628175258636475, "32": 0.0023037195205688477, "33": 0.002226918935775757, "34": 0.0021369457244873047, "35": 0.0021039247512817383, "36": 0.0020235776901245117, "37": 0.001966148614883423, "38": 0.0018832385540008545, "39": 0.0018343031406402588, "40": 0.0017591118812561035, "41": 0.001688838005065918, "42": 0.001627415418624878, "43": 0.0015826225280761719, "44": 0.0015197396278381348, "45": 0.0014884471893310547, "46": 0.0014528334140777588, "47": 0.0014171600341796875, "48": 0.0014047324657440186, "49": 0.0013543665409088135, "50": 0.0013375282287597656, "51": 0.0013036727905273438, "52": 0.0012820065021514893, "53": 0.0012478828430175781, "54": 0.0012202858924865723, "55": 0.0011992454528808594, "56": 0.0011954903602600098, "57": 0.0011737346649169922, "58": 0.0011515319347381592, "59": 0.0011438727378845215, "60": 0.0011168420314788818, "61": 0.0010860562324523926, "62": 0.0010770559310913086, "63": 0.0010630488395690918, "64": 0.0010418891906738281, "65": 0.0010321438312530518, "66": 0.0010136961936950684, "67": 0.0009930431842803955, "68": 0.0009927749633789062, "69": 0.0009721219539642334, "70": 0.0009655952453613281, "71": 0.0009735226631164551, "72": 0.0009666681289672852, "73": 0.0009434521198272705, "74": 0.0009249746799468994, "75": 0.0008872449398040771, "76": 0.0008661448955535889, "77": 0.0008553564548492432, "78": 0.0008526742458343506, "79": 0.0008478462696075439, "80": 0.0008368790149688721, "81": 0.0008348822593688965, "82": 0.0008225142955780029, "83": 0.0008186101913452148, "84": 0.000823974609375, "85": 0.0008122622966766357, "86": 0.0007949173450469971, "87": 0.0007880330085754395, "88": 0.0007855892181396484, "89": 0.0007730722427368164, "90": 0.0007730722427368164, "91": 0.0007661581039428711, "92": 0.0007684826850891113, "93": 0.000774681568145752, "94": 0.0007729530334472656, "95": 0.0007800161838531494, "96": 0.0007678568363189697, "97": 0.0007667243480682373, "98": 0.0007412731647491455, "99": 0.0007368326187133789, "100": 0.000741422176361084, "101": 0.0007319152355194092, "102": 0.0007219314575195312, "103": 0.000718533992767334, "104": 0.0007255375385284424, "105": 0.0007340908050537109, "106": 0.0007390975952148438, "107": 0.0007455050945281982, "108": 0.0007627010345458984, "109": 0.0008030682802200317, "110": 0.000845000147819519, "111": 0.0009265542030334473, "112": 0.0009846985340118408, "113": 0.0010166168212890625, "114": 0.0010668039321899414, "115": 0.000941842794418335, "116": 0.0009493827819824219, "117": 0.0009038299322128296, "118": 0.000808417797088623, "119": 0.0007541030645370483, "120": 0.0007538348436355591, "121": 0.0007885247468948364, "122": 0.0008062273263931274, "123": 0.0008191317319869995, "124": 0.0007819235324859619, "125": 0.0006705224514007568, "126": 0.0006003230810165405, "127": 0.0006474703550338745, "128": 0.0005667805671691895, "129": 0.00048454105854034424, "130": 0.0005452781915664673, "131": 0.0005888640880584717, "132": 0.0005789101123809814, "133": 0.0005247890949249268, "134": 0.0004916489124298096, "135": 0.0004863440990447998, "136": 0.0005129128694534302, "137": 0.0004771500825881958, "138": 0.0005039870738983154, "139": 0.00046150386333465576, "140": 0.0005019307136535645, "141": 0.0004247426986694336, "142": 0.0005267411470413208, "143": 0.0004431605339050293, "144": 0.00048783421516418457, "145": 0.00042304396629333496, "146": 0.00044724345207214355, "147": 0.00043870508670806885, "148": 0.0004650503396987915, "149": 0.0004183351993560791, "150": 0.00045436620712280273, "151": 0.00045458972454071045, "152": 0.0004569739103317261, "153": 0.0003900974988937378, "154": 0.00036531686782836914, "155": 0.0003374367952346802, "156": 0.00036832690238952637, "157": 0.00034387409687042236, "158": 0.0003420710563659668, "159": 0.00035406649112701416, "160": 0.00034956634044647217, "161": 0.0003625601530075073, "162": 0.0003366917371749878, "163": 0.0002963542938232422, "164": 0.00023858249187469482, "165": 0.00023058056831359863, "166": 0.00021320581436157227, "167": 0.00018332898616790771, "168": 0.0002018958330154419, "169": 0.00019982457160949707, "170": 0.0001951158046722412, "171": 0.00021794438362121582, "172": 0.00020170211791992188, "173": 0.00019253790378570557, "174": 0.00015029311180114746, "175": 0.00017076730728149414, "176": 0.0001707226037979126, "177": 0.00017634034156799316, "178": 0.00018072128295898438, "179": 0.00019340217113494873, "180": 0.0001939833164215088, "181": 0.00020916759967803955, "182": 0.00021000206470489502, "183": 0.00022180378437042236, "184": 0.00023184716701507568, "185": 0.00023342669010162354, "186": 0.0002640038728713989, "187": 0.00023828446865081787, "188": 0.0002060234546661377, "189": 0.00020109117031097412, "190": 0.00017972290515899658, "191": 0.00015822052955627441, "192": 0.00015312433242797852, "193": 0.0001522153615951538, "194": 0.0001468956470489502, "195": 0.000153467059135437, "196": 0.00012962520122528076, "197": 0.00012214481830596924, "198": 0.000118255615234375, "199": 0.00012689828872680664, "200": 0.00015106797218322754, "201": 0.00014156103134155273, "202": 0.00014415383338928223, "203": 0.0001550912857055664, "204": 0.00014850497245788574, "205": 0.0001292973756790161, "206": 0.00013358891010284424, "207": 0.0001268833875656128, "208": 0.0001370161771774292, "209": 0.00013631582260131836, "210": 0.00013817846775054932, "211": 0.00014869868755340576, "212": 0.00016793608665466309, "213": 0.00018110871315002441, "214": 0.00018990039825439453, "215": 0.00014685094356536865, "216": 0.00015710294246673584, "217": 0.0001665055751800537, "218": 0.0001761913299560547, "219": 0.0002397298812866211, "220": 0.00028958916664123535, "221": 0.0002923309803009033, "222": 0.00030188262462615967, "223": 0.00029741227626800537, "224": 0.00023025274276733398, "225": 0.0002566874027252197, "226": 0.00024121999740600586, "227": 0.00018900632858276367, "228": 0.00022429227828979492, "229": 0.00014707446098327637, "230": 0.00013878941535949707, "231": 0.00011818110942840576, "232": 0.000116005539894104, "233": 0.00010614097118377686, "234": 0.00029303133487701416, "235": 8.472800254821777e-05, "236": 6.0945749282836914e-05, "237": 6.452202796936035e-05, "238": 8.179247379302979e-05, "239": 5.4135918617248535e-05, "240": 7.295608520507812e-05, "241": 6.745755672454834e-05, "242": 6.051361560821533e-05, "243": 6.92903995513916e-05, "244": 6.282329559326172e-05, "245": 6.657838821411133e-05, "246": 6.276369094848633e-05, "247": 8.514523506164551e-05, "248": 5.899369716644287e-05, "249": 5.646049976348877e-05, "250": 5.856156349182129e-05, "251": 9.393692016601562e-05, "252": 5.692243576049805e-05, "253": 5.6296586990356445e-05, "254": 5.823373794555664e-05, "255": 5.739927291870117e-05, "256": 6.629526615142822e-05, "257": 2.937018871307373e-05, "258": 3.0413269996643066e-05, "259": 3.3661723136901855e-05, "260": 3.6135315895080566e-05, "261": 3.261864185333252e-05, "262": 3.458559513092041e-05, "263": 3.202259540557861e-05, "264": 3.0100345611572266e-05, "265": 3.664195537567139e-05, "266": 7.969141006469727e-05, "267": 6.298720836639404e-05, "268": 3.170967102050781e-05,