{"0": 998.3068525791168, "1": -0.049639225006103516, "2": 0.002105116844177246, "3": 0.16086769104003906, "4": 0.0684739351272583, "5": 0.03176915645599365, "6": 0.02211257815361023, "7": 0.017697244882583618, "8": 0.014443069696426392, "9": 0.012295335531234741, "10": 0.010745972394943237, "11": 0.009410947561264038, "12": 0.00836491584777832, "13": 0.007500201463699341, "14": 0.006679624319076538, "15": 0.0061986446380615234, "16": 0.005749225616455078, "17": 0.005276709794998169, "18": 0.005035072565078735, "19": 0.004705548286437988, "20": 0.00445103645324707, "21": 0.0042340755462646484, "22": 0.004030764102935791, "23": 0.0038167238235473633, "24": 0.0036589205265045166, "25": 0.00350344181060791, "26": 0.0033416748046875, "27": 0.003227800130844116, "28": 0.0031463205814361572, "29": 0.0030373036861419678, "30": 0.0028839111328125, "31": 0.0027695298194885254, "32": 0.0026802420616149902, "33": 0.0025788843631744385, "34": 0.0024800002574920654, "35": 0.002431929111480713, "36": 0.002368718385696411, "37": 0.002290695905685425, "38": 0.0022055506706237793, "39": 0.0021387040615081787, "40": 0.0020493268966674805, "41": 0.002021193504333496, "42": 0.0019699037075042725, "43": 0.0019156336784362793, "44": 0.0018725097179412842, "45": 0.0018232464790344238, "46": 0.0017681419849395752, "47": 0.001713186502456665, "48": 0.0016654729843139648, "49": 0.001613020896911621, "50": 0.0015782415866851807, "51": 0.0015379786491394043, "52": 0.0015060603618621826, "53": 0.001486063003540039, "54": 0.0014586448669433594, "55": 0.0014328360557556152, "56": 0.0014071166515350342, "57": 0.0013833343982696533, "58": 0.001354306936264038, "59": 0.001322627067565918, "60": 0.0013000816106796265, "61": 0.001278206706047058, "62": 0.0012475550174713135, "63": 0.0012395530939102173, "64": 0.0012159496545791626, "65": 0.0011970102787017822, "66": 0.0011738687753677368, "67": 0.001163378357887268, "68": 0.0011405795812606812, "69": 0.001120448112487793, "70": 0.001104697585105896, "71": 0.0010885298252105713, "72": 0.0010795444250106812, "73": 0.0010570287704467773, "74": 0.001046493649482727, "75": 0.0010374188423156738, "76": 0.0010277330875396729, "77": 0.0009955763816833496, "78": 0.000968635082244873, "79": 0.0009516328573226929, "80": 0.0009426325559616089, "81": 0.0009301900863647461, "82": 0.0009122341871261597, "83": 0.0009023696184158325, "84": 0.0008897483348846436, "85": 0.0008758455514907837, "86": 0.0008539110422134399, "87": 0.0008400082588195801, "88": 0.0008318424224853516, "89": 0.0008269697427749634, "90": 0.0008161365985870361, "91": 0.0008039325475692749, "92": 0.0007884204387664795, "93": 0.000771641731262207, "94": 0.00075531005859375, "95": 0.0007427334785461426, "96": 0.0007324814796447754, "97": 0.0007123798131942749, "98": 0.0007173269987106323, "99": 0.0007387399673461914, "100": 0.0007657110691070557, "101": 0.0007894039154052734, "102": 0.0008213222026824951, "103": 0.0008798539638519287, "104": 0.0009599626064300537, "105": 0.0011345744132995605, "106": 0.0012487918138504028, "107": 0.00118216872215271, "108": 0.0011843889951705933, "109": 0.0011885464191436768, "110": 0.0012364685535430908, "111": 0.0013869404792785645, "112": 0.0009965598583221436, "113": 0.0010586082935333252, "114": 0.0011318773031234741, "115": 0.0011987388134002686, "116": 0.0010944455862045288, "117": 0.0009913146495819092, "118": 0.0009122192859649658, "119": 0.000838935375213623, "120": 0.000759512186050415, "121": 0.0007140934467315674, "122": 0.0009204447269439697, "123": 0.000644490122795105, "124": 0.0008271485567092896, "125": 0.0008449703454971313, "126": 0.0009554177522659302, "127": 0.0007396936416625977, "128": 0.0008980631828308105, "129": 0.0006648004055023193, "130": 0.0007912516593933105, "131": 0.0006451904773712158, "132": 0.0006725192070007324, "133": 0.0006288737058639526, "134": 0.0006276220083236694, "135": 0.0005521774291992188, "136": 0.000591963529586792, "137": 0.0006207376718521118, "138": 0.0005828887224197388, "139": 0.0005881190299987793, "140": 0.0006000250577926636, "141": 0.0005710572004318237, "142": 0.0005568563938140869, "143": 0.0005609095096588135, "144": 0.0005746185779571533, "145": 0.0005778521299362183, "146": 0.0005619674921035767, "147": 0.000543743371963501, "148": 0.00047257542610168457, "149": 0.00051155686378479, "150": 0.0005620718002319336, "151": 0.0005763471126556396, "152": 0.0005477666854858398, "153": 0.0005546808242797852, "154": 0.0004515349864959717, "155": 0.00048297643661499023, "156": 0.0004320889711380005, "157": 0.00044952332973480225, "158": 0.0004895031452178955, "159": 0.00039523839950561523, "160": 0.00040909647941589355, "161": 0.0003692507743835449, "162": 0.0003536045551300049, "163": 0.0002662241458892822, "164": 0.00032104551792144775, "165": 0.00033411383628845215, "166": 0.0003267824649810791, "167": 0.000275537371635437, "168": 0.0003497898578643799, "169": 0.00030291080474853516, "170": 0.0003349483013153076, "171": 0.0002823472023010254, "172": 0.0002845674753189087, "173": 0.000274658203125, "174": 0.0002705305814743042, "175": 0.00022581219673156738, "176": 0.0002593696117401123, "177": 0.0002136528491973877, "178": 0.0001962035894393921, "179": 0.00022391974925994873, "180": 0.00023120641708374023, "181": 0.00020244717597961426, "182": 0.00023493170738220215, "183": 0.00023260712623596191, "184": 0.00023487210273742676, "185": 0.00018750131130218506, "186": 0.00020426511764526367, "187": 0.0001803189516067505, "188": 0.00020034611225128174, "189": 0.0001640915870666504, "190": 0.0001582503318786621, "191": 0.0001515597105026245, "192": 0.00014969706535339355, "193": 0.00014793872833251953, "194": 0.00015647709369659424, "195": 0.00016948580741882324, "196": 0.0001723766326904297, "197": 0.00017559528350830078, "198": 0.0001897960901260376, "199": 0.00020891427993774414, "200": 0.00021596252918243408, "201": 0.0002076476812362671, "202": 0.00021257996559143066, "203": 0.00020104646682739258, "204": 0.00019237399101257324, "205": 0.00019262731075286865, "206": 0.00018361210823059082, "207": 0.00020745396614074707, "208": 0.00021116435527801514, "209": 0.00013890862464904785, "210": 0.00013560056686401367, "211": 0.00013105571269989014, "212": 0.0001726895570755005, "213": 0.00015938282012939453, "214": 0.00014699995517730713, "215": 0.00011850893497467041, "216": 0.00011837482452392578, "217": 0.00013346970081329346, "218": 0.00016960501670837402, "219": 0.00018416345119476318, "220": 0.00014215707778930664, "221": 0.0001439899206161499, "222": 0.00013965368270874023, "223": 0.0001865178346633911, "224": 0.00013518333435058594, "225": 0.00011397898197174072, "226": 0.00011053681373596191, "227": 0.00011585652828216553, "228": 0.00011211633682250977, "229": 9.849667549133301e-05, "230": 0.00010603666305541992, "231": 0.00016129016876220703, "232": 0.00016549229621887207, "233": 0.00010341405868530273, "234": 0.0001074075698852539, "235": 0.00011083483695983887, "236": 0.00011681020259857178, "237": 0.00010441243648529053, "238": 6.893277168273926e-05, "239": 8.219480514526367e-05, "240": 7.191300392150879e-05, "241": 7.161498069763184e-05, "242": 6.961822509765625e-05, "243": 7.089972496032715e-05, "244": 7.429718971252441e-05, "245": 9.250640869140625e-05, "246": 9.959936141967773e-05, "247": 6.918609142303467e-05, "248": 7.821619510650635e-05, "249": 7.745623588562012e-05, "250": 7.75754451751709e-05, "251": 7.510185241699219e-05, "252": 7.364153861999512e-05, "253": 7.459521293640137e-05, "254": 7.511675357818604e-05, "255": 7.385015487670898e-05, "256": 7.079541683197021e-05, "257": 0.00010433793067932129, "258": 9.444355964660645e-05, "259": 5.65648078918457e-05, "260": 5.5909156799316406e-05, "261": 4.693865776062012e-05, "262": 4.3779611587524414e-05, "263": 4.4286251068115234e-05, "264": 6.771087646484375e-05, "265": 4.5239925384521484e-05, "266": 4.252791404724121e-05, "267": 4.0471553802490234e-05, "268": 3.725290298461914e-05, "269": 3.635883331298828e-05,