{"0": 0.6931474208831787, "1": 0.7676334977149963, "2": 0.7648228406906128, "3": 0.6624013185501099, "4": 0.5955275893211365, "5": 0.5562535524368286, "6": 0.5286903381347656, "7": 0.5081334114074707, "8": 0.4918391704559326, "9": 0.4783860445022583, "10": 0.46678489446640015, "11": 0.45728254318237305, "12": 0.4492223262786865, "13": 0.44213545322418213, "14": 0.435846209526062, "15": 0.4301759600639343, "16": 0.4249800443649292, "17": 0.4203479290008545, "18": 0.41615378856658936, "19": 0.412139892578125, "20": 0.408359169960022, "21": 0.4048200845718384, "22": 0.40143531560897827, "23": 0.3981625437736511, "24": 0.3951142430305481, "25": 0.3922208845615387, "26": 0.3894999921321869, "27": 0.38693082332611084, "28": 0.3844952881336212, "29": 0.3822045922279358, "30": 0.3800185024738312, "31": 0.37789684534072876, "32": 0.3759060502052307, "33": 0.3740313649177551, "34": 0.3722342252731323, "35": 0.3704978823661804, "36": 0.36878669261932373, "37": 0.367156982421875, "38": 0.365628182888031, "39": 0.36419597268104553, "40": 0.3628002107143402, "41": 0.361490935087204, "42": 0.3602783977985382, "43": 0.3591105341911316, "44": 0.3579300343990326, "45": 0.3568020761013031, "46": 0.3557356595993042, "47": 0.35469329357147217, "48": 0.3536689877510071, "49": 0.35269099473953247, "50": 0.351736843585968, "51": 0.35083073377609253, "52": 0.34995269775390625, "53": 0.3490798771381378, "54": 0.3482317626476288, "55": 0.3473861813545227, "56": 0.34657615423202515, "57": 0.34579575061798096, "58": 0.3450705409049988, "59": 0.34434086084365845, "60": 0.34361928701400757, "61": 0.34290722012519836, "62": 0.34221020340919495, "63": 0.3415358066558838, "64": 0.3408633768558502, "65": 0.3401997983455658, "66": 0.3395337760448456, "67": 0.338876336812973, "68": 0.33825087547302246, "69": 0.33764415979385376, "70": 0.33706000447273254, "71": 0.3364778459072113, "72": 0.3359028995037079, "73": 0.3353005647659302, "74": 0.3347114324569702, "75": 0.33411961793899536, "76": 0.3335287570953369, "77": 0.3329322636127472, "78": 0.33233433961868286, "79": 0.3317253291606903, "80": 0.3311098515987396, "81": 0.3305149972438812, "82": 0.32991594076156616, "83": 0.32929983735084534, "84": 0.3286827802658081, "85": 0.32806992530822754, "86": 0.3274502158164978, "87": 0.32683783769607544, "88": 0.32622888684272766, "89": 0.3256295323371887, "90": 0.32505491375923157, "91": 0.3244984745979309, "92": 0.3239419758319855, "93": 0.32338714599609375, "94": 0.32283806800842285, "95": 0.3223016858100891, "96": 0.32177236676216125, "97": 0.3212483525276184, "98": 0.32073330879211426, "99": 0.320224404335022, "100": 0.31972676515579224, "101": 0.3192402124404907, "102": 0.3187485635280609, "103": 0.31827855110168457, "104": 0.3178176283836365, "105": 0.31735265254974365, "106": 0.31689542531967163, "107": 0.3164537250995636, "108": 0.31601694226264954, "109": 0.31557923555374146, "110": 0.3151387572288513, "111": 0.3146652579307556, "112": 0.3141803443431854, "113": 0.3136768937110901, "114": 0.3131466805934906, "115": 0.3125913441181183, "116": 0.3120138943195343, "117": 0.3114381432533264, "118": 0.3108644187450409, "119": 0.31027600169181824, "120": 0.3096517324447632, "121": 0.30899107456207275, "122": 0.3082945942878723, "123": 0.3076239228248596, "124": 0.3070637583732605, "125": 0.30648261308670044, "126": 0.3059110641479492, "127": 0.3053496479988098, "128": 0.30490559339523315, "129": 0.304398775100708, "130": 0.30384817719459534, "131": 0.3032982349395752, "132": 0.3027372360229492, "133": 0.30217933654785156, "134": 0.30164623260498047, "135": 0.30109381675720215, "136": 0.30059581995010376, "137": 0.3001122772693634, "138": 0.2996649742126465, "139": 0.29920411109924316, "140": 0.29885250329971313, "141": 0.2984367609024048, "142": 0.29805392026901245, "143": 0.2976307272911072, "144": 0.29725611209869385, "145": 0.29683172702789307, "146": 0.29646819829940796, "147": 0.29607224464416504, "148": 0.29570892453193665, "149": 0.29532402753829956, "150": 0.29496386647224426, "151": 0.2946081757545471, "152": 0.29426971077919006, "153": 0.29391464591026306, "154": 0.2936054468154907, "155": 0.2932847738265991, "156": 0.2929484248161316, "157": 0.2926122844219208, "158": 0.29228872060775757, "159": 0.2919517159461975, "160": 0.29163050651550293, "161": 0.2912977933883667, "162": 0.2909923195838928, "163": 0.2906606197357178, "164": 0.2903483211994171, "165": 0.2900335192680359, "166": 0.2897670865058899, "167": 0.28948894143104553, "168": 0.289227694272995, "169": 0.28897562623023987, "170": 0.2887021601200104, "171": 0.2883995771408081, "172": 0.288108766078949, "173": 0.2878116965293884, "174": 0.28755462169647217, "175": 0.28729158639907837, "176": 0.28706127405166626, "177": 0.2868448495864868, "178": 0.286617636680603, "179": 0.286405086517334, "180": 0.2861761748790741, "181": 0.2859645485877991, "182": 0.28573131561279297, "183": 0.28551429510116577, "184": 0.28528183698654175, "185": 0.28506743907928467, "186": 0.28486472368240356, "187": 0.28464388847351074, "188": 0.28442779183387756, "189": 0.2841973900794983, "190": 0.28398236632347107, "191": 0.2837483286857605, "192": 0.28352755308151245, "193": 0.2832832932472229, "194": 0.2830641567707062, "195": 0.28286558389663696, "196": 0.28265953063964844, "197": 0.2824527323246002, "198": 0.28223031759262085, "199": 0.28199025988578796, "200": 0.28172388672828674, "201": 0.28148549795150757, "202": 0.2812839448451996, "203": 0.2810813784599304, "204": 0.280876487493515, "205": 0.28068727254867554, "206": 0.28053438663482666, "207": 0.28040558099746704, "208": 0.2802669405937195, "209": 0.2801397740840912, "210": 0.27999699115753174, "211": 0.2798241972923279, "212": 0.2796732187271118, "213": 0.2795144021511078, "214": 0.27938929200172424, "215": 0.2792791426181793, "216": 0.279142290353775, "217": 0.2789917588233948, "218": 0.2788406014442444, "219": 0.27868297696113586, "220": 0.27853989601135254, "221": 0.27840161323547363, "222": 0.2782522141933441, "223": 0.27810364961624146, "224": 0.2779655456542969, "225": 0.2778106927871704, "226": 0.2776520252227783, "227": 0.27748116850852966, "228": 0.27733826637268066, "229": 0.27719128131866455, "230": 0.2770543396472931, "231": 0.2768920958042145, "232": 0.2766449451446533, "233": 0.27643144130706787, "234": 0.2762390375137329, "235": 0.2760036587715149, "236": 0.27580395340919495, "237": 0.27569055557250977, "238": 0.27556663751602173, "239": 0.27533668279647827, "240": 0.27522143721580505, "241": 0.2750944197177887, "242": 0.2749280631542206, "243": 0.2748337388038635, "244": 0.27473846077919006, "245": 0.27466970682144165, "246": 0.2746047079563141, "247": 0.2745509743690491, "248": 0.27449047565460205, "249": 0.2744554877281189, "250": 0.2744211256504059, "251": 0.2743866443634033, "252": 0.27435219287872314, "253": 0.27431637048721313, "254": 0.2742854952812195, "255": 0.2742540240287781, "256": 0.2742209732532501, "257": 0.27419179677963257, "258": 0.2741650938987732, "259": 0.2741144299507141, "260": 0.2740843594074249, "261": 0.2740456461906433, "262": 0.27400919795036316, "263": 0.27397358417510986, "264": 0.27393683791160583, "265": 0.27389922738075256, "266": 0.2738531827926636, "267": 0.2738141715526581, "268": 0.2737734913825989, "269": 0.27373504638671875, "270": 0.2736993432044983, "271": 0.2736544609069824, "272": 0.2736048400402069, "273": 0.27354928851127625, "274": 0.27350932359695435, "275": 0.27347299456596375, "276": 0.273440420627594, "277": 0.27340829372406006, "278": 0.27337968349456787, "279": 0.2733595669269562, "280": 0.2733492851257324, "281": 0.27333587408065796, "282": 0.27332279086112976, "283": 0.27331048250198364, "284": 0.27330029010772705, "285": 0.27328792214393616, "286": 0.2732752859592438, "287": 0.2732622027397156, "288": 0.2732495963573456, "289": 0.2732369601726532, "290": 0.27321887016296387, "291": 0.27320659160614014, "292": 0.27318984270095825, "293": 0.2731785774230957, "294": 0.2731679677963257, "295": 0.2731580436229706,