{"0": 998.3068525791168, "1": -0.07448607683181763, "2": 0.002810657024383545, "3": 0.10242152214050293, "4": 0.06687372922897339, "5": 0.03927403688430786, "6": 0.02756321430206299, "7": 0.020556926727294922, "8": 0.016294240951538086, "9": 0.013453125953674316, "10": 0.011601150035858154, "11": 0.0095023512840271, "12": 0.008060216903686523, "13": 0.0070868730545043945, "14": 0.006289243698120117, "15": 0.0056702494621276855, "16": 0.005195915699005127, "17": 0.004632115364074707, "18": 0.004194140434265137, "19": 0.0040138959884643555, "20": 0.0037807226181030273, "21": 0.0035390853881835938, "22": 0.0033847689628601074, "23": 0.0032727718353271484, "24": 0.0030483007431030273, "25": 0.0028933584690093994, "26": 0.0027208924293518066, "27": 0.00256916880607605, "28": 0.002435535192489624, "29": 0.002290695905685425, "30": 0.0021860897541046143, "31": 0.002121657133102417, "32": 0.001990795135498047, "33": 0.001874685287475586, "34": 0.0017971396446228027, "35": 0.0017363429069519043, "36": 0.0017111897468566895, "37": 0.0016297101974487305, "38": 0.0015287995338439941, "39": 0.0014322102069854736, "40": 0.0013957619667053223, "41": 0.0013092756271362305, "42": 0.0012125372886657715, "43": 0.0011678636074066162, "44": 0.001180499792098999, "45": 0.0011279582977294922, "46": 0.0010664165019989014, "47": 0.0010423660278320312, "48": 0.0010243058204650879, "49": 0.0009779930114746094, "50": 0.0009541511535644531, "51": 0.0009061098098754883, "52": 0.0008780360221862793, "53": 0.0008728206157684326, "54": 0.0008481144905090332, "55": 0.0008455812931060791, "56": 0.0008100271224975586, "57": 0.0007804036140441895, "58": 0.0007252097129821777, "59": 0.000729680061340332, "60": 0.0007215738296508789, "61": 0.0007120668888092041, "62": 0.000697016716003418, "63": 0.0006743967533111572, "64": 0.0006724298000335693, "65": 0.0006635785102844238, "66": 0.0006660223007202148, "67": 0.0006574392318725586, "68": 0.0006254613399505615, "69": 0.0006067156791687012, "70": 0.0005841553211212158, "71": 0.0005821585655212402, "72": 0.000574946403503418, "73": 0.00060233473777771, "74": 0.0005891323089599609, "75": 0.0005918145179748535, "76": 0.0005908608436584473, "77": 0.0005964934825897217, "78": 0.0005979239940643311, "79": 0.0006090104579925537, "80": 0.0006154775619506836, "81": 0.0005948543548583984, "82": 0.0005990564823150635, "83": 0.0006161034107208252, "84": 0.0006170570850372314, "85": 0.0006128549575805664, "86": 0.0006197094917297363, "87": 0.0006123781204223633, "88": 0.0006089508533477783, "89": 0.0005993545055389404, "90": 0.0005746185779571533, "91": 0.0005564391613006592, "92": 0.0005564987659454346, "93": 0.0005548298358917236, "94": 0.0005490779876708984, "95": 0.0005363821983337402, "96": 0.0005293190479278564, "97": 0.0005240142345428467, "98": 0.0005150437355041504, "99": 0.0005089044570922852, "100": 0.0004976391792297363, "101": 0.00048655271530151367, "102": 0.0004916489124298096, "103": 0.0004700124263763428, "104": 0.0004609227180480957, "105": 0.00046497583389282227, "106": 0.0004572272300720215, "107": 0.0004417002201080322, "108": 0.0004367828369140625, "109": 0.00043770670890808105, "110": 0.0004404783248901367, "111": 0.0004734992980957031, "112": 0.00048491358757019043, "113": 0.0005034506320953369, "114": 0.0005302131175994873, "115": 0.0005553364753723145, "116": 0.0005774497985839844, "117": 0.0005757510662078857, "118": 0.0005737245082855225, "119": 0.0005884170532226562, "120": 0.0006242692470550537, "121": 0.0006606578826904297, "122": 0.0006964802742004395, "123": 0.0006706714630126953, "124": 0.0005601644515991211, "125": 0.0005811452865600586, "126": 0.0005715489387512207, "127": 0.0005614161491394043, "128": 0.00044405460357666016, "129": 0.0005068182945251465, "130": 0.0005505979061126709, "131": 0.0005499422550201416, "132": 0.0005609989166259766, "133": 0.0005578994750976562, "134": 0.0005331039428710938, "135": 0.0005524158477783203, "136": 0.0004979968070983887, "137": 0.00048354268074035645, "138": 0.00044730305671691895, "139": 0.0004608631134033203, "140": 0.0003516077995300293, "141": 0.0004157423973083496, "142": 0.000382840633392334, "143": 0.00042319297790527344, "144": 0.0003746151924133301, "145": 0.00042438507080078125, "146": 0.0003635287284851074, "147": 0.0003959536552429199, "148": 0.00036332011222839355, "149": 0.00038489699363708496, "150": 0.00036016106605529785, "151": 0.00035569071769714355, "152": 0.00033846497535705566, "153": 0.00035506486892700195, "154": 0.00030919909477233887, "155": 0.00032067298889160156, "156": 0.0003363490104675293, "157": 0.00033614039421081543, "158": 0.000323563814163208, "159": 0.0003370046615600586, "160": 0.0003212094306945801, "161": 0.00033271312713623047, "162": 0.00030547380447387695, "163": 0.00033169984817504883, "164": 0.0003122985363006592, "165": 0.0003148019313812256, "166": 0.0002664327621459961, "167": 0.00027814507484436035, "168": 0.0002612471580505371, "169": 0.00025206804275512695, "170": 0.0002734661102294922, "171": 0.0003025829792022705, "172": 0.00029081106185913086, "173": 0.0002970695495605469, "174": 0.00025707483291625977, "175": 0.00026303529739379883, "176": 0.00023031234741210938, "177": 0.00021642446517944336, "178": 0.00022721290588378906, "179": 0.00021255016326904297, "180": 0.0002289116382598877, "181": 0.00021162629127502441, "182": 0.00023323297500610352, "183": 0.00021702051162719727, "184": 0.00023245811462402344, "185": 0.00021439790725708008, "186": 0.00020271539688110352, "187": 0.00022083520889282227, "188": 0.0002160966396331787, "189": 0.00023040175437927246, "190": 0.00021502375602722168, "191": 0.0002340376377105713, "192": 0.00022077560424804688, "193": 0.0002442598342895508, "194": 0.00021913647651672363, "195": 0.00019857287406921387, "196": 0.0002060532569885254, "197": 0.00020679831504821777, "198": 0.00022241473197937012, "199": 0.00024005770683288574, "200": 0.0002663731575012207, "201": 0.0002383887767791748, "202": 0.0002015531063079834, "203": 0.00020256638526916504, "204": 0.00020489096641540527, "205": 0.00018921494483947754, "206": 0.00015288591384887695, "207": 0.00012880563735961914, "208": 0.0001386404037475586, "209": 0.0001271665096282959, "210": 0.00014278292655944824, "211": 0.00017279386520385742, "212": 0.00015097856521606445, "213": 0.00015881657600402832, "214": 0.00012511014938354492, "215": 0.00011014938354492188, "216": 0.00013685226440429688, "217": 0.00015053153038024902, "218": 0.00015115737915039062, "219": 0.0001576244831085205, "220": 0.0001430809497833252, "221": 0.00013828277587890625, "222": 0.0001493990421295166, "223": 0.00014856457710266113, "224": 0.00013810396194458008, "225": 0.00015485286712646484, "226": 0.00015866756439208984, "227": 0.00017085671424865723, "228": 0.00014290213584899902, "229": 0.00014698505401611328, "230": 0.00013694167137145996, "231": 0.00016224384307861328, "232": 0.0002471506595611572, "233": 0.00021350383758544922, "234": 0.00019240379333496094, "235": 0.00023537874221801758, "236": 0.0001997053623199463, "237": 0.00011339783668518066, "238": 0.0001239180564880371, "239": 0.00022995471954345703, "240": 0.00011524558067321777, "241": 0.00012701749801635742, "242": 0.00016635656356811523, "243": 9.432435035705566e-05, "244": 9.527802467346191e-05, "245": 6.875395774841309e-05, "246": 6.499886512756348e-05, "247": 5.373358726501465e-05, "248": 6.0498714447021484e-05, "249": 3.49879264831543e-05, "250": 3.4362077713012695e-05, "251": 3.4481287002563477e-05, "252": 3.445148468017578e-05, "253": 3.5822391510009766e-05, "254": 3.0875205993652344e-05, "255": 3.147125244140625e-05, "256": 3.30507755279541e-05, "257": 2.917647361755371e-05, "258": 2.6702880859375e-05, "259": 5.066394805908203e-05, "260": 3.007054328918457e-05, "261": 3.871321678161621e-05, "262": 3.644824028015137e-05, "263": 3.56137752532959e-05, "264": 3.674626350402832e-05, "265": 3.7610530853271484e-05, "266": 4.604458808898926e-05, "267": 3.9011240005493164e-05, "268": 4.06801700592041e-05,