{"0": 998.3068525195122, "1": 0.5517846941947937, "2": 0.00021019577980041504, "3": 0.014502689242362976, "4": 0.006388336420059204, "5": 0.004843525588512421, "6": 0.0037724003195762634, "7": 0.002824530005455017, "8": 0.0022018402814865112, "9": 0.0017232149839401245, "10": 0.0014319270849227905, "11": 0.0012131482362747192, "12": 0.0010097622871398926, "13": 0.0008753389120101929, "14": 0.000788763165473938, "15": 0.0007254928350448608, "16": 0.0006757676601409912, "17": 0.000626392662525177, "18": 0.000559784471988678, "19": 0.0005339533090591431, "20": 0.00048720836639404297, "21": 0.00045261532068252563, "22": 0.0004225894808769226, "23": 0.00041402876377105713, "24": 0.0003974810242652893, "25": 0.000382840633392334, "26": 0.00036431849002838135, "27": 0.0003513321280479431, "28": 0.00034120678901672363, "29": 0.0003404468297958374, "30": 0.0003536343574523926, "31": 0.0003701150417327881, "32": 0.0003793463110923767, "33": 0.00039546191692352295, "34": 0.00042444467544555664, "35": 0.00047328323125839233, "36": 0.0005226358771324158, "37": 0.0005770474672317505, "38": 0.0006537362933158875, "39": 0.0008041933178901672, "40": 0.0008942484855651855, "41": 0.0008292049169540405, "42": 0.0012063905596733093, "43": 0.0007042437791824341, "44": 0.0009113848209381104, "45": 0.0008338093757629395, "46": 0.0009100437164306641, "47": 0.0007386878132820129, "48": 0.0007554292678833008, "49": 0.0007179155945777893, "50": 0.0006322264671325684, "51": 0.0007941275835037231, "52": 0.000550001859664917, "53": 0.0006264522671699524, "54": 0.0007114559412002563, "55": 0.0005359426140785217, "56": 0.000665128231048584, "57": 0.0006220415234565735, "58": 0.0006121695041656494, "59": 0.0005726143717765808, "60": 0.0005426853895187378, "61": 0.0004915297031402588, "62": 0.0005172938108444214, "63": 0.00047273188829421997, "64": 0.000416681170463562, "65": 0.0004266873002052307, "66": 0.0003814324736595154, "67": 0.0004254654049873352, "68": 0.0003912895917892456, "69": 0.0004021748900413513, "70": 0.0003705546259880066, "71": 0.0003759637475013733, "72": 0.0003396645188331604, "73": 0.0003744736313819885, "74": 0.0003215968608856201, "75": 0.000309966504573822, "76": 0.00032764673233032227, "77": 0.0002935156226158142, "78": 0.00031901150941848755, "79": 0.00035233795642852783, "80": 0.0003225654363632202, "81": 0.0003193169832229614, "82": 0.00029893964529037476, "83": 0.00032298266887664795, "84": 0.0003039315342903137, "85": 0.00032667815685272217, "86": 0.00030294060707092285, "87": 0.0003001466393470764, "88": 0.0002998262643814087, "89": 0.0002591721713542938, "90": 0.0003013797104358673, "91": 0.00027073174715042114, "92": 0.0003112182021141052, "93": 0.00024177879095077515, "94": 0.00026829540729522705, "95": 0.0002915188670158386, "96": 0.0002511218190193176, "97": 0.00027290359139442444, "98": 0.0002452842891216278, "99": 0.00024210289120674133, "100": 0.00021727755665779114, "101": 0.0002541095018386841, "102": 0.0002379491925239563, "103": 0.00024492666125297546, "104": 0.00022742897272109985, "105": 0.0002298392355442047, "106": 0.00019407644867897034, "107": 0.00020568445324897766, "108": 0.00019077211618423462, "109": 0.00021247193217277527, "110": 0.00019693002104759216, "111": 0.0001933574676513672, "112": 0.0001810602843761444, "113": 0.00017994269728660583, "114": 0.00018052011728286743, "115": 0.00018239766359329224, "116": 0.00018323957920074463, "117": 0.00018292292952537537, "118": 0.0001814328134059906, "119": 0.0001657828688621521, "120": 0.00017312169075012207, "121": 0.00016551092267036438, "122": 0.00014820322394371033, "123": 0.00015415996313095093, "124": 0.00013355538249015808, "125": 0.00013754889369010925, "126": 0.00012979656457901, "127": 0.0001271180808544159, "128": 0.00013047829270362854, "129": 0.00012045726180076599, "130": 0.00012688711285591125, "131": 0.00012636929750442505, "132": 0.00011348724365234375, "133": 9.653344750404358e-05, "134": 8.795782923698425e-05, "135": 0.0001003369688987732, "136": 0.00010331720113754272, "137": 0.00010029599070549011, "138": 9.70698893070221e-05, "139": 9.872019290924072e-05, "140": 9.210407733917236e-05, "141": 8.64081084728241e-05, "142": 6.315484642982483e-05, "143": 6.894022226333618e-05, "144": 7.636845111846924e-05, "145": 7.708370685577393e-05, "146": 6.993114948272705e-05, "147": 6.413459777832031e-05, "148": 6.525963544845581e-05, "149": 5.94407320022583e-05, "150": 5.9545040130615234e-05, "151": 5.9217214584350586e-05, "152": 6.257370114326477e-05, "153": 6.375089287757874e-05, "154": 6.332248449325562e-05, "155": 5.813315510749817e-05, "156": 4.672631621360779e-05, "157": 4.396587610244751e-05, "158": 6.029009819030762e-05, "159": 5.6218355894088745e-05, "160": 5.698204040527344e-05, "161": 5.751103162765503e-05, "162": 6.16125762462616e-05, "163": 6.35683536529541e-05, "164": 6.095319986343384e-05, "165": 6.471574306488037e-05, "166": 6.002187728881836e-05, "167": 5.462765693664551e-05, "168": 4.8413872718811035e-05, "169": 4.8182904720306396e-05, "170": 4.757195711135864e-05, "171": 4.873424768447876e-05, "172": 4.9971044063568115e-05, "173": 3.676861524581909e-05, "174": 3.927946090698242e-05, "175": 5.339086055755615e-05, "176": 5.691498517990112e-05, "177": 4.5180320739746094e-05, "178": 4.106014966964722e-05, "179": 4.302710294723511e-05, "180": 4.985928535461426e-05, "181": 4.817545413970947e-05, "182": 5.5518001317977905e-05, "183": 4.987791180610657e-05, "184": 5.406886339187622e-05, "185": 5.089864134788513e-05, "186": 5.6352466344833374e-05, "187": 3.5800039768218994e-05, "188": 3.7610530853271484e-05, "189": 3.2335519790649414e-05, "190": 2.8546899557113647e-05, "191": 2.7272850275039673e-05, "192": 2.68593430519104e-05, "193": 2.6807188987731934e-05, "194": 2.615898847579956e-05, "195": 4.193931818008423e-05, "196": 3.100931644439697e-05, "197": 2.460181713104248e-05, "198": 2.4244189262390137e-05, "199": 2.621859312057495e-05, "200": 0.00011745095252990723, "201": 2.650916576385498e-05, "202": 2.8967857360839844e-05, "203": 2.69375741481781e-05, "204": 2.267584204673767e-05, "205": 2.298504114151001e-05, "206": 2.629309892654419e-05, "207": 4.11495566368103e-05, "208": 3.6135315895080566e-05, "209": 2.7216970920562744e-05, "210": 3.6075711250305176e-05, "211": 2.6535242795944214e-05, "212": 6.299838423728943e-05, "213": 2.5331974029541016e-05, "214": 4.435703158378601e-05, "215": 2.6181340217590332e-05, "216": 2.5544315576553345e-05, "217": 3.026425838470459e-05, "218": 2.830103039741516e-05, "219": 2.8874725103378296e-05, "220": 2.5294721126556396e-05, "221": 2.3849308490753174e-05, "222": 2.4393200874328613e-05, "223": 2.3059546947479248e-05, "224": 2.0381063222885132e-05, "225": 2.1379441022872925e-05, "226": 2.3659318685531616e-05, "227": 2.3405998945236206e-05, "228": 2.2564083337783813e-05, "229": 2.156570553779602e-05, "230": 2.3558735847473145e-05, "231": 2.381950616836548e-05, "232": 1.5895813703536987e-05, "233": 1.5642493963241577e-05, "234": 1.4603137969970703e-05, "235": 1.4554709196090698e-05, "236": 1.4320015907287598e-05, "237": 1.403316855430603e-05, "238": 1.3772398233413696e-05, "239": 1.3522803783416748e-05, "240": 1.3206154108047485e-05, "241": 1.2237578630447388e-05, "242": 1.1753290891647339e-05, "243": 1.8656253814697266e-05, "244": 1.749396324157715e-05, "245": 1.7195940017700195e-05, "246": 1.6674399375915527e-05, "247": 1.6480684280395508e-05, "248": 1.5642493963241577e-05, "249": 1.5992671251296997e-05, "250": 1.599639654159546e-05, "251": 1.586228609085083e-05, "252": 1.563131809234619e-05, "253": 1.7814338207244873e-05, "254": 1.4666467905044556e-05, "255": 1.0151416063308716e-05, "256": 1.1481344699859619e-05, "257": 9.600073099136353e-06, "258": 8.60169529914856e-06, "259": 8.448958396911621e-06, "260": 9.28342342376709e-06, "261": 1.0266900062561035e-05, "262": 9.767711162567139e-06, "263": 2.2873282432556152e-06, "264": 2.1941959857940674e-06, "265": 2.693384885787964e-06, "266": 2.5704503059387207e-06,