{"0": 0.6931474804878235, "1": 0.07089927047491074, "2": 0.07073690742254257, "3": 0.03885290399193764, "4": 0.03063434176146984, "5": 0.029694074764847755, "6": 0.029083944857120514, "7": 0.028628770262002945, "8": 0.02829732745885849, "9": 0.028042342513799667, "10": 0.027835572138428688, "11": 0.027645116671919823, "12": 0.027440715581178665, "13": 0.027204986661672592, "14": 0.02693483978509903, "15": 0.02642841264605522, "16": 0.025623051449656487, "17": 0.024788353592157364, "18": 0.02418063022196293, "19": 0.023477409034967422, "20": 0.022999277338385582, "21": 0.02197984606027603, "22": 0.021501773968338966, "23": 0.020865216851234436, "24": 0.019998375326395035, "25": 0.019221756607294083, "26": 0.018909061327576637, "27": 0.018506402149796486, "28": 0.018289092928171158, "29": 0.018123794347047806, "30": 0.017956165596842766, "31": 0.017815658822655678, "32": 0.017656615003943443, "33": 0.017442982643842697, "34": 0.017259253188967705, "35": 0.017132742330431938, "36": 0.016954990103840828, "37": 0.016831031069159508, "38": 0.016645479947328568, "39": 0.016508787870407104, "40": 0.016331886872649193, "41": 0.01613292284309864, "42": 0.016029637306928635, "43": 0.015917645767331123, "44": 0.015810716897249222, "45": 0.01571717858314514, "46": 0.015638118609786034, "47": 0.015555080026388168, "48": 0.015473521314561367, "49": 0.015378991141915321, "50": 0.015316569246351719, "51": 0.015268251299858093, "52": 0.015212206169962883, "53": 0.015159852802753448, "54": 0.015119152143597603, "55": 0.015088540501892567, "56": 0.01507188193500042, "57": 0.015060245990753174, "58": 0.015045411884784698, "59": 0.015033964067697525, "60": 0.015026233159005642, "61": 0.015016896650195122, "62": 0.01500642765313387, "63": 0.015002072788774967, "64": 0.014996986836194992, "65": 0.014991230331361294, "66": 0.014984482899308205, "67": 0.014977741986513138, "68": 0.014973104000091553, "69": 0.014967414550483227, "70": 0.014962667599320412, "71": 0.014957667328417301, "72": 0.014952991157770157, "73": 0.014947530813515186, "74": 0.014943031594157219, "75": 0.014938113279640675, "76": 0.014933737926185131, "77": 0.014927893877029419, "78": 0.014922389760613441, "79": 0.014918027445673943, "80": 0.01491282694041729, "81": 0.01490808930248022, "82": 0.01490307692438364, "83": 0.014897454530000687, "84": 0.014893402345478535, "85": 0.014889393001794815, "86": 0.014885127544403076, "87": 0.014881663024425507, "88": 0.014877774752676487, "89": 0.014873690903186798, "90": 0.01486939750611782, "91": 0.014865699224174023, "92": 0.01486161258071661, "93": 0.01485844049602747, "94": 0.014856124296784401, "95": 0.014854016713798046, "96": 0.014851894229650497, "97": 0.014849736355245113, "98": 0.014847618527710438, "99": 0.014845568686723709, "100": 0.014843560755252838, "101": 0.014841586351394653, "102": 0.01483963429927826, "103": 0.014837807044386864, "104": 0.014836421236395836, "105": 0.014831491746008396, "106": 0.014829995110630989, "107": 0.014828410930931568, "108": 0.014826762489974499, "109": 0.014825074002146721, "110": 0.014823422767221928, "111": 0.014821766875684261, "112": 0.01482013612985611, "113": 0.01481851376593113, "114": 0.014816897921264172, "115": 0.014814935624599457, "116": 0.014813071116805077, "117": 0.014810989610850811, "118": 0.014808978885412216, "119": 0.014807585626840591, "120": 0.014806374907493591, "121": 0.014805200509727001, "122": 0.01480406615883112, "123": 0.014802973717451096, "124": 0.01480187103152275, "125": 0.014800922013819218}