{"0": 0.6931474804878235, "1": 0.6066188216209412, "2": 0.6048739552497864, "3": 0.5929696559906006, "4": 0.5798323750495911, "5": 0.5665993094444275, "6": 0.5536110997200012, "7": 0.541347861289978, "8": 0.5300437211990356, "9": 0.5197794437408447, "10": 0.5103224515914917, "11": 0.5014753937721252, "12": 0.4933069050312042, "13": 0.48564064502716064, "14": 0.4784236252307892, "15": 0.47164103388786316, "16": 0.4653768837451935, "17": 0.45931777358055115, "18": 0.4536152184009552, "19": 0.4481852054595947, "20": 0.44304585456848145, "21": 0.43812742829322815, "22": 0.4334411919116974, "23": 0.4290010631084442, "24": 0.4247240126132965, "25": 0.42063674330711365, "26": 0.4167497158050537, "27": 0.4130050241947174, "28": 0.4093860387802124, "29": 0.4058992564678192, "30": 0.4025478661060333, "31": 0.39931371808052063, "32": 0.39618679881095886, "33": 0.39319711923599243, "34": 0.39028340578079224, "35": 0.38747525215148926, "36": 0.38475146889686584, "37": 0.3821052610874176, "38": 0.37954169511795044, "39": 0.3770536780357361, "40": 0.3746403753757477, "41": 0.37228912115097046, "42": 0.37000536918640137, "43": 0.3677831292152405, "44": 0.36562108993530273, "45": 0.3635137677192688, "46": 0.36145928502082825, "47": 0.35945314168930054, "48": 0.3574950098991394, "49": 0.35558202862739563, "50": 0.35371291637420654, "51": 0.3518850803375244, "52": 0.35009798407554626, "53": 0.3483525812625885, "54": 0.3466525971889496, "55": 0.34498563408851624, "56": 0.3433506190776825, "57": 0.3417479395866394, "58": 0.3401777446269989, "59": 0.33863916993141174, "60": 0.33713093400001526, "61": 0.33565038442611694, "62": 0.33419597148895264, "63": 0.33276718854904175, "64": 0.33136188983917236, "65": 0.32998573780059814, "66": 0.328634649515152, "67": 0.32730919122695923, "68": 0.326014906167984, "69": 0.32474178075790405, "70": 0.323489248752594, "71": 0.322254478931427, "72": 0.3210379183292389, "73": 0.319839209318161, "74": 0.31865569949150085, "75": 0.3174906075000763, "76": 0.3163408935070038, "77": 0.3152094781398773, "78": 0.31409499049186707, "79": 0.31300121545791626, "80": 0.31192871928215027, "81": 0.310871958732605, "82": 0.3098302483558655, "83": 0.3088013827800751, "84": 0.3077848553657532, "85": 0.30678635835647583, "86": 0.3058071732521057, "87": 0.3048401176929474, "88": 0.3038848638534546, "89": 0.30294156074523926, "90": 0.3020116686820984, "91": 0.3010959029197693, "92": 0.30019229650497437, "93": 0.2993004620075226, "94": 0.2984168529510498, "95": 0.29754638671875, "96": 0.29668185114860535, "97": 0.2958246171474457, "98": 0.29497531056404114, "99": 0.2941339612007141, "100": 0.29330214858055115, "101": 0.2924788296222687, "102": 0.2916662096977234, "103": 0.29086384177207947, "104": 0.29006969928741455, "105": 0.289281964302063, "106": 0.2884993255138397, "107": 0.2877217233181, "108": 0.28694868087768555, "109": 0.28618094325065613, "110": 0.285419762134552, "111": 0.2846646308898926, "112": 0.2839149832725525, "113": 0.283170223236084, "114": 0.28243064880371094, "115": 0.28169819712638855, "116": 0.2809735834598541, "117": 0.28025272488594055, "118": 0.2795338034629822, "119": 0.27881819009780884, "120": 0.27811020612716675, "121": 0.2774055302143097, "122": 0.27670028805732727, "123": 0.2759983539581299, "124": 0.2752986252307892, "125": 0.27460145950317383, "126": 0.2738983631134033, "127": 0.2731896936893463, "128": 0.2724836468696594, "129": 0.27178701758384705, "130": 0.2710944712162018, "131": 0.2704112231731415, "132": 0.2697320580482483, "133": 0.26905322074890137, "134": 0.2683754861354828, "135": 0.2676990330219269, "136": 0.2670193612575531, "137": 0.2663390040397644, "138": 0.2656557261943817, "139": 0.264975368976593, "140": 0.2642984092235565, "141": 0.2636311650276184, "142": 0.26297345757484436, "143": 0.2623150646686554, "144": 0.2616537809371948, "145": 0.2609942555427551, "146": 0.2603376507759094, "147": 0.2596784830093384, "148": 0.25899580121040344, "149": 0.2583060562610626, "150": 0.2575928866863251, "151": 0.2569056749343872, "152": 0.2562185823917389, "153": 0.25556108355522156, "154": 0.2548848092556, "155": 0.2542283236980438, "156": 0.2535530924797058, "157": 0.2528734505176544, "158": 0.252197265625, "159": 0.2515125274658203, "160": 0.2508327066898346, "161": 0.2501305341720581, "162": 0.2494189590215683, "163": 0.24856147170066833, "164": 0.24803832173347473, "165": 0.2474467009305954, "166": 0.24682770669460297, "167": 0.24619503319263458, "168": 0.24555528163909912, "169": 0.2449035346508026, "170": 0.24423956871032715, "171": 0.24354052543640137, "172": 0.2428554892539978, "173": 0.24217484891414642, "174": 0.2414354383945465, "175": 0.2407185435295105, "176": 0.24019160866737366, "177": 0.23956742882728577, "178": 0.23889552056789398, "179": 0.2382025569677353, "180": 0.23747272789478302, "181": 0.23662526905536652, "182": 0.23585250973701477, "183": 0.23507538437843323, "184": 0.23429155349731445, "185": 0.23331843316555023, "186": 0.2326342761516571, "187": 0.23173701763153076, "188": 0.23102055490016937, "189": 0.2300916165113449, "190": 0.22929887473583221, "191": 0.22858497500419617, "192": 0.2278090864419937, "193": 0.2269904464483261, "194": 0.2262999564409256, "195": 0.22537517547607422, "196": 0.22435133159160614, "197": 0.22362357378005981, "198": 0.22294729948043823, "199": 0.2221764326095581, "200": 0.22145451605319977, "201": 0.22067180275917053, "202": 0.21994373202323914, "203": 0.21925294399261475, "204": 0.21866999566555023, "205": 0.21812966465950012, "206": 0.21747829020023346, "207": 0.2168130874633789, "208": 0.21624957025051117, "209": 0.21557371318340302, "210": 0.21509100496768951, "211": 0.21444912254810333, "212": 0.21389704942703247, "213": 0.21344445645809174, "214": 0.2129897028207779, "215": 0.21254439651966095, "216": 0.21199600398540497, "217": 0.21154677867889404, "218": 0.21106690168380737, "219": 0.21072331070899963, "220": 0.21034158766269684, "221": 0.20992660522460938, "222": 0.20951706171035767, "223": 0.20909841358661652, "224": 0.2087237387895584, "225": 0.20836172997951508, "226": 0.20800438523292542, "227": 0.2076202929019928, "228": 0.20726680755615234, "229": 0.2068943828344345, "230": 0.20661547780036926, "231": 0.20638199150562286, "232": 0.20610463619232178, "233": 0.20584753155708313, "234": 0.20557866990566254, "235": 0.20529916882514954, "236": 0.20490534603595734, "237": 0.2046154886484146, "238": 0.20433658361434937, "239": 0.20402157306671143, "240": 0.20363061130046844, "241": 0.2033146768808365, "242": 0.2029118835926056, "243": 0.2026054859161377, "244": 0.20229557156562805, "245": 0.20194542407989502, "246": 0.20165850222110748, "247": 0.20138207077980042, "248": 0.20105218887329102, "249": 0.20083916187286377, "250": 0.2006179243326187, "251": 0.20023700594902039, "252": 0.19992145895957947, "253": 0.19955936074256897, "254": 0.19918379187583923, "255": 0.198915034532547, "256": 0.19860857725143433, "257": 0.19834718108177185, "258": 0.19809329509735107, "259": 0.1978340893983841, "260": 0.19756439328193665, "261": 0.197209432721138, "262": 0.19685901701450348, "263": 0.19651943445205688, "264": 0.19626778364181519, "265": 0.19598853588104248, "266": 0.19575271010398865, "267": 0.19548285007476807, "268": 0.1952575445175171, "269": 0.19501952826976776, "270": 0.19477491080760956, "271": 0.19457943737506866, "272": 0.1943814605474472, "273": 0.1942092329263687, "274": 0.19402310252189636, "275": 0.19382935762405396, "276": 0.1936306208372116, "277": 0.19345596432685852, "278": 0.19333866238594055, "279": 0.19321173429489136, "280": 0.19309872388839722, "281": 0.19294944405555725, "282": 0.19286030530929565, "283": 0.19276109337806702, "284": 0.19266119599342346, "285": 0.192561075091362, "286": 0.1924605369567871, "287": 0.19235952198505402, "288": 0.19226199388504028, "289": 0.1921689361333847, "290": 0.19207164645195007, "291": 0.19198131561279297, "292": 0.19184620678424835, "293": 0.19171835482120514, "294": 0.1915779411792755,