{"0": 0.6931474804878235, "1": 0.1440630406141281, "2": 0.1436821073293686, "3": 0.11192768812179565, "4": 0.10316456109285355, "5": 0.09655878692865372, "6": 0.09184585511684418, "7": 0.08804424852132797, "8": 0.08510734140872955, "9": 0.0825783982872963, "10": 0.08022047579288483, "11": 0.0781293511390686, "12": 0.07556109875440598, "13": 0.07253711670637131, "14": 0.06753191351890564, "15": 0.06700379401445389, "16": 0.0666346326470375, "17": 0.06633694469928741, "18": 0.06608717143535614, "19": 0.06583250313997269, "20": 0.06557165831327438, "21": 0.06531882286071777, "22": 0.06497488170862198, "23": 0.06463540345430374, "24": 0.06402862817049026, "25": 0.06304092705249786, "26": 0.061989545822143555, "27": 0.06088831648230553, "28": 0.05965380743145943, "29": 0.058456022292375565, "30": 0.0575312003493309, "31": 0.05663366615772247, "32": 0.055894091725349426, "33": 0.055256374180316925, "34": 0.054621610790491104, "35": 0.05410686880350113, "36": 0.05352480709552765, "37": 0.053101424127817154, "38": 0.052657753229141235, "39": 0.05227841064333916, "40": 0.051959916949272156, "41": 0.051707733422517776, "42": 0.051452890038490295, "43": 0.051208969205617905, "44": 0.05098086968064308, "45": 0.05076947063207626, "46": 0.05054670572280884, "47": 0.0503687709569931, "48": 0.0502031072974205, "49": 0.05001656711101532, "50": 0.04986613988876343, "51": 0.049707308411598206, "52": 0.049610644578933716, "53": 0.04947575181722641, "54": 0.04934835061430931, "55": 0.0492219552397728, "56": 0.0491156131029129, "57": 0.04898558929562569, "58": 0.048886220902204514, "59": 0.04880543798208237, "60": 0.04872655123472214, "61": 0.04864729940891266, "62": 0.048554014414548874, "63": 0.04849349707365036, "64": 0.048455554991960526, "65": 0.04842979460954666, "66": 0.04837954044342041, "67": 0.048331908881664276, "68": 0.04829525947570801, "69": 0.04822390526533127, "70": 0.04816955327987671, "71": 0.04814695566892624, "72": 0.04810043051838875, "73": 0.04806865379214287, "74": 0.04805106669664383, "75": 0.048019006848335266, "76": 0.04799890145659447, "77": 0.047988831996917725, "78": 0.04798097163438797, "79": 0.04797537624835968, "80": 0.04796925187110901, "81": 0.047962311655282974, "82": 0.047954753041267395, "83": 0.047946035861968994, "84": 0.04793629050254822, "85": 0.04792804643511772, "86": 0.047920309007167816, "87": 0.047912854701280594, "88": 0.04790588468313217, "89": 0.0478990375995636, "90": 0.04789217188954353, "91": 0.04788524657487869, "92": 0.04788218066096306, "93": 0.047879934310913086, "94": 0.047877997159957886, "95": 0.04787607491016388, "96": 0.04787418246269226, "97": 0.04787232726812363, "98": 0.04787043482065201, "99": 0.0478685237467289, "100": 0.0478665716946125, "101": 0.04786434769630432, "102": 0.047857895493507385, "103": 0.047855034470558167, "104": 0.04785120487213135, "105": 0.04784826189279556, "106": 0.04784471169114113, "107": 0.047841720283031464, "108": 0.04784014821052551, "109": 0.04783717542886734, "110": 0.047834258526563644, "111": 0.04783128201961517, "112": 0.0478295236825943, "113": 0.04782852903008461}