{"0": 998.3068525195122, "1": 0.3769652545452118, "2": 0.0004968345165252686, "3": 0.011098533868789673, "4": 0.011087357997894287, "5": 0.009768456220626831, "6": 0.008101850748062134, "7": 0.0065965354442596436, "8": 0.00547868013381958, "9": 0.004738032817840576, "10": 0.0041137635707855225, "11": 0.003549426794052124, "12": 0.003130868077278137, "13": 0.0027768313884735107, "14": 0.00260123610496521, "15": 0.002407938241958618, "16": 0.002227276563644409, "17": 0.0021594464778900146, "18": 0.002079382538795471, "19": 0.001960068941116333, "20": 0.0019233524799346924, "21": 0.0018488019704818726, "22": 0.0017764419317245483, "23": 0.0016638189554214478, "24": 0.0016171187162399292, "25": 0.0015658438205718994, "26": 0.0014905035495758057, "27": 0.0014438033103942871, "28": 0.0013855844736099243, "29": 0.0013556480407714844, "30": 0.0013063102960586548, "31": 0.0012832880020141602, "32": 0.0012457221746444702, "33": 0.0012096613645553589, "34": 0.00118197500705719, "35": 0.001146957278251648, "36": 0.0011119097471237183, "37": 0.0010826289653778076, "38": 0.0010555684566497803, "39": 0.0010292232036590576, "40": 0.0010044127702713013, "41": 0.0009721666574478149, "42": 0.0009433776140213013, "43": 0.000920414924621582, "44": 0.0008938759565353394, "45": 0.0008679181337356567, "46": 0.0008459985256195068, "47": 0.0008282065391540527, "48": 0.0008085966110229492, "49": 0.000786125659942627, "50": 0.0007677674293518066, "51": 0.0007493048906326294, "52": 0.0007356554269790649, "53": 0.0007198154926300049, "54": 0.0007032305002212524, "55": 0.0006912052631378174, "56": 0.0006792247295379639, "57": 0.0006661266088485718, "58": 0.0006523430347442627, "59": 0.0006413757801055908, "60": 0.000626876950263977, "61": 0.0006152838468551636, "62": 0.000605463981628418, "63": 0.0005965083837509155, "64": 0.0005899369716644287, "65": 0.0005822628736495972, "66": 0.0005762577056884766, "67": 0.0005672723054885864, "68": 0.0005586743354797363, "69": 0.000550001859664917, "70": 0.0005420297384262085, "71": 0.0005301386117935181, "72": 0.0005225539207458496, "73": 0.0005165338516235352, "74": 0.0005121082067489624, "75": 0.0005088299512863159, "76": 0.0005066841840744019, "77": 0.0005027800798416138, "78": 0.0005033165216445923, "79": 0.0005080699920654297, "80": 0.0005113035440444946, "81": 0.0005171000957489014, "82": 0.0005232244729995728, "83": 0.0005298852920532227, "84": 0.0005338490009307861, "85": 0.0005397498607635498, "86": 0.0005485713481903076, "87": 0.0005531758069992065, "88": 0.0005649030208587646, "89": 0.0005791336297988892, "90": 0.0006003826856613159, "91": 0.0006294846534729004, "92": 0.0006545931100845337, "93": 0.0006647109985351562, "94": 0.0006704330444335938, "95": 0.0006896704435348511, "96": 0.0006909668445587158, "97": 0.0007282495498657227, "98": 0.0007804185152053833, "99": 0.0007394105195999146, "100": 0.0007541775703430176, "101": 0.0007963329553604126, "102": 0.0008191466331481934, "103": 0.0008288919925689697, "104": 0.000722154974937439, "105": 0.0007665902376174927, "106": 0.0007784366607666016, "107": 0.0007565319538116455, "108": 0.0007748156785964966, "109": 0.0007524490356445312, "110": 0.0006063282489776611, "111": 0.0005871206521987915, "112": 0.0006698071956634521, "113": 0.0005736798048019409, "114": 0.0006574243307113647, "115": 0.0005295127630233765, "116": 0.0006020814180374146, "117": 0.0005137920379638672, "118": 0.0006251335144042969, "119": 0.00054188072681427, "120": 0.0005388408899307251, "121": 0.0005129575729370117, "122": 0.00047375261783599854, "123": 0.00048695504665374756, "124": 0.00046637654304504395, "125": 0.0004972070455551147, "126": 0.0004746168851852417, "127": 0.0005061924457550049, "128": 0.0004652440547943115, "129": 0.0004987418651580811, "130": 0.0004870891571044922, "131": 0.0004897415637969971, "132": 0.0004780888557434082, "133": 0.000506177544593811, "134": 0.00045624375343322754, "135": 0.0005144774913787842, "136": 0.00044129788875579834, "137": 0.0004363507032394409, "138": 0.0004459470510482788, "139": 0.00043179094791412354, "140": 0.00045211613178253174, "141": 0.0004472285509109497, "142": 0.00040605664253234863, "143": 0.0003720968961715698, "144": 0.00048154592514038086, "145": 0.0003988593816757202, "146": 0.0003845691680908203, "147": 0.00036872923374176025, "148": 0.0004171133041381836, "149": 0.0003766864538192749, "150": 0.00030399858951568604, "151": 0.00043457746505737305, "152": 0.00039534270763397217, "153": 0.00039748847484588623, "154": 0.0003846883773803711, "155": 0.0003752857446670532, "156": 0.00038307905197143555, "157": 0.0003665834665298462, "158": 0.00035674870014190674, "159": 0.0003434419631958008, "160": 0.00038814544677734375, "161": 0.00031632184982299805, "162": 0.0004182159900665283, "163": 0.00036340951919555664, "164": 0.0003981739282608032, "165": 0.00033906102180480957, "166": 0.00041863322257995605, "167": 0.0003371387720108032, "168": 0.00033052265644073486, "169": 0.00034700334072113037, "170": 0.0003176182508468628, "171": 0.00036494433879852295, "172": 0.000308111310005188, "173": 0.0003171265125274658, "174": 0.0002882033586502075, "175": 0.0003058910369873047, "176": 0.00027433037757873535, "177": 0.000263899564743042, "178": 0.0003132373094558716, "179": 0.0002506822347640991, "180": 0.0002117753028869629, "181": 0.00022035837173461914, "182": 0.00021222233772277832, "183": 0.00021480023860931396, "184": 0.0002149045467376709, "185": 0.00019860267639160156, "186": 0.00022567808628082275, "187": 0.00029627978801727295, "188": 0.00019533932209014893, "189": 0.00021429359912872314, "190": 0.0002303197979927063, "191": 0.00021204352378845215, "192": 0.00021377205848693848, "193": 0.000174693763256073, "194": 0.0002508684992790222, "195": 0.00018209964036941528, "196": 0.00013993680477142334, "197": 0.00013552606105804443, "198": 0.00017789006233215332, "199": 0.0001490861177444458, "200": 0.00013413280248641968, "201": 0.0001291707158088684, "202": 0.00012778490781784058, "203": 0.00018655508756637573, "204": 0.00013679265975952148, "205": 0.00011999160051345825, "206": 0.00016058236360549927, "207": 0.00011802464723587036, "208": 0.00010554492473602295, "209": 0.0001533403992652893, "210": 9.247660636901855e-05, "211": 8.799135684967041e-05, "212": 9.399652481079102e-05, "213": 8.846074342727661e-05, "214": 8.589774370193481e-05, "215": 9.70885157585144e-05, "216": 8.41096043586731e-05, "217": 8.391588926315308e-05, "218": 0.00013802200555801392, "219": 8.452683687210083e-05, "220": 8.665770292282104e-05, "221": 0.0001010596752166748, "222": 6.896257400512695e-05, "223": 6.107985973358154e-05, "224": 7.122009992599487e-05, "225": 7.271021604537964e-05, "226": 5.5208802223205566e-05, "227": 8.808821439743042e-05, "228": 5.1409006118774414e-05, "229": 4.2341649532318115e-05, "230": 8.068978786468506e-05, "231": 4.2222440242767334e-05, "232": 3.901869058609009e-05, "233": 3.95849347114563e-05, "234": 5.239993333816528e-05, "235": 5.839020013809204e-05, "236": 4.179030656814575e-05, "237": 3.976374864578247e-05, "238": 4.540383815765381e-05, "239": 4.1931867599487305e-05, "240": 4.489719867706299e-05, "241": 4.9501657485961914e-05, "242": 4.0471553802490234e-05, "243": 4.080682992935181e-05, "244": 4.9933791160583496e-05, "245": 5.899369716644287e-05, "246": 4.871934652328491e-05, "247": 5.736202001571655e-05, "248": 3.898888826370239e-05, "249": 4.200637340545654e-05, "250": 4.1462481021881104e-05, "251": 4.8473477363586426e-05, "252": 4.151463508605957e-05, "253": 3.8467347621917725e-05, "254": 3.9458274841308594e-05, "255": 3.739446401596069e-05, "256": 3.512948751449585e-05, "257": 4.254281520843506e-05, "258": 4.143267869949341e-05, "259": 4.267692565917969e-05, "260": 3.565102815628052e-05, "261": 3.962218761444092e-05, "262": 4.6543776988983154e-05, "263": 3.828853368759155e-05, "264": 4.6759843826293945e-05, "265": 4.598498344421387e-05, "266": 3.699213266372681e-05, "267": 3.5375356674194336e-05, "268": 3.813207149505615e-05,