{"0": 998.3068525195122, "1": 0.28276216983795166, "2": 0.0006343424320220947, "3": 0.00889173150062561, "4": 0.009740114212036133, "5": 0.009294211864471436, "6": 0.008722245693206787, "7": 0.008155018091201782, "8": 0.007526665925979614, "9": 0.0067754387855529785, "10": 0.006282329559326172, "11": 0.005941480398178101, "12": 0.005563467741012573, "13": 0.005153387784957886, "14": 0.004868894815444946, "15": 0.004609405994415283, "16": 0.00449487566947937, "17": 0.004317224025726318, "18": 0.004179149866104126, "19": 0.003967881202697754, "20": 0.0038298070430755615, "21": 0.0036199986934661865, "22": 0.003516852855682373, "23": 0.0033690333366394043, "24": 0.003254622220993042, "25": 0.003120929002761841, "26": 0.0029859542846679688, "27": 0.0028877854347229004, "28": 0.002785325050354004, "29": 0.0026733875274658203, "30": 0.0025959908962249756, "31": 0.0025001168251037598, "32": 0.002407461404800415, "33": 0.0023238956928253174, "34": 0.002239525318145752, "35": 0.0021487176418304443, "36": 0.0020876824855804443, "37": 0.0020191073417663574, "38": 0.001949608325958252, "39": 0.0018882602453231812, "40": 0.0018291771411895752, "41": 0.0017708837985992432, "42": 0.00171603262424469, "43": 0.0016673803329467773, "44": 0.0016235560178756714, "45": 0.0015867948532104492, "46": 0.0015414059162139893, "47": 0.0015163570642471313, "48": 0.0014768242835998535, "49": 0.0014410912990570068, "50": 0.0014087706804275513, "51": 0.0013764053583145142, "52": 0.0013449639081954956, "53": 0.0013169795274734497, "54": 0.0012955963611602783, "55": 0.001276940107345581, "56": 0.0012599676847457886, "57": 0.0012426823377609253, "58": 0.0012273043394088745, "59": 0.0012118667364120483, "60": 0.0011969208717346191, "61": 0.0011823922395706177, "62": 0.0011696219444274902, "63": 0.0011586248874664307, "64": 0.0011480003595352173, "65": 0.0011407434940338135, "66": 0.0011365562677383423, "67": 0.0011346489191055298, "68": 0.001132369041442871, "69": 0.0011329352855682373, "70": 0.0011386275291442871, "71": 0.0011473149061203003, "72": 0.001155555248260498, "73": 0.0011651664972305298, "74": 0.0011857002973556519, "75": 0.0012052059173583984, "76": 0.0012278109788894653, "77": 0.0012564212083816528, "78": 0.00128975510597229, "79": 0.001338854432106018, "80": 0.0013921856880187988, "81": 0.0014526993036270142, "82": 0.0015189200639724731, "83": 0.0016416758298873901, "84": 0.0018844753503799438, "85": 0.002335667610168457, "86": 0.0017296671867370605, "87": 0.0019087791442871094, "88": 0.002094671130180359, "89": 0.002178087830543518, "90": 0.002190828323364258, "91": 0.0020819008350372314, "92": 0.0019297599792480469, "93": 0.001870959997177124, "94": 0.0017056912183761597, "95": 0.0017927289009094238, "96": 0.0023215264081954956, "97": 0.0014545023441314697, "98": 0.0014954358339309692, "99": 0.0015855580568313599, "100": 0.0014525055885314941, "101": 0.0015232861042022705, "102": 0.0014175623655319214, "103": 0.0014885812997817993, "104": 0.0013887584209442139, "105": 0.001435786485671997, "106": 0.0013455450534820557, "107": 0.0016338229179382324, "108": 0.0012923777103424072, "109": 0.0011732280254364014, "110": 0.001208275556564331, "111": 0.0011197924613952637, "112": 0.0011882930994033813, "113": 0.001095116138458252, "114": 0.0011763423681259155, "115": 0.0010855793952941895, "116": 0.0011884421110153198, "117": 0.0010788291692733765, "118": 0.0013959407806396484, "119": 0.000976264476776123, "120": 0.0010648220777511597, "121": 0.0010879039764404297, "122": 0.0010373294353485107, "123": 0.0010039061307907104, "124": 0.0009718537330627441, "125": 0.0009443908929824829, "126": 0.0009331256151199341, "127": 0.0009286776185035706, "128": 0.0009259507060050964, "129": 0.0010137781500816345, "130": 0.0009015202522277832, "131": 0.0007940381765365601, "132": 0.0008670762181282043, "133": 0.0007888078689575195, "134": 0.0008615627884864807, "135": 0.0007829964160919189, "136": 0.0008708015084266663, "137": 0.0007771104574203491, "138": 0.0008680149912834167, "139": 0.000769488513469696, "140": 0.0009928569197654724, "141": 0.0006967261433601379, "142": 0.0007695406675338745, "143": 0.0007941573858261108, "144": 0.0007629022002220154, "145": 0.0007873773574829102, "146": 0.0007308200001716614, "147": 0.0007240921258926392, "148": 0.000680193305015564, "149": 0.0006751641631126404, "150": 0.000680871307849884, "151": 0.0007683634757995605, "152": 0.0006580278277397156, "153": 0.0005778297781944275, "154": 0.0006343275308609009, "155": 0.0005768761038780212, "156": 0.0006414726376533508, "157": 0.0005934983491897583, "158": 0.0006416141986846924, "159": 0.0005540996789932251, "160": 0.0006529092788696289, "161": 0.0006280243396759033, "162": 0.0007125288248062134, "163": 0.0005164146423339844, "164": 0.0005625784397125244, "165": 0.0005428716540336609, "166": 0.0005430877208709717, "167": 0.0005468130111694336, "168": 0.0005377978086471558, "169": 0.0005430355668067932, "170": 0.0005568638443946838, "171": 0.0005394443869590759, "172": 0.0005366280674934387, "173": 0.0005423426628112793, "174": 0.0006400421261787415, "175": 0.00046581774950027466, "176": 0.0004908889532089233, "177": 0.0004329606890678406, "178": 0.00046812742948532104, "179": 0.0004358813166618347, "180": 0.00048533082008361816, "181": 0.00044117122888565063, "182": 0.0004946514964103699, "183": 0.000436440110206604, "184": 0.0005103349685668945, "185": 0.0004207789897918701, "186": 0.0004483461380004883, "187": 0.0004106462001800537, "188": 0.0004084557294845581, "189": 0.0003865435719490051, "190": 0.00038658827543258667, "191": 0.000387728214263916, "192": 0.00037758052349090576, "193": 0.0004147142171859741, "194": 0.000382348895072937, "195": 0.0004015490412712097, "196": 0.0003928244113922119, "197": 0.0003640800714492798, "198": 0.000376679003238678, "199": 0.000345766544342041, "200": 0.00036016106605529785, "201": 0.0003268420696258545, "202": 0.00034392625093460083, "203": 0.00031920522451400757, "204": 0.0003462284803390503, "205": 0.0003196299076080322, "206": 0.00036625564098358154, "207": 0.0003155320882797241, "208": 0.000352516770362854, "209": 0.0003031045198440552, "210": 0.00033805519342422485, "211": 0.0003048703074455261, "212": 0.0003201514482498169, "213": 0.0002926662564277649, "214": 0.0002891048789024353, "215": 0.0003042146563529968, "216": 0.0002814754843711853, "217": 0.00029231607913970947, "218": 0.00029230862855911255, "219": 0.0002885162830352783, "220": 0.00028461962938308716, "221": 0.0002643689513206482, "222": 0.0002737119793891907, "223": 0.00025069713592529297, "224": 0.0002709105610847473, "225": 0.0002398863434791565, "226": 0.0002536177635192871, "227": 0.00023587048053741455, "228": 0.0002461671829223633, "229": 0.00022602081298828125, "230": 0.00023914873600006104, "231": 0.00021713972091674805, "232": 0.00022251904010772705, "233": 0.00021041929721832275, "234": 0.0002167820930480957, "235": 0.00020697712898254395, "236": 0.00021867454051971436, "237": 0.00020205974578857422, "238": 0.00021242350339889526, "239": 0.00019406527280807495, "240": 0.0002097785472869873, "241": 0.00019865483045578003, "242": 0.000209905207157135, "243": 0.0001916438341140747, "244": 0.00019763410091400146, "245": 0.00018772482872009277, "246": 0.00019793212413787842, "247": 0.00018440932035446167, "248": 0.00020404905080795288, "249": 0.00018587708473205566, "250": 0.00019413232803344727, "251": 0.00017903000116348267, "252": 0.0001905485987663269, "253": 0.00018367916345596313, "254": 0.00019021332263946533, "255": 0.00017569959163665771, "256": 0.00017736852169036865, "257": 0.00018083304166793823, "258": 0.00017975270748138428, "259": 0.00017443299293518066, "260": 0.00018280744552612305, "261": 0.00017091631889343262, "262": 0.00016704946756362915, "263": 0.00019551068544387817, "264": 0.00020353496074676514, "265": 0.0001690387725830078, "266": 0.00018152594566345215, "267": 0.0001692846417427063, "268": 0.00016719847917556763, "269": 0.0001640021800994873,