{"0": 0.6931474804878235, "1": 0.2967960238456726, "2": 0.2964435815811157, "3": 0.28882119059562683, "4": 0.2803732752799988, "5": 0.2722274363040924, "6": 0.264712929725647, "7": 0.25774407386779785, "8": 0.25118860602378845, "9": 0.24505050480365753, "10": 0.23931272327899933, "11": 0.23386727273464203, "12": 0.22872214019298553, "13": 0.22397823631763458, "14": 0.21938547492027283, "15": 0.2149650752544403, "16": 0.21075308322906494, "17": 0.2066998928785324, "18": 0.2027958333492279, "19": 0.19899985194206238, "20": 0.19541621208190918, "21": 0.19194047152996063, "22": 0.18861764669418335, "23": 0.1854228377342224, "24": 0.1823827028274536, "25": 0.1794494390487671, "26": 0.17663930356502533, "27": 0.1739479899406433, "28": 0.1713501662015915, "29": 0.16886679828166962, "30": 0.16648581624031067, "31": 0.16420266032218933, "32": 0.1620078980922699, "33": 0.15990331768989563, "34": 0.1578754037618637, "35": 0.15592074394226074, "36": 0.15402920544147491, "37": 0.15219224989414215, "38": 0.15040826797485352, "39": 0.14867796003818512, "40": 0.1469980776309967, "41": 0.14536529779434204, "42": 0.14377743005752563, "43": 0.14223286509513855, "44": 0.1407260000705719, "45": 0.13924863934516907, "46": 0.13779814541339874, "47": 0.13637179136276245, "48": 0.13496243953704834, "49": 0.13357292115688324, "50": 0.13220444321632385, "51": 0.13085754215717316, "52": 0.12953348457813263, "53": 0.12823018431663513, "54": 0.12694291770458221, "55": 0.1256704181432724, "56": 0.12441214174032211, "57": 0.12316174805164337, "58": 0.12191632390022278, "59": 0.12067835032939911, "60": 0.11944901943206787, "61": 0.11822998523712158, "62": 0.11702289432287216, "63": 0.11582916975021362, "64": 0.11464882642030716, "65": 0.11348306387662888, "66": 0.11233597248792648, "67": 0.11119860410690308, "68": 0.11007978767156601, "69": 0.10896036028862, "70": 0.10782817006111145, "71": 0.10665804892778397, "72": 0.1054929569363594, "73": 0.10431042313575745, "74": 0.10314959287643433, "75": 0.10196244716644287, "76": 0.1008392870426178, "77": 0.09947548806667328, "78": 0.09826423972845078, "79": 0.0973423570394516, "80": 0.09633155167102814, "81": 0.09533164650201797, "82": 0.09435009956359863, "83": 0.0933915376663208, "84": 0.09243541955947876, "85": 0.09149317443370819, "86": 0.09055140614509583, "87": 0.08965525031089783, "88": 0.08877065777778625, "89": 0.08785676956176758, "90": 0.08690598607063293, "91": 0.08620235323905945, "92": 0.08545306324958801, "93": 0.08476503193378448, "94": 0.08401760458946228, "95": 0.08331257104873657, "96": 0.0825662612915039, "97": 0.08184346556663513, "98": 0.08109866082668304, "99": 0.08038442581892014, "100": 0.07965350151062012, "101": 0.07889306545257568, "102": 0.07819628715515137, "103": 0.07758226990699768, "104": 0.07695788890123367, "105": 0.07636021077632904, "106": 0.07574421167373657, "107": 0.0751369372010231, "108": 0.0745086669921875, "109": 0.0738944262266159, "110": 0.07326088100671768, "111": 0.0726553350687027, "112": 0.0720367357134819, "113": 0.07146100699901581, "114": 0.07090341299772263, "115": 0.07038134336471558, "116": 0.06984677910804749, "117": 0.06932981312274933, "118": 0.06879228353500366, "119": 0.06826408207416534, "120": 0.06773097068071365, "121": 0.06720190495252609, "122": 0.06666456162929535, "123": 0.06612838059663773, "124": 0.06559165567159653, "125": 0.06508704274892807, "126": 0.06459324806928635, "127": 0.06413307040929794, "128": 0.06366212666034698, "129": 0.06320574134588242, "130": 0.06273653358221054, "131": 0.06226179003715515, "132": 0.061768919229507446, "133": 0.06128758564591408, "134": 0.06079964339733124, "135": 0.06033169478178024, "136": 0.059871479868888855, "137": 0.05942842736840248, "138": 0.05899366736412048, "139": 0.05857298895716667, "140": 0.05814482644200325, "141": 0.05773060768842697, "142": 0.057306740432977676, "143": 0.05690852552652359, "144": 0.05652403086423874, "145": 0.05613688379526138, "146": 0.05575327202677727, "147": 0.05537038296461105, "148": 0.055003128945827484, "149": 0.054645322263240814, "150": 0.054302018135786057, "151": 0.05396246910095215, "152": 0.053615503013134, "153": 0.053276177495718, "154": 0.05293438956141472, "155": 0.052592985332012177, "156": 0.0522456169128418, "157": 0.05190640315413475, "158": 0.05157380551099777, "159": 0.05124220252037048, "160": 0.050920773297548294, "161": 0.05059528723359108, "162": 0.050298530608415604, "163": 0.049979060888290405, "164": 0.049664273858070374, "165": 0.04934323951601982, "166": 0.049028411507606506, "167": 0.048728685826063156, "168": 0.048435963690280914, "169": 0.04814523458480835, "170": 0.04785814881324768, "171": 0.04759655520319939, "172": 0.0473194494843483, "173": 0.0470697358250618, "174": 0.04681386053562164, "175": 0.04656459391117096, "176": 0.0462983213365078, "177": 0.04604729264974594, "178": 0.045794516801834106, "179": 0.04554552584886551, "180": 0.045300666242837906, "181": 0.04505667835474014, "182": 0.044829629361629486, "183": 0.04460574686527252, "184": 0.04438550025224686, "185": 0.04415161907672882, "186": 0.04391505569219589, "187": 0.04368344321846962, "188": 0.04346618056297302, "189": 0.04323671758174896, "190": 0.043005164712667465, "191": 0.042777955532073975, "192": 0.042557619512081146, "193": 0.0423538014292717, "194": 0.04214174672961235, "195": 0.04194222018122673, "196": 0.04172501713037491, "197": 0.04151863604784012, "198": 0.04130415618419647, "199": 0.04110560566186905, "200": 0.040906377136707306, "201": 0.0407131128013134, "202": 0.040517598390579224, "203": 0.040326736867427826, "204": 0.040136486291885376, "205": 0.039943620562553406, "206": 0.03976142406463623, "207": 0.039569467306137085, "208": 0.03938133269548416, "209": 0.0391952246427536, "210": 0.039018020033836365, "211": 0.038845743983983994, "212": 0.03866579383611679, "213": 0.03848256543278694, "214": 0.038304563611745834, "215": 0.03813335299491882, "216": 0.037950821220874786, "217": 0.037766098976135254, "218": 0.03759114071726799, "219": 0.03740648180246353, "220": 0.037228114902973175, "221": 0.037048790603876114, "222": 0.036884382367134094, "223": 0.03671093285083771, "224": 0.036536913365125656, "225": 0.03636643663048744, "226": 0.03620830178260803, "227": 0.03606612607836723, "228": 0.035912737250328064, "229": 0.03577983379364014, "230": 0.03563602268695831, "231": 0.03548954054713249, "232": 0.035355985164642334, "233": 0.03522428125143051, "234": 0.035105831921100616, "235": 0.03498811274766922, "236": 0.03486376255750656, "237": 0.03473442792892456, "238": 0.034615300595760345, "239": 0.03449710085988045, "240": 0.03438954800367355, "241": 0.03427669033408165, "242": 0.03415675461292267, "243": 0.034041717648506165, "244": 0.03391716629266739, "245": 0.03379899263381958, "246": 0.03368464112281799, "247": 0.03356421738862991, "248": 0.03346431255340576, "249": 0.03336739167571068, "250": 0.03326353058218956, "251": 0.033157892525196075, "252": 0.033068425953388214, "253": 0.03297495096921921, "254": 0.03286747634410858, "255": 0.03275619447231293, "256": 0.03264854848384857, "257": 0.03253718093037605, "258": 0.03242482990026474, "259": 0.03233233094215393, "260": 0.03224203363060951, "261": 0.032160136848688126, "262": 0.032088764011859894, "263": 0.032006777822971344, "264": 0.031922657042741776, "265": 0.031844690442085266, "266": 0.031771980226039886, "267": 0.031701892614364624, "268": 0.031645216047763824, "269": 0.03158578649163246, "270": 0.031548451632261276, "271": 0.03151022270321846, "272": 0.03146883845329285, "273": 0.03141819313168526, "274": 0.03136405348777771, "275": 0.03132561594247818, "276": 0.03129415214061737, "277": 0.031260691583156586, "278": 0.031228018924593925, "279": 0.03119545802474022, "280": 0.031154315918684006, "281": 0.031109537929296494, "282": 0.03105866350233555, "283": 0.0310061052441597, "284": 0.030954020097851753, "285": 0.030913054943084717, "286": 0.030873771756887436, "287": 0.030833203345537186, "288": 0.030776601284742355,