{"0": 998.3068525195122, "1": 0.6182187646627426, "2": 6.054341793060303e-05, "3": 0.006975255906581879, "4": 0.0018673166632652283, "5": 0.0016097500920295715, "6": 0.001308634877204895, "7": 0.001041550189256668, "8": 0.000838596373796463, "9": 0.0006975159049034119, "10": 0.0006003454327583313, "11": 0.0005029737949371338, "12": 0.0004433095455169678, "13": 0.00040308013558387756, "14": 0.00037385523319244385, "15": 0.00035735219717025757, "16": 0.0003510601818561554, "17": 0.0003446750342845917, "18": 0.0003390759229660034, "19": 0.00034036487340927124, "20": 0.0003383532166481018, "21": 0.00035906583070755005, "22": 0.0003985464572906494, "23": 0.0004317834973335266, "24": 0.0004657655954360962, "25": 0.0005467422306537628, "26": 0.0004625245928764343, "27": 0.0006992481648921967, "28": 0.0003560855984687805, "29": 0.0004350394010543823, "30": 0.00047346949577331543, "31": 0.0004239380359649658, "32": 0.000460207462310791, "33": 0.0003885701298713684, "34": 0.0003927275538444519, "35": 0.000383574515581131, "36": 0.00033254921436309814, "37": 0.00039377808570861816, "38": 0.0003596842288970947, "39": 0.00035536661744117737, "40": 0.0002978965640068054, "41": 0.00035490095615386963, "42": 0.00031458213925361633, "43": 0.00032668188214302063, "44": 0.00030984729528427124, "45": 0.00028277188539505005, "46": 0.00031030550599098206, "47": 0.00026224181056022644, "48": 0.0002835392951965332, "49": 0.0002447962760925293, "50": 0.00023719295859336853, "51": 0.00021278485655784607, "52": 0.0002058856189250946, "53": 0.00021150335669517517, "54": 0.0001957044005393982, "55": 0.00020643696188926697, "56": 0.00018377602100372314, "57": 0.00020771846175193787, "58": 0.00017813220620155334, "59": 0.00019421055912971497, "60": 0.00016392767429351807, "61": 0.00018110498785972595, "62": 0.00017962604761123657, "63": 0.00018569082021713257, "64": 0.00015442818403244019, "65": 0.00016335397958755493, "66": 0.00015638768672943115, "67": 0.00015691295266151428, "68": 0.0001431480050086975, "69": 0.0001501329243183136, "70": 0.00014147907495498657, "71": 0.00013440847396850586, "72": 0.0001289471983909607, "73": 0.00014055520296096802, "74": 0.00013320520520210266, "75": 0.00012284144759178162, "76": 0.00011790916323661804, "77": 0.0001146756112575531, "78": 0.00010703504085540771, "79": 0.00011682510375976562, "80": 0.0001066252589225769, "81": 0.00011226534843444824, "82": 0.00011008605360984802, "83": 9.908899664878845e-05, "84": 0.00010089576244354248, "85": 9.780377149581909e-05, "86": 8.458271622657776e-05, "87": 9.378790855407715e-05, "88": 8.6173415184021e-05, "89": 8.144602179527283e-05, "90": 8.025765419006348e-05, "91": 7.849931716918945e-05, "92": 7.322430610656738e-05, "93": 7.721781730651855e-05, "94": 7.720291614532471e-05, "95": 7.533282041549683e-05, "96": 7.233768701553345e-05, "97": 7.252022624015808e-05, "98": 7.04936683177948e-05, "99": 7.351860404014587e-05, "100": 6.83031976222992e-05, "101": 7.570534944534302e-05, "102": 6.652623414993286e-05, "103": 6.475299596786499e-05, "104": 6.467849016189575e-05, "105": 6.841868162155151e-05, "106": 6.946176290512085e-05, "107": 7.034838199615479e-05, "108": 5.066394805908203e-05, "109": 4.707649350166321e-05, "110": 4.964694380760193e-05, "111": 5.052238702774048e-05, "112": 5.173683166503906e-05, "113": 4.6350061893463135e-05, "114": 4.567950963973999e-05, "115": 4.509836435317993e-05, "116": 4.652887582778931e-05, "117": 4.712492227554321e-05, "118": 5.148351192474365e-05, "119": 4.970282316207886e-05, "120": 4.943832755088806e-05, "121": 4.631653428077698e-05, "122": 4.3530017137527466e-05, "123": 4.6465545892715454e-05, "124": 4.616379737854004e-05, "125": 4.717335104942322e-05, "126": 4.618987441062927e-05, "127": 4.60892915725708e-05, "128": 4.293769598007202e-05, "129": 4.722177982330322e-05, "130": 4.7691166400909424e-05, "131": 4.3686479330062866e-05, "132": 4.564225673675537e-05, "133": 4.295632243156433e-05, "134": 4.337728023529053e-05, "135": 4.009902477264404e-05, "136": 4.3623149394989014e-05, "137": 4.474073648452759e-05, "138": 3.9204955101013184e-05, "139": 3.800541162490845e-05, "140": 4.1268765926361084e-05, "141": 4.7326087951660156e-05, "142": 4.56199049949646e-05, "143": 4.7616660594940186e-05, "144": 4.564598202705383e-05, "145": 4.840642213821411e-05, "146": 5.4113566875457764e-05, "147": 5.4094940423965454e-05, "148": 4.692003130912781e-05, "149": 4.427880048751831e-05, "150": 3.989413380622864e-05, "151": 3.7398189306259155e-05, "152": 3.1754374504089355e-05, "153": 3.768131136894226e-05, "154": 2.6982277631759644e-05, "155": 3.2957643270492554e-05, "156": 1.4640390872955322e-05, "157": 1.7799437046051025e-05, "158": 1.2680888175964355e-05, "159": 1.757591962814331e-05, "160": 1.570582389831543e-05, "161": 1.4603137969970703e-05, "162": 1.448020339012146e-05, "163": 1.5202909708023071e-05, "164": 1.4312565326690674e-05, "165": 1.6160309314727783e-05, "166": 1.726299524307251e-05, "167": 1.7471611499786377e-05, "168": 1.702830195426941e-05, "169": 2.156570553779602e-05, "170": 2.0448118448257446e-05, "171": 2.123415470123291e-05, "172": 2.037733793258667e-05, "173": 2.2824853658676147e-05, "174": 2.016127109527588e-05, "175": 1.753866672515869e-05, "176": 1.4163553714752197e-05, "177": 1.0099261999130249e-05, "178": 1.1898577213287354e-05, "179": 1.2680888175964355e-05, "180": 1.3325363397598267e-05, "181": 1.4409422874450684e-05, "182": 1.8291175365447998e-05, "183": 1.4550983905792236e-05, "184": 1.4703720808029175e-05, "185": 1.321360468864441e-05, "186": 1.3317912817001343e-05, "187": 1.4565885066986084e-05, "188": 1.241639256477356e-05, "189": 1.1626631021499634e-05, "190": 1.1179596185684204e-05, "191": 1.1414289474487305e-05, "192": 1.1682510375976562e-05, "193": 1.0680407285690308e-05, "194": 1.029670238494873e-05, "195": 1.3742595911026001e-05, "196": 9.756535291671753e-06, "197": 1.0076910257339478e-05, "198": 1.2967735528945923e-05, "199": 1.015886664390564e-05, "200": 1.0147690773010254e-05, "201": 1.3425946235656738e-05, "202": 9.939074516296387e-06, "203": 9.644776582717896e-06, "204": 9.480863809585571e-06, "205": 9.987503290176392e-06, "206": 8.72090458869934e-06, "207": 1.2040138244628906e-05, "208": 7.238239049911499e-06, "209": 7.126480340957642e-06, "210": 1.0520219802856445e-05, "211": 6.884336471557617e-06, "212": 6.8731606006622314e-06, "213": 1.0069459676742554e-05, "214": 7.197260856628418e-06, "215": 7.547438144683838e-06, "216": 1.181289553642273e-05, "217": 7.111579179763794e-06, "218": 7.212162017822266e-06, "219": 7.316470146179199e-06, "220": 6.92903995513916e-06, "221": 6.8694353103637695e-06, "222": 7.674098014831543e-06, "223": 6.601214408874512e-06, "224": 6.776303052902222e-06, "225": 8.847564458847046e-06, "226": 6.906688213348389e-06, "227": 6.3963234424591064e-06, "228": 6.232410669326782e-06, "229": 5.431473255157471e-06, "230": 4.9620866775512695e-06, "231": 7.335096597671509e-06, "232": 5.062669515609741e-06, "233": 4.6603381633758545e-06, "234": 6.57886266708374e-06, "235": 4.816800355911255e-06, "236": 5.014240741729736e-06, "237": 5.707144737243652e-06, "238": 6.67572021484375e-06, "239": 5.669891834259033e-06, "240": 5.200505256652832e-06, "241": 5.364418029785156e-06, "242": 6.802380084991455e-06, "243": 5.207955837249756e-06, "244": 5.204230546951294e-06, "245": 5.237758159637451e-06, "246": 7.078051567077637e-06, "247": 4.194676876068115e-06, "248": 3.5278499126434326e-06, "249": 3.7401914596557617e-06, "250": 3.516674041748047e-06, "251": 3.859400749206543e-06, "252": 3.5427510738372803e-06, "253": 3.91155481338501e-06, "254": 4.652887582778931e-06, "255": 3.725290298461914e-06, "256": 3.9637088775634766e-06, "257": 3.419816493988037e-06, "258": 3.3639371395111084e-06, "259": 2.5480985641479492e-06, "260": 2.4922192096710205e-06, "261": 2.5480985641479492e-06, "262": 2.175569534301758e-06, "263": 4.194676876068115e-06, "264": 2.4400651454925537e-06, "265": 2.469867467880249e-06, "266": 2.779066562652588e-06,