{"0": 0.6931474804878235, "1": 0.5953548550605774, "2": 0.5938264727592468, "3": 0.5829266309738159, "4": 0.5709167122840881, "5": 0.55903160572052, "6": 0.5478857159614563, "7": 0.5375779271125793, "8": 0.5280491709709167, "9": 0.5193110704421997, "10": 0.5113475918769836, "11": 0.5040281414985657, "12": 0.4972488284111023, "13": 0.4908992648124695, "14": 0.4849183261394501, "15": 0.4792855381965637, "16": 0.47395360469818115, "17": 0.4688931405544281, "18": 0.46405112743377686, "19": 0.459465354681015, "20": 0.45513853430747986, "21": 0.45094531774520874, "22": 0.446930468082428, "23": 0.4430637061595917, "24": 0.4393298625946045, "25": 0.43573734164237976, "26": 0.4322303831577301, "27": 0.4288729429244995, "28": 0.425554484128952, "29": 0.4223126769065857, "30": 0.4191801846027374, "31": 0.4161149263381958, "32": 0.4131263792514801, "33": 0.4102209806442261, "34": 0.40737757086753845, "35": 0.40459442138671875, "36": 0.40187355875968933, "37": 0.3992118835449219, "38": 0.39660823345184326, "39": 0.39405786991119385, "40": 0.39155450463294983, "41": 0.38909298181533813, "42": 0.3866842985153198, "43": 0.38431447744369507, "44": 0.3819986879825592, "45": 0.3797309696674347, "46": 0.37751224637031555, "47": 0.3753529191017151, "48": 0.3731969892978668, "49": 0.37106800079345703, "50": 0.3689711093902588, "51": 0.3669125437736511, "52": 0.3648895025253296, "53": 0.3628968894481659, "54": 0.3609318733215332, "55": 0.35900136828422546, "56": 0.357098788022995, "57": 0.3552185297012329, "58": 0.35336148738861084, "59": 0.3515278398990631, "60": 0.3497181534767151, "61": 0.3479311168193817, "62": 0.3461707830429077, "63": 0.3444198966026306, "64": 0.3426920771598816, "65": 0.340989351272583, "66": 0.3393065631389618, "67": 0.3376390337944031, "68": 0.33599403500556946, "69": 0.3343676030635834, "70": 0.3327583968639374, "71": 0.3311634659767151, "72": 0.32958146929740906, "73": 0.32801544666290283, "74": 0.3264685273170471, "75": 0.3249349296092987, "76": 0.3234109580516815, "77": 0.32189738750457764, "78": 0.3203945457935333, "79": 0.3189030587673187, "80": 0.31742608547210693, "81": 0.31596019864082336, "82": 0.31450894474983215, "83": 0.3130626678466797, "84": 0.31162184476852417, "85": 0.31019315123558044, "86": 0.3087752163410187, "87": 0.30736154317855835, "88": 0.30595582723617554, "89": 0.30455300211906433, "90": 0.30315151810646057, "91": 0.30176615715026855, "92": 0.30037984251976013, "93": 0.2989855110645294, "94": 0.29759007692337036, "95": 0.2961929440498352, "96": 0.2947978973388672, "97": 0.29340115189552307, "98": 0.29200121760368347, "99": 0.2905937433242798, "100": 0.2891874313354492, "101": 0.28777164220809937, "102": 0.28634461760520935, "103": 0.28490015864372253, "104": 0.2834374010562897, "105": 0.2819753587245941, "106": 0.28049254417419434, "107": 0.27900052070617676, "108": 0.27747881412506104, "109": 0.27590835094451904, "110": 0.2743244171142578, "111": 0.2727201581001282, "112": 0.27110961079597473, "113": 0.2694108784198761, "114": 0.2676892578601837, "115": 0.26601648330688477, "116": 0.26438212394714355, "117": 0.26270532608032227, "118": 0.2609665095806122, "119": 0.2593885660171509, "120": 0.25772154331207275, "121": 0.2561368942260742, "122": 0.25446176528930664, "123": 0.25302577018737793, "124": 0.25144389271736145, "125": 0.24997082352638245, "126": 0.24845531582832336, "127": 0.24731895327568054, "128": 0.24587246775627136, "129": 0.24447894096374512, "130": 0.2430555522441864, "131": 0.24181264638900757, "132": 0.24051369726657867, "133": 0.23936344683170319, "134": 0.23811018466949463, "135": 0.23701047897338867, "136": 0.23570528626441956, "137": 0.23456810414791107, "138": 0.23337219655513763, "139": 0.23240894079208374, "140": 0.23127612471580505, "141": 0.23023788630962372, "142": 0.22917357087135315, "143": 0.22818487882614136, "144": 0.22713693976402283, "145": 0.22618494927883148, "146": 0.22512070834636688, "147": 0.22416584193706512, "148": 0.22310511767864227, "149": 0.22220003604888916, "150": 0.22123946249485016, "151": 0.22041375935077667, "152": 0.21947970986366272, "153": 0.21863588690757751, "154": 0.217741459608078, "155": 0.21690386533737183, "156": 0.21604150533676147, "157": 0.21522700786590576, "158": 0.214356929063797, "159": 0.21355774998664856, "160": 0.2126702219247818, "161": 0.211908221244812, "162": 0.21106933057308197, "163": 0.21034523844718933, "164": 0.20955750346183777, "165": 0.20882447063922882, "166": 0.20807605981826782, "167": 0.20738327503204346, "168": 0.20666846632957458, "169": 0.20600783824920654, "170": 0.20529206097126007, "171": 0.20463472604751587, "172": 0.2039327621459961, "173": 0.20329836010932922, "174": 0.20261621475219727, "175": 0.20200017094612122, "176": 0.20134098827838898, "177": 0.20073950290679932, "178": 0.20007027685642242, "179": 0.19947823882102966, "180": 0.19882306456565857, "181": 0.19824299216270447, "182": 0.19759595394134521, "183": 0.19704869389533997, "184": 0.19643178582191467, "185": 0.1958915889263153, "186": 0.19528883695602417, "187": 0.19477303326129913, "188": 0.19419677555561066, "189": 0.1936870813369751, "190": 0.19315779209136963, "191": 0.19266757369041443, "192": 0.19214223325252533, "193": 0.19166910648345947, "194": 0.19117778539657593, "195": 0.19070976972579956, "196": 0.19021739065647125, "197": 0.18976198136806488, "198": 0.18928545713424683, "199": 0.18885239958763123, "200": 0.1884041428565979, "201": 0.18798743188381195, "202": 0.18753966689109802, "203": 0.18713903427124023, "204": 0.18669259548187256, "205": 0.1863115131855011, "206": 0.1859193742275238, "207": 0.1855684518814087, "208": 0.1851544976234436, "209": 0.1848059594631195, "210": 0.18436449766159058, "211": 0.1840265691280365, "212": 0.18357619643211365, "213": 0.18319037556648254, "214": 0.18279343843460083, "215": 0.18247956037521362, "216": 0.18215540051460266, "217": 0.18184706568717957, "218": 0.1815306544303894, "219": 0.18122544884681702, "220": 0.18090321123600006, "221": 0.1806119978427887, "222": 0.18031129240989685, "223": 0.18002533912658691, "224": 0.17972339689731598, "225": 0.17943845689296722, "226": 0.1791212260723114, "227": 0.1788552850484848, "228": 0.17853760719299316, "229": 0.17826902866363525, "230": 0.1779347062110901, "231": 0.17764733731746674, "232": 0.17735199630260468, "233": 0.177109032869339, "234": 0.17683063447475433, "235": 0.1765955537557602, "236": 0.1763375699520111, "237": 0.17608976364135742, "238": 0.17586272954940796, "239": 0.17561975121498108, "240": 0.1754123866558075, "241": 0.1751892864704132, "242": 0.1749827265739441, "243": 0.17479348182678223, "244": 0.17457866668701172, "245": 0.17439821362495422, "246": 0.17418862879276276, "247": 0.17401129007339478, "248": 0.17377838492393494, "249": 0.17360728979110718, "250": 0.1734081506729126, "251": 0.17321856319904327, "252": 0.17304468154907227, "253": 0.1728775054216385, "254": 0.17271527647972107, "255": 0.17254357039928436, "256": 0.17238488793373108, "257": 0.17221376299858093, "258": 0.1720603108406067, "259": 0.1718740463256836, "260": 0.171726256608963, "261": 0.17154745757579803, "262": 0.17138731479644775, "263": 0.17121072113513947, "264": 0.17104968428611755, "265": 0.17088457942008972, "266": 0.17072413861751556, "267": 0.17056319117546082, "268": 0.1704096794128418, "269": 0.17024725675582886, "270": 0.17009636759757996, "271": 0.16994941234588623, "272": 0.16981211304664612, "273": 0.16966789960861206, "274": 0.16954347491264343, "275": 0.16937434673309326, "276": 0.1692325323820114, "277": 0.16909250617027283, "278": 0.16895461082458496, "279": 0.16881954669952393, "280": 0.168680801987648, "281": 0.1685349941253662, "282": 0.16841411590576172, "283": 0.16827517747879028, "284": 0.1681472808122635, "285": 0.16801796853542328, "286": 0.16788999736309052, "287": 0.16775232553482056, "288": 0.16762879490852356, "289": 0.16746705770492554, "290": 0.1673160344362259, "291": 0.167167529463768, "292": 0.16703897714614868, "293": 0.16690851747989655,