,Accuracy,Precision,Recall,F1-score,ROC-AUC,PR-AUC,MCC
B,0.9997063617220292,0.9975586447023266,0.9990036231884059,0.9982802351534998,0.999387762961593,0.9966494806370043,0.9981202491983787
CD4_T,0.9751721231450953,0.9315411641471718,0.9735983927569041,0.9521039747145998,0.9746524206823544,0.9136379224984926,0.9357747717594119
CD8_T,0.9752803034530005,0.8892724282873541,0.9628957055214723,0.9246198187698529,0.9702451284912905,0.8621239986211314,0.9108940949828928
DC,0.9977899886718958,0.9207677357142247,0.9853700954400848,0.9519222633815021,0.9917209257032887,0.9076008885058335,0.9513924302459061
Mono,0.9943745099427007,0.983174495194514,0.9985207204617428,0.9907881221291062,0.9955465147906196,0.9821683866371446,0.9868007659545059
NK,0.9919867763820406,0.9435767292700554,0.989753051344843,0.9661076544599405,0.9910155892643153,0.9350894431902909,0.9619234953757078
other,0.42958682040985446,0.03165736258945002,0.32194159379640325,0.03843830855911422,0.3769376085338416,0.02258731983476009,-0.07543474631818965
other_T,0.9930840467564085,0.920255353226495,0.914565406334023,0.9173508966147205,0.9555445195890149,0.8451871230558327,0.9137744113181204
