,Accuracy,Precision,Recall,F1-score,ROC-AUC,PR-AUC,MCC
B,0.9996677242344253,0.9969282239941556,0.9991847826086957,0.9980549222963685,0.9994487745473764,0.9961850086647631,0.9978742138206307
CD4_T,0.8271013140056708,0.5947918959043361,0.9991463693443519,0.745616401589202,0.8839174554515983,0.5945000003641568,0.6755811205274408
CD8_T,0.7074360353761,0.35004642898292737,0.9990184049079754,0.5183581399541456,0.8259839713454644,0.34985513155522774,0.4775306719380046
DC,0.9958581596713604,0.845158868489893,0.9958206332373883,0.9143127804458018,0.9958398250745185,0.8417230561326576,0.9154353584444117
Mono,0.9932695050250245,0.9792246247902547,0.9989798195524731,0.9890035362754521,0.9948836310991016,0.9785348657167035,0.9842569164771279
NK,0.9896299502439309,0.9228814860990766,0.9931687905908859,0.9567252133490914,0.9911686021438009,0.9173748765446247,0.9516770185915002
other,0.044656436240638406,0.009414627270589978,0.4330183138096023,0.01842776801332843,0.23461740293780897,0.017922261192430507,-0.48960207926596
other_T,0.9454141856301082,0.434701577316215,0.9874795210769838,0.603428327839973,0.9655255324371852,0.429765777642355,0.6356418830997457
