,Lambda,Feature_no,Odds_ratio,P-value
0,0.02154434690031885,13,382.28921568627453,5.3172134113888784e-15
0,0.010000000000000004,18,208.49019607843138,9.730491205314461e-14
0,0.004641588833612781,23,176.44356435643564,4.511016377362002e-15
0,0.0021544346900318843,37,124.96071829405163,2.787423644915713e-17
0,0.0010000000000000002,103,55.20520402128918,3.344312638698017e-19
0,0.00046415888336127795,337,38.98169642857143,3.760729686552633e-33
0,0.0002154434690031884,561,50.48950244463618,6.300404004809682e-56
