,Lambda,Feature_no,Odds_ratio,P-value
0,0.02154434690031885,8,446.46666666666664,1.5329430357503125e-07
0,0.010000000000000004,11,279.01666666666665,4.503087425959217e-07
0,0.004641588833612781,19,139.475,2.623333881759235e-06
0,0.0021544346900318843,36,159.33333333333334,1.1715165039752656e-11
0,0.0010000000000000002,65,137.77747252747253,3.421125789354259e-16
0,0.00046415888336127795,111,126.55860058309038,4.841385439413163e-22
0,0.0002154434690031884,297,78.27189283056313,5.0887374949309885e-27
