,Lambda,Feature_no,Odds_ratio,P-value
0,0.02154434690031885,7,279.2583333333333,0.004375253595570694
0,0.010000000000000004,11,698.1041666666666,3.479487528302593e-08
0,0.004641588833612781,25,375.3053221288515,1.4242793146505417e-09
0,0.0021544346900318843,63,374.4,1.9495132835078768e-17
0,0.0010000000000000002,150,216.73376623376623,7.984563739050783e-19
0,0.00046415888336127795,389,176.75733333333332,6.81964393789455e-23
0,0.0002154434690031884,694,120.90574374079529,2.2755494699794835e-21
