,Lambda,Feature_no,Odds_ratio,P-value
0,0.0014677992676220694,12,inf,3.49946213715901e-11
0,0.0006812920690579617,18,4189.875,8.159116863296425e-07
0,0.00046415888336127795,23,inf,2.817067020413003e-10
0,0.00031622776601683783,33,inf,8.678666100154346e-10
0,0.0002154434690031884,60,inf,5.44325428789006e-09
