,Lambda,Feature_no,Odds_ratio,P-value
0,0.02154434690031885,16,203.0969696969697,0.005710786048970356
0,0.010000000000000004,42,286.21367521367523,3.9859601622722075e-07
0,0.004641588833612781,65,274.3032786885246,6.284934562013919e-09
0,0.0021544346900318843,135,365.290625,1.139306622982412e-14
0,0.0010000000000000002,312,550.066225165563,2.728193835143066e-19
0,0.00046415888336127795,456,inf,3.456156191367703e-23
0,0.0002154434690031884,854,inf,6.889502419495126e-20
