,Lambda,Feature_no,Odds_ratio,P-value
0,0.02154434690031885,10,1015.3333333333334,5.937898985124399e-11
0,0.010000000000000004,25,528.8368421052631,2.0439207816178026e-14
0,0.004641588833612781,55,464.81944444444446,3.0749049965504216e-22
0,0.0021544346900318843,79,506.75757575757575,2.4633012403845504e-28
0,0.0010000000000000002,234,346.8333333333333,1.1731731256569209e-33
0,0.00046415888336127795,551,342.9234404536862,5.131402458325751e-36
0,0.0002154434690031884,1010,181.05465587044534,3.640491378572158e-30
