,Lambda,Feature_no,Odds_ratio,P-value
0,0.02154434690031885,7,507.8787878787879,0.002502158330509564
0,0.010000000000000004,13,609.3636363636364,9.133924264379034e-06
0,0.004641588833612781,24,531.8253968253969,7.053029491574605e-08
0,0.0021544346900318843,55,328.1862745098039,3.1720539511551545e-09
0,0.0010000000000000002,118,146.5438596491228,7.051785237462429e-08
0,0.00046415888336127795,274,124.09701492537313,2.4963387408335266e-10
0,0.0002154434690031884,478,140.66382978723405,7.563854393654551e-13
