,Lambda,Feature_no,Odds_ratio,P-value
0,0.02154434690031885,8,478.85714285714283,0.002621152436461609
0,0.010000000000000004,27,523.484375,7.644043336780253e-08
0,0.004641588833612781,42,503.593984962406,6.963757748837992e-10
0,0.0021544346900318843,70,627.43125,3.041207829330378e-14
0,0.0010000000000000002,97,650.1638888888889,4.4375958232670014e-16
0,0.00046415888336127795,271,571.3454198473282,6.97080689184172e-18
0,0.0002154434690031884,545,inf,1.8882216125070574e-20
