,Lambda,Feature_no,Odds_ratio,P-value
0,0.004641588833612781,7,429.71794871794873,0.002918662539829116
0,0.0021544346900318843,13,507.77272727272725,1.2588237192119094e-05
0,0.0010000000000000002,15,429.62820512820514,1.6937620789899003e-05
0,0.00046415888336127795,19,328.5,2.7557816828619396e-05
0,0.0002154434690031884,38,260.95324675324673,4.842573131146736e-07
