,Lambda,Feature_no,Odds_ratio,P-value
0,0.02154434690031885,6,1117.5333333333333,0.0012517508054062203
0,0.010000000000000004,8,798.1904761904761,0.0016687025077915855
0,0.004641588833612781,12,1340.84,2.4620685693142775e-06
0,0.0021544346900318843,19,1571.015625,5.387021453309139e-09
0,0.0010000000000000002,28,1005.18,1.819780542983987e-08
0,0.00046415888336127795,67,392.19140625,2.6517922731739897e-07
0,0.0002154434690031884,229,371.7299107142857,2.9505421199484445e-10
