,Lambda,Feature_no,Odds_ratio,P-value
0,0.02154434690031885,9,1368.2448979591836,2.302239779586375e-06
0,0.010000000000000004,11,2095.0625,2.2022954188761416e-09
0,0.004641588833612781,19,1787.4133333333334,9.249481872516039e-12
0,0.0021544346900318843,27,1903.8068181818182,2.871312145931383e-14
0,0.0010000000000000002,49,951.2784090909091,6.767359102524822e-13
0,0.00046415888336127795,89,497.6934523809524,1.4672144486343077e-11
0,0.0002154434690031884,292,232.46853146853147,3.4004615351665524e-11
