,Lambda,Feature_no,Odds_ratio,P-value
0,0.010000000000000004,7,620.7777777777778,0.0020855050013264408
0,0.02154434690031885,7,620.7777777777778,0.0020855050013264408
0,0.004641588833612781,10,1047.5,3.5961770547474434e-06
0,0.0021544346900318843,27,598.2857142857143,5.56228956835994e-08
0,0.0010000000000000002,49,761.0,1.351991900370756e-12
0,0.00046415888336127795,93,576.5689655172414,8.030645692317503e-14
0,0.0002154434690031884,196,411.5925925925926,2.4716650050191056e-14
