,Lambda,Feature_no,Odds_ratio,P-value
0,0.02154434690031885,6,2235.266666666667,0.0007154461572068414
0,0.010000000000000004,8,1596.5238095238096,0.0009538428770267119
0,0.004641588833612781,15,798.0952380952381,0.0017878954995477067
0,0.0021544346900318843,26,446.7866666666667,0.00309749436462445
0,0.0010000000000000002,40,881.4736842105264,8.309179001616623e-06
0,0.00046415888336127795,64,539.8709677419355,2.145553121053369e-05
0,0.0002154434690031884,134,764.9541984732824,2.4873876690434713e-07
