,Lambda,Feature_no,Odds_ratio,P-value
0,0.02154434690031885,22,236.5151515151515,2.8613009034548976e-14
0,0.004641588833612781,38,330.6313559322034,1.3189270444544721e-28
0,0.010000000000000004,41,258.73869047619047,1.3333614740174496e-25
0,0.0021544346900318843,65,255.62037037037038,2.3123834855212483e-36
0,0.0010000000000000002,87,259.68513119533526,2.8334352606021485e-45
0,0.00046415888336127795,165,183.59292821606255,4.63412016657853e-53
0,0.0002154434690031884,385,116.36363636363636,1.414632551675705e-58
