,Lambda,Feature_no,Odds_ratio,P-value
0,0.02154434690031885,6,540.3387096774194,1.4048275724527542e-05
0,0.010000000000000004,14,304.4909090909091,3.1358001657704203e-07
0,0.004641588833612781,15,419.98746081504703,1.0517255772819356e-09
0,0.0021544346900318843,18,460.05494505494505,5.7008284335621655e-12
0,0.0010000000000000002,28,535.76,1.0735974288738039e-18
0,0.00046415888336127795,29,323.4975845410628,2.621131671796299e-13
0,0.0002154434690031884,45,289.452972972973,7.362120922227912e-17
