,Lambda,Feature_no,Odds_ratio,P-value
0,0.010000000000000004,3,1197.1785714285713,0.001341201538703232
0,0.02154434690031885,3,1197.1785714285713,0.001341201538703232
0,0.004641588833612781,5,598.5535714285714,0.0022344029715912076
0,0.0021544346900318843,16,1015.4848484848485,4.698686203692515e-11
0,0.0010000000000000002,18,1288.8461538461538,7.255316301074923e-14
0,0.00046415888336127795,20,1116.9333333333334,1.3122141530015032e-13
0,0.0002154434690031884,34,577.4827586206897,2.3468953695935396e-12
