,Lambda,Feature_no,Odds_ratio,P-value
0,0.004641588833612781,28,73.57142857142857,0.00043962451089608537
0,0.0021544346900318843,62,50.01296111665005,4.469357471042515e-05
0,0.0010000000000000002,105,65.30205278592375,1.7507969061076843e-09
0,0.00046415888336127795,186,80.56835164835165,8.537841350740283e-17
0,0.0002154434690031884,334,49.459378881987575,1.1578252570586647e-15
