,Accuracy,Precision,Recall,F1-score,ROC-AUC,PR-AUC,MCC
B,0.998578184403301,0.9941733430444283,0.9891304347826086,0.9916454776607337,0.9994817370147759,0.9984024712989521,0.9908722827623417
CD4_T,0.9416437424659228,0.8853479853479853,0.8842682926829268,0.8848078096400244,0.9826674512987833,0.9503625942333506,0.8457320289903917
CD8_T,0.9696782369486601,0.9122068550811786,0.8934040047114252,0.9027075275215709,0.986615299416712,0.9534343500919843,0.8848176893908759
DC,0.9968472784594937,0.9350282485875706,0.9220055710306406,0.9284712482468442,0.9980103399103545,0.9743558199575252,0.9268832752106979
Mono,0.9915927425586499,0.9771680352493491,0.9955111201795552,0.9862542955326461,0.9974747936055092,0.9897974215789476,0.9802875115787402
NK,0.9860600253454085,0.9392398286937902,0.9399946423787838,0.9396170839469808,0.9975030714594726,0.9830781747519111,0.9317376629450519
other,0.9910054708991438,0.8839458413926499,0.6642441860465116,0.7585062240663899,0.9100336140702632,0.7772748241983544,0.7620203331156928
other_T,0.9804654900627453,0.8252688172043011,0.6782032400589102,0.7445432497978982,0.9791869133721743,0.82204322290614,0.7383143062596379
