,Accuracy,Precision,Recall,F1-score,ROC-AUC,PR-AUC,MCC
B,0.9983494491389389,0.9917925752972199,0.9888405797101448,0.9903031197487515,0.9998669407650119,0.9991828148839119,0.9894091150866142
CD4_T,0.9667478890596783,0.9356850963122895,0.9350506095330433,0.9347427054849907,0.9937666655751128,0.9822891453359753,0.912996904327167
CD8_T,0.9700057057130321,0.9192352902179323,0.8875111385242731,0.9029730112742808,0.9876197536279097,0.9561591026087808,0.8855164528138287
DC,0.9979785370918964,0.9595255906115409,0.949011472282763,0.9541949318295279,0.999423554717463,0.9891327495756391,0.9531998979312466
Mono,0.9911290493319507,0.976483286367513,0.9946949602122015,0.9854976624832688,0.9978025532744181,0.9920656920085836,0.9792031320739432
NK,0.9903068569706278,0.9586170535912222,0.957779834499463,0.9580650998946373,0.9985848645308796,0.9913925763841854,0.9526705570063079
other,0.9907148818334763,0.8875178736803807,0.6469204610659196,0.7300898093617466,0.9335803224818967,0.7828956522601687,0.7437421840046113
other_T,0.982795905549572,0.847180898939232,0.7196856315857448,0.7781609227406991,0.9856969340395649,0.8538825441781078,0.772089922605824
