{"B": 0.003162277660168379, "CD4_T": 0.00046415888336127757, "CD8_T": 0.009999999999999995, "DC": 0.014677992676220683, "Mono": 0.009999999999999995, "NK": 0.0021544346900318825, "other": 0.004641588833612776, "other_T": 0.003162277660168379}