{"B": 0.0014677992676220707, "CD4_T": 0.014677992676220709, "CD8_T": 0.0021544346900318864, "DC": 0.0014677992676220707, "Mono": 0.006812920690579619, "NK": 0.0021544346900318864, "other": 0.004641588833612781, "other_T": 0.0006812920690579617}