,Accuracy,Precision,Recall,F1-score,ROC-AUC,PR-AUC,MCC
B,0.9973031731066178,0.9744185257927949,0.9945652173913044,0.984373995421142,0.9960618737549464,0.9695961825849357,0.982968951136081
CD4_T,0.7749492995118168,0.566171079074238,0.7092467778930189,0.6234553040732174,0.7532518953123102,0.4749442549043149,0.4796105426258312
CD8_T,0.6622464515450149,0.2862423835755613,0.6832883435582822,0.3950385877719985,0.6708015007510622,0.25249090443918315,0.26382376649825917
DC,0.969909802841156,0.46035847872266017,0.8663069231934557,0.5896547893997844,0.9192843293065429,0.4051190230914886,0.6129043646837785
Mono,0.9821575812930968,0.9590178794903146,0.9831157712741451,0.9709027274965797,0.982428461478673,0.947960276913045,0.9582085523483889
NK,0.8130596794967305,0.4873773992974907,0.8298759235992718,0.5928107415948722,0.8203712252517672,0.4572839906810041,0.5382019653511382
other,0.7200151700586097,0.010100520353797847,0.14340735852169612,0.01880897679819466,0.4379797757222246,0.02019892719199095,-0.04241669489785927
other_T,0.7908156670481732,0.12617439183774665,0.3301705574502618,0.17605726687767514,0.5705821330564746,0.07849488551911489,0.11642516877386724
