,Accuracy,Precision,Recall,F1-score,ROC-AUC,PR-AUC,MCC
B,0.9984236392297469,0.9952468007312614,0.986231884057971,0.9907188353048224,0.9995705016413499,0.9989794242325404,0.9898697626137668
CD4_T,0.9559855345717553,0.9118648188670071,0.9147560975609756,0.9133081699744308,0.9889324761959581,0.9678464528376114,0.883815642964427
CD8_T,0.9696473279139493,0.9290484140233722,0.8739693757361602,0.9006676107626947,0.9868543144991406,0.9556598395155034,0.8833483913757741
DC,0.9980527308132167,0.9671897289586305,0.9442896935933147,0.9556025369978858,0.9993315555696439,0.9886950690151557,0.9546788379106295
Mono,0.9927363768429512,0.980126467931346,0.9962252601509896,0.9881102959777385,0.9978030255590332,0.990637800182547,0.9829493182951636
NK,0.9893982010941799,0.9556451612903226,0.9523171711759979,0.9539782637863947,0.9982918604405192,0.9896588669992114,0.9479891739510311
other,0.9916545606280716,0.9354166666666667,0.6526162790697675,0.7688356164383562,0.9095938494926905,0.7746374149604738,0.777602767500254
other_T,0.9833709393255649,0.8577661431064573,0.7238586156111929,0.7851437699680511,0.9820369145957077,0.8601756663869249,0.7795866964471233
