{"0": {"0": 998.3068526387215, "1": 0.18653857707977295, "2": 0.0019286870956420898, "3": 0.16807088255882263, "4": 0.04147529602050781, "5": 0.02344563603401184, "6": 0.015412747859954834, "7": 0.010839596390724182, "8": 0.007269382476806641, "9": 0.0055974870920181274, "10": 0.005035713315010071, "11": 0.00425739586353302, "12": 0.00333327054977417, "13": 0.002676725387573242, "14": 0.002375185489654541, "15": 0.002119198441505432, "16": 0.0019115656614303589, "17": 0.001716509461402893, "18": 0.0015192031860351562, "19": 0.0014741122722625732, "20": 0.0014501363039016724, "21": 0.0012836158275604248, "22": 0.0013346076011657715, "23": 0.0012758374214172363, "24": 0.0012013614177703857, "25": 0.0010768771171569824, "26": 0.0009730309247970581, "27": 0.000889509916305542, "28": 0.0008852779865264893, "29": 0.0008492171764373779, "30": 0.0007677972316741943, "31": 0.0007536411285400391, "32": 0.0006926357746124268, "33": 0.0006613731384277344, "34": 0.0005915611982345581, "35": 0.0006149113178253174, "36": 0.0006044358015060425, "37": 0.0005396753549575806, "38": 0.0004941374063491821, "39": 0.000483587384223938, "40": 0.00046969950199127197, "41": 0.00046685338020324707, "42": 0.00046299397945404053, "43": 0.00045996904373168945, "44": 0.00045555830001831055, "45": 0.0004300624132156372, "46": 0.0004079490900039673, "47": 0.00038102269172668457, "48": 0.00038890540599823, "49": 0.0003733783960342407, "50": 0.0003457069396972656, "51": 0.0003078877925872803, "52": 0.000322490930557251, "53": 0.0003147125244140625, "54": 0.0003069639205932617, "55": 0.00029754638671875, "56": 0.00027839839458465576, "57": 0.00027364492416381836, "58": 0.00026316940784454346, "59": 0.00024227797985076904, "60": 0.0002464503049850464, "61": 0.00024256110191345215, "62": 0.00023289024829864502, "63": 0.00021573901176452637, "64": 0.00020588934421539307, "65": 0.00019988417625427246, "66": 0.00020432472229003906, "67": 0.0002065598964691162, "68": 0.000204429030418396, "69": 0.0001887977123260498, "70": 0.00020264089107513428, "71": 0.00020347535610198975, "72": 0.00020800530910491943, "73": 0.00021514296531677246, "74": 0.00021913647651672363, "75": 0.00021451711654663086, "76": 0.000208243727684021, "77": 0.00023780763149261475, "78": 0.00021858513355255127, "79": 0.00024020671844482422, "80": 0.00026428699493408203, "81": 0.00031748414039611816, "82": 0.000367775559425354, "83": 0.0004610717296600342, "84": 0.0004658252000808716, "85": 0.0006072968244552612, "86": 0.0006327629089355469, "87": 0.0009987056255340576, "88": 0.002877369523048401, "89": 0.002259001135826111, "90": 0.0010510683059692383, "91": 0.0007339715957641602, "92": 0.0005694925785064697, "93": 0.0004981160163879395, "94": 0.00029599666595458984, "95": 0.0002472400665283203, "96": 0.00019684433937072754, "97": 0.00013211369514465332, "98": 0.00010710954666137695, "99": 0.00014255940914154053, "100": 0.00023502111434936523, "101": 0.00031675398349761963, "102": 0.0002762824296951294, "103": 0.0002644658088684082, "104": 0.00029893219470977783, "105": 0.0003501772880554199, "106": 0.0003744661808013916, "107": 0.0003521442413330078, "108": 0.00039733946323394775, "109": 0.0003939419984817505, "110": 0.0004289299249649048, "111": 0.0004759877920150757, "112": 0.0009293854236602783, "113": 0.006443217396736145, "114": 0.004761412739753723, "115": 0.007604941725730896, "116": 0.004610732197761536, "117": 0.002350851893424988, "118": 0.000519096851348877, "119": 0.00039292871952056885, "120": 0.0004967749118804932, "121": 0.0003806799650192261, "122": 0.0004467219114303589, "123": 0.0005059391260147095, "124": 0.0005734115839004517, "125": 0.0005949735641479492, "126": 0.000665023922920227, "127": 0.0006486624479293823, "128": 0.0007459968328475952, "129": 0.0012958049774169922, "130": 0.0003314167261123657, "131": 8.831918239593506e-05, "132": 0.00015488266944885254, "133": 0.00011074542999267578, "134": 0.00011734664440155029, "135": 0.00011764466762542725, "136": 7.352232933044434e-05, "137": 5.7481229305267334e-05, "138": 2.3230910301208496e-05, "139": 7.880479097366333e-05, "140": 7.918477058410645e-05, "141": 0.000336475670337677, "142": 4.462897777557373e-06, "143": 2.428889274597168e-06, "144": 1.385807991027832e-06, "145": 7.748603820800781e-07}, "1": {"0": 998.3068526387215, "1": 0.11615341901779175, "2": 0.0022848844528198242, "3": 0.11897546052932739, "4": 0.055789411067962646, "5": 0.029913216829299927, "6": 0.021233350038528442, "7": 0.015671879053115845, "8": 0.010619163513183594, "9": 0.008378475904464722, "10": 0.007417142391204834, "11": 0.006002753973007202, "12": 0.0054705142974853516, "13": 0.004076272249221802, "14": 0.0036547183990478516, "15": 0.0032106637954711914, "16": 0.0029848217964172363, "17": 0.0027939975261688232, "18": 0.0024417340755462646, "19": 0.002361893653869629, "20": 0.0021740198135375977, "21": 0.0020514726638793945, "22": 0.0020178258419036865, "23": 0.0019310414791107178, "24": 0.0016273558139801025, "25": 0.0015619099140167236, "26": 0.0015156567096710205, "27": 0.001412421464920044, "28": 0.0013744235038757324, "29": 0.0012678205966949463, "30": 0.0011693835258483887, "31": 0.0011118054389953613, "32": 0.0010721385478973389, "33": 0.0010136961936950684, "34": 0.0008844137191772461, "35": 0.0008621811866760254, "36": 0.0008521974086761475, "37": 0.0008197426795959473, "38": 0.0007446408271789551, "39": 0.0007495284080505371, "40": 0.0007359534502029419, "41": 0.00068683922290802, "42": 0.0006478726863861084, "43": 0.0006551444530487061, "44": 0.0006449222564697266, "45": 0.0006279945373535156, "46": 0.0006102919578552246, "47": 0.0005903393030166626, "48": 0.0005584359169006348, "49": 0.000497773289680481, "50": 0.00047115981578826904, "51": 0.0004862546920776367, "52": 0.0004797428846359253, "53": 0.00046899914741516113, "54": 0.0004654526710510254, "55": 0.00044499337673187256, "56": 0.0004050135612487793, "57": 0.0003781169652938843, "58": 0.00037370622158050537, "59": 0.00035116076469421387, "60": 0.00035466253757476807, "61": 0.00033588707447052, "62": 0.0002944469451904297, "63": 0.00031353533267974854, "64": 0.0003075897693634033, "65": 0.0002979785203933716, "66": 0.0003038942813873291, "67": 0.00031144917011260986, "68": 0.0003102123737335205, "69": 0.00031860172748565674, "70": 0.00029858946800231934, "71": 0.0002740025520324707, "72": 0.00026394426822662354, "73": 0.0002622753381729126, "74": 0.00026644766330718994, "75": 0.0002604573965072632, "76": 0.00026844441890716553, "77": 0.000284343957901001, "78": 0.0003148019313812256, "79": 0.0003196597099304199, "80": 0.00032785534858703613, "81": 0.00034493207931518555, "82": 0.0003508627414703369, "83": 0.00040012598037719727, "84": 0.0004252195358276367, "85": 0.0004509389400482178, "86": 0.00046199560165405273, "87": 0.0005543380975723267, "88": 0.000665813684463501, "89": 0.0012264102697372437, "90": 0.0050745755434036255, "91": 0.0024709850549697876, "92": 0.0008983761072158813, "93": 0.0006666630506515503, "94": 0.0004323720932006836, "95": 0.0003243088722229004, "96": 0.00018246471881866455, "97": 9.47117805480957e-05, "98": 8.946657180786133e-05, "99": 9.140372276306152e-05, "100": 0.0001554042100906372, "101": 0.00018806755542755127, "102": 0.00031776726245880127, "103": 0.00043235719203948975, "104": 0.00048504769802093506, "105": 0.0005607008934020996, "106": 0.0006385445594787598, "107": 0.0007503330707550049, "108": 0.000796198844909668, "109": 0.0005974322557449341, "110": 0.0006220191717147827, "111": 0.0007582604885101318, "112": 0.0008842945098876953, "113": 0.0017309784889221191, "114": 0.017410635948181152, "115": 0.0065757036209106445, "116": 0.003862142562866211, "117": 0.0013925433158874512, "118": 0.0005330890417098999, "119": 0.0002567023038864136, "120": 0.00037838518619537354, "121": 0.00041006505489349365, "122": 0.0005080103874206543, "123": 0.0007386505603790283, "124": 0.001144692301750183, "125": 0.0014823228120803833, "126": 0.004473596811294556,