{"0": 0.6931474208831787, "1": 0.907153308391571, "2": 0.9044533371925354, "3": 0.7536471486091614, "4": 0.6635268330574036, "5": 0.6193504333496094, "6": 0.5894968509674072, "7": 0.5653265714645386, "8": 0.5447463393211365, "9": 0.5267612934112549, "10": 0.5107417106628418, "11": 0.49631398916244507, "12": 0.48317766189575195, "13": 0.47129833698272705, "14": 0.46041339635849, "15": 0.45031648874282837, "16": 0.4408855736255646, "17": 0.43205803632736206, "18": 0.42374861240386963, "19": 0.4159245491027832, "20": 0.4084739089012146, "21": 0.40130341053009033, "22": 0.3944125175476074, "23": 0.3878292441368103, "24": 0.3814662992954254, "25": 0.37533295154571533, "26": 0.3694126009941101, "27": 0.3637194335460663, "28": 0.35819128155708313, "29": 0.352873295545578, "30": 0.34764164686203003, "31": 0.3425599932670593, "32": 0.3376131057739258, "33": 0.33278948068618774, "34": 0.32809239625930786, "35": 0.32350605726242065, "36": 0.3190428614616394, "37": 0.3147166073322296, "38": 0.3104647099971771, "39": 0.30631402134895325, "40": 0.30226296186447144, "41": 0.2983112633228302, "42": 0.2944396138191223, "43": 0.2906595468521118, "44": 0.2869708240032196, "45": 0.283372163772583, "46": 0.2798587381839752, "47": 0.27642565965652466, "48": 0.27307525277137756, "49": 0.2698054909706116, "50": 0.2666049003601074, "51": 0.26347342133522034, "52": 0.2604132890701294, "53": 0.25742465257644653, "54": 0.2545039653778076, "55": 0.2516503632068634, "56": 0.24886451661586761, "57": 0.24614138901233673, "58": 0.24347801506519318, "59": 0.24086925387382507, "60": 0.23831360042095184, "61": 0.23580995202064514, "62": 0.23335380852222443, "63": 0.23094218969345093, "64": 0.22857476770877838, "65": 0.22625520825386047, "66": 0.22398217022418976, "67": 0.22175388038158417, "68": 0.21957285702228546, "69": 0.2174338400363922, "70": 0.215334951877594, "71": 0.2132738083600998, "72": 0.21124698221683502, "73": 0.20925301313400269, "74": 0.2072923630475998, "75": 0.20536468923091888, "76": 0.2034657895565033, "77": 0.20159722864627838, "78": 0.19975842535495758, "79": 0.19794653356075287, "80": 0.19616036117076874, "81": 0.19440047442913055, "82": 0.1926652044057846, "83": 0.1909497231245041, "84": 0.18925341963768005, "85": 0.18757343292236328, "86": 0.18590980768203735, "87": 0.1842629611492157, "88": 0.18262937664985657, "89": 0.18100596964359283, "90": 0.17939430475234985, "91": 0.17779536545276642, "92": 0.17620642483234406, "93": 0.1746276617050171, "94": 0.17305852472782135, "95": 0.17149560153484344, "96": 0.16993963718414307, "97": 0.16839638352394104, "98": 0.1668681502342224, "99": 0.16535010933876038, "100": 0.16384589672088623, "101": 0.1623510867357254, "102": 0.1608576774597168, "103": 0.15935468673706055, "104": 0.15783008933067322, "105": 0.1563047468662262, "106": 0.15478326380252838, "107": 0.15320366621017456, "108": 0.15163548290729523, "109": 0.14999283850193024, "110": 0.14845865964889526, "111": 0.1465570479631424, "112": 0.14497093856334686, "113": 0.14330244064331055, "114": 0.1416040062904358, "115": 0.13992628455162048, "116": 0.13827262818813324, "117": 0.13666197657585144, "118": 0.1351117193698883, "119": 0.1336299628019333, "120": 0.13213646411895752, "121": 0.13069991767406464, "122": 0.12926746904850006, "123": 0.1276698112487793, "124": 0.12609879672527313, "125": 0.1251562237739563, "126": 0.1240270584821701, "127": 0.12288293987512589, "128": 0.12168583273887634, "129": 0.12045872956514359, "130": 0.11925259977579117, "131": 0.11807777732610703, "132": 0.11691831052303314, "133": 0.11576969176530838, "134": 0.1146465390920639, "135": 0.11353686451911926, "136": 0.11210355162620544, "137": 0.11128466576337814, "138": 0.11043098568916321, "139": 0.1095726415514946, "140": 0.10873477160930634, "141": 0.1078672707080841, "142": 0.10701573640108109, "143": 0.10615210980176926, "144": 0.10529075562953949, "145": 0.10442128777503967, "146": 0.10354755818843842, "147": 0.10256121307611465, "148": 0.10158038884401321, "149": 0.10082852840423584, "150": 0.10004378855228424, "151": 0.09926930069923401, "152": 0.09850367903709412, "153": 0.09768153727054596, "154": 0.09682641178369522, "155": 0.0959581583738327, "156": 0.09503361582756042, "157": 0.0941697508096695, "158": 0.09319812059402466, "159": 0.0923973023891449, "160": 0.09159538149833679, "161": 0.09086515009403229, "162": 0.09011471271514893, "163": 0.08938084542751312, "164": 0.08865833282470703, "165": 0.08785796165466309, "166": 0.08710899949073792, "167": 0.08627387136220932, "168": 0.08550536632537842, "169": 0.08472457528114319, "170": 0.08392010629177094, "171": 0.08322648704051971, "172": 0.08254702389240265, "173": 0.08191244304180145, "174": 0.0813022330403328, "175": 0.08071912825107574, "176": 0.08013103157281876, "177": 0.07950900495052338, "178": 0.07889536023139954, "179": 0.07825472205877304, "180": 0.07760844379663467, "181": 0.07708332687616348, "182": 0.07644425332546234, "183": 0.0759294182062149, "184": 0.0753430724143982, "185": 0.07483278959989548, "186": 0.07429107278585434, "187": 0.07377711683511734, "188": 0.07324453443288803, "189": 0.07270724326372147, "190": 0.07216456532478333, "191": 0.07162308692932129, "192": 0.07108987867832184, "193": 0.07057216763496399, "194": 0.07003499567508698, "195": 0.06952573359012604, "196": 0.06899501383304596, "197": 0.06856552511453629, "198": 0.06803160905838013, "199": 0.06755012273788452, "200": 0.06708765029907227, "201": 0.06666548550128937, "202": 0.06620742380619049, "203": 0.06576593220233917, "204": 0.06530360132455826, "205": 0.06489076465368271, "206": 0.06443014740943909, "207": 0.06400496512651443, "208": 0.063551165163517, "209": 0.06313320994377136, "210": 0.06266665458679199, "211": 0.06224021688103676, "212": 0.061788443475961685, "213": 0.06137263774871826, "214": 0.06090432032942772, "215": 0.06051810830831528, "216": 0.0600631982088089, "217": 0.059692755341529846, "218": 0.059286776930093765, "219": 0.05894238501787186, "220": 0.05853156000375748, "221": 0.058167051523923874, "222": 0.057757508009672165, "223": 0.057386450469493866, "224": 0.056977201253175735, "225": 0.05655735731124878, "226": 0.05613352730870247, "227": 0.055743563920259476, "228": 0.055394671857357025, "229": 0.055031388998031616, "230": 0.054673563688993454, "231": 0.05431022495031357, "232": 0.053947564214468, "233": 0.053636081516742706, "234": 0.05321739986538887, "235": 0.052858270704746246, "236": 0.0524866059422493, "237": 0.05214638635516167, "238": 0.05175837129354477, "239": 0.05145514756441116, "240": 0.05108119919896126, "241": 0.050692155957221985, "242": 0.05030974745750427, "243": 0.049959760159254074, "244": 0.04961352050304413, "245": 0.04929694905877113, "246": 0.0489761121571064, "247": 0.04861633852124214, "248": 0.04829421639442444, "249": 0.04797879606485367, "250": 0.04765545576810837, "251": 0.047373510897159576, "252": 0.04705395549535751, "253": 0.04679766297340393, "254": 0.04652754217386246, "255": 0.04626131057739258, "256": 0.04604959860444069, "257": 0.04583717882633209, "258": 0.04561610892415047, "259": 0.045403800904750824, "260": 0.045247483998537064, "261": 0.04504631459712982, "262": 0.04483557492494583, "263": 0.04462749511003494, "264": 0.04442015290260315, "265": 0.04422202706336975, "266": 0.0440298430621624, "267": 0.04384499415755272, "268": 0.04364125058054924, "269": 0.04344899207353592, "270": 0.043250832706689835, "271": 0.04308801889419556, "272": 0.042920880019664764, "273": 0.04273713007569313, "274": 0.042563825845718384, "275": 0.04239080101251602, "276": 0.04226217791438103, "277": 0.0421295128762722, "278": 0.041996635496616364, "279": 0.04185155779123306, "280": 0.041717465966939926, "281": 0.041580718010663986, "282": 0.04147909954190254, "283": 0.04134681075811386, "284": 0.04120520502328873, "285": 0.0410609245300293, "286": 0.04092564433813095, "287": 0.04080459102988243, "288": 0.04067644849419594, "289": 0.04054391384124756, "290": 0.040401965379714966,