{"0": 998.3068525791168, "1": -0.12342280149459839, "2": 0.0026912689208984375, "3": 0.029315471649169922, "4": 0.028079092502593994, "5": 0.024398863315582275, "6": 0.02128058671951294, "7": 0.018770158290863037, "8": 0.0167233943939209, "9": 0.014904201030731201, "10": 0.013554930686950684, "11": 0.012299299240112305, "12": 0.011274576187133789, "13": 0.010360121726989746, "14": 0.00959855318069458, "15": 0.008930861949920654, "16": 0.008329451084136963, "17": 0.007828593254089355, "18": 0.007300376892089844, "19": 0.006933867931365967, "20": 0.006572127342224121, "21": 0.00622481107711792, "22": 0.005911648273468018, "23": 0.005647540092468262, "24": 0.005380153656005859, "25": 0.005137145519256592, "26": 0.0049315690994262695, "27": 0.004738926887512207, "28": 0.00453639030456543, "29": 0.004363417625427246, "30": 0.00420302152633667, "31": 0.004041314125061035, "32": 0.003874063491821289, "33": 0.0037648379802703857, "34": 0.0036481618881225586, "35": 0.003523021936416626, "36": 0.0034232139587402344, "37": 0.0033303797245025635, "38": 0.0032264888286590576, "39": 0.0031322240829467773, "40": 0.003084242343902588, "41": 0.0029883980751037598, "42": 0.0029109716415405273, "43": 0.0028813183307647705, "44": 0.0028117895126342773, "45": 0.002730429172515869, "46": 0.0027152597904205322, "47": 0.0026425421237945557, "48": 0.0026092529296875, "49": 0.002576291561126709, "50": 0.0025216639041900635, "51": 0.0024763643741607666, "52": 0.002469569444656372, "53": 0.0024597346782684326, "54": 0.002433866262435913, "55": 0.002399921417236328, "56": 0.002365708351135254, "57": 0.002359926700592041, "58": 0.0023187100887298584, "59": 0.0023179352283477783, "60": 0.002292424440383911, "61": 0.002273380756378174, "62": 0.002261728048324585, "63": 0.0022696256637573242, "64": 0.002244293689727783, "65": 0.002239406108856201, "66": 0.0022239387035369873, "67": 0.0022046267986297607, "68": 0.0021886229515075684, "69": 0.002172708511352539, "70": 0.0021606385707855225, "71": 0.002150624990463257, "72": 0.002143174409866333, "73": 0.0021303296089172363, "74": 0.0021161437034606934, "75": 0.002108961343765259, "76": 0.0020919740200042725, "77": 0.0020756125450134277, "78": 0.0020608603954315186, "79": 0.0020466148853302, "80": 0.0020287632942199707, "81": 0.002009153366088867, "82": 0.0019911229610443115, "83": 0.001973658800125122, "84": 0.001957833766937256, "85": 0.0019410550594329834, "86": 0.0019220709800720215, "87": 0.0019008219242095947, "88": 0.0018805265426635742, "89": 0.001858741044998169, "90": 0.001835852861404419, "91": 0.0018121004104614258, "92": 0.0017891228199005127, "93": 0.0017673075199127197, "94": 0.0017479658126831055, "95": 0.001725703477859497, "96": 0.0017024874687194824, "97": 0.0016803443431854248, "98": 0.0016584992408752441, "99": 0.001635819673538208, "100": 0.0016134083271026611, "101": 0.0015931129455566406, "102": 0.0015757083892822266, "103": 0.0015604496002197266, "104": 0.0015431046485900879, "105": 0.0015265047550201416, "106": 0.0015102028846740723, "107": 0.0014941096305847168, "108": 0.0014775395393371582, "109": 0.00146484375, "110": 0.0014587044715881348, "111": 0.0014521777629852295, "112": 0.0014443397521972656, "113": 0.0014319419860839844, "114": 0.0014185309410095215, "115": 0.0014116168022155762, "116": 0.0014082789421081543, "117": 0.001439809799194336, "118": 0.0014323890209197998, "119": 0.0015069544315338135, "120": 0.0014577209949493408, "121": 0.0016766488552093506, "122": 0.0017391741275787354, "123": 0.0012118518352508545, "124": 0.0014654099941253662, "125": 0.0014168918132781982, "126": 0.0014319419860839844, "127": 0.001455068588256836, "128": 0.0014608800411224365, "129": 0.001467674970626831, "130": 0.0015099048614501953, "131": 0.0015288293361663818, "132": 0.001593261957168579, "133": 0.0017565786838531494, "134": 0.0016728639602661133, "135": 0.0012843608856201172, "136": 0.001286327838897705, "137": 0.0012699365615844727, "138": 0.0013035237789154053, "139": 0.0014212727546691895, "140": 0.0015344619750976562, "141": 0.00157889723777771, "142": 0.0014375746250152588, "143": 0.0015030205249786377, "144": 0.0015493035316467285, "145": 0.0013301372528076172, "146": 0.0012879669666290283, "147": 0.001239389181137085, "148": 0.0011999905109405518, "149": 0.001260310411453247, "150": 0.001192718744277954, "151": 0.0013150572776794434, "152": 0.0012653172016143799, "153": 0.0013547837734222412, "154": 0.001314312219619751, "155": 0.0014047324657440186, "156": 0.0013577640056610107, "157": 0.0011828243732452393, "158": 0.001178354024887085, "159": 0.0011120140552520752, "160": 0.0011395812034606934, "161": 0.001101762056350708, "162": 0.0011309981346130371, "163": 0.0011060237884521484, "164": 0.001175224781036377, "165": 0.0011047571897506714, "166": 0.0011853128671646118, "167": 0.0010640919208526611, "168": 0.0011185556650161743, "169": 0.000993579626083374, "170": 0.0009954720735549927, "171": 0.0010187625885009766, "172": 0.0009821504354476929, "173": 0.0009962618350982666, "174": 0.0009581595659255981, "175": 0.0010124146938323975, "176": 0.0009846985340118408, "177": 0.0009861588478088379, "178": 0.0009868144989013672, "179": 0.0009693801403045654, "180": 0.0009567439556121826, "181": 0.0008876025676727295, "182": 0.0009199082851409912, "183": 0.0008610337972640991, "184": 0.0009045004844665527, "185": 0.0008288770914077759, "186": 0.0008859187364578247, "187": 0.0008309483528137207, "188": 0.0008924156427383423, "189": 0.000833168625831604, "190": 0.0008934289216995239, "191": 0.0008104592561721802, "192": 0.0008117854595184326, "193": 0.0008077621459960938, "194": 0.0007915794849395752, "195": 0.0007935166358947754, "196": 0.000780746340751648, "197": 0.0007765144109725952, "198": 0.0007738173007965088, "199": 0.0007760077714920044, "200": 0.0007669627666473389, "201": 0.0007542073726654053, "202": 0.0007607638835906982, "203": 0.0007206946611404419, "204": 0.0007549673318862915, "205": 0.0006948709487915039, "206": 0.0007269829511642456, "207": 0.0006619840860366821, "208": 0.0007194578647613525, "209": 0.0006552934646606445, "210": 0.0006894767284393311, "211": 0.0006546378135681152, "212": 0.0006868541240692139, "213": 0.000651627779006958, "214": 0.0006749182939529419, "215": 0.0006331652402877808, "216": 0.0006121397018432617, "217": 0.0006482750177383423, "218": 0.0005975216627120972, "219": 0.0006452351808547974, "220": 0.0005944669246673584, "221": 0.0005908459424972534, "222": 0.0006010085344314575, "223": 0.0005757659673690796, "224": 0.0006028711795806885, "225": 0.0005811750888824463, "226": 0.0006134212017059326, "227": 0.0005572140216827393, "228": 0.0006105601787567139, "229": 0.0005489885807037354, "230": 0.0005663186311721802, "231": 0.0005517154932022095, "232": 0.0005478113889694214, "233": 0.00055655837059021, "234": 0.0005406886339187622, "235": 0.0005639940500259399, "236": 0.0005539059638977051, "237": 0.0005543828010559082, "238": 0.0005546659231185913, "239": 0.000544428825378418, "240": 0.0005487054586410522, "241": 0.0005190223455429077, "242": 0.0005486160516738892, "243": 0.0005071461200714111, "244": 0.0005966275930404663, "245": 0.0005281120538711548, "246": 0.0005543678998947144, "247": 0.0005248785018920898, "248": 0.0004851222038269043, "249": 0.0006133615970611572, "250": 0.00045596063137054443, "251": 0.0005760937929153442, "252": 0.00042688846588134766, "253": 0.0005085766315460205, "254": 0.00039730966091156006, "255": 0.0003822743892669678, "256": 0.0004201829433441162, "257": 0.00040943920612335205, "258": 0.00052604079246521, "259": 0.0003684908151626587, "260": 0.00039048492908477783, "261": 0.00036475062370300293, "262": 0.0003539174795150757, "263": 0.0003673434257507324, "264": 0.00044517219066619873, "265": 0.0003481954336166382, "266": 0.0003183335065841675, "267": 0.00038595497608184814, "268": 0.0003219693899154663, "269": 0.0003224015235900879, "270": 0.00040543079376220703, "271": 0.0003609955310821533, "272": 0.00043699145317077637,