{"0": 0.6931474208831787, "1": 0.8081781268119812, "2": 0.8054410815238953, "3": 0.777819812297821, "4": 0.7513633370399475, "5": 0.7282125949859619, "6": 0.7081178426742554, "7": 0.6903561353683472, "8": 0.6746143102645874, "9": 0.6606795787811279, "10": 0.6482145190238953, "11": 0.6369428634643555, "12": 0.6267405152320862, "13": 0.6174269318580627, "14": 0.6088116765022278, "15": 0.6008780598640442, "16": 0.5935116410255432, "17": 0.5866357684135437, "18": 0.5801725387573242, "19": 0.5741257667541504, "20": 0.5684415102005005, "21": 0.563107430934906, "22": 0.5580282807350159, "23": 0.5531961917877197, "24": 0.5486010313034058, "25": 0.5442198514938354, "26": 0.5400493144989014, "27": 0.5360684990882874, "28": 0.5322551727294922, "29": 0.5285825729370117, "30": 0.5250638723373413, "31": 0.5216962099075317, "32": 0.5184507369995117, "33": 0.5153307914733887, "34": 0.5123575329780579, "35": 0.5094575881958008, "36": 0.50665283203125, "37": 0.5039397478103638, "38": 0.5013123154640198, "39": 0.49876222014427185, "40": 0.4962919354438782, "41": 0.49388736486434937, "42": 0.4915536344051361, "43": 0.4892813563346863, "44": 0.4870639145374298, "45": 0.4849165678024292, "46": 0.48281794786453247, "47": 0.4807811975479126, "48": 0.47879600524902344, "49": 0.47686198353767395, "50": 0.4749557077884674, "51": 0.47309842705726624, "52": 0.4712871015071869, "53": 0.46951183676719666, "54": 0.4677799940109253, "55": 0.46608442068099976, "56": 0.46442750096321106, "57": 0.4627912640571594, "58": 0.46118754148483276, "59": 0.4596160650253296, "60": 0.4580773413181305, "61": 0.4565533995628357, "62": 0.45505180954933167, "63": 0.4535752534866333, "64": 0.45211556553840637, "65": 0.45068445801734924, "66": 0.4492681324481964, "67": 0.4478730261325836, "68": 0.44649848341941833, "69": 0.445141464471817, "70": 0.4438035786151886, "71": 0.4424718916416168, "72": 0.44115954637527466, "73": 0.4398651719093323, "74": 0.438590943813324, "75": 0.4373178482055664, "76": 0.4360641539096832, "77": 0.43481558561325073, "78": 0.43358370661735535, "79": 0.4323740005493164, "80": 0.43116384744644165, "81": 0.4299675226211548, "82": 0.4287889003753662, "83": 0.4276290535926819, "84": 0.4264741837978363, "85": 0.42531877756118774, "86": 0.4241713285446167, "87": 0.4230378270149231, "88": 0.4219169318675995, "89": 0.4208018183708191, "90": 0.419694185256958, "91": 0.4185973107814789, "92": 0.4175126552581787, "93": 0.41643548011779785, "94": 0.41536080837249756, "95": 0.41429010033607483, "96": 0.4132287800312042, "97": 0.41217413544654846, "98": 0.41112595796585083, "99": 0.4100848138332367, "100": 0.4090518057346344, "101": 0.40802860260009766, "102": 0.40700897574424744, "103": 0.4059925675392151, "104": 0.4049811363220215, "105": 0.40397727489471436, "106": 0.4029797315597534, "107": 0.4019835591316223, "108": 0.400987833738327, "109": 0.3999965488910675, "110": 0.3990086317062378, "111": 0.398021399974823, "112": 0.3970344662666321, "113": 0.3960520327091217, "114": 0.3950662612915039, "115": 0.39407604932785034, "116": 0.3930801451206207, "117": 0.3920775353908539, "118": 0.3910645842552185, "119": 0.39003652334213257, "120": 0.38897615671157837, "121": 0.3878798484802246, "122": 0.3867311477661133, "123": 0.3855191171169281, "124": 0.3842310607433319, "125": 0.38284799456596375, "126": 0.38134366273880005, "127": 0.3795296549797058, "128": 0.3770100176334381, "129": 0.37506020069122314, "130": 0.37273305654525757, "131": 0.3702879548072815, "132": 0.36807554960250854, "133": 0.3657446801662445, "134": 0.3635854423046112, "135": 0.3614593744277954, "136": 0.3593074381351471, "137": 0.3574255704879761, "138": 0.35479575395584106, "139": 0.3526827394962311, "140": 0.3506370782852173, "141": 0.3487601578235626, "142": 0.3467187285423279, "143": 0.344882994890213, "144": 0.3428722321987152, "145": 0.34107840061187744, "146": 0.33925241231918335, "147": 0.33738982677459717, "148": 0.3356097340583801, "149": 0.3337705731391907, "150": 0.3318806290626526, "151": 0.33001601696014404, "152": 0.32836586236953735, "153": 0.3261510729789734, "154": 0.3241344392299652, "155": 0.32203978300094604, "156": 0.32020092010498047, "157": 0.31857603788375854, "158": 0.31658148765563965, "159": 0.3149797320365906, "160": 0.313470721244812, "161": 0.3112085163593292, "162": 0.309604674577713, "163": 0.3081194758415222, "164": 0.3058505058288574, "165": 0.30430006980895996, "166": 0.30283382534980774, "167": 0.3006727993488312, "168": 0.29919421672821045, "169": 0.2977749705314636, "170": 0.2963167130947113, "171": 0.2941424548625946, "172": 0.2926909029483795, "173": 0.2912805676460266, "174": 0.28906652331352234, "175": 0.2876742482185364, "176": 0.2863059937953949, "177": 0.28495946526527405, "178": 0.28357914090156555, "179": 0.28226906061172485, "180": 0.2801437973976135, "181": 0.2780040502548218, "182": 0.27673032879829407, "183": 0.2754589319229126, "184": 0.27417686581611633, "185": 0.27292385697364807, "186": 0.2715141177177429, "187": 0.2697988748550415, "188": 0.26859015226364136, "189": 0.2674025297164917, "190": 0.2662287950515747, "191": 0.2649436891078949, "192": 0.26380181312561035, "193": 0.2626873552799225, "194": 0.26115506887435913, "195": 0.2601051926612854, "196": 0.259072482585907, "197": 0.25802794098854065, "198": 0.2569900155067444, "199": 0.25578951835632324, "200": 0.2546970248222351, "201": 0.25320011377334595, "202": 0.25219008326530457, "203": 0.25119295716285706, "204": 0.2502179741859436, "205": 0.24920038878917694, "206": 0.2482461929321289, "207": 0.24685047566890717, "208": 0.24590490758419037, "209": 0.24497300386428833, "210": 0.24384114146232605, "211": 0.24292071163654327, "212": 0.24201449751853943, "213": 0.24092647433280945, "214": 0.24007587134838104, "215": 0.23922193050384521, "216": 0.23829428851604462, "217": 0.23744407296180725, "218": 0.2366044521331787, "219": 0.23569494485855103, "220": 0.23487132787704468, "221": 0.23354724049568176, "222": 0.23270903527736664, "223": 0.2318618893623352, "224": 0.23099026083946228, "225": 0.23014390468597412, "226": 0.22889740765094757, "227": 0.22809821367263794, "228": 0.2272999882698059, "229": 0.2265184223651886, "230": 0.22568389773368835, "231": 0.2249094843864441, "232": 0.2240297496318817, "233": 0.22327585518360138, "234": 0.22252251207828522, "235": 0.2213691622018814, "236": 0.22058935463428497, "237": 0.2198035567998886, "238": 0.2189943939447403, "239": 0.21825486421585083, "240": 0.2175588458776474, "241": 0.2168525755405426, "242": 0.21620476245880127, "243": 0.21555951237678528, "244": 0.21486352384090424, "245": 0.21424588561058044, "246": 0.2136336863040924, "247": 0.2126818150281906, "248": 0.2120605707168579, "249": 0.21147507429122925, "250": 0.21090808510780334, "251": 0.21035003662109375, "252": 0.20974065363407135, "253": 0.20921270549297333, "254": 0.20869080722332, "255": 0.20805513858795166, "256": 0.20754903554916382, "257": 0.20705285668373108, "258": 0.20651602745056152, "259": 0.2060244083404541, "260": 0.20554006099700928, "261": 0.20485833287239075, "262": 0.20435138046741486, "263": 0.2038765847682953, "264": 0.2034263014793396, "265": 0.2029959261417389, "266": 0.20257219672203064, "267": 0.20210206508636475, "268": 0.20170551538467407, "269": 0.20130500197410583, "270": 0.2007002830505371, "271": 0.2002694457769394, "272": 0.19986222684383392, "273": 0.19947542250156403, "274": 0.1991073340177536, "275": 0.19874826073646545, "276": 0.1983884871006012, "277": 0.19803088903427124, "278": 0.19767683744430542, "279": 0.19728758931159973, "280": 0.19694533944129944, "281": 0.19660890102386475, "282": 0.19627255201339722, "283": 0.19578813016414642, "284": 0.19546398520469666, "285": 0.1951410472393036, "286": 0.19481825828552246, "287": 0.19430530071258545, "288": 0.1938384473323822, "289": 0.19346925616264343, "290": 0.19310262799263, "291": 0.1927168369293213, "292": 0.19237957894802094, "293": 0.19204646348953247, "294": 0.1917210817337036, "295": 0.19140292704105377,