{"0": 998.3068525791168, "1": 0.3196096420288086, "2": 0.0007606148719787598, "3": 0.15130381286144257, "4": 0.013282224535942078, "5": 0.006823360919952393, "6": 0.005537793040275574, "7": 0.004528403282165527, "8": 0.003682434558868408, "9": 0.0031590312719345093, "10": 0.002780318260192871, "11": 0.002435237169265747, "12": 0.0021796226501464844, "13": 0.0017094314098358154, "14": 0.0014019757509231567, "15": 0.0013020634651184082, "16": 0.0012287348508834839, "17": 0.0011514276266098022, "18": 0.0010899156332015991, "19": 0.001045316457748413, "20": 0.0009904056787490845, "21": 0.0009515881538391113, "22": 0.0008992105722427368, "23": 0.0008541792631149292, "24": 0.0008005350828170776, "25": 0.0007618069648742676, "26": 0.0007327049970626831, "27": 0.0006922632455825806, "28": 0.000666201114654541, "29": 0.0006361156702041626, "30": 0.0006095319986343384, "31": 0.0005833804607391357, "32": 0.0005658119916915894, "33": 0.0005452483892440796, "34": 0.0005304515361785889, "35": 0.0005142092704772949, "36": 0.0004957467317581177, "37": 0.0004794299602508545, "38": 0.00046503543853759766, "39": 0.0004557371139526367, "40": 0.00043685734272003174, "41": 0.0004232823848724365, "42": 0.00040400028228759766, "43": 0.0003943592309951782, "44": 0.0003777146339416504, "45": 0.0003658384084701538, "46": 0.0003573894500732422, "47": 0.00035244226455688477, "48": 0.0003395974636077881, "49": 0.00032819807529449463, "50": 0.0003213435411453247, "51": 0.00031113624572753906, "52": 0.0003064870834350586, "53": 0.0003032684326171875, "54": 0.000292852520942688, "55": 0.00028793513774871826, "56": 0.0002776831388473511, "57": 0.00027795135974884033, "58": 0.00027310848236083984, "59": 0.0002654343843460083, "60": 0.00026248395442962646, "61": 0.0002567470073699951, "62": 0.0002530217170715332, "63": 0.00025007128715515137, "64": 0.00025019049644470215, "65": 0.0002496093511581421, "66": 0.0002458840608596802, "67": 0.00024549663066864014, "68": 0.00024113059043884277, "69": 0.00023977458477020264, "70": 0.00024008750915527344, "71": 0.00023794174194335938, "72": 0.00023365020751953125, "73": 0.00023484230041503906, "74": 0.00023339688777923584, "75": 0.00023393332958221436, "76": 0.00022770464420318604, "77": 0.0002264082431793213, "78": 0.00022745132446289062, "79": 0.00022743642330169678, "80": 0.00023190677165985107, "81": 0.0002412647008895874, "82": 0.00024153292179107666, "83": 0.0002469271421432495, "84": 0.0002511739730834961, "85": 0.0002589374780654907, "86": 0.000264093279838562, "87": 0.00026269257068634033, "88": 0.00026248395442962646, "89": 0.00026598572731018066, "90": 0.00027111172676086426, "91": 0.0002822577953338623, "92": 0.00029955804347991943, "93": 0.00032958388328552246, "94": 0.00034800171852111816, "95": 0.00037832558155059814, "96": 0.00038367509841918945, "97": 0.0003944188356399536, "98": 0.00040408968925476074, "99": 0.0004207789897918701, "100": 0.00045940279960632324, "101": 0.0006797909736633301, "102": 0.000467836856842041, "103": 0.0004940778017044067, "104": 0.0005457103252410889, "105": 0.0006223767995834351, "106": 0.0005274266004562378, "107": 0.0005580335855484009, "108": 0.0005221664905548096, "109": 0.0005305111408233643, "110": 0.0005413740873336792, "111": 0.0005227029323577881, "112": 0.0005269944667816162, "113": 0.0005193650722503662, "114": 0.0004282742738723755, "115": 0.00043717026710510254, "116": 0.0004011392593383789, "117": 0.000361025333404541, "118": 0.00043976306915283203, "119": 0.00037385523319244385, "120": 0.00041365623474121094, "121": 0.00033169984817504883, "122": 0.0003843754529953003, "123": 0.00037570297718048096, "124": 0.0003839433193206787, "125": 0.0003341585397720337, "126": 0.0003422349691390991, "127": 0.00030538439750671387, "128": 0.0003245696425437927, "129": 0.00029762834310531616, "130": 0.00031004101037979126, "131": 0.0002819821238517761, "132": 0.00028074532747268677, "133": 0.0002690330147743225, "134": 0.0002999156713485718, "135": 0.0002656280994415283, "136": 0.0002348870038986206, "137": 0.0002503618597984314, "138": 0.00022698938846588135, "139": 0.0002396032214164734, "140": 0.00023342669010162354, "141": 0.00022100657224655151, "142": 0.00022085756063461304, "143": 0.00021716952323913574, "144": 0.00021438300609588623, "145": 0.00021039694547653198, "146": 0.000196896493434906, "147": 0.00020494312047958374, "148": 0.0002010241150856018, "149": 0.00020838528871536255, "150": 0.00017388910055160522, "151": 0.00021798908710479736, "152": 0.00022098422050476074, "153": 0.0002218186855316162, "154": 0.00019907206296920776, "155": 0.00020154565572738647, "156": 0.00019344687461853027, "157": 0.00016274303197860718, "158": 0.00015295296907424927, "159": 0.00018859654664993286, "160": 0.00017236918210983276, "161": 0.00017569959163665771, "162": 0.00018121302127838135, "163": 0.00019712746143341064, "164": 0.00019340217113494873, "165": 0.0001922324299812317, "166": 0.00018148869276046753, "167": 0.00018613040447235107, "168": 0.00015594065189361572, "169": 0.00011737644672393799, "170": 0.0001319199800491333, "171": 0.00014850497245788574, "172": 0.00014784187078475952, "173": 0.00017186254262924194, "174": 0.0001779794692993164, "175": 0.00016417354345321655, "176": 0.0001718774437904358, "177": 0.00018359720706939697, "178": 0.00018858909606933594, "179": 0.00018200278282165527, "180": 0.00016915053129196167, "181": 0.00018081068992614746, "182": 0.00016375631093978882, "183": 0.00014923512935638428, "184": 0.00014991313219070435, "185": 0.00012999027967453003, "186": 0.00013235211372375488, "187": 0.0001224800944328308, "188": 0.0001388639211654663, "189": 0.00013505667448043823, "190": 0.0001474320888519287, "191": 0.0001488327980041504, "192": 0.00017780810594558716, "193": 0.0001814141869544983, "194": 0.00018053501844406128, "195": 0.0001748800277709961, "196": 0.00019329041242599487, "197": 0.00021957606077194214, "198": 0.00021070986986160278, "199": 0.00015229731798171997, "200": 0.0002054646611213684, "201": 0.00016877055168151855, "202": 0.00015056878328323364, "203": 0.0001397654414176941, "204": 0.00015237927436828613, "205": 0.00015719980001449585, "206": 0.00013830512762069702, "207": 0.0001892372965812683, "208": 0.00013003498315811157, "209": 0.00014715641736984253, "210": 0.00014441460371017456, "211": 0.00013130903244018555, "212": 0.00013068318367004395, "213": 0.00010395050048828125, "214": 8.801370859146118e-05, "215": 0.0001440867781639099, "216": 0.00010092556476593018, "217": 7.556378841400146e-05, "218": 8.981674909591675e-05, "219": 8.431822061538696e-05, "220": 8.445978164672852e-05, "221": 7.824599742889404e-05, "222": 7.414817810058594e-05, "223": 8.437037467956543e-05, "224": 7.589161396026611e-05, "225": 8.483231067657471e-05, "226": 0.00014735013246536255, "227": 0.00010184943675994873, "228": 9.395182132720947e-05, "229": 9.297579526901245e-05, "230": 0.00010398030281066895, "231": 0.00010816752910614014, "232": 0.00010963529348373413, "233": 0.0001314207911491394, "234": 0.0001147538423538208, "235": 0.00011471658945083618, "236": 0.00011620670557022095, "237": 0.00010222196578979492, "238": 0.00012439489364624023, "239": 0.0001003071665763855, "240": 9.982287883758545e-05, "241": 9.373575448989868e-05, "242": 9.397417306900024e-05, "243": 9.237974882125854e-05, "244": 0.00011841952800750732, "245": 7.767975330352783e-05, "246": 6.873905658721924e-05, "247": 6.566941738128662e-05, "248": 6.316602230072021e-05, "249": 5.2809715270996094e-05, "250": 4.2185187339782715e-05, "251": 4.6625733375549316e-05, "252": 4.1738152503967285e-05, "253": 3.7670135498046875e-05, "254": 3.6150217056274414e-05, "255": 3.610551357269287e-05, "256": 5.0924718379974365e-05, "257": 3.296881914138794e-05, "258": 2.6598572731018066e-05, "259": 3.711879253387451e-05, "260": 3.8817524909973145e-05, "261": 4.0881335735321045e-05, "262": 6.575137376785278e-05, "263": 4.9948692321777344e-05, "264": 5.048513412475586e-05, "265": 4.5686960220336914e-05,