{"0": 998.3068525791168, "1": 0.19895312190055847, "2": 0.0007616877555847168, "3": 0.14580830931663513, "4": 0.03726622462272644, "5": 0.013619303703308105, "6": 0.010135561227798462, "7": 0.008829265832901001, "8": 0.007735341787338257, "9": 0.006984442472457886, "10": 0.006329864263534546, "11": 0.0057694315910339355, "12": 0.0052509307861328125, "13": 0.004681691527366638, "14": 0.00427129864692688, "15": 0.00403304398059845, "16": 0.0038283169269561768, "17": 0.003651231527328491, "18": 0.003483891487121582, "19": 0.003348320722579956, "20": 0.003226369619369507, "21": 0.0030881166458129883, "22": 0.0029800832271575928, "23": 0.002853289246559143, "24": 0.0028146952390670776, "25": 0.0027186721563339233, "26": 0.0026367902755737305, "27": 0.002562105655670166, "28": 0.002485319972038269, "29": 0.0024126172065734863, "30": 0.0023452192544937134, "31": 0.002299472689628601, "32": 0.002242669463157654, "33": 0.002194046974182129, "34": 0.0021412670612335205, "35": 0.0020862817764282227, "36": 0.0020200759172439575, "37": 0.0019862353801727295, "38": 0.0019425898790359497, "39": 0.0018926411867141724, "40": 0.0018447935581207275, "41": 0.0017899572849273682, "42": 0.0017463266849517822, "43": 0.001695483922958374, "44": 0.001647353172302246, "45": 0.0015999376773834229, "46": 0.0015670359134674072, "47": 0.0015291422605514526, "48": 0.0014921873807907104, "49": 0.0014515668153762817, "50": 0.0014148801565170288, "51": 0.0013814419507980347, "52": 0.0013465136289596558, "53": 0.0013102889060974121, "54": 0.001275673508644104, "55": 0.0012458860874176025, "56": 0.0012176483869552612, "57": 0.0011937320232391357, "58": 0.0011684298515319824, "59": 0.0011463463306427002, "60": 0.0011253505945205688, "61": 0.0011061131954193115, "62": 0.0010831654071807861, "63": 0.0010590404272079468, "64": 0.0010379701852798462, "65": 0.001017242670059204, "66": 0.0010015815496444702, "67": 0.0009869933128356934, "68": 0.0009728372097015381, "69": 0.0009632706642150879, "70": 0.0009544044733047485, "71": 0.000944972038269043, "72": 0.0009398907423019409, "73": 0.0009332746267318726, "74": 0.0009250342845916748, "75": 0.0009267404675483704, "76": 0.0009270161390304565, "77": 0.0009246319532394409, "78": 0.0009233951568603516, "79": 0.0009230971336364746, "80": 0.0009224787354469299, "81": 0.0009255483746528625, "82": 0.0009279772639274597, "83": 0.0009284019470214844, "84": 0.0009288787841796875, "85": 0.0009373277425765991, "86": 0.000994659960269928, "87": 0.0010672062635421753, "88": 0.0011071637272834778, "89": 0.0011595934629440308, "90": 0.0011488646268844604, "91": 0.0014497563242912292, "92": 0.0012522116303443909, "93": 0.0009276419878005981, "94": 0.0010597258806228638, "95": 0.001125618815422058, "96": 0.0011625438928604126, "97": 0.0011121705174446106, "98": 0.001044727861881256, "99": 0.0009911060333251953, "100": 0.000952504575252533, "101": 0.0009876042604446411, "102": 0.0008714646100997925, "103": 0.0009149685502052307, "104": 0.0009691193699836731, "105": 0.0008024275302886963, "106": 0.0007686242461204529, "107": 0.0007992535829544067, "108": 0.0006784200668334961, "109": 0.0008204430341720581, "110": 0.0006744265556335449, "111": 0.000806078314781189, "112": 0.0006595775485038757, "113": 0.0007938072085380554, "114": 0.0006799399852752686, "115": 0.0007612630724906921, "116": 0.0007955357432365417, "117": 0.0006302818655967712, "118": 0.0007084682583808899, "119": 0.000645071268081665, "120": 0.000641554594039917, "121": 0.0006369799375534058, "122": 0.0006171166896820068, "123": 0.0006887093186378479, "124": 0.0006187707185745239, "125": 0.0006348788738250732, "126": 0.0006002262234687805, "127": 0.0006208643317222595, "128": 0.00061827152967453, "129": 0.0005490928888320923, "130": 0.0005822330713272095, "131": 0.000537090003490448, "132": 0.0005714297294616699, "133": 0.0005224719643592834, "134": 0.000554695725440979, "135": 0.0005201250314712524, "136": 0.000554308295249939, "137": 0.0005676448345184326, "138": 0.0005357414484024048, "139": 0.0005083382129669189, "140": 0.000524565577507019, "141": 0.000496983528137207, "142": 0.000501878559589386, "143": 0.0004758983850479126, "144": 0.0004911720752716064, "145": 0.00046894699335098267, "146": 0.00046369433403015137, "147": 0.00043076276779174805, "148": 0.0004904121160507202, "149": 0.0004677623510360718, "150": 0.00046184659004211426, "151": 0.0004245564341545105, "152": 0.0004467815160751343, "153": 0.00043683499097824097, "154": 0.0004248619079589844, "155": 0.0004130899906158447, "156": 0.00041422247886657715, "157": 0.0003864690661430359, "158": 0.0004114806652069092, "159": 0.00040250271558761597, "160": 0.0004278421401977539, "161": 0.0003867596387863159, "162": 0.0004184730350971222, "163": 0.00037461891770362854, "164": 0.00039411336183547974, "165": 0.00035771727561950684, "166": 0.00038269907236099243, "167": 0.00036230310797691345, "168": 0.0003778822720050812, "169": 0.0003546811640262604, "170": 0.00038331374526023865, "171": 0.00034140050411224365, "172": 0.00036280229687690735, "173": 0.0003380589187145233, "174": 0.00035133957862854004, "175": 0.00034499168395996094, "176": 0.00034865736961364746, "177": 0.0003611259162425995, "178": 0.00033621862530708313, "179": 0.00033112987875938416, "180": 0.000336524099111557, "181": 0.0003318116068840027, "182": 0.00032234564423561096, "183": 0.00033828988671302795, "184": 0.0003281906247138977, "185": 0.00028494372963905334, "186": 0.00037396326661109924, "187": 0.00030535459518432617, "188": 0.00031581148505210876, "189": 0.00027934834361076355, "190": 0.00029966235160827637, "191": 0.00028279051184654236, "192": 0.00025966763496398926, "193": 0.00028233602643013, "194": 0.00026635825634002686, "195": 0.000267762690782547, "196": 0.00026022642850875854, "197": 0.0002736523747444153, "198": 0.000260964035987854, "199": 0.00021869689226150513, "200": 0.0002704896032810211, "201": 0.000254899263381958, "202": 0.0002573058009147644, "203": 0.0002318248152732849, "204": 0.000258520245552063, "205": 0.0002468526363372803, "206": 0.0002131238579750061, "207": 0.00022283941507339478, "208": 0.00022971630096435547, "209": 0.00023506581783294678, "210": 0.0002068057656288147, "211": 0.00022629648447036743, "212": 0.00021808594465255737, "213": 0.00021695345640182495, "214": 0.00022626668214797974, "215": 0.00021166354417800903, "216": 0.00022309646010398865, "217": 0.00020697340369224548, "218": 0.00018168985843658447, "219": 0.00024727731943130493, "220": 0.0002276301383972168, "221": 0.00020685791969299316, "222": 0.00019652396440505981, "223": 0.00018327683210372925, "224": 0.0001614019274711609, "225": 0.000225067138671875, "226": 0.00016465038061141968, "227": 0.00019777193665504456, "228": 0.00022610649466514587, "229": 0.00017014890909194946, "230": 0.00018335133790969849, "231": 0.00018806010484695435, "232": 0.0001812577247619629, "233": 0.0001659393310546875, "234": 0.00020309537649154663, "235": 0.00021028518676757812, "236": 0.000171661376953125, "237": 0.00016839802265167236, "238": 0.00016076862812042236, "239": 0.00016026198863983154, "240": 0.00015192478895187378, "241": 0.0001728534698486328, "242": 0.0001377984881401062, "243": 0.00015418976545333862, "244": 0.0001253187656402588, "245": 0.00012724101543426514, "246": 0.00012930110096931458, "247": 0.00011893734335899353, "248": 0.00011052191257476807, "249": 0.00013961642980575562, "250": 0.00010640546679496765, "251": 0.00011105462908744812, "252": 0.00011751800775527954, "253": 8.814781904220581e-05, "254": 9.677186608314514e-05, "255": 9.259209036827087e-05, "256": 9.277462959289551e-05, "257": 0.00010773912072181702, "258": 9.256601333618164e-05, "259": 0.00010412558913230896, "260": 8.153170347213745e-05, "261": 8.240342140197754e-05, "262": 8.779019117355347e-05, "263": 8.057057857513428e-05, "264": 8.877366781234741e-05, "265": 8.106231689453125e-05, "266": 7.722154259681702e-05, "267": 8.773431181907654e-05, "268": 9.287148714065552e-05,