{"0": 0.6931474208831787, "1": 0.5827482342720032, "2": 0.5812239646911621, "3": 0.4167993366718292, "4": 0.3760703504085541, "5": 0.3559257686138153, "6": 0.3418191969394684, "7": 0.3303517699241638, "8": 0.32094109058380127, "9": 0.3131381869316101, "10": 0.3065454959869385, "11": 0.30075809359550476, "12": 0.29572516679763794, "13": 0.2912256121635437, "14": 0.2873762845993042, "15": 0.2838631272315979, "16": 0.2805849611759186, "17": 0.2775617241859436, "18": 0.27475762367248535, "19": 0.2721170485019684, "20": 0.2696566879749298, "21": 0.26731371879577637, "22": 0.26508083939552307, "23": 0.2629743814468384, "24": 0.26093247532844543, "25": 0.25897079706192017, "26": 0.25710660219192505, "27": 0.255351185798645, "28": 0.25365859270095825, "29": 0.2520170509815216, "30": 0.2504196763038635, "31": 0.2488761842250824, "32": 0.2473941445350647, "33": 0.24595773220062256, "34": 0.24458275735378265, "35": 0.24324922263622284, "36": 0.24194912612438202, "37": 0.24068406224250793, "38": 0.23947343230247498, "39": 0.23829589784145355, "40": 0.23714780807495117, "41": 0.23605108261108398, "42": 0.2349579632282257, "43": 0.23389768600463867, "44": 0.2328592836856842, "45": 0.23182997107505798, "46": 0.23082786798477173, "47": 0.22985005378723145, "48": 0.22889453172683716, "49": 0.22795407474040985, "50": 0.2270374298095703, "51": 0.22614029049873352, "52": 0.2252534180879593, "53": 0.2243652194738388, "54": 0.22348423302173615, "55": 0.22261737287044525, "56": 0.22176992893218994, "57": 0.22094516456127167, "58": 0.22012639045715332, "59": 0.21931226551532745, "60": 0.21851573884487152, "61": 0.21773698925971985, "62": 0.2169734239578247, "63": 0.2162306159734726, "64": 0.21548235416412354, "65": 0.21473774313926697, "66": 0.21400034427642822, "67": 0.21327096223831177, "68": 0.21253986656665802, "69": 0.21181541681289673, "70": 0.21108651161193848, "71": 0.21037143468856812, "72": 0.20966017246246338, "73": 0.20894673466682434, "74": 0.20823585987091064, "75": 0.20752599835395813, "76": 0.20679427683353424, "77": 0.20606325566768646, "78": 0.20532912015914917, "79": 0.20458737015724182, "80": 0.20384591817855835, "81": 0.2030850052833557, "82": 0.20233076810836792, "83": 0.20156560838222504, "84": 0.200791597366333, "85": 0.19999811053276062, "86": 0.19920159876346588, "87": 0.19839096069335938, "88": 0.19756297767162323, "89": 0.19672498106956482, "90": 0.19585569202899933, "91": 0.19496187567710876, "92": 0.19403372704982758, "93": 0.19306738674640656, "94": 0.19204427301883698, "95": 0.19067449867725372, "96": 0.18940480053424835, "97": 0.18788711726665497, "98": 0.18674218654632568, "99": 0.18566066026687622, "100": 0.18453678488731384, "101": 0.18341700732707977, "102": 0.18233931064605713, "103": 0.18128924071788788, "104": 0.1801939755678177, "105": 0.17914515733718872, "106": 0.17797315120697021, "107": 0.17690683901309967, "108": 0.175901398062706, "109": 0.1749735176563263, "110": 0.17410174012184143, "111": 0.17328396439552307, "112": 0.17237882316112518, "113": 0.17149971425533295, "114": 0.17073719203472137, "115": 0.16995108127593994, "116": 0.16908210515975952, "117": 0.1682789921760559, "118": 0.16748759150505066, "119": 0.16678506135940552, "120": 0.16606125235557556, "121": 0.16539037227630615, "122": 0.1647338569164276, "123": 0.16408400237560272, "124": 0.1633680909872055, "125": 0.16271592676639557, "126": 0.16207221150398254, "127": 0.1614726036787033, "128": 0.1607786864042282, "129": 0.16011610627174377, "130": 0.15955513715744019, "131": 0.15895617008209229, "132": 0.1583864539861679, "133": 0.15780499577522278, "134": 0.15727347135543823, "135": 0.15667946636676788, "136": 0.15609461069107056, "137": 0.1555132269859314, "138": 0.15493054687976837, "139": 0.1543387770652771, "140": 0.15373583137989044, "141": 0.15315236151218414, "142": 0.15262268483638763, "143": 0.15205851197242737, "144": 0.15150722861289978, "145": 0.15098917484283447, "146": 0.15052935481071472, "147": 0.14998850226402283, "148": 0.1494314819574356, "149": 0.14890071749687195, "150": 0.1484481245279312, "151": 0.14791196584701538, "152": 0.14736267924308777, "153": 0.14680540561676025, "154": 0.146244078874588, "155": 0.14568498730659485, "156": 0.14522337913513184, "157": 0.1446797251701355, "158": 0.14412865042686462, "159": 0.14359161257743835, "160": 0.14314770698547363, "161": 0.142719104886055, "162": 0.14225663244724274, "163": 0.14184966683387756, "164": 0.14140740036964417, "165": 0.1410057246685028, "166": 0.14058572053909302, "167": 0.1401982605457306, "168": 0.1397908627986908, "169": 0.13938359916210175, "170": 0.13899630308151245, "171": 0.1385985016822815, "172": 0.13825106620788574, "173": 0.13786518573760986, "174": 0.13748027384281158, "175": 0.13709543645381927, "176": 0.13670125603675842, "177": 0.13632021844387054, "178": 0.13599546253681183, "179": 0.1356465369462967, "180": 0.13529175519943237, "181": 0.13494455814361572, "182": 0.13458076119422913, "183": 0.134221613407135, "184": 0.13387465476989746, "185": 0.13351742923259735, "186": 0.13315130770206451, "187": 0.13278383016586304, "188": 0.13236862421035767, "189": 0.13191112875938416, "190": 0.13136063516139984, "191": 0.13078340888023376, "192": 0.13027352094650269, "193": 0.12978628277778625, "194": 0.1293404996395111, "195": 0.1289074718952179, "196": 0.12845832109451294, "197": 0.12802842259407043, "198": 0.12763206660747528, "199": 0.12722966074943542, "200": 0.12683185935020447, "201": 0.12640200555324554, "202": 0.12602156400680542, "203": 0.12575195729732513, "204": 0.1254136711359024, "205": 0.12511399388313293, "206": 0.12490478903055191, "207": 0.12467776238918304, "208": 0.12445736676454544, "209": 0.12423001229763031, "210": 0.12401389330625534, "211": 0.12382484972476959, "212": 0.12367995083332062, "213": 0.12354584038257599, "214": 0.12334196269512177, "215": 0.12322112917900085, "216": 0.1230786070227623, "217": 0.12295366078615189, "218": 0.12277866899967194, "219": 0.12263621389865875, "220": 0.12243719398975372, "221": 0.12228384613990784, "222": 0.12212605774402618, "223": 0.12195096164941788, "224": 0.12177611887454987, "225": 0.12157796323299408, "226": 0.12138080596923828, "227": 0.12117591500282288, "228": 0.12097980827093124, "229": 0.12069785594940186, "230": 0.12052004039287567, "231": 0.12033630907535553, "232": 0.12014146149158478, "233": 0.11997751891613007, "234": 0.11982617527246475, "235": 0.11967828869819641, "236": 0.11953897029161453, "237": 0.11939795315265656, "238": 0.11925613135099411, "239": 0.11901979148387909, "240": 0.11887304484844208, "241": 0.1187126487493515, "242": 0.11855578422546387, "243": 0.11842574924230576, "244": 0.11822838336229324, "245": 0.11805590987205505, "246": 0.11791945993900299, "247": 0.11780141294002533, "248": 0.11767569184303284, "249": 0.11753664910793304, "250": 0.11738701164722443, "251": 0.11725153028964996, "252": 0.11711206287145615, "253": 0.1169794350862503, "254": 0.11683166772127151, "255": 0.11668965965509415, "256": 0.1164432018995285, "257": 0.1162494421005249, "258": 0.11614182591438293, "259": 0.11606082320213318, "260": 0.11599963903427124, "261": 0.11594369262456894, "262": 0.11590971052646637, "263": 0.1158793643116951, "264": 0.11585918068885803, "265": 0.11584398150444031, "266": 0.11583278328180313, "267": 0.11582688987255096, "268": 0.11582063138484955, "269": 0.11581367254257202, "270": 0.11580752581357956, "271": 0.11580304801464081, "272": 0.11579615622758865, "273": 0.11578753590583801, "274": 0.11577743291854858, "275": 0.1157468780875206, "276": 0.11573359370231628, "277": 0.11571398377418518, "278": 0.11569298803806305, "279": 0.1156720519065857, "280": 0.11563941836357117, "281": 0.11559706926345825, "282": 0.1155538335442543, "283": 0.11552241444587708, "284": 0.11550521850585938, "285": 0.11548464000225067, "286": 0.11546069383621216, "287": 0.11543524265289307, "288": 0.11540959775447845, "289": 0.11538389325141907, "290": 0.11535844206809998, "291": 0.11533337831497192,