{"0": 0.6931474208831787, "1": 0.4658704400062561, "2": 0.4652768075466156, "3": 0.33782967925071716, "4": 0.2966778576374054, "5": 0.2828443646430969, "6": 0.2730294466018677, "7": 0.26444315910339355, "8": 0.2566770315170288, "9": 0.2496098130941391, "10": 0.24316811561584473, "11": 0.23725588619709015, "12": 0.23177479207515717, "13": 0.22685405611991882, "14": 0.22228790819644928, "15": 0.21797247231006622, "16": 0.21387988328933716, "17": 0.20996670424938202, "18": 0.20621028542518616, "19": 0.20257729291915894, "20": 0.1991519331932068, "21": 0.19570742547512054, "22": 0.1923924684524536, "23": 0.18917490541934967, "24": 0.1860593855381012, "25": 0.18304139375686646, "26": 0.18011869490146637, "27": 0.17728544771671295, "28": 0.17453506588935852, "29": 0.17186084389686584, "30": 0.16926038265228271, "31": 0.1667124629020691, "32": 0.16422966122627258, "33": 0.16182146966457367, "34": 0.15949781239032745, "35": 0.15724267065525055, "36": 0.15505756437778473, "37": 0.15292780101299286, "38": 0.15086784958839417, "39": 0.14887548983097076, "40": 0.14694195985794067, "41": 0.14506730437278748, "42": 0.14324182271957397, "43": 0.1414722353219986, "44": 0.1397545486688614, "45": 0.1380871832370758, "46": 0.13646622002124786, "47": 0.1348942369222641, "48": 0.1333705186843872, "49": 0.13189205527305603, "50": 0.13045579195022583, "51": 0.12905742228031158, "52": 0.12769511342048645, "53": 0.12636803090572357, "54": 0.12507446110248566, "55": 0.12381311506032944, "56": 0.12258228659629822, "57": 0.12137992680072784, "58": 0.12020590901374817, "59": 0.11905953288078308, "60": 0.11793975532054901, "61": 0.11684409528970718, "62": 0.11577052623033524, "63": 0.11471760272979736, "64": 0.11368419975042343, "65": 0.1126687154173851, "66": 0.11167006194591522, "67": 0.11068809032440186, "68": 0.10972253233194351, "69": 0.10877202451229095, "70": 0.10783402621746063, "71": 0.1069069355726242, "72": 0.10599062591791153, "73": 0.10508331656455994, "74": 0.10418242961168289, "75": 0.10328786075115204, "76": 0.10239700973033905, "77": 0.10151167213916779, "78": 0.10063184797763824, "79": 0.09975637495517731, "80": 0.09888672083616257, "81": 0.09802527725696564, "82": 0.09717796742916107, "83": 0.09634570777416229, "84": 0.09552739560604095, "85": 0.09471508860588074, "86": 0.09389707446098328, "87": 0.0930500403046608, "88": 0.09219338744878769, "89": 0.0912824273109436, "90": 0.0904126688838005, "91": 0.08920814841985703, "92": 0.08833389729261398, "93": 0.08718864619731903, "94": 0.08628090471029282, "95": 0.08537283539772034, "96": 0.0844971090555191, "97": 0.08359722793102264, "98": 0.08276370167732239, "99": 0.08182600140571594, "100": 0.0809958428144455, "101": 0.080206498503685, "102": 0.07944266498088837, "103": 0.0786593109369278, "104": 0.07791443169116974, "105": 0.07716076076030731, "106": 0.07643835991621017, "107": 0.07573059946298599, "108": 0.07504155486822128, "109": 0.07436367869377136, "110": 0.0736873596906662, "111": 0.07296139001846313, "112": 0.07226551324129105, "113": 0.07168623805046082, "114": 0.07108275592327118, "115": 0.070475734770298, "116": 0.06988529860973358, "117": 0.06929174065589905, "118": 0.06870941817760468, "119": 0.06813470274209976, "120": 0.06756487488746643, "121": 0.06700581312179565, "122": 0.06642993539571762, "123": 0.0658564567565918, "124": 0.06528224796056747, "125": 0.06477485597133636, "126": 0.06424888968467712, "127": 0.06375110894441605, "128": 0.06324055790901184, "129": 0.06274574249982834, "130": 0.06223485618829727, "131": 0.061747170984745026, "132": 0.06123524159193039, "133": 0.06075158715248108, "134": 0.060229964554309845, "135": 0.059745579957962036, "136": 0.0592445507645607, "137": 0.05878591537475586, "138": 0.05830887332558632, "139": 0.057855892926454544, "140": 0.05739249289035797, "141": 0.056944895535707474, "142": 0.056490458548069, "143": 0.05604609102010727, "144": 0.055593255907297134, "145": 0.055150702595710754, "146": 0.05470041558146477, "147": 0.054269686341285706, "148": 0.05384114757180214, "149": 0.05343454331159592, "150": 0.053029678761959076, "151": 0.05264022946357727, "152": 0.05224410444498062, "153": 0.05186112970113754, "154": 0.051466863602399826, "155": 0.051087915897369385, "156": 0.050696924328804016, "157": 0.05032112076878548, "158": 0.04993150383234024, "159": 0.04956701025366783, "160": 0.04918945953249931, "161": 0.0488366037607193, "162": 0.0484728142619133, "163": 0.04812946543097496, "164": 0.047776803374290466, "165": 0.0474352203309536, "166": 0.04707988351583481, "167": 0.04674014076590538, "168": 0.04638475924730301, "169": 0.04604847729206085, "170": 0.04569929465651512, "171": 0.04536975175142288, "172": 0.045039206743240356, "173": 0.04471854493021965, "174": 0.04439593479037285, "175": 0.04408165439963341, "176": 0.04376477375626564, "177": 0.043450795114040375, "178": 0.043136246502399445, "179": 0.042828015983104706, "180": 0.04251789301633835, "181": 0.04222150892019272, "182": 0.041919004172086716, "183": 0.041632022708654404, "184": 0.04133959114551544, "185": 0.041065625846385956, "186": 0.040782250463962555, "187": 0.040518246591091156, "188": 0.04024083912372589, "189": 0.039981499314308167, "190": 0.03970375657081604, "191": 0.039448682218790054, "192": 0.03916872665286064, "193": 0.03892149403691292, "194": 0.03865913301706314, "195": 0.03841474652290344, "196": 0.03816403076052666, "197": 0.037924423813819885, "198": 0.03768782317638397, "199": 0.03745443746447563, "200": 0.037226416170597076, "201": 0.0369974821805954, "202": 0.036770641803741455, "203": 0.036542318761348724, "204": 0.03631407767534256, "205": 0.036092113703489304, "206": 0.03586960583925247, "207": 0.03565702959895134, "208": 0.03543879836797714, "209": 0.03523100167512894, "210": 0.03501679375767708, "211": 0.034818876534700394, "212": 0.03461327776312828, "213": 0.034420762211084366, "214": 0.03421405330300331, "215": 0.03402547538280487, "216": 0.03381172567605972, "217": 0.03362284600734711, "218": 0.03341583162546158, "219": 0.03322778642177582, "220": 0.03303249925374985, "221": 0.03284699097275734, "222": 0.032668713480234146, "223": 0.03248698636889458, "224": 0.03231434151530266, "225": 0.03213178366422653, "226": 0.03196825459599495, "227": 0.031795304268598557, "228": 0.031630001962184906, "229": 0.03146601840853691, "230": 0.03130536526441574, "231": 0.031153295189142227, "232": 0.030986109748482704, "233": 0.030836191028356552, "234": 0.030659552663564682, "235": 0.030509941279888153, "236": 0.030346333980560303, "237": 0.030200891196727753, "238": 0.03004305809736252, "239": 0.029898077249526978, "240": 0.029751010239124298, "241": 0.029611283913254738, "242": 0.02947741560637951, "243": 0.02934415638446808, "244": 0.029215650632977486, "245": 0.02908201515674591, "246": 0.028955932706594467, "247": 0.028825415298342705, "248": 0.028700388967990875, "249": 0.028573177754878998, "250": 0.028451554477214813, "251": 0.02833176776766777, "252": 0.028210612013936043, "253": 0.02809249609708786, "254": 0.027972988784313202, "255": 0.027859807014465332, "256": 0.027741611003875732, "257": 0.027630308642983437, "258": 0.027515940368175507, "259": 0.027407797053456306, "260": 0.027295028790831566, "261": 0.027186769992113113, "262": 0.02707860805094242, "263": 0.026970883831381798, "264": 0.02686307393014431, "265": 0.02675832249224186, "266": 0.026661574840545654, "267": 0.026564639061689377, "268": 0.0264669768512249, "269": 0.02637561783194542, "270": 0.026272840797901154, "271": 0.026181640103459358, "272": 0.0260760635137558, "273": 0.02598312497138977, "274": 0.025881968438625336, "275": 0.025786971673369408, "276": 0.025690315291285515, "277": 0.02559714950621128, "278": 0.025503510609269142, "279": 0.025411108508706093, "280": 0.02532259374856949, "281": 0.025230612605810165, "282": 0.025142043828964233, "283": 0.025050079450011253, "284": 0.024958666414022446, "285": 0.024865372106432915, "286": 0.024775033816695213, "287": 0.024686139076948166,