{"0": 998.3068525791168, "1": 0.21602565050125122, "2": 0.000649869441986084, "3": 0.1343018114566803, "4": 0.03966546058654785, "5": 0.01380378007888794, "6": 0.009950488805770874, "7": 0.008705675601959229, "8": 0.00780525803565979, "9": 0.007065922021865845, "10": 0.0064329057931900024, "11": 0.005899176001548767, "12": 0.005410149693489075, "13": 0.0048768967390060425, "14": 0.004498273134231567, "15": 0.004236757755279541, "16": 0.004015058279037476, "17": 0.003831520676612854, "18": 0.003670915961265564, "19": 0.0035242289304733276, "20": 0.0034073740243911743, "21": 0.003212958574295044, "22": 0.003198564052581787, "23": 0.0030952244997024536, "24": 0.0029961317777633667, "25": 0.002886831760406494, "26": 0.002810955047607422, "27": 0.002723872661590576, "28": 0.002642214298248291, "29": 0.0025752633810043335, "30": 0.002508103847503662, "31": 0.002439558506011963, "32": 0.0023859739303588867, "33": 0.0023152828216552734, "34": 0.0022443830966949463, "35": 0.002161875367164612, "36": 0.0021107643842697144, "37": 0.002075985074043274, "38": 0.002003118395805359, "39": 0.001962810754776001, "40": 0.0019001215696334839, "41": 0.0018428713083267212, "42": 0.0017860382795333862, "43": 0.0017348825931549072, "44": 0.0016813427209854126, "45": 0.0016380399465560913, "46": 0.0015974044799804688, "47": 0.0015527904033660889, "48": 0.0015149861574172974, "49": 0.0014731436967849731, "50": 0.0014306306838989258, "51": 0.0013913512229919434, "52": 0.001355186104774475, "53": 0.0013195723295211792, "54": 0.001285642385482788, "55": 0.0012531429529190063, "56": 0.0012227445840835571, "57": 0.0011962950229644775, "58": 0.0011709779500961304, "59": 0.0011454969644546509, "60": 0.0011190026998519897, "61": 0.0010943859815597534, "62": 0.0010724067687988281, "63": 0.001050308346748352, "64": 0.0010299086570739746, "65": 0.0010097399353981018, "66": 0.0009916499257087708, "67": 0.000975385308265686, "68": 0.0009617358446121216, "69": 0.0009489953517913818, "70": 0.0009350404143333435, "71": 0.0009254962205886841, "72": 0.0009157359600067139, "73": 0.0009079799056053162, "74": 0.0009058266878128052, "75": 0.0009020566940307617, "76": 0.0008975565433502197, "77": 0.000895574688911438, "78": 0.0008958727121353149, "79": 0.0008936524391174316, "80": 0.00089273601770401, "81": 0.0008906200528144836, "82": 0.0008855611085891724, "83": 0.0008811429142951965, "84": 0.000873275101184845, "85": 0.0008654296398162842, "86": 0.000872977077960968, "87": 0.000900857150554657, "88": 0.0009264200925827026, "89": 0.0009559616446495056, "90": 0.0009658858180046082, "91": 0.0010712817311286926, "92": 0.001247510313987732, "93": 0.000800788402557373, "94": 0.0009121596813201904, "95": 0.000994361937046051, "96": 0.001037687063217163, "97": 0.0010353848338127136, "98": 0.0010139569640159607, "99": 0.0009255856275558472, "100": 0.0009023323655128479, "101": 0.0008382946252822876, "102": 0.0007928386330604553, "103": 0.0009300708770751953, "104": 0.0006488263607025146, "105": 0.0007078945636749268, "106": 0.0006938725709915161, "107": 0.0006778314709663391, "108": 0.0006635189056396484, "109": 0.0006467849016189575, "110": 0.0006472989916801453, "111": 0.0006399974226951599, "112": 0.0006376653909683228, "113": 0.0006470680236816406, "114": 0.0007147938013076782, "115": 0.0007381811738014221, "116": 0.0006188973784446716, "117": 0.0006022974848747253, "118": 0.0005652308464050293, "119": 0.0006397217512130737, "120": 0.0005614310503005981, "121": 0.0006475299596786499, "122": 0.0005742758512496948, "123": 0.0006671547889709473, "124": 0.0006147176027297974, "125": 0.0006520897150039673, "126": 0.000700436532497406, "127": 0.0005937069654464722, "128": 0.0006009042263031006, "129": 0.0005508884787559509, "130": 0.0005430355668067932, "131": 0.0005598142743110657, "132": 0.0005198270082473755, "133": 0.0005877315998077393, "134": 0.000523097813129425, "135": 0.0005767270922660828, "136": 0.0005363449454307556, "137": 0.000554598867893219, "138": 0.0005458593368530273, "139": 0.0004964247345924377, "140": 0.0005278289318084717, "141": 0.0004901215434074402, "142": 0.000497087836265564, "143": 0.000476788729429245, "144": 0.0004745014011859894, "145": 0.0004529617726802826, "146": 0.0004744790494441986, "147": 0.0004687383770942688, "148": 0.0004570186138153076, "149": 0.0004368610680103302, "150": 0.00043562427163124084, "151": 0.00042179226875305176, "152": 0.00042431801557540894, "153": 0.00040302053093910217, "154": 0.0004237070679664612, "155": 0.0004111826419830322, "156": 0.0004136674106121063, "157": 0.0004018321633338928, "158": 0.00041605159640312195, "159": 0.0004044361412525177, "160": 0.00040933117270469666, "161": 0.0003815069794654846, "162": 0.0004033707082271576, "163": 0.0003829076886177063, "164": 0.00038503482937812805, "165": 0.00038251280784606934, "166": 0.00037637725472450256, "167": 0.00035668909549713135, "168": 0.0003764107823371887, "169": 0.00035928189754486084, "170": 0.00036053359508514404, "171": 0.00034493207931518555, "172": 0.0003401227295398712, "173": 0.00033025071024894714, "174": 0.00033939629793167114, "175": 0.00032079219818115234, "176": 0.0003378763794898987, "177": 0.00031951069831848145, "178": 0.0003206878900527954, "179": 0.0003197714686393738, "180": 0.0003100782632827759, "181": 0.00028452277183532715, "182": 0.0003180988132953644, "183": 0.00029310956597328186, "184": 0.0002952888607978821, "185": 0.0002822950482368469, "186": 0.0002922937273979187, "187": 0.0002764947712421417, "188": 0.00027641281485557556, "189": 0.00025434792041778564, "190": 0.00026722997426986694, "191": 0.00025539472699165344, "192": 0.00024968385696411133, "193": 0.00025342777371406555, "194": 0.0002493560314178467, "195": 0.00024106353521347046, "196": 0.0002343393862247467, "197": 0.00022905319929122925, "198": 0.00023154541850090027, "199": 0.00021866708993911743, "200": 0.00023631006479263306, "201": 0.0002188943326473236, "202": 0.0002324320375919342, "203": 0.00021582096815109253, "204": 0.0002146586775779724, "205": 0.00021991506218910217, "206": 0.000216558575630188, "207": 0.00020517036318778992, "208": 0.00021765753626823425, "209": 0.00020777806639671326, "210": 0.00020194798707962036, "211": 0.0001931115984916687, "212": 0.00019688904285430908, "213": 0.00018646568059921265, "214": 0.00020968541502952576, "215": 0.00018669292330741882, "216": 0.00020498037338256836, "217": 0.00018103793263435364, "218": 0.00019958987832069397, "219": 0.00017363950610160828, "220": 0.0001966729760169983, "221": 0.00018693134188652039, "222": 0.00018226727843284607, "223": 0.00018486008048057556, "224": 0.000177871435880661, "225": 0.00018461421132087708, "226": 0.00017171353101730347, "227": 0.00018551573157310486, "228": 0.0001791045069694519, "229": 0.0001811012625694275, "230": 0.00017419829964637756, "231": 0.00017687678337097168, "232": 0.00018534809350967407, "233": 0.0001677386462688446, "234": 0.00017975270748138428, "235": 0.00016639381647109985, "236": 0.00017559155821800232, "237": 0.00015606731176376343, "238": 0.0001459941267967224, "239": 0.00015726685523986816, "240": 0.00014504045248031616, "241": 0.00014843419194221497, "242": 0.00014314055442810059, "243": 0.00015600770711898804, "244": 0.00014040619134902954, "245": 0.0001575946807861328, "246": 0.00013820454478263855, "247": 0.0001328103244304657, "248": 0.00013090670108795166, "249": 0.00013869628310203552, "250": 0.00013180822134017944, "251": 0.00011689215898513794, "252": 0.0001501329243183136, "253": 0.00015093013644218445, "254": 0.000144079327583313, "255": 0.000132046639919281, "256": 0.00015381723642349243, "257": 0.00013144314289093018, "258": 0.0001317635178565979, "259": 0.00012065097689628601, "260": 0.00012051686644554138, "261": 0.00012268871068954468, "262": 0.00011277943849563599, "263": 0.00014423951506614685, "264": 0.00010927766561508179, "265": 0.00012895278632640839, "266": 0.00011328794062137604, "267": 0.00011446699500083923, "268": 0.00012935325503349304,