{"0": 998.3068525791168, "1": 0.25939416885375977, "2": 0.0005503296852111816, "3": 0.1310414969921112, "4": 0.038883090019226074, "5": 0.013144314289093018, "6": 0.009733825922012329, "7": 0.008861929178237915, "8": 0.0079144686460495, "9": 0.00695309042930603, "10": 0.006018936634063721, "11": 0.005448505282402039, "12": 0.004954919219017029, "13": 0.004273310303688049, "14": 0.0038794875144958496, "15": 0.0036530792713165283, "16": 0.003411516547203064, "17": 0.0032196044921875, "18": 0.0030130892992019653, "19": 0.0028314590454101562, "20": 0.0026648342609405518, "21": 0.0025088340044021606, "22": 0.0023604929447174072, "23": 0.0022371113300323486, "24": 0.0021280795335769653, "25": 0.002025395631790161, "26": 0.0019295364618301392, "27": 0.0018391907215118408, "28": 0.0017484873533248901, "29": 0.0016763955354690552, "30": 0.0016033202409744263, "31": 0.0015368014574050903, "32": 0.0014709532260894775, "33": 0.001417413353919983, "34": 0.0013626962900161743, "35": 0.001313328742980957, "36": 0.001265987753868103, "37": 0.0012213587760925293, "38": 0.0011796504259109497, "39": 0.0011409372091293335, "40": 0.0011040717363357544, "41": 0.001068025827407837, "42": 0.0010335594415664673, "43": 0.001000910997390747, "44": 0.0009721666574478149, "45": 0.0009450614452362061, "46": 0.0009186863899230957, "47": 0.0008934289216995239, "48": 0.0008691400289535522, "49": 0.0008453130722045898, "50": 0.0008228570222854614, "51": 0.0008010566234588623, "52": 0.0007799714803695679, "53": 0.0007577091455459595, "54": 0.0007419586181640625, "55": 0.000723615288734436, "56": 0.0007072985172271729, "57": 0.0006912052631378174, "58": 0.000674806535243988, "59": 0.0006594136357307434, "60": 0.0006441697478294373, "61": 0.0006296634674072266, "62": 0.0006154775619506836, "63": 0.0006042420864105225, "64": 0.0005929023027420044, "65": 0.0005823001265525818, "66": 0.0005708560347557068, "67": 0.0005603954195976257, "68": 0.0005500838160514832, "69": 0.0005401074886322021, "70": 0.0005308613181114197, "71": 0.0005220100283622742, "72": 0.000514589250087738, "73": 0.0005077719688415527, "74": 0.0005022361874580383, "75": 0.0004993528127670288, "76": 0.0004970133304595947, "77": 0.0004936084151268005, "78": 0.0004904642701148987, "79": 0.0004890337586402893, "80": 0.0004931539297103882, "81": 0.0005112811923027039, "82": 0.0005369260907173157, "83": 0.00057181715965271, "84": 0.0006225928664207458, "85": 0.0006779804825782776, "86": 0.0007438361644744873, "87": 0.000814482569694519, "88": 0.0008790045976638794, "89": 0.0009382367134094238, "90": 0.000999748706817627, "91": 0.001056574285030365, "92": 0.0010924115777015686, "93": 0.0011199712753295898, "94": 0.0012002289295196533, "95": 0.0014083832502365112, "96": 0.0009696558117866516, "97": 0.0009882822632789612, "98": 0.0009907186031341553, "99": 0.0009973496198654175, "100": 0.0009351968765258789, "101": 0.0009538754820823669, "102": 0.0009224116802215576, "103": 0.000919044017791748, "104": 0.0008672326803207397, "105": 0.0008514150977134705, "106": 0.0009642988443374634, "107": 0.0008035004138946533, "108": 0.0007508173584938049, "109": 0.0007178857922554016, "110": 0.0007294043898582458, "111": 0.0006900206208229065, "112": 0.0006907060742378235, "113": 0.0006750002503395081, "114": 0.0006729662418365479, "115": 0.0006585270166397095, "116": 0.000667572021484375, "117": 0.0006692782044410706, "118": 0.0006566941738128662, "119": 0.0006161555647850037, "120": 0.0005939453840255737, "121": 0.0005808398127555847, "122": 0.0005705878138542175, "123": 0.0005601197481155396, "124": 0.0005561038851737976, "125": 0.0005473792552947998, "126": 0.0005454272031784058, "127": 0.0005460530519485474, "128": 0.0005555450916290283, "129": 0.0005477145314216614, "130": 0.0005355477333068848, "131": 0.0005106329917907715, "132": 0.0004978775978088379, "133": 0.00048075616359710693, "134": 0.00047832727432250977, "135": 0.0004676729440689087, "136": 0.00047137588262557983, "137": 0.0004637688398361206, "138": 0.000470481812953949, "139": 0.0004618242383003235, "140": 0.00047188252210617065, "141": 0.00045534223318099976, "142": 0.0004527270793914795, "143": 0.00043427199125289917, "144": 0.0004310309886932373, "145": 0.0004216134548187256, "146": 0.0004177466034889221, "147": 0.00041028857231140137, "148": 0.0004127919673919678, "149": 0.0004106387495994568, "150": 0.0004091039299964905, "151": 0.0004018321633338928, "152": 0.0004016086459159851, "153": 0.0003890395164489746, "154": 0.0003796890377998352, "155": 0.0003694295883178711, "156": 0.00036053359508514404, "157": 0.00035215914249420166, "158": 0.0003486834466457367, "159": 0.0003452412784099579, "160": 0.0003422386944293976, "161": 0.00034498050808906555, "162": 0.0003426671028137207, "163": 0.0003425478935241699, "164": 0.00033442676067352295, "165": 0.00032556429505348206, "166": 0.0003178231418132782, "167": 0.00031118839979171753, "168": 0.00030782073736190796, "169": 0.00030047446489334106, "170": 0.00030253827571868896, "171": 0.0002982616424560547, "172": 0.0003047771751880646, "173": 0.00030510127544403076, "174": 0.0003051646053791046, "175": 0.00029649585485458374, "176": 0.0002832189202308655, "177": 0.0002732090651988983, "178": 0.00027103349566459656, "179": 0.0002685263752937317, "180": 0.0002632737159729004, "181": 0.0002649463713169098, "182": 0.0002603568136692047, "183": 0.00026824697852134705, "184": 0.000262286514043808, "185": 0.00026697665452957153, "186": 0.0002645254135131836, "187": 0.0002598315477371216, "188": 0.00024141743779182434, "189": 0.00023725256323814392, "190": 0.00023740530014038086, "191": 0.00024001672863960266, "192": 0.00023986026644706726, "193": 0.00024165213108062744, "194": 0.00024643540382385254, "195": 0.0002451799809932709, "196": 0.00024873390793800354, "197": 0.00023891031742095947, "198": 0.0002393573522567749, "199": 0.00022346526384353638, "200": 0.0002132132649421692, "201": 0.00021024048328399658, "202": 0.00021018832921981812, "203": 0.00021281465888023376, "204": 0.00021363422274589539, "205": 0.00022370368242263794, "206": 0.00021695345640182495, "207": 0.00021427124738693237, "208": 0.00021196156740188599, "209": 0.000199832022190094, "210": 0.0001914091408252716, "211": 0.0001803673803806305, "212": 0.00017271190881729126, "213": 0.0001765228807926178, "214": 0.00017437711358070374, "215": 0.0001955479383468628, "216": 0.00018787384033203125, "217": 0.00019781291484832764, "218": 0.00018680840730667114, "219": 0.00019008293747901917, "220": 0.00017627328634262085, "221": 0.00016118958592414856, "222": 0.0001558363437652588, "223": 0.0001537129282951355, "224": 0.00014270469546318054, "225": 0.00016380473971366882, "226": 0.0001483224332332611, "227": 0.00017241761088371277, "228": 0.0001745373010635376, "229": 0.00017572194337844849, "230": 0.00017190724611282349, "231": 0.00017860904335975647, "232": 0.00015869364142417908, "233": 0.00015171989798545837, "234": 0.00014701858162879944, "235": 0.00014115869998931885, "236": 0.00014108046889305115, "237": 0.00014745816588401794, "238": 0.00016473233699798584, "239": 0.00016064569354057312, "240": 0.00016117095947265625, "241": 0.00015063583850860596, "242": 0.00016063451766967773, "243": 0.00014929845929145813, "244": 0.00012489408254623413, "245": 0.0001453608274459839, "246": 0.0001437366008758545, "247": 0.00014613941311836243, "248": 0.0001571252942085266, "249": 0.000155523419380188, "250": 0.00013726204633712769, "251": 0.0001554042100906372, "252": 0.00012948736548423767, "253": 0.0001209750771522522, "254": 0.00011813268065452576, "255": 0.00010808557271957397, "256": 0.00012607872486114502, "257": 0.00010102987289428711, "258": 0.00013351067900657654, "259": 0.00013558566570281982, "260": 0.00014424696564674377, "261": 0.0001300238072872162, "262": 0.0001275390386581421, "263": 0.00013233721256256104, "264": 0.00015009939670562744, "265": 0.00010382011532783508, "266": 9.008869528770447e-05, "267": 8.938834071159363e-05, "268": 8.07829201221466e-05,