{"0": 0.6931474208831787, "1": 0.43375325202941895, "2": 0.43320292234420776, "3": 0.30216142535209656, "4": 0.2632783353328705, "5": 0.25013402104377747, "6": 0.24040019512176514, "7": 0.23153826594352722, "8": 0.22362379729747772, "9": 0.2166707068681717, "10": 0.21065177023410797, "11": 0.20520326495170593, "12": 0.2002483457326889, "13": 0.19597503542900085, "14": 0.192095547914505, "15": 0.18844246864318848, "16": 0.1850309520959854, "17": 0.1818113476037979, "18": 0.17879825830459595, "19": 0.1759667992591858, "20": 0.17330196499824524, "21": 0.17079313099384308, "22": 0.16843263804912567, "23": 0.16619552671909332, "24": 0.16406744718551636, "25": 0.1620420515537262, "26": 0.16011251509189606, "27": 0.15827332437038422, "28": 0.15652483701705933, "29": 0.15484844148159027, "30": 0.15324512124061584, "31": 0.15170831978321075, "32": 0.15023736655712128, "33": 0.1488199532032013, "34": 0.14745725691318512, "35": 0.14614392817020416, "36": 0.14487794041633606, "37": 0.14365658164024353, "38": 0.14247693121433258, "39": 0.14133599400520325, "40": 0.1402319222688675, "41": 0.13916389644145966, "42": 0.1381303369998932, "43": 0.13712942600250244, "44": 0.13615725934505463, "45": 0.13521219789981842, "46": 0.13429351150989532, "47": 0.1334000825881958, "48": 0.13253094255924225, "49": 0.13168562948703766, "50": 0.1308627724647522, "51": 0.13006171584129333, "52": 0.12928174436092377, "53": 0.1285240352153778, "54": 0.12778207659721375, "55": 0.1270584613084793, "56": 0.12635116279125214, "57": 0.12565995752811432, "58": 0.12498515099287033, "59": 0.12432573735713959, "60": 0.12368156760931015, "61": 0.12305190414190292, "62": 0.12243642657995224, "63": 0.12183218449354172, "64": 0.12123928219079971, "65": 0.12065698206424713, "66": 0.12008612602949142, "67": 0.1195257306098938, "68": 0.11897564679384232, "69": 0.11843553930521011, "70": 0.1179046779870987, "71": 0.11738266795873642, "72": 0.11686807870864868, "73": 0.11636030673980713, "74": 0.11585807055234909, "75": 0.11535871773958206, "76": 0.11486170440912247, "77": 0.11436809599399567, "78": 0.11387763172388077, "79": 0.11338859796524048, "80": 0.11289544403553009, "81": 0.11238416284322739, "82": 0.11184723675251007, "83": 0.11127541959285736, "84": 0.11065282672643661, "85": 0.10997484624385834, "86": 0.10923101007938385, "87": 0.10841652750968933, "88": 0.10753752291202545, "89": 0.10659928619861603, "90": 0.1055995374917984, "91": 0.10454296320676804, "92": 0.10345055162906647, "93": 0.10233058035373688, "94": 0.10113035142421722, "95": 0.09972196817398071, "96": 0.09875231236219406, "97": 0.0977640300989151, "98": 0.09677331149578094, "99": 0.09577596187591553, "100": 0.09484076499938965, "101": 0.09388688951730728, "102": 0.09296447783708572, "103": 0.09204543381929398, "104": 0.09117820113897324, "105": 0.09032678604125977, "106": 0.0893624871969223, "107": 0.08855898678302765, "108": 0.08780816942453384, "109": 0.08709028363227844, "110": 0.0863608792424202, "111": 0.08567085862159729, "112": 0.08498015254735947, "113": 0.08430515229701996, "114": 0.08363218605518341, "115": 0.0829736590385437, "116": 0.08230608701705933, "117": 0.08163680881261826, "118": 0.08098011463880539, "119": 0.08036395907402039, "120": 0.07977001368999481, "121": 0.07918917387723923, "122": 0.07861858606338501, "123": 0.07805846631526947, "124": 0.07750236243009567, "125": 0.07695498317480087, "126": 0.07640955597162247, "127": 0.07586350291967392, "128": 0.07530795782804489, "129": 0.07476024329662323, "130": 0.07422469556331635, "131": 0.07371406257152557, "132": 0.07321618497371674, "133": 0.07273542881011963, "134": 0.07225710153579712, "135": 0.07178942859172821, "136": 0.07131805270910263, "137": 0.07085428386926651, "138": 0.07038380205631256, "139": 0.06992197781801224, "140": 0.06945009529590607, "141": 0.06899475306272507, "142": 0.06854202598333359, "143": 0.06810775399208069, "144": 0.06767672300338745, "145": 0.06725510954856873, "146": 0.0668373629450798, "147": 0.0664270743727684, "148": 0.06601428240537643, "149": 0.06560364365577698, "150": 0.06519453972578049, "151": 0.0647927075624466, "152": 0.06439109891653061, "153": 0.06400205940008163, "154": 0.0636223703622818, "155": 0.06325294077396393, "156": 0.06289240717887878, "157": 0.06254024803638458, "158": 0.062191564589738846, "159": 0.06184632331132889, "160": 0.06150408461689949, "161": 0.061159104108810425, "162": 0.060816437005996704, "163": 0.060473889112472534, "164": 0.06013946235179901, "165": 0.05981389805674553, "166": 0.05949607491493225, "167": 0.05918488651514053, "168": 0.058877065777778625, "169": 0.058576591312885284, "170": 0.058274053037166595, "171": 0.05797579139471054, "172": 0.057671014219522476, "173": 0.057365912944078445, "174": 0.05706074833869934, "175": 0.05676425248384476, "176": 0.05648103356361389, "177": 0.05620782449841499, "178": 0.0559367910027504, "179": 0.055668264627456665, "180": 0.055404990911483765, "181": 0.055140044540166855, "182": 0.05487968772649765, "183": 0.0546114407479763, "184": 0.054349154233932495, "185": 0.054082177579402924, "186": 0.05381765216588974, "187": 0.05355782061815262, "188": 0.053316403180360794, "189": 0.05307915061712265, "190": 0.05284174531698227, "191": 0.05260172858834267, "192": 0.0523618683218956, "193": 0.05212021619081497, "194": 0.05187378078699112, "195": 0.05162860080599785, "196": 0.051379866898059845, "197": 0.051140956580638885, "198": 0.05090159922838211, "199": 0.050678133964538574, "200": 0.050464920699596405, "201": 0.05025468021631241, "202": 0.05004449188709259, "203": 0.04983167722821236, "204": 0.04961804300546646, "205": 0.04939433932304382, "206": 0.049177385866642, "207": 0.048963114619255066, "208": 0.04875115305185318, "209": 0.048551321029663086, "210": 0.048359911888837814, "211": 0.048179544508457184, "212": 0.04800683259963989, "213": 0.047830309718847275, "214": 0.04765593260526657, "215": 0.04746038466691971, "216": 0.04727251082658768, "217": 0.04707469791173935, "218": 0.04688788950443268, "219": 0.04669780656695366, "220": 0.04652153328061104, "221": 0.04636034369468689, "222": 0.04620450735092163, "223": 0.046050794422626495, "224": 0.045908089727163315, "225": 0.045744284987449646, "226": 0.045595962554216385, "227": 0.04542354494333267, "228": 0.045249007642269135, "229": 0.045073285698890686, "230": 0.04490137845277786, "231": 0.044722769409418106, "232": 0.04456407576799393, "233": 0.04441235587000847, "234": 0.04426533728837967, "235": 0.04412417858839035, "236": 0.0439830981194973, "237": 0.04383563995361328, "238": 0.043670907616615295, "239": 0.04351026192307472, "240": 0.043349090963602066, "241": 0.04319845512509346, "242": 0.04303782060742378, "243": 0.042888522148132324, "244": 0.04276362806558609, "245": 0.042618267238140106, "246": 0.04247453063726425, "247": 0.04232839122414589, "248": 0.04217126592993736, "249": 0.042015742510557175, "250": 0.04187848046422005, "251": 0.04172307625412941, "252": 0.04159358888864517, "253": 0.04147261381149292, "254": 0.041354481130838394, "255": 0.04124639555811882, "256": 0.041120316833257675, "257": 0.04101928696036339, "258": 0.04088577628135681, "259": 0.04075019061565399, "260": 0.04060594365000725, "261": 0.04047591984272003, "262": 0.04034838080406189, "263": 0.04021604359149933, "264": 0.0400659441947937, "265": 0.039962124079465866, "266": 0.03987203538417816, "267": 0.03978264704346657, "268": 0.03970186412334442, "269": 0.03961663320660591, "270": 0.0395016074180603, "271": 0.039411645382642746, "272": 0.039308950304985046, "273": 0.03921659290790558, "274": 0.03912325203418732, "275": 0.03901189565658569, "276": 0.038931943476200104, "277": 0.03886725381016731, "278": 0.03880225867033005, "279": 0.03874130919575691, "280": 0.038681209087371826, "281": 0.038612037897109985, "282": 0.03854694217443466, "283": 0.03847847133874893, "284": 0.03841231018304825, "285": 0.03834887966513634, "286": 0.03826119005680084, "287": 0.03816213458776474, "288": 0.038094475865364075,