{"0": 0.6931474208831787, "1": 0.32759392261505127, "2": 0.32732516527175903, "3": 0.2542523145675659, "4": 0.22892820835113525, "5": 0.22044700384140015, "6": 0.21482214331626892, "7": 0.21009978652000427, "8": 0.20598821341991425, "9": 0.20234936475753784, "10": 0.19905805587768555, "11": 0.19609443843364716, "12": 0.19339360296726227, "13": 0.1909838318824768, "14": 0.1887637823820114, "15": 0.186701700091362, "16": 0.18478240072727203, "17": 0.1829826980829239, "18": 0.18129537999629974, "19": 0.17970594763755798, "20": 0.1782117486000061, "21": 0.17679129540920258, "22": 0.17544449865818024, "23": 0.1741584688425064, "24": 0.17293308675289154, "25": 0.1717655062675476, "26": 0.17064210772514343, "27": 0.16956710815429688, "28": 0.16853293776512146, "29": 0.16753645241260529, "30": 0.16657589375972748, "31": 0.1656557321548462, "32": 0.16476108133792877, "33": 0.16389191150665283, "34": 0.16304659843444824, "35": 0.1622307449579239, "36": 0.1614319384098053, "37": 0.1606532633304596, "38": 0.1599004566669464, "39": 0.15916046500205994, "40": 0.1584342122077942, "41": 0.1577233225107193, "42": 0.15702755749225616, "43": 0.15634751319885254, "44": 0.15568213164806366, "45": 0.15503257513046265, "46": 0.15439213812351227, "47": 0.15376490354537964, "48": 0.1531497836112976, "49": 0.1525479257106781, "50": 0.1519586145877838, "51": 0.15138031542301178, "52": 0.15081147849559784, "53": 0.15025478601455688, "54": 0.14970828592777252, "55": 0.14917215704917908, "56": 0.14864875376224518, "57": 0.14813673496246338, "58": 0.14763693511486053, "59": 0.1471482664346695, "60": 0.14667341113090515, "61": 0.14620287716388702, "62": 0.14574311673641205, "63": 0.145293727517128, "64": 0.14485445618629456, "65": 0.1444253921508789, "66": 0.14400583505630493, "67": 0.1435975432395935, "68": 0.14319470524787903, "69": 0.14280179142951965, "70": 0.14241595566272736, "71": 0.14203783869743347, "72": 0.14166830480098724, "73": 0.1413062959909439, "74": 0.1409524828195572, "75": 0.1406063437461853, "76": 0.14026764035224915, "77": 0.13993509113788605, "78": 0.13960906863212585, "79": 0.1392895132303238, "80": 0.1389758288860321, "81": 0.13866838812828064, "82": 0.13836653530597687, "83": 0.13807067275047302, "84": 0.1377807855606079, "85": 0.1374966949224472, "86": 0.13721822202205658, "87": 0.13694480061531067, "88": 0.13667604327201843, "89": 0.13641153275966644, "90": 0.1361507773399353, "91": 0.1358933001756668, "92": 0.13563817739486694, "93": 0.13538558781147003, "94": 0.13513442873954773, "95": 0.13488365709781647, "96": 0.13463355600833893, "97": 0.13438288867473602, "98": 0.1341303586959839, "99": 0.1338750123977661, "100": 0.1336103081703186, "101": 0.13333067297935486, "102": 0.13303224742412567, "103": 0.13271676003932953, "104": 0.13237813115119934, "105": 0.132014200091362, "106": 0.13161563873291016, "107": 0.1311686933040619, "108": 0.13065581023693085, "109": 0.12997755408287048, "110": 0.12942412495613098, "111": 0.12870804965496063, "112": 0.12802046537399292, "113": 0.12723985314369202, "114": 0.12648728489875793, "115": 0.12571090459823608, "116": 0.1249764934182167, "117": 0.12422562390565872, "118": 0.12354551255702972, "119": 0.12286912649869919, "120": 0.12218502163887024, "121": 0.12152768671512604, "122": 0.12084852159023285, "123": 0.12023279070854187, "124": 0.11957831680774689, "125": 0.11898314207792282, "126": 0.11838547885417938, "127": 0.11779967695474625, "128": 0.11721426993608475, "129": 0.11664695292711258, "130": 0.1160888820886612, "131": 0.11552515625953674, "132": 0.1149701178073883, "133": 0.11440762877464294, "134": 0.11385928839445114, "135": 0.11331258714199066, "136": 0.11277232319116592, "137": 0.11225845664739609, "138": 0.1117100790143013, "139": 0.111188143491745, "140": 0.11065204441547394, "141": 0.11014203727245331, "142": 0.1096254214644432, "143": 0.10912161320447922, "144": 0.10861533135175705, "145": 0.10811621695756912, "146": 0.10761460661888123, "147": 0.1071150079369545, "148": 0.1066356971859932, "149": 0.10615812242031097, "150": 0.10568798333406448, "151": 0.1052398532629013, "152": 0.10475695878267288, "153": 0.10429970175027847, "154": 0.10383056849241257, "155": 0.103379026055336, "156": 0.10291966795921326, "157": 0.10247072577476501, "158": 0.10201656073331833, "159": 0.10157399624586105, "160": 0.10113111138343811, "161": 0.100692018866539, "162": 0.10027043521404266, "163": 0.09985163062810898, "164": 0.09944269061088562, "165": 0.09904206544160843, "166": 0.09863631427288055, "167": 0.09824119508266449, "168": 0.09784004837274551, "169": 0.09745040535926819, "170": 0.09705312550067902, "171": 0.09666784107685089, "172": 0.0962771475315094, "173": 0.09590158611536026, "174": 0.09552468359470367, "175": 0.09515976905822754, "176": 0.09480050951242447, "177": 0.0944439247250557, "178": 0.09409411996603012, "179": 0.09374584257602692, "180": 0.09340213984251022, "181": 0.09308096766471863, "182": 0.09271831065416336, "183": 0.09234869480133057, "184": 0.09199541807174683, "185": 0.09164269268512726, "186": 0.09129397571086884, "187": 0.09095891565084457, "188": 0.09061653912067413, "189": 0.09028586745262146, "190": 0.08994782716035843, "191": 0.08960825949907303, "192": 0.08928097039461136, "193": 0.08897081762552261, "194": 0.08865747600793839, "195": 0.08835708349943161, "196": 0.08805733919143677, "197": 0.08776362985372543, "198": 0.08747196942567825, "199": 0.08719164878129959, "200": 0.08690395206212997, "201": 0.08662331104278564, "202": 0.08633823692798615, "203": 0.08606385439634323, "204": 0.08579103648662567, "205": 0.08552327752113342, "206": 0.08525461703538895, "207": 0.08499237149953842, "208": 0.08473524451255798, "209": 0.08448590338230133, "210": 0.08423911780118942, "211": 0.08399729430675507, "212": 0.0837538093328476, "213": 0.0835232064127922, "214": 0.08325958997011185, "215": 0.08302284777164459, "216": 0.08278310298919678, "217": 0.08254525810480118, "218": 0.08230742812156677, "219": 0.08206357061862946, "220": 0.08182612806558609, "221": 0.08160050213336945, "222": 0.08136601746082306, "223": 0.08112086355686188, "224": 0.08089109510183334, "225": 0.0806688740849495, "226": 0.08038496971130371, "227": 0.08013700693845749, "228": 0.0798937976360321, "229": 0.07965684682130814, "230": 0.0794290229678154, "231": 0.07920434325933456, "232": 0.07892411947250366, "233": 0.07862459868192673, "234": 0.07842695713043213, "235": 0.0782439112663269, "236": 0.07804783433675766, "237": 0.07787373661994934, "238": 0.07768531888723373, "239": 0.07751727849245071, "240": 0.07733839005231857, "241": 0.07717488706111908, "242": 0.07700391858816147, "243": 0.07686786353588104, "244": 0.07675188034772873, "245": 0.076618991792202, "246": 0.07646488398313522, "247": 0.07630635052919388, "248": 0.07613736391067505, "249": 0.07598420977592468, "250": 0.07583155483007431, "251": 0.07563596963882446, "252": 0.07547258585691452, "253": 0.0753079205751419, "254": 0.07510524243116379, "255": 0.07491748034954071, "256": 0.07475020736455917, "257": 0.07459750026464462, "258": 0.07445110380649567, "259": 0.07426407933235168, "260": 0.07411931455135345, "261": 0.07397621870040894, "262": 0.07383768260478973, "263": 0.07369978725910187, "264": 0.0735536590218544, "265": 0.07341761142015457, "266": 0.0732271820306778, "267": 0.07309965789318085, "268": 0.07297689467668533, "269": 0.07285234332084656, "270": 0.07272930443286896, "271": 0.07260902225971222, "272": 0.07248993963003159, "273": 0.07234285771846771, "274": 0.07222706079483032, "275": 0.0721156895160675, "276": 0.07200165092945099, "277": 0.07189475744962692, "278": 0.07178504019975662, "279": 0.07168121635913849, "280": 0.07157847285270691, "281": 0.07148009538650513, "282": 0.07138172537088394, "283": 0.0712871253490448, "284": 0.07119584083557129, "285": 0.07110533118247986, "286": 0.07098516076803207, "287": 0.07089606672525406, "288": 0.07081083953380585, "289": 0.07071205973625183, "290": 0.07062386721372604, "291": 0.07053300738334656,