{"0": 998.3068525791168, "1": 0.36555349826812744, "2": 0.00026875734329223633, "3": 0.07307285070419312, "4": 0.025324106216430664, "5": 0.008481204509735107, "6": 0.005624860525131226, "7": 0.0047223567962646484, "8": 0.004111573100090027, "9": 0.003638848662376404, "10": 0.003291308879852295, "11": 0.002963617444038391, "12": 0.0027008354663848877, "13": 0.0024097710847854614, "14": 0.002220049500465393, "15": 0.002062082290649414, "16": 0.0019192993640899658, "17": 0.0017997026443481445, "18": 0.0016873180866241455, "19": 0.0015894323587417603, "20": 0.0014941990375518799, "21": 0.0014204531908035278, "22": 0.0013467967510223389, "23": 0.0012860298156738281, "24": 0.0012253820896148682, "25": 0.001167580485343933, "26": 0.0011233985424041748, "27": 0.0010749995708465576, "28": 0.001034170389175415, "29": 0.0009964853525161743, "30": 0.0009605586528778076, "31": 0.0009201616048812866, "32": 0.0008946508169174194, "33": 0.0008691698312759399, "34": 0.0008453130722045898, "35": 0.000815853476524353, "36": 0.0007988065481185913, "37": 0.0007786750793457031, "38": 0.0007528066635131836, "39": 0.0007399916648864746, "40": 0.0007262527942657471, "41": 0.0007108896970748901, "42": 0.0006957650184631348, "43": 0.0006800442934036255, "44": 0.0006653815507888794, "45": 0.0006495565176010132, "46": 0.0006404370069503784, "47": 0.0006272345781326294, "48": 0.0006151199340820312, "49": 0.0006018579006195068, "50": 0.0005893111228942871, "51": 0.0005782991647720337, "52": 0.0005688369274139404, "53": 0.0005566924810409546, "54": 0.0005465000867843628, "55": 0.0005361288785934448, "56": 0.0005234032869338989, "57": 0.0005120187997817993, "58": 0.0004997998476028442, "59": 0.00048866868019104, "60": 0.00047485530376434326, "61": 0.00047053396701812744, "62": 0.0004597604274749756, "63": 0.0004493892192840576, "64": 0.00043927133083343506, "65": 0.0004290640354156494, "66": 0.0004195570945739746, "67": 0.0004082918167114258, "68": 0.00040283799171447754, "69": 0.000392913818359375, "70": 0.00038583576679229736, "71": 0.0003781169652938843, "72": 0.00036953389644622803, "73": 0.00036200881004333496, "74": 0.00035381317138671875, "75": 0.0003461390733718872, "76": 0.0003387033939361572, "77": 0.00033254921436309814, "78": 0.00032602250576019287, "79": 0.000319555401802063, "80": 0.000313684344291687, "81": 0.00030744075775146484, "82": 0.00030185282230377197, "83": 0.0002958625555038452, "84": 0.0002898871898651123, "85": 0.00028409063816070557, "86": 0.000278472900390625, "87": 0.00027342140674591064, "88": 0.00026875734329223633, "89": 0.00026451051235198975, "90": 0.00026075541973114014, "91": 0.00025747716426849365, "92": 0.0002551227807998657, "93": 0.0002525895833969116, "94": 0.00025115907192230225, "95": 0.0002507716417312622, "96": 0.00025010108947753906, "97": 0.0002506673336029053, "98": 0.00025252997875213623, "99": 0.00025534629821777344, "100": 0.00026470422744750977, "101": 0.0002796351909637451, "102": 0.000298425555229187, "103": 0.0003154873847961426, "104": 0.000338628888130188, "105": 0.0003639310598373413, "106": 0.00039856135845184326, "107": 0.0004469454288482666, "108": 0.0005128830671310425, "109": 0.0006782561540603638, "110": 0.000553429126739502, "111": 0.0007160753011703491, "112": 0.0006875842809677124, "113": 0.0007806122303009033, "114": 0.000752568244934082, "115": 0.0007763803005218506, "116": 0.0007344111800193787, "117": 0.0007508695125579834, "118": 0.0006801113486289978, "119": 0.0006763860583305359, "120": 0.000684104859828949, "121": 0.0006573349237442017, "122": 0.0006791651248931885, "123": 0.000615730881690979, "124": 0.0006544739007949829, "125": 0.0005951747298240662, "126": 0.0005976632237434387, "127": 0.000585801899433136, "128": 0.000585407018661499, "129": 0.000567317008972168, "130": 0.0005580708384513855, "131": 0.0005637258291244507, "132": 0.0005550384521484375, "133": 0.0005624890327453613, "134": 0.000548340380191803, "135": 0.0005467012524604797, "136": 0.0005402639508247375, "137": 0.0005138665437698364, "138": 0.0005483776330947876, "139": 0.0005219355225563049, "140": 0.0005360990762710571, "141": 0.0005100071430206299, "142": 0.0005166158080101013, "143": 0.0005038082599639893, "144": 0.000506281852722168, "145": 0.0004991143941879272, "146": 0.0005016103386878967, "147": 0.0004995986819267273, "148": 0.0004793107509613037, "149": 0.00047757476568222046, "150": 0.0004701390862464905, "151": 0.0004481300711631775, "152": 0.00048289448022842407, "153": 0.0004572570323944092, "154": 0.00046913325786590576, "155": 0.0004515424370765686, "156": 0.0004593580961227417, "157": 0.0004489421844482422, "158": 0.0004541650414466858, "159": 0.0004425644874572754, "160": 0.0004428848624229431, "161": 0.0004390925168991089, "162": 0.0004215836524963379, "163": 0.0004188045859336853, "164": 0.00040894001722335815, "165": 0.00040062516927719116, "166": 0.00040575116872787476, "167": 0.00039511919021606445, "168": 0.00040114670991897583, "169": 0.00038964301347732544, "170": 0.00039727985858917236, "171": 0.000385284423828125, "172": 0.0003906935453414917, "173": 0.0003755614161491394, "174": 0.0003769025206565857, "175": 0.00036491453647613525, "176": 0.00035925954580307007, "177": 0.0003565847873687744, "178": 0.00034980475902557373, "179": 0.00034827739000320435, "180": 0.0003437027335166931, "181": 0.00032117217779159546, "182": 0.00036265701055526733, "183": 0.0003696158528327942, "184": 0.00035327672958374023, "185": 0.00035272538661956787, "186": 0.00034871697425842285, "187": 0.0003350600600242615, "188": 0.0003423765301704407, "189": 0.00033067166805267334, "190": 0.000338040292263031, "191": 0.0003395676612854004, "192": 0.0003272891044616699, "193": 0.0003101527690887451, "194": 0.0003133416175842285, "195": 0.0003003925085067749, "196": 0.00029974430799484253, "197": 0.00029370933771133423, "198": 0.0002916604280471802, "199": 0.0002803206443786621, "200": 0.0002876967191696167, "201": 0.00028064101934432983, "202": 0.0002850741147994995, "203": 0.0002743825316429138, "204": 0.0002728179097175598, "205": 0.00026775896549224854, "206": 0.0002686604857444763, "207": 0.0002622455358505249, "208": 0.00025712698698043823, "209": 0.00024934113025665283, "210": 0.00024678558111190796, "211": 0.0002418234944343567, "212": 0.0002434849739074707, "213": 0.0002306029200553894, "214": 0.0002636164426803589, "215": 0.00023674219846725464, "216": 0.00023974478244781494, "217": 0.00023784488439559937, "218": 0.00023782998323440552, "219": 0.0002438575029373169, "220": 0.00023744255304336548, "221": 0.0002256259322166443, "222": 0.00023448467254638672, "223": 0.00024515390396118164, "224": 0.00022976845502853394, "225": 0.0002222210168838501, "226": 0.00028390437364578247, "227": 0.0002479627728462219, "228": 0.00024320930242538452, "229": 0.0002369508147239685, "230": 0.00022782385349273682, "231": 0.00022467970848083496, "232": 0.0002802237868309021, "233": 0.0002995207905769348, "234": 0.0001976415514945984, "235": 0.0001830458641052246, "236": 0.00019607692956924438, "237": 0.0001740977168083191, "238": 0.0001884177327156067, "239": 0.00016804039478302002, "240": 0.0001788884401321411, "241": 0.0001635029911994934, "242": 0.00017096847295761108, "243": 0.00013605505228042603, "244": 0.00011598318815231323, "245": 0.0001328885555267334, "246": 0.00015410780906677246, "247": 0.00015853345394134521, "248": 0.00016898661851882935, "249": 0.0001531541347503662, "250": 0.00015265494585037231, "251": 0.0001955851912498474, "252": 0.00016338378190994263, "253": 0.00016466528177261353, "254": 0.0002026781439781189, "255": 0.0001877620816230774, "256": 0.00016727298498153687, "257": 0.00015270709991455078, "258": 0.0001463964581489563, "259": 0.00018702447414398193, "260": 0.00014476478099822998, "261": 0.00014309585094451904, "262": 0.00013853609561920166, "263": 0.0001378953456878662, "264": 0.00014612823724746704, "265": 0.0001360476016998291, "266": 0.00019042938947677612, "267": 0.00012752413749694824,