{"0": 998.3068525791168, "1": 0.10968005657196045, "2": 0.0008966922760009766, "3": 0.1387592852115631, "4": 0.05076196789741516, "5": 0.017200738191604614, "6": 0.011491745710372925, "7": 0.009735316038131714, "8": 0.0086098313331604, "9": 0.007772892713546753, "10": 0.0070788562297821045, "11": 0.006510108709335327, "12": 0.006011486053466797, "13": 0.005509376525878906, "14": 0.005073815584182739, "15": 0.00475919246673584, "16": 0.0044596195220947266, "17": 0.0041855573654174805, "18": 0.0039695799350738525, "19": 0.003749758005142212, "20": 0.003558248281478882, "21": 0.003359884023666382, "22": 0.0032409727573394775, "23": 0.003085702657699585, "24": 0.0029423534870147705, "25": 0.002814948558807373, "26": 0.002689927816390991, "27": 0.0025698840618133545, "28": 0.0024646520614624023, "29": 0.0023621022701263428, "30": 0.0022564828395843506, "31": 0.0021811723709106445, "32": 0.00209730863571167, "33": 0.002009674906730652, "34": 0.0019377917051315308, "35": 0.0018646568059921265, "36": 0.0017933249473571777, "37": 0.0017345398664474487, "38": 0.0016749799251556396, "39": 0.0016179084777832031, "40": 0.0015636235475540161, "41": 0.0015094876289367676, "42": 0.0014650523662567139, "43": 0.0014159232378005981, "44": 0.0013733506202697754, "45": 0.0013327300548553467, "46": 0.0012934356927871704, "47": 0.0012546926736831665, "48": 0.0012186616659164429, "49": 0.0011782199144363403, "50": 0.0011519193649291992, "51": 0.0011219233274459839, "52": 0.00109119713306427, "53": 0.001062139868736267, "54": 0.0010335445404052734, "55": 0.0010072290897369385, "56": 0.0009810477495193481, "57": 0.0009564459323883057, "58": 0.0009322911500930786, "59": 0.0009102672338485718, "60": 0.0008884072303771973, "61": 0.0008670240640640259, "62": 0.0008462965488433838, "63": 0.0008264631032943726, "64": 0.0008071959018707275, "65": 0.0007878541946411133, "66": 0.0007690340280532837, "67": 0.0007508844137191772, "68": 0.0007328838109970093, "69": 0.000716090202331543, "70": 0.0006997287273406982, "71": 0.0006836801767349243, "72": 0.0006680339574813843, "73": 0.0006523579359054565, "74": 0.0006371140480041504, "75": 0.000622183084487915, "76": 0.000607803463935852, "77": 0.0005937069654464722, "78": 0.0005799978971481323, "79": 0.0005666464567184448, "80": 0.0005539357662200928, "81": 0.0005415529012680054, "82": 0.000529855489730835, "83": 0.0005184412002563477, "84": 0.000507161021232605, "85": 0.0004964768886566162, "86": 0.000486224889755249, "87": 0.0004766732454299927, "88": 0.00046747922897338867, "89": 0.0004585385322570801, "90": 0.00044971704483032227, "91": 0.0004414469003677368, "92": 0.0004339069128036499, "93": 0.00042663514614105225, "94": 0.0004197657108306885, "95": 0.00041419267654418945, "96": 0.00040955841541290283, "97": 0.0004052072763442993, "98": 0.00040169060230255127, "99": 0.00039902329444885254, "100": 0.0003974437713623047, "101": 0.00039628148078918457, "102": 0.0003972649574279785, "103": 0.0004027634859085083, "104": 0.000413358211517334, "105": 0.00043432414531707764, "106": 0.00047360360622406006, "107": 0.0005300194025039673, "108": 0.0006170570850372314, "109": 0.0007255524396896362, "110": 0.0008377432823181152, "111": 0.0011840462684631348, "112": 0.0011685341596603394, "113": 0.0013387352228164673, "114": 0.0015125572681427002, "115": 0.00131244957447052, "116": 0.0015356242656707764, "117": 0.0016367435455322266, "118": 0.001582413911819458, "119": 0.0014986544847488403, "120": 0.0014713257551193237, "121": 0.0013533681631088257, "122": 0.0014738142490386963, "123": 0.00131969153881073, "124": 0.0013587623834609985, "125": 0.0013416111469268799, "126": 0.001306280493736267, "127": 0.001302093267440796, "128": 0.0012946724891662598, "129": 0.00129680335521698, "130": 0.0012581050395965576, "131": 0.0012822151184082031, "132": 0.001230195164680481, "133": 0.0013064146041870117, "134": 0.0012234002351760864, "135": 0.0012074559926986694, "136": 0.0011819005012512207, "137": 0.0011547356843948364, "138": 0.0011468827724456787, "139": 0.0011249184608459473, "140": 0.001135021448135376, "141": 0.0010970830917358398, "142": 0.00107613205909729, "143": 0.0010823458433151245, "144": 0.0010845065116882324, "145": 0.0010643303394317627, "146": 0.0010465532541275024, "147": 0.0010306984186172485, "148": 0.0010026544332504272, "149": 0.0010101944208145142, "150": 0.0009802579879760742, "151": 0.0009935498237609863, "152": 0.0009666383266448975, "153": 0.0009524673223495483, "154": 0.0009394586086273193, "155": 0.0009352564811706543, "156": 0.0009242594242095947, "157": 0.0009149014949798584, "158": 0.0009038001298904419, "159": 0.0008822530508041382, "160": 0.000878065824508667, "161": 0.0008636116981506348, "162": 0.0008557289838790894, "163": 0.0008467733860015869, "164": 0.000827297568321228, "165": 0.000830434262752533, "166": 0.000810571014881134, "167": 0.000814877450466156, "168": 0.0007934272289276123, "169": 0.0007970705628395081, "170": 0.0007744431495666504, "171": 0.0007737278938293457, "172": 0.0007598176598548889, "173": 0.0007506832480430603, "174": 0.000746995210647583, "175": 0.0007313638925552368, "176": 0.0007326006889343262, "177": 0.0007165968418121338, "178": 0.0007145106792449951, "179": 0.0007046237587928772, "180": 0.0006959140300750732, "181": 0.0006910264492034912, "182": 0.0006767362356185913, "183": 0.0006819888949394226, "184": 0.000660918653011322, "185": 0.0006617307662963867, "186": 0.0006447359919548035, "187": 0.0006466656923294067, "188": 0.0006298050284385681, "189": 0.0006268993020057678, "190": 0.0006165653467178345, "191": 0.0006104037165641785, "192": 0.0006082057952880859, "193": 0.0005952045321464539, "194": 0.000594019889831543, "195": 0.0005829259753227234, "196": 0.0005761533975601196, "197": 0.0005709454417228699, "198": 0.0005607306957244873, "199": 0.0005604922771453857, "200": 0.0005486831068992615, "201": 0.0005505010485649109, "202": 0.0005373656749725342, "203": 0.0005407780408859253, "204": 0.0005286633968353271, "205": 0.0005288571119308472, "206": 0.0005083531141281128, "207": 0.0005103051662445068, "208": 0.0005049556493759155, "209": 0.0004952698945999146, "210": 0.0005009099841117859, "211": 0.00048067420721054077, "212": 0.0004823729395866394, "213": 0.000475369393825531, "214": 0.0004525408148765564, "215": 0.00048201531171798706, "216": 0.0004649609327316284, "217": 0.0004596635699272156, "218": 0.00045461952686309814, "219": 0.00044827908277511597, "220": 0.0004426911473274231, "221": 0.0004436969757080078, "222": 0.00043305009603500366, "223": 0.00043445080518722534, "224": 0.0004355236887931824, "225": 0.00041572004556655884, "226": 0.0004062727093696594, "227": 0.0004051774740219116, "228": 0.000394478440284729, "229": 0.0003983527421951294, "230": 0.0003858134150505066, "231": 0.0003901869058609009, "232": 0.0003785640001296997, "233": 0.00037948042154312134, "234": 0.0003749579191207886, "235": 0.0003739595413208008, "236": 0.00036594271659851074, "237": 0.0003588646650314331, "238": 0.00035385042428970337, "239": 0.00034721940755844116, "240": 0.00034467875957489014, "241": 0.0003381967544555664, "242": 0.00033511966466903687, "243": 0.0003308802843093872, "244": 0.00032179057598114014, "245": 0.0003271549940109253, "246": 0.00031747668981552124, "247": 0.00032020360231399536, "248": 0.00031280517578125, "249": 0.000308796763420105, "250": 0.0003054887056350708, "251": 0.00029869377613067627, "252": 0.00029775500297546387, "253": 0.00029387325048446655, "254": 0.00029015541076660156, "255": 0.00028752535581588745, "256": 0.0002853497862815857, "257": 0.0002827197313308716, "258": 0.00027868151664733887, "259": 0.00027792155742645264, "260": 0.0002689957618713379, "261": 0.000273779034614563, "262": 0.00026254355907440186, "263": 0.0002658069133758545, "264": 0.00026112794876098633, "265": 0.0002552792429924011, "266": 0.0002543404698371887, "267": 0.00024759769439697266, "268": 0.00024659186601638794, "269": 0.0002439543604850769, "270": 0.00023390352725982666,