{"0": 0.6931474208831787, "1": 0.5620517730712891, "2": 0.5612146854400635, "3": 0.41923946142196655, "4": 0.3692476451396942, "5": 0.35315629839897156, "6": 0.34253695607185364, "7": 0.33361345529556274, "8": 0.32577985525131226, "9": 0.3188338875770569, "10": 0.3126019835472107, "11": 0.30697599053382874, "12": 0.3018707036972046, "13": 0.29737573862075806, "14": 0.29327642917633057, "15": 0.28948476910591125, "16": 0.28592854738235474, "17": 0.2825968265533447, "18": 0.2794766128063202, "19": 0.2765350937843323, "20": 0.2737891674041748, "21": 0.2711535692214966, "22": 0.26866477727890015, "23": 0.26630091667175293, "24": 0.26403823494911194, "25": 0.2618817090988159, "26": 0.2598273754119873, "27": 0.2578461170196533, "28": 0.2559579312801361, "29": 0.2541334331035614, "30": 0.2523670196533203, "31": 0.2506665885448456, "32": 0.24902239441871643, "33": 0.2474348545074463, "34": 0.24589990079402924, "35": 0.2444106936454773, "36": 0.24297797679901123, "37": 0.24155357480049133, "38": 0.24015995860099792, "39": 0.23880042135715485, "40": 0.23747840523719788, "41": 0.2361820489168167, "42": 0.23492023348808289, "43": 0.23366816341876984, "44": 0.23243971168994904, "45": 0.23124070465564728, "46": 0.23004771769046783, "47": 0.2288769781589508, "48": 0.22770528495311737, "49": 0.2265516072511673, "50": 0.22542034089565277, "51": 0.22429582476615906, "52": 0.22318556904792786, "53": 0.2220919132232666, "54": 0.2209942489862442, "55": 0.21992076933383942, "56": 0.21883022785186768, "57": 0.21775029599666595, "58": 0.21668128669261932, "59": 0.21561965346336365, "60": 0.21456684172153473, "61": 0.2135230153799057, "62": 0.2124907672405243, "63": 0.21145199239253998, "64": 0.21042400598526, "65": 0.2093929648399353, "66": 0.20836769044399261, "67": 0.20734955370426178, "68": 0.2063388079404831, "69": 0.2053319811820984, "70": 0.20433202385902405, "71": 0.20333842933177948, "72": 0.20235013961791992, "73": 0.2013675421476364, "74": 0.20038898289203644, "75": 0.19941456615924835, "76": 0.1984449028968811, "77": 0.1974787712097168, "78": 0.19651609659194946, "79": 0.19555893540382385, "80": 0.19460806250572205, "81": 0.19366437196731567, "82": 0.19272691011428833, "83": 0.1917935013771057, "84": 0.190864697098732, "85": 0.189939945936203, "86": 0.18901817500591278, "87": 0.18810051679611206, "88": 0.18718791007995605, "89": 0.18628038465976715, "90": 0.185377836227417, "91": 0.18448108434677124, "92": 0.18358823657035828, "93": 0.1826983392238617, "94": 0.18180954456329346, "95": 0.1809224784374237, "96": 0.18003571033477783, "97": 0.17914780974388123, "98": 0.17825232446193695, "99": 0.1773509383201599, "100": 0.17644572257995605, "101": 0.1755324751138687, "102": 0.17460811138153076, "103": 0.17367206513881683, "104": 0.17272719740867615, "105": 0.1717740148305893, "106": 0.17081063985824585, "107": 0.1698310673236847, "108": 0.16881942749023438, "109": 0.16772450506687164, "110": 0.16664212942123413, "111": 0.1652006208896637, "112": 0.16384810209274292, "113": 0.1624377965927124, "114": 0.1615421622991562, "115": 0.16038036346435547, "116": 0.15906471014022827, "117": 0.1576915681362152, "118": 0.15622469782829285, "119": 0.15482090413570404, "120": 0.15323476493358612, "121": 0.1518213301897049, "122": 0.15045896172523499, "123": 0.14903491735458374, "124": 0.1473434567451477, "125": 0.1460919827222824, "126": 0.14497211575508118, "127": 0.14388154447078705, "128": 0.14280889928340912, "129": 0.141740083694458, "130": 0.1406511813402176, "131": 0.13956096768379211, "132": 0.13845902681350708, "133": 0.137348935008049, "134": 0.13627244532108307, "135": 0.1349240243434906, "136": 0.13380230963230133, "137": 0.13278861343860626, "138": 0.13176581263542175, "139": 0.13067859411239624, "140": 0.1296525001525879, "141": 0.12846066057682037, "142": 0.1274111568927765, "143": 0.12626111507415771, "144": 0.12520480155944824, "145": 0.12410580366849899, "146": 0.12273763865232468, "147": 0.12169096618890762, "148": 0.12072499841451645, "149": 0.11972423642873764, "150": 0.11877274513244629, "151": 0.1176995262503624, "152": 0.11676036566495895, "153": 0.11582434177398682, "154": 0.11485353857278824, "155": 0.11391044408082962, "156": 0.11288046091794968, "157": 0.11181895434856415, "158": 0.11069341748952866, "159": 0.10982392728328705, "160": 0.10895510017871857, "161": 0.1080208569765091, "162": 0.10717375576496124, "163": 0.10623146593570709, "164": 0.1053972989320755, "165": 0.10459915548563004, "166": 0.10380280017852783, "167": 0.10300270467996597, "168": 0.10214824974536896, "169": 0.10125026851892471, "170": 0.10046931356191635, "171": 0.09975062310695648, "172": 0.09902460128068924, "173": 0.09830053895711899, "174": 0.09759551286697388, "175": 0.09687098860740662, "176": 0.09619181603193283, "177": 0.09550051391124725, "178": 0.0948328822851181, "179": 0.09418407082557678, "180": 0.09341596812009811, "181": 0.09259828180074692, "182": 0.09196668118238449, "183": 0.09135556221008301, "184": 0.09062665700912476, "185": 0.0900249034166336, "186": 0.08942868560552597, "187": 0.08884721249341965, "188": 0.08817476034164429, "189": 0.08760324865579605, "190": 0.08703961968421936, "191": 0.08639341592788696, "192": 0.08584298938512802, "193": 0.08529588580131531, "194": 0.0846419632434845, "195": 0.08411464840173721, "196": 0.08359073847532272, "197": 0.08305294066667557, "198": 0.08253072202205658, "199": 0.08202182501554489, "200": 0.08148282766342163, "201": 0.08098490536212921, "202": 0.0804847776889801, "203": 0.07993286103010178, "204": 0.07944106310606003, "205": 0.07893578708171844, "206": 0.07831507176160812, "207": 0.07785850763320923, "208": 0.07741431891918182, "209": 0.07697561383247375, "210": 0.07654368877410889, "211": 0.07603391259908676, "212": 0.07560165226459503, "213": 0.07517647743225098, "214": 0.07475439459085464, "215": 0.07429488748311996, "216": 0.07387466728687286, "217": 0.07337073981761932, "218": 0.07295627892017365, "219": 0.0725472941994667, "220": 0.07205000519752502, "221": 0.07164613902568817, "222": 0.07124967873096466, "223": 0.07081429660320282, "224": 0.07041874527931213, "225": 0.06995555013418198, "226": 0.069568932056427, "227": 0.06919629126787186, "228": 0.06882624328136444, "229": 0.06846685707569122, "230": 0.06811204552650452, "231": 0.06775406002998352, "232": 0.0674058049917221, "233": 0.067043237388134, "234": 0.06670842319726944, "235": 0.06637818366289139, "236": 0.0660533607006073, "237": 0.06563626229763031, "238": 0.06531168520450592, "239": 0.0649903193116188, "240": 0.06465587019920349, "241": 0.06432684510946274, "242": 0.06399334967136383, "243": 0.06364959478378296, "244": 0.06332162022590637, "245": 0.06300250440835953, "246": 0.06261508166790009, "247": 0.06231126934289932, "248": 0.06200685724616051, "249": 0.06170780956745148, "250": 0.061342865228652954, "251": 0.06105037033557892, "252": 0.06076539307832718, "253": 0.060483381152153015, "254": 0.06020433083176613, "255": 0.05993400141596794, "256": 0.059665292501449585, "257": 0.05940231308341026, "258": 0.059123892337083817, "259": 0.05886215716600418, "260": 0.05851306766271591, "261": 0.0582641065120697, "262": 0.05801897495985031, "263": 0.0577792190015316, "264": 0.05754227936267853, "265": 0.0573081411421299, "266": 0.057076290249824524, "267": 0.05684702843427658, "268": 0.05661747232079506, "269": 0.05638981610536575, "270": 0.05607279762625694, "271": 0.055864058434963226, "272": 0.05566314607858658, "273": 0.05546414852142334, "274": 0.05526641011238098, "275": 0.05507272481918335, "276": 0.05487754940986633, "277": 0.05468727648258209, "278": 0.05449621006846428, "279": 0.05430908501148224, "280": 0.054157085716724396, "281": 0.05402141436934471, "282": 0.053881678730249405, "283": 0.05374135822057724, "284": 0.05356067419052124, "285": 0.053370069712400436, "286": 0.05317319557070732, "287": 0.05298377573490143, "288": 0.0527610257267952, "289": 0.052569225430488586, "290": 0.052378151565790176, "291": 0.05218970403075218,