{"0": 998.3068525791168, "1": 0.48907017707824707, "2": 0.000624045729637146, "3": 0.13441535830497742, "4": 0.002862408757209778, "5": 0.002852886915206909, "6": 0.001755107194185257, "7": 0.001215372234582901, "8": 0.0009976103901863098, "9": 0.0007623359560966492, "10": 0.000602230429649353, "11": 0.0004968717694282532, "12": 0.00043208152055740356, "13": 0.0003335215151309967, "14": 0.0002544969320297241, "15": 0.00021703913807868958, "16": 0.00020767003297805786, "17": 0.00020995363593101501, "18": 0.00020762532949447632, "19": 0.00019592419266700745, "20": 0.00018635019659996033, "21": 0.00017485767602920532, "22": 0.0001709870994091034, "23": 0.00016395747661590576, "24": 0.0001536533236503601, "25": 0.00013806670904159546, "26": 0.00013007596135139465, "27": 0.00011733546853065491, "28": 0.00011223927140235901, "29": 0.0001085326075553894, "30": 0.00010376051068305969, "31": 9.287148714065552e-05, "32": 9.73232090473175e-05, "33": 9.540840983390808e-05, "34": 9.468197822570801e-05, "35": 9.380653500556946e-05, "36": 9.292736649513245e-05, "37": 8.513778448104858e-05, "38": 7.072463631629944e-05, "39": 7.428228855133057e-05, "40": 7.292255759239197e-05, "41": 7.697194814682007e-05, "42": 7.767975330352783e-05, "43": 7.905066013336182e-05, "44": 7.551908493041992e-05, "45": 7.246434688568115e-05, "46": 7.54036009311676e-05, "47": 7.976964116096497e-05, "48": 8.842349052429199e-05, "49": 8.908659219741821e-05, "50": 0.00010732561349868774, "51": 0.0001287311315536499, "52": 0.0001389533281326294, "53": 0.00015561655163764954, "54": 0.00019063428044319153, "55": 0.00022677704691886902, "56": 0.00030608847737312317, "57": 0.0007680691778659821, "58": 0.00041191279888153076, "59": 0.0001926235854625702, "60": 0.00015210360288619995, "61": 0.00015576928853988647, "62": 0.00011181458830833435, "63": 0.00010034069418907166, "64": 0.0001250430941581726, "65": 0.0001033097505569458, "66": 0.00010087713599205017, "67": 6.840750575065613e-05, "68": 5.83454966545105e-05, "69": 8.767098188400269e-05, "70": 0.0001277327537536621, "71": 0.00010533258318901062, "72": 0.00010108575224876404, "73": 0.00010458379983901978, "74": 9.975582361221313e-05, "75": 9.145587682723999e-05, "76": 0.00020247697830200195, "77": 0.0012428238987922668, "78": 0.0006066635251045227, "79": 0.0007233098149299622, "80": 0.0008014515042304993, "81": 0.0011805593967437744, "82": 0.0010054036974906921, "83": 0.0008559748530387878, "84": 0.0008653029799461365, "85": 0.0006796270608901978, "86": 0.0005804672837257385, "87": 0.0004388764500617981, "88": 0.0002710297703742981, "89": 0.00018589943647384644, "90": 0.00016579404473304749, "91": 9.753182530403137e-05, "92": 0.00012072920799255371, "93": 0.00011435523629188538, "94": 9.96030867099762e-05, "95": 9.445846080780029e-05, "96": 6.332993507385254e-05, "97": 6.933510303497314e-05, "98": 7.031857967376709e-05, "99": 7.637590169906616e-05, "100": 6.976723670959473e-05, "101": 9.480118751525879e-05, "102": 0.00015484169125556946, "103": 0.00013175234198570251, "104": 5.725771188735962e-05, "105": 3.863126039505005e-05, "106": 3.205984830856323e-05, "107": 1.169741153717041e-05, "108": 2.4065375328063965e-06, "109": 7.18235969543457e-06, "110": 7.309019565582275e-06, "111": 1.5869736671447754e-05, "112": 1.6100704669952393e-05, "113": 3.345310688018799e-06, "114": 3.1441450119018555e-06, "115": 6.102025508880615e-06, "116": 1.5266239643096924e-05, "117": 2.5294721126556396e-05, "118": 2.2154301404953003e-05, "119": 2.4024397134780884e-05, "120": 1.2367963790893555e-05, "121": 3.650784492492676e-07}