{"0": 998.3068525791168, "1": 0.5582370907068253, "2": 0.000362589955329895, "3": 0.09129923582077026, "4": 0.0011702030897140503, "5": 0.0012214630842208862, "6": 0.0008262470364570618, "7": 0.0005748867988586426, "8": 0.0004367828369140625, "9": 0.0003576911985874176, "10": 0.00031155720353126526, "11": 0.0002431720495223999, "12": 0.00021607428789138794, "13": 0.00014670565724372864, "14": 0.00010971352458000183, "15": 0.00011267513036727905, "16": 0.00011511892080307007, "17": 0.00011420994997024536, "18": 0.00011106953024864197, "19": 0.00010298192501068115, "20": 0.00010285526514053345, "21": 0.0001024492084980011, "22": 9.343773126602173e-05, "23": 9.125471115112305e-05, "24": 8.650869131088257e-05, "25": 8.513033390045166e-05, "26": 8.458271622657776e-05, "27": 8.308887481689453e-05, "28": 8.513778448104858e-05, "29": 8.567795157432556e-05, "30": 8.568912744522095e-05, "31": 8.932128548622131e-05, "32": 8.673220872879028e-05, "33": 9.041652083396912e-05, "34": 9.107217192649841e-05, "35": 0.00011442974209785461, "36": 0.00015679001808166504, "37": 0.00022748857736587524, "38": 0.0005378946661949158, "39": 0.00017020106315612793, "40": 9.754672646522522e-05, "41": 8.621439337730408e-05, "42": 7.817521691322327e-05, "43": 0.0001004934310913086, "44": 0.00011273100972175598, "45": 7.254630327224731e-05, "46": 4.220008850097656e-05, "47": 3.2845884561538696e-05, "48": 3.426894545555115e-05, "49": 0.00014095380902290344, "50": 0.00016691908240318298, "51": 0.00014179199934005737, "52": 8.391588926315308e-05, "53": 5.7365745306015015e-05, "54": 4.945322871208191e-05, "55": 4.914402961730957e-05, "56": 4.5571476221084595e-05, "57": 9.486451745033264e-05, "58": 0.0008019208908081055, "59": 0.00036467239260673523, "60": 0.00041915103793144226, "61": 0.0009925663471221924, "62": 0.0004004277288913727, "63": 0.00037004798650741577, "64": 0.00034181028604507446, "65": 0.00033270008862018585, "66": 0.000302998349070549, "67": 0.00024336203932762146, "68": 0.0002122204750776291, "69": 0.00018160976469516754, "70": 0.0001352950930595398, "71": 4.33214008808136e-05, "72": 2.8502196073532104e-05, "73": 3.0487775802612305e-05, "74": 4.675239324569702e-05, "75": 5.8434903621673584e-05, "76": 6.359070539474487e-05, "77": 7.459521293640137e-05, "78": 8.253194391727448e-05, "79": 5.9878453612327576e-05, "80": 4.690513014793396e-05, "81": 6.676092743873596e-05, "82": 9.381957352161407e-05, "83": 8.57226550579071e-05, "84": 9.219720959663391e-05, "85": 0.0001144707202911377, "86": 9.3141570687294e-05, "87": 4.7888606786727905e-05, "88": 6.16908073425293e-05, "89": 6.953254342079163e-05, "90": 5.042180418968201e-05, "91": 5.585327744483948e-05, "92": 6.610900163650513e-05, "93": 4.8026442527770996e-05, "94": 5.5009499192237854e-05, "95": 4.618056118488312e-05, "96": 1.0397285223007202e-05, "97": 1.5640631318092346e-05, "98": 2.2785738110542297e-05, "99": 2.997554838657379e-05, "100": 4.581734538078308e-05, "101": 5.009956657886505e-05, "102": 3.8195401430130005e-05, "103": 3.712065517902374e-05, "104": 3.6539509892463684e-05, "105": 3.371573984622955e-05, "106": 3.3523887395858765e-05, "107": 3.933347761631012e-05, "108": 4.122406244277954e-05, "109": 2.7554109692573547e-05, "110": 6.379559636116028e-06, "111": 2.985820174217224e-06, "112": 6.277114152908325e-07}