{"0": 0.6931474208831787, "1": 0.2865467071533203, "2": 0.2862091660499573, "3": 0.18047313392162323, "4": 0.16693821549415588, "5": 0.16122548282146454, "6": 0.15644383430480957, "7": 0.1523125171661377, "8": 0.14884591102600098, "9": 0.14592164754867554, "10": 0.14341001212596893, "11": 0.14122918248176575, "12": 0.1392958015203476, "13": 0.13765841722488403, "14": 0.13624900579452515, "15": 0.13490217924118042, "16": 0.13360580801963806, "17": 0.13237294554710388, "18": 0.13120460510253906, "19": 0.13008920848369598, "20": 0.12903699278831482, "21": 0.12802405655384064, "22": 0.12706106901168823, "23": 0.12614701688289642, "24": 0.12527188658714294, "25": 0.1244279071688652, "26": 0.12360820919275284, "27": 0.12281673401594162, "28": 0.12206216156482697, "29": 0.12132541835308075, "30": 0.12061658501625061, "31": 0.11992529034614563, "32": 0.11926326900720596, "33": 0.11862204223871231, "34": 0.11800418794155121, "35": 0.11740376800298691, "36": 0.11682218313217163, "37": 0.1162596270442009, "38": 0.11571124196052551, "39": 0.11517800390720367, "40": 0.11465661227703094, "41": 0.11415316164493561, "42": 0.1136617437005043, "43": 0.11318209022283554, "44": 0.11271476745605469, "45": 0.11225832253694534, "46": 0.11181551218032837, "47": 0.11138034611940384, "48": 0.11095669120550156, "49": 0.11054348945617676, "50": 0.11014220863580704, "51": 0.1097487062215805, "52": 0.10936196148395538, "53": 0.10898247361183167, "54": 0.10860977321863174, "55": 0.10824228823184967, "56": 0.10787937045097351, "57": 0.10752661526203156, "58": 0.10718148946762085, "59": 0.10684388875961304, "60": 0.10651084780693054, "61": 0.10618165135383606, "62": 0.1058555617928505, "63": 0.10553210228681564, "64": 0.10520857572555542, "65": 0.10488645732402802, "66": 0.10456524044275284, "67": 0.10424409806728363, "68": 0.10391846299171448, "69": 0.10359269380569458, "70": 0.10326293855905533, "71": 0.10292866826057434, "72": 0.10259393602609634, "73": 0.10225830972194672, "74": 0.10191989690065384, "75": 0.10157805681228638, "76": 0.10123226046562195, "77": 0.10087461769580841, "78": 0.10050627589225769, "79": 0.10012088716030121, "80": 0.0997128114104271, "81": 0.09927907586097717, "82": 0.09881570190191269, "83": 0.09832508862018585, "84": 0.09779635071754456, "85": 0.09723088145256042, "86": 0.09661374986171722, "87": 0.09593801200389862, "88": 0.09513357281684875, "89": 0.09415639936923981, "90": 0.09310121834278107, "91": 0.0919702798128128, "92": 0.09117716550827026, "93": 0.09035906940698624, "94": 0.08941614627838135, "95": 0.08843973278999329, "96": 0.08751393854618073, "97": 0.08659061789512634, "98": 0.08573166280984879, "99": 0.08486144244670868, "100": 0.08394698798656464, "101": 0.08312579244375229, "102": 0.0822814479470253, "103": 0.08161506056785583, "104": 0.08085790276527405, "105": 0.08011509478092194, "106": 0.0793999433517456, "107": 0.07878047227859497, "108": 0.07817229628562927, "109": 0.07759328186511993, "110": 0.07701066136360168, "111": 0.07642233371734619, "112": 0.07584835588932037, "113": 0.07529854029417038, "114": 0.07478098571300507, "115": 0.07430970668792725, "116": 0.07379676401615143, "117": 0.0732971802353859, "118": 0.07283826172351837, "119": 0.07235723733901978, "120": 0.0719028189778328, "121": 0.07144658267498016, "122": 0.07099515944719315, "123": 0.07054974883794785, "124": 0.07010653614997864, "125": 0.0696827694773674, "126": 0.0692378580570221, "127": 0.06884996592998505, "128": 0.06840568780899048, "129": 0.06796266883611679, "130": 0.06754007190465927, "131": 0.06714168190956116, "132": 0.06678422540426254, "133": 0.06639246642589569, "134": 0.06602273881435394, "135": 0.06567324697971344, "136": 0.06532853096723557, "137": 0.06497630476951599, "138": 0.0646572858095169, "139": 0.06432464718818665, "140": 0.06398049741983414, "141": 0.06363370269536972, "142": 0.06329533457756042, "143": 0.06298501044511795, "144": 0.0626334398984909, "145": 0.06228908896446228, "146": 0.061973050236701965, "147": 0.06167392432689667, "148": 0.061355918645858765, "149": 0.06105593964457512, "150": 0.06077343225479126, "151": 0.060510970652103424, "152": 0.06024305522441864, "153": 0.05994369089603424, "154": 0.05966568738222122, "155": 0.05938231199979782, "156": 0.05910014361143112, "157": 0.058833543211221695, "158": 0.05855253338813782, "159": 0.05829106271266937, "160": 0.05803646892309189, "161": 0.057773906737565994, "162": 0.057517342269420624, "163": 0.05726308375597, "164": 0.05701708048582077, "165": 0.056762877851724625, "166": 0.05652167648077011, "167": 0.05633015185594559, "168": 0.05613967776298523, "169": 0.05590478330850601, "170": 0.0556802973151207, "171": 0.05549035966396332, "172": 0.05528037250041962, "173": 0.05506666749715805, "174": 0.05484112724661827, "175": 0.05464071035385132, "176": 0.054439228028059006, "177": 0.054258137941360474, "178": 0.05405467003583908, "179": 0.05385074019432068, "180": 0.053675003349781036, "181": 0.05347687751054764, "182": 0.0532907173037529, "183": 0.05308603495359421, "184": 0.0528998076915741, "185": 0.05270366370677948, "186": 0.05251380801200867, "187": 0.05231969803571701, "188": 0.05213114246726036, "189": 0.05194588750600815, "190": 0.05175178498029709, "191": 0.05156528949737549, "192": 0.051387377083301544, "193": 0.05120135471224785, "194": 0.05100195109844208, "195": 0.05080702155828476, "196": 0.050617992877960205, "197": 0.0504559725522995, "198": 0.05029943585395813, "199": 0.050145477056503296, "200": 0.04998546838760376, "201": 0.049813978374004364, "202": 0.04963691532611847, "203": 0.0494806282222271, "204": 0.04933708906173706, "205": 0.049192629754543304, "206": 0.0490417517721653, "207": 0.04888560250401497, "208": 0.04872644692659378, "209": 0.04855770990252495, "210": 0.048396266996860504, "211": 0.048232074826955795, "212": 0.04807016998529434, "213": 0.04792060703039169, "214": 0.0477946475148201, "215": 0.047647714614868164, "216": 0.04751470312476158, "217": 0.04737284034490585, "218": 0.04724688082933426, "219": 0.04711471498012543, "220": 0.04697122797369957, "221": 0.04682838171720505, "222": 0.046692200005054474, "223": 0.04654592275619507, "224": 0.0463813841342926, "225": 0.04620719701051712, "226": 0.046020060777664185, "227": 0.045838601887226105, "228": 0.04568030685186386, "229": 0.04554060846567154, "230": 0.045415911823511124, "231": 0.04529867321252823, "232": 0.04521135985851288, "233": 0.04513509199023247, "234": 0.04504811391234398, "235": 0.04494142532348633, "236": 0.04487370699644089, "237": 0.044815026223659515, "238": 0.044765159487724304, "239": 0.044685572385787964, "240": 0.044643253087997437, "241": 0.04460129514336586, "242": 0.04452579468488693, "243": 0.04448842257261276, "244": 0.044455111026763916, "245": 0.044420208781957626, "246": 0.044384270906448364, "247": 0.044347696006298065, "248": 0.04431025683879852, "249": 0.044250134378671646, "250": 0.044198013842105865, "251": 0.04414267838001251, "252": 0.04408159852027893, "253": 0.04402047023177147, "254": 0.04396657645702362, "255": 0.04391840845346451, "256": 0.04385485127568245, "257": 0.04381570219993591, "258": 0.04377801716327667, "259": 0.043744537979364395, "260": 0.043708525598049164, "261": 0.04367489367723465, "262": 0.043638695031404495, "263": 0.043559566140174866, "264": 0.04348894953727722, "265": 0.04343019425868988, "266": 0.043371520936489105, "267": 0.04331153631210327, "268": 0.04325997829437256, "269": 0.043206728994846344, "270": 0.04315102472901344, "271": 0.0430510938167572, "272": 0.04300016164779663, "273": 0.0429518036544323, "274": 0.042903028428554535, "275": 0.042848989367485046, "276": 0.04280444234609604, "277": 0.04276040196418762, "278": 0.04270191490650177, "279": 0.042656898498535156, "280": 0.042616602033376694, "281": 0.0425792820751667, "282": 0.04254220798611641, "283": 0.042495500296354294, "284": 0.042456164956092834, "285": 0.04241842031478882, "286": 0.04237769916653633, "287": 0.04234534874558449, "288": 0.04230932891368866,