{"0": 0.6931474208831787, "1": 0.23945577442646027, "2": 0.23930013179779053, "3": 0.18301884829998016, "4": 0.1622314453125, "5": 0.15443359315395355, "6": 0.14887386560440063, "7": 0.14401735365390778, "8": 0.13968630135059357, "9": 0.13584330677986145, "10": 0.13240331411361694, "11": 0.12931698560714722, "12": 0.12654685974121094, "13": 0.12413250654935837, "14": 0.1219453513622284, "15": 0.11991805583238602, "16": 0.11800599843263626, "17": 0.11619590222835541, "18": 0.11448722332715988, "19": 0.11287374794483185, "20": 0.11134791374206543, "21": 0.10990802198648453, "22": 0.10854356735944748, "23": 0.1072479635477066, "24": 0.10601156949996948, "25": 0.10484039783477783, "26": 0.10371476411819458, "27": 0.1026405468583107, "28": 0.1016145646572113, "29": 0.1006312221288681, "30": 0.09968992322683334, "31": 0.09878796339035034, "32": 0.09792420268058777, "33": 0.09708985686302185, "34": 0.09628769010305405, "35": 0.09551379084587097, "36": 0.09476719051599503, "37": 0.09404868632555008, "38": 0.0933508574962616, "39": 0.09267716854810715, "40": 0.09202498197555542, "41": 0.09139338880777359, "42": 0.09078037738800049, "43": 0.09018539637327194, "44": 0.08960743248462677, "45": 0.08904588967561722, "46": 0.0884997770190239, "47": 0.0879659429192543, "48": 0.08744458854198456, "49": 0.08693583309650421, "50": 0.0864383652806282, "51": 0.08595050871372223, "52": 0.0854719877243042, "53": 0.08500334620475769, "54": 0.08454441279172897, "55": 0.08409351110458374, "56": 0.08365021646022797, "57": 0.08321365714073181, "58": 0.08278386294841766, "59": 0.08235932886600494, "60": 0.08193738013505936, "61": 0.08151797205209732, "62": 0.08109969645738602, "63": 0.08068140596151352, "64": 0.08026181161403656, "65": 0.07983395457267761, "66": 0.07939381152391434, "67": 0.07894521951675415, "68": 0.07849027216434479, "69": 0.07803039997816086, "70": 0.07756325602531433, "71": 0.07708506286144257, "72": 0.07659301161766052, "73": 0.07608036696910858, "74": 0.07554727792739868, "75": 0.07496994733810425, "76": 0.07433606684207916, "77": 0.07363329082727432, "78": 0.07286113500595093, "79": 0.07202710211277008, "80": 0.07109027355909348, "81": 0.0701306089758873, "82": 0.06913190335035324, "83": 0.06832524389028549, "84": 0.06743386387825012, "85": 0.06652959436178207, "86": 0.06565897911787033, "87": 0.06482774019241333, "88": 0.06401081383228302, "89": 0.06324794143438339, "90": 0.06248128041625023, "91": 0.06176624447107315, "92": 0.06104292720556259, "93": 0.06030348688364029, "94": 0.05963212251663208, "95": 0.05898824706673622, "96": 0.05836058035492897, "97": 0.05775601416826248, "98": 0.0571599118411541, "99": 0.05658474192023277, "100": 0.05601157993078232, "101": 0.05545628070831299, "102": 0.05490169674158096, "103": 0.05435429885983467, "104": 0.05380510911345482, "105": 0.053272321820259094, "106": 0.052754998207092285, "107": 0.052248161286115646, "108": 0.051758039742708206, "109": 0.051272109150886536, "110": 0.0508018359541893, "111": 0.05033136531710625, "112": 0.04987475275993347, "113": 0.04941674694418907, "114": 0.0489673912525177, "115": 0.04851754382252693, "116": 0.048076897859573364, "117": 0.04764249920845032, "118": 0.04721805080771446, "119": 0.04680205509066582, "120": 0.04639606550335884, "121": 0.045995768159627914, "122": 0.04560134559869766, "123": 0.04521053656935692, "124": 0.044822659343481064, "125": 0.044441450387239456, "126": 0.04406506568193436, "127": 0.04369080439209938, "128": 0.04332621023058891, "129": 0.04296312481164932, "130": 0.042611729353666306, "131": 0.04226077347993851, "132": 0.041921090334653854, "133": 0.04157950356602669, "134": 0.041250381618738174, "135": 0.040913812816143036, "136": 0.040590181946754456, "137": 0.040260083973407745, "138": 0.03993983566761017, "139": 0.03961911052465439, "140": 0.039308302104473114, "141": 0.0389975868165493, "142": 0.03869381174445152, "143": 0.03839186578989029, "144": 0.038095854222774506, "145": 0.03780050575733185, "146": 0.037510618567466736, "147": 0.037226706743240356, "148": 0.03694912791252136, "149": 0.03667261824011803, "150": 0.036399539560079575, "151": 0.03612637147307396, "152": 0.0358586385846138, "153": 0.03558966889977455, "154": 0.03532780706882477, "155": 0.03506452962756157, "156": 0.03480970114469528, "157": 0.034551091492176056, "158": 0.034301284700632095, "159": 0.03405172377824783, "160": 0.03380919247865677, "161": 0.033567801117897034, "162": 0.0333314910531044, "163": 0.0330972895026207, "164": 0.032866742461919785, "165": 0.032641004770994186, "166": 0.032415054738521576, "167": 0.03219428285956383, "168": 0.03197280690073967, "169": 0.031758397817611694, "170": 0.031547192484140396, "171": 0.03133843094110489, "172": 0.031133100390434265, "173": 0.030927365645766258, "174": 0.030728789046406746, "175": 0.03052876517176628, "176": 0.03033549338579178, "177": 0.030140798538923264, "178": 0.02995278686285019, "179": 0.02976212278008461, "180": 0.029578005895018578, "181": 0.02939150668680668, "182": 0.029211021959781647, "183": 0.029030289500951767, "184": 0.028853213414549828, "185": 0.028679003939032555, "186": 0.02850431390106678, "187": 0.02833152748644352, "188": 0.028161773458123207, "189": 0.027993014082312584, "190": 0.0278292428702116, "191": 0.027662135660648346, "192": 0.027502574026584625, "193": 0.02733936533331871, "194": 0.027183672413229942, "195": 0.02702302299439907, "196": 0.02687075361609459, "197": 0.026714932173490524, "198": 0.02656349539756775, "199": 0.026410702615976334, "200": 0.026261204853653908, "201": 0.026117095723748207, "202": 0.025968899950385094, "203": 0.02582748979330063, "204": 0.025680504739284515, "205": 0.02553931064903736, "206": 0.02539702132344246, "207": 0.0252551157027483, "208": 0.025120841339230537, "209": 0.024977151304483414, "210": 0.0248428788036108, "211": 0.02469792030751705, "212": 0.02456410974264145, "213": 0.024427026510238647, "214": 0.024295082315802574, "215": 0.024165932089090347, "216": 0.02403341233730316, "217": 0.02390575408935547, "218": 0.023774053901433945, "219": 0.023647038266062737, "220": 0.023522481322288513, "221": 0.023402536287903786, "222": 0.023284846916794777, "223": 0.0231640487909317, "224": 0.023046784102916718, "225": 0.022923098877072334, "226": 0.02281024120748043, "227": 0.022690322250127792, "228": 0.022574767470359802, "229": 0.022461403161287308, "230": 0.022348269820213318, "231": 0.022238153964281082, "232": 0.02212780900299549, "233": 0.022023726254701614, "234": 0.021918296813964844, "235": 0.021816212683916092, "236": 0.021711688488721848, "237": 0.021611366420984268, "238": 0.021511539816856384, "239": 0.021410349756479263, "240": 0.0213136225938797, "241": 0.02121373638510704, "242": 0.021118411794304848, "243": 0.021016020327806473, "244": 0.020921625196933746, "245": 0.020828530192375183, "246": 0.020734043791890144, "247": 0.02064419351518154, "248": 0.020547280088067055, "249": 0.020458238199353218, "250": 0.020364630967378616, "251": 0.02027500420808792, "252": 0.02018485963344574, "253": 0.020088203251361847, "254": 0.01999625936150551, "255": 0.0199159923940897, "256": 0.01983203925192356, "257": 0.019741922616958618, "258": 0.01965542882680893, "259": 0.019560351967811584, "260": 0.01946897991001606, "261": 0.019385993480682373, "262": 0.01930668205022812, "263": 0.019222857430577278, "264": 0.019138071686029434, "265": 0.019057538360357285, "266": 0.018982484936714172, "267": 0.018895454704761505, "268": 0.018828853964805603, "269": 0.018763408064842224, "270": 0.01869828626513481, "271": 0.018631000071763992, "272": 0.018549451604485512, "273": 0.018469225615262985, "274": 0.018383685499429703, "275": 0.01830674335360527, "276": 0.01823895052075386, "277": 0.01817893236875534, "278": 0.01810913160443306, "279": 0.018043769523501396, "280": 0.01797412522137165, "281": 0.017903689295053482, "282": 0.01783876307308674, "283": 0.01776617020368576, "284": 0.01769079640507698, "285": 0.017615104094147682, "286": 0.01753155142068863,