{"0": 998.3068525791168, "1": 0.262186735868454, "2": 0.0011259913444519043, "3": 0.17050006985664368, "4": 0.018775373697280884, "5": 0.011571034789085388, "6": 0.008195832371711731, "7": 0.00627562403678894, "8": 0.004697471857070923, "9": 0.003867432475090027, "10": 0.0033115893602371216, "11": 0.0027359426021575928, "12": 0.002285793423652649, "13": 0.002077355980873108, "14": 0.001753389835357666, "15": 0.0015890300273895264, "16": 0.0014510750770568848, "17": 0.0013054311275482178, "18": 0.0011718720197677612, "19": 0.0010923445224761963, "20": 0.0010276585817337036, "21": 0.0009784400463104248, "22": 0.0009517818689346313, "23": 0.0008931756019592285, "24": 0.0008678138256072998, "25": 0.0008173137903213501, "26": 0.0007729977369308472, "27": 0.0007352381944656372, "28": 0.0006899833679199219, "29": 0.000662490725517273, "30": 0.0006183534860610962, "31": 0.0005963295698165894, "32": 0.0005701035261154175, "33": 0.0005395412445068359, "34": 0.000506177544593811, "35": 0.0004691779613494873, "36": 0.0004607290029525757, "37": 0.00044590234756469727, "38": 0.0004296600818634033, "39": 0.0004160255193710327, "40": 0.00040368735790252686, "41": 0.00038561224937438965, "42": 0.0003723055124282837, "43": 0.00035153329372406006, "44": 0.00033874809741973877, "45": 0.00033333897590637207, "46": 0.00031691789627075195, "47": 0.0003019869327545166, "48": 0.00029306113719940186, "49": 0.0002698749303817749, "50": 0.0002586096525192261, "51": 0.000252649188041687, "52": 0.00024347007274627686, "53": 0.00024153292179107666, "54": 0.0002313852310180664, "55": 0.00022555887699127197, "56": 0.00022032856941223145, "57": 0.00020769238471984863, "58": 0.00019493699073791504, "59": 0.00018894672393798828, "60": 0.00018388032913208008, "61": 0.00017729401588439941, "62": 0.0001684725284576416, "63": 0.00015944242477416992, "64": 0.00015810132026672363, "65": 0.0001580268144607544, "66": 0.00014986097812652588, "67": 0.00015109777450561523, "68": 0.00014784932136535645, "69": 0.00014147162437438965, "70": 0.00013771653175354004, "71": 0.0001323223114013672, "72": 0.00013208389282226562, "73": 0.0001297295093536377, "74": 0.00012905895709991455, "75": 0.00012356042861938477, "76": 0.00012496113777160645, "77": 0.0001217573881149292, "78": 0.00011406838893890381, "79": 0.00011019408702850342, "80": 0.00010623037815093994, "81": 0.00010117888450622559, "82": 9.624660015106201e-05, "83": 9.104609489440918e-05, "84": 9.267032146453857e-05, "85": 9.118020534515381e-05, "86": 8.678436279296875e-05, "87": 8.729100227355957e-05, "88": 8.615851402282715e-05, "89": 8.282065391540527e-05, "90": 8.015334606170654e-05, "91": 8.071959018707275e-05, "92": 7.998943328857422e-05, "93": 7.966160774230957e-05, "94": 7.751584053039551e-05, "95": 7.557868957519531e-05, "96": 7.474422454833984e-05, "97": 7.21663236618042e-05, "98": 7.063150405883789e-05, "99": 6.860494613647461e-05, "100": 6.750226020812988e-05, "101": 6.365776062011719e-05, "102": 6.304681301116943e-05, "103": 6.179511547088623e-05, "104": 6.048381328582764e-05, "105": 5.854666233062744e-05, "106": 5.6043267250061035e-05, "107": 5.391240119934082e-05, "108": 4.9620866775512695e-05, "109": 5.125999450683594e-05, "110": 4.8041343688964844e-05, "111": 4.501640796661377e-05, "112": 4.684925079345703e-05, "113": 4.6119093894958496e-05, "114": 4.388391971588135e-05, "115": 4.1857361793518066e-05, "116": 4.214048385620117e-05, "117": 4.348158836364746e-05, "118": 4.425644874572754e-05, "119": 4.45246696472168e-05, "120": 4.44948673248291e-05, "121": 4.360079765319824e-05, "122": 4.25875186920166e-05, "123": 3.775954246520996e-05, "124": 3.790855407714844e-05, "125": 4.1291117668151855e-05, "126": 4.0337443351745605e-05, "127": 3.9249658584594727e-05, "128": 3.978610038757324e-05, "129": 4.035234451293945e-05, "130": 3.986060619354248e-05, "131": 4.1097402572631836e-05, "132": 4.108250141143799e-05, "133": 4.2065978050231934e-05, "134": 4.38690185546875e-05, "135": 4.51207160949707e-05, "136": 4.844367504119873e-05, "137": 5.200505256652832e-05, "138": 5.462765693664551e-05, "139": 5.885958671569824e-05, "140": 6.626546382904053e-05, "141": 7.507205009460449e-05, "142": 9.067356586456299e-05, "143": 0.00010851025581359863, "144": 0.00014059245586395264, "145": 0.0001807957887649536, "146": 0.00020563602447509766, "147": 0.00025704503059387207, "148": 0.00031150877475738525, "149": 0.00031788647174835205, "150": 0.00024712085723876953, "151": 0.00020942091941833496, "152": 0.00021201372146606445, "153": 0.0002330094575881958, "154": 0.0002643018960952759, "155": 0.0002871900796890259, "156": 0.0002697110176086426, "157": 0.0002728104591369629, "158": 0.00027319788932800293, "159": 0.00027740001678466797, "160": 0.0002730339765548706, "161": 0.00028096139430999756, "162": 0.00026588141918182373, "163": 0.00027133524417877197, "164": 0.00024010241031646729, "165": 0.00026103854179382324, "166": 0.00024077296257019043, "167": 0.00024680793285369873, "168": 0.0002591162919998169, "169": 0.00024887919425964355, "170": 0.00023227930068969727, "171": 0.0002073049545288086, "172": 0.00033251941204071045, "173": 0.00040671229362487793, "174": 0.0004370659589767456, "175": 0.00037200748920440674, "176": 0.0003544241189956665, "177": 0.0003560185432434082, "178": 0.00040359795093536377, "179": 0.00043855607509613037, "180": 0.0003933906555175781, "181": 0.0004177391529083252, "182": 0.0004836916923522949, "183": 0.0003674626350402832, "184": 0.00047838687896728516, "185": 0.00039717555046081543, "186": 0.00044564902782440186, "187": 0.0003355294466018677, "188": 0.0004173368215560913, "189": 0.00045996904373168945, "190": 0.0003627687692642212, "191": 0.00041034817695617676, "192": 0.00037914514541625977, "193": 0.0004049837589263916, "194": 0.0003395676612854004, "195": 0.0002802908420562744, "196": 0.0002908259630203247, "197": 0.00031529366970062256, "198": 0.0002672523260116577, "199": 0.00034672021865844727, "200": 0.00033570826053619385, "201": 0.00024583935737609863, "202": 0.00024352967739105225, "203": 0.00026310980319976807, "204": 0.0002919137477874756, "205": 0.0002733469009399414, "206": 0.00025175511837005615, "207": 0.0002795010805130005, "208": 0.00025135278701782227, "209": 0.00022271275520324707, "210": 0.00021782517433166504, "211": 0.00025653839111328125, "212": 0.00019191205501556396, "213": 0.00020384788513183594, "214": 0.00022064149379730225, "215": 0.00021523237228393555, "216": 0.0001608431339263916, "217": 0.0001679062843322754, "218": 0.00019788742065429688, "219": 0.00015085935592651367, "220": 0.00014622509479522705, "221": 0.00014375150203704834, "222": 0.00014206767082214355, "223": 0.00014021992683410645, "224": 0.00013947486877441406, "225": 0.0001385509967803955, "226": 0.00013709068298339844, "227": 0.0001327991485595703, "228": 0.00012521445751190186, "229": 0.00018672645092010498, "230": 0.00017859041690826416, "231": 0.00015714764595031738, "232": 9.754300117492676e-05, "233": 9.776651859283447e-05, "234": 9.772181510925293e-05, "235": 8.077919483184814e-05, "236": 5.754828453063965e-05, "237": 0.00010547041893005371, "238": 4.5880675315856934e-05, "239": 4.738569259643555e-05, "240": 7.711350917816162e-05, "241": 6.653368473052979e-05, "242": 0.00010189414024353027, "243": 4.678964614868164e-05, "244": 4.602968692779541e-05, "245": 5.359947681427002e-05, "246": 5.46872615814209e-05, "247": 5.054473876953125e-05, "248": 8.116662502288818e-05, "249": 5.720555782318115e-05, "250": 5.698204040527344e-05, "251": 7.805228233337402e-05, "252": 6.183981895446777e-05, "253": 5.8338046073913574e-05, "254": 5.631148815155029e-05, "255": 5.143880844116211e-05, "256": 4.4912099838256836e-05, "257": 5.0395727157592773e-05, "258": 5.27501106262207e-05, "259": 5.035102367401123e-05, "260": 4.850327968597412e-05, "261": 4.83095645904541e-05, "262": 4.406273365020752e-05, "263": 4.468858242034912e-05, "264": 6.118416786193848e-05, "265": 4.240870475769043e-05, "266": 4.1425228118896484e-05,