{"0": 0.6931474208831787, "1": 0.43096068501472473, "2": 0.4298346936702728, "3": 0.25933462381362915, "4": 0.24055925011634827, "5": 0.22898821532726288, "6": 0.22079238295555115, "7": 0.2145167589187622, "8": 0.20981928706169128, "9": 0.20595185458660126, "10": 0.20264026522636414, "11": 0.19990432262420654, "12": 0.1976185292005539, "13": 0.1955411732196808, "14": 0.19378778338432312, "15": 0.1921987533569336, "16": 0.1907476782798767, "17": 0.1894422471523285, "18": 0.18827037513256073, "19": 0.18717803061008453, "20": 0.18615037202835083, "21": 0.1851719319820404, "22": 0.18422015011310577, "23": 0.18332697451114655, "24": 0.18245916068553925, "25": 0.1816418468952179, "26": 0.18086884915828705, "27": 0.1801336109638214, "28": 0.1794436275959015, "29": 0.17878113687038422, "30": 0.17816278338432312, "31": 0.17756645381450653, "32": 0.1769963502883911, "33": 0.17645680904388428, "34": 0.17595063149929047, "35": 0.17548145353794098, "36": 0.1750207245349884, "37": 0.1745748221874237, "38": 0.1741451621055603, "39": 0.17372913658618927, "40": 0.17332544922828674, "41": 0.17293983697891235, "42": 0.17256753146648407, "43": 0.17221599817276, "44": 0.17187725007534027, "45": 0.1715439110994339, "46": 0.17122699320316315, "47": 0.17092500627040863, "48": 0.17063194513320923, "49": 0.17036207020282745, "50": 0.17010346055030823, "51": 0.16985081136226654, "52": 0.16960734128952026, "53": 0.1693658083677292, "54": 0.16913442313671112, "55": 0.16890886425971985, "56": 0.16868853569030762, "57": 0.16848084330558777, "58": 0.16828590631484985, "59": 0.16809695959091187, "60": 0.16791307926177979, "61": 0.16773578524589539, "62": 0.16756731271743774, "63": 0.16740787029266357, "64": 0.16724976897239685, "65": 0.1670917421579361, "66": 0.16694188117980957, "67": 0.16679078340530396, "68": 0.1666429340839386, "69": 0.1665014624595642, "70": 0.16636374592781067, "71": 0.1662314236164093, "72": 0.16609933972358704, "73": 0.1659696102142334, "74": 0.16584055125713348, "75": 0.1657169908285141, "76": 0.1655920296907425, "77": 0.16547027230262756, "78": 0.16535620391368866, "79": 0.16524600982666016, "80": 0.16513977944850922, "81": 0.165038600564003, "82": 0.16494235396385193, "83": 0.16485130786895752, "84": 0.16475863754749298, "85": 0.16466745734214783, "86": 0.16458067297935486, "87": 0.1644933819770813, "88": 0.16440722346305847, "89": 0.16432440280914307, "90": 0.16424424946308136, "91": 0.1641635298728943, "92": 0.1640835404396057, "93": 0.1640038788318634, "94": 0.163926362991333, "95": 0.1638507843017578, "96": 0.16377604007720947, "97": 0.16370387375354767, "98": 0.16363324224948883, "99": 0.16356463730335236, "100": 0.16349713504314423, "101": 0.1634334772825241, "102": 0.16337043046951294, "103": 0.16330863535404205, "104": 0.16324815154075623, "105": 0.1631896048784256, "106": 0.16313356161117554, "107": 0.1630796492099762, "108": 0.16303002834320068, "109": 0.16297876834869385, "110": 0.16293072700500488, "111": 0.16288571059703827, "112": 0.1628388613462448, "113": 0.16279274225234985, "114": 0.16274885833263397, "115": 0.16270700097084045, "116": 0.16266486048698425, "117": 0.1626213788986206, "118": 0.16257712244987488, "119": 0.16253259778022766, "120": 0.16248810291290283, "121": 0.16244450211524963, "122": 0.16240191459655762, "123": 0.1623641550540924, "124": 0.16232624650001526, "125": 0.1622849553823471, "126": 0.16224461793899536, "127": 0.16220536828041077, "128": 0.1621655821800232, "129": 0.16212522983551025, "130": 0.1620853692293167, "131": 0.16204427182674408, "132": 0.16200318932533264, "133": 0.1619611233472824, "134": 0.16191725432872772, "135": 0.16187213361263275, "136": 0.16182368993759155, "137": 0.16177168488502502, "138": 0.16171705722808838, "139": 0.16165819764137268, "140": 0.16159193217754364, "141": 0.16151686012744904, "142": 0.16142618656158447, "143": 0.16131767630577087, "144": 0.16117708384990692, "145": 0.16099628806114197, "146": 0.16079065203666687, "147": 0.160533607006073, "148": 0.1602220982313156, "149": 0.15990421175956726, "150": 0.1596570909023285, "151": 0.15944766998291016, "152": 0.1592356562614441, "153": 0.1590026468038559, "154": 0.15873834490776062, "155": 0.1584511548280716, "156": 0.15818144381046295, "157": 0.157908633351326, "158": 0.15763543546199799, "159": 0.15735803544521332, "160": 0.15708500146865845, "161": 0.15680404007434845, "162": 0.15653815865516663, "163": 0.15626682341098785, "164": 0.1560267210006714, "165": 0.15576568245887756, "166": 0.15552490949630737, "167": 0.15527810156345367, "168": 0.15501898527145386, "169": 0.1547701060771942, "170": 0.15453782677650452, "171": 0.1543305218219757, "172": 0.153998002409935, "173": 0.15359129011631012, "174": 0.15315422415733337, "175": 0.15278221666812897, "176": 0.1524277925491333, "177": 0.1520717740058899, "178": 0.15166817605495453, "179": 0.1512296199798584, "180": 0.15083622932434082, "181": 0.1504184901714325, "182": 0.1499347984790802, "183": 0.14956733584403992, "184": 0.14908894896507263, "185": 0.14869177341461182, "186": 0.14824612438678741, "187": 0.14791059494018555, "188": 0.14749325811862946, "189": 0.14703328907489777, "190": 0.14667052030563354, "191": 0.14626017212867737, "192": 0.1458810269832611, "193": 0.14547604322433472, "194": 0.14513647556304932, "195": 0.14485618472099304, "196": 0.14456535875797272, "197": 0.1442500650882721, "198": 0.14398281276226044, "199": 0.143636092543602, "200": 0.1433003842830658, "201": 0.1430545449256897, "202": 0.14281101524829865, "203": 0.14254790544509888, "204": 0.1422559916973114, "205": 0.14198264479637146, "206": 0.1417308896780014, "207": 0.1414513885974884, "208": 0.14120003581047058, "209": 0.14097732305526733, "210": 0.14075949788093567, "211": 0.1405029594898224, "212": 0.14031104743480682, "213": 0.140107199549675, "214": 0.13988655805587769, "215": 0.13967132568359375, "216": 0.13951048254966736, "217": 0.13934257626533508, "218": 0.1391446888446808, "219": 0.13899382948875427, "220": 0.13884760439395905, "221": 0.138703852891922, "222": 0.13856178522109985, "223": 0.13842156529426575, "224": 0.13828209042549133, "225": 0.13814353942871094, "226": 0.13800644874572754, "227": 0.13787364959716797, "228": 0.13774843513965607, "229": 0.13756170868873596, "230": 0.1373831182718277, "231": 0.13722597062587738, "232": 0.13712842762470245, "233": 0.13703066110610962, "234": 0.13693293929100037, "235": 0.13685216009616852, "236": 0.13679461181163788, "237": 0.13668914139270782, "238": 0.13664326071739197, "239": 0.13659587502479553, "240": 0.13651876151561737, "241": 0.13645222783088684, "242": 0.1363503336906433, "243": 0.13630354404449463, "244": 0.13625751435756683, "245": 0.13620391488075256, "246": 0.13614922761917114, "247": 0.1360986828804016, "248": 0.13601751625537872, "249": 0.13596031069755554, "250": 0.13590332865715027, "251": 0.1358252763748169, "252": 0.13576343655586243, "253": 0.1357050985097885, "254": 0.13564878702163696, "255": 0.1355973482131958, "256": 0.13555243611335754, "257": 0.13550204038619995, "258": 0.13544929027557373, "259": 0.13539893925189972, "260": 0.13535043597221375, "261": 0.1353021264076233, "262": 0.13525806367397308, "263": 0.13521337509155273, "264": 0.1351521909236908, "265": 0.1351097822189331, "266": 0.1350683569908142, "267": 0.13500255346298218, "268": 0.13496719300746918, "269": 0.134930819272995, "270": 0.1348944753408432, "271": 0.1348574459552765, "272": 0.1348220407962799, "273": 0.1347893327474594, "274": 0.1347571760416031, "275": 0.1347256451845169, "276": 0.13469670712947845, "277": 0.13466857373714447, "278": 0.13464298844337463, "279": 0.13461649417877197, "280": 0.1345917135477066, "281": 0.13456794619560242, "282": 0.13454625010490417, "283": 0.13452571630477905, "284": 0.13450461626052856, "285": 0.13448436558246613, "286": 0.13446637988090515, "287": 0.13444891571998596, "288": 0.13443122804164886, "289": 0.13439613580703735, "290": 0.13437262177467346, "291": 0.13435408473014832, "292": 0.13433502614498138,