{"0": 0.6931474208831787, "1": 0.29344233870506287, "2": 0.29320666193962097, "3": 0.22389376163482666, "4": 0.203078031539917, "5": 0.19568940997123718, "6": 0.19051390886306763, "7": 0.18616244196891785, "8": 0.18232214450836182, "9": 0.178911030292511, "10": 0.17584386467933655, "11": 0.17306989431381226, "12": 0.1705411672592163, "13": 0.16822482645511627, "14": 0.1661011129617691, "15": 0.16414260864257812, "16": 0.16230890154838562, "17": 0.16058893501758575, "18": 0.1589808166027069, "19": 0.15745915472507477, "20": 0.15600994229316711, "21": 0.15463346242904663, "22": 0.15333063900470734, "23": 0.1520817130804062, "24": 0.15089553594589233, "25": 0.14975816011428833, "26": 0.14867377281188965, "27": 0.14763076603412628, "28": 0.14663252234458923, "29": 0.1456771194934845, "30": 0.14475829899311066, "31": 0.14388088881969452, "32": 0.14302602410316467, "33": 0.1422043740749359, "34": 0.14141425490379333, "35": 0.14065000414848328, "36": 0.13991457223892212, "37": 0.13920491933822632, "38": 0.13851675391197205, "39": 0.13785092532634735, "40": 0.13720697164535522, "41": 0.13658180832862854, "42": 0.13597533106803894, "43": 0.13538716733455658, "44": 0.13481616973876953, "45": 0.13426175713539124, "46": 0.1337214708328247, "47": 0.13319608569145203, "48": 0.13268429040908813, "49": 0.13218596577644348, "50": 0.13170099258422852, "51": 0.13122965395450592, "52": 0.13076868653297424, "53": 0.1303195208311081, "54": 0.1298815757036209, "55": 0.1294526308774948, "56": 0.12903323769569397, "57": 0.12862323224544525, "58": 0.12822294235229492, "59": 0.12783196568489075, "60": 0.12744954228401184, "61": 0.1270749866962433, "62": 0.12670893967151642, "63": 0.12635064125061035, "64": 0.12599942088127136, "65": 0.12565533816814423, "66": 0.12531833350658417, "67": 0.12498854100704193, "68": 0.1246657744050026, "69": 0.12434955686330795, "70": 0.12403993308544159, "71": 0.12373693287372589, "72": 0.12343964725732803, "73": 0.12314809113740921, "74": 0.12286213785409927, "75": 0.12258170545101166, "76": 0.12230673432350159, "77": 0.12203677743673325, "78": 0.12177157402038574, "79": 0.12151174247264862, "80": 0.12125717848539352, "81": 0.12100731581449509, "82": 0.12076182663440704, "83": 0.12052059173583984, "84": 0.12028375267982483, "85": 0.12005158513784409, "86": 0.11982328444719315, "87": 0.11959835141897202, "88": 0.11937738209962845, "89": 0.11916042119264603, "90": 0.1189468577504158, "91": 0.11873634159564972, "92": 0.11852828413248062, "93": 0.11832313239574432, "94": 0.11812075227499008, "95": 0.11791978776454926, "96": 0.11771887540817261, "97": 0.11751893907785416, "98": 0.1173194944858551, "99": 0.11712003499269485, "100": 0.11691781878471375, "101": 0.11671209335327148, "102": 0.11650194227695465, "103": 0.11628691852092743, "104": 0.11606110632419586, "105": 0.11580765247344971, "106": 0.11551143229007721, "107": 0.11515877395868301, "108": 0.1147434264421463, "109": 0.114171102643013, "110": 0.11341508477926254, "111": 0.11240999400615692, "112": 0.11163169890642166, "113": 0.11072176694869995, "114": 0.1096767708659172, "115": 0.10869939625263214, "116": 0.10766187310218811, "117": 0.10670008510351181, "118": 0.10576920956373215, "119": 0.10484056174755096, "120": 0.10396510362625122, "121": 0.10286075621843338, "122": 0.10195018351078033, "123": 0.10100149363279343, "124": 0.10010375082492828, "125": 0.09910585731267929, "126": 0.09817938506603241, "127": 0.09728056192398071, "128": 0.09636185318231583, "129": 0.09549136459827423, "130": 0.09459912776947021, "131": 0.0937543734908104, "132": 0.09281297773122787, "133": 0.09197185933589935, "134": 0.09111575782299042, "135": 0.090290367603302, "136": 0.0894881933927536, "137": 0.08866924792528152, "138": 0.08789928257465363, "139": 0.08714444190263748, "140": 0.08636877685785294, "141": 0.08563506603240967, "142": 0.08488170057535172, "143": 0.08413282036781311, "144": 0.08341622352600098, "145": 0.08270663768053055, "146": 0.08200815320014954, "147": 0.08136861026287079, "148": 0.08058980852365494, "149": 0.07982993870973587, "150": 0.07910672575235367, "151": 0.07841738313436508, "152": 0.07776141166687012, "153": 0.07709912210702896, "154": 0.076451376080513, "155": 0.07582885771989822, "156": 0.07518450915813446, "157": 0.07458961009979248, "158": 0.0740666314959526, "159": 0.0734022706747055, "160": 0.07288651913404465, "161": 0.0723804458975792, "162": 0.07179368287324905, "163": 0.07130839675664902, "164": 0.0708228126168251, "165": 0.07031802088022232, "166": 0.0698261708021164, "167": 0.06931762397289276, "168": 0.06877916306257248, "169": 0.06829392910003662, "170": 0.06781084835529327, "171": 0.06732060760259628, "172": 0.06686945259571075, "173": 0.06641055643558502, "174": 0.06596579402685165, "175": 0.06553610414266586, "176": 0.06509961187839508, "177": 0.06467798352241516, "178": 0.06426405161619186, "179": 0.06381335109472275, "180": 0.06341397762298584, "181": 0.06303884088993073, "182": 0.0626300796866417, "183": 0.062248311936855316, "184": 0.061851680278778076, "185": 0.06146670877933502, "186": 0.06109534949064255, "187": 0.06071942672133446, "188": 0.06035221740603447, "189": 0.05999210104346275, "190": 0.059562817215919495, "191": 0.059205278754234314, "192": 0.05890800803899765, "193": 0.05855180695652962, "194": 0.05825985223054886, "195": 0.05797051265835762, "196": 0.057679228484630585, "197": 0.05736733227968216, "198": 0.05709443986415863, "199": 0.05682016909122467, "200": 0.05650991573929787, "201": 0.05620546638965607, "202": 0.055926352739334106, "203": 0.05566050484776497, "204": 0.055389154702425, "205": 0.05512247607111931, "206": 0.05486597120761871, "207": 0.05461403727531433, "208": 0.05434044450521469, "209": 0.054100845009088516, "210": 0.05386878922581673, "211": 0.053640637546777725, "212": 0.053413163870573044, "213": 0.05318896472454071, "214": 0.05296850949525833, "215": 0.0527486652135849, "216": 0.05252450704574585, "217": 0.0523080974817276, "218": 0.05209449306130409, "219": 0.05183424800634384, "220": 0.05160868912935257, "221": 0.05138299614191055, "222": 0.05116216838359833, "223": 0.05093465372920036, "224": 0.05064212903380394, "225": 0.050433449447155, "226": 0.050240203738212585, "227": 0.05005095154047012, "228": 0.04979351907968521, "229": 0.049612075090408325, "230": 0.049435846507549286, "231": 0.049258045852184296, "232": 0.04908083751797676, "233": 0.048905953764915466, "234": 0.048733823001384735, "235": 0.04856504127383232, "236": 0.04839451611042023, "237": 0.04823172092437744, "238": 0.04801741987466812, "239": 0.047835901379585266, "240": 0.04767690598964691, "241": 0.047521933913230896, "242": 0.04734623059630394, "243": 0.04718911275267601, "244": 0.04702099785208702, "245": 0.04685330390930176, "246": 0.046673987060785294, "247": 0.04646825045347214, "248": 0.046304456889629364, "249": 0.04610583186149597, "250": 0.045933015644550323, "251": 0.04579567909240723, "252": 0.04566865414381027, "253": 0.04553469642996788, "254": 0.04540508985519409, "255": 0.04527466371655464, "256": 0.04514303803443909, "257": 0.0450148805975914, "258": 0.044874683022499084, "259": 0.04472770169377327, "260": 0.044600553810596466, "261": 0.04447612166404724, "262": 0.04435688629746437, "263": 0.044240083545446396, "264": 0.04407947510480881, "265": 0.043951742351055145, "266": 0.043842725455760956, "267": 0.043736398220062256, "268": 0.043632715940475464, "269": 0.04352793097496033, "270": 0.04342636838555336, "271": 0.04332124441862106, "272": 0.043222930282354355, "273": 0.043125007301568985, "274": 0.04302692785859108, "275": 0.042925816029310226, "276": 0.04283003509044647, "277": 0.04271817207336426, "278": 0.04259715974330902, "279": 0.04250510036945343, "280": 0.0424191877245903, "281": 0.0423298254609108, "282": 0.0422438345849514, "283": 0.04215742647647858, "284": 0.04205997288227081, "285": 0.04197675362229347, "286": 0.04189358279109001, "287": 0.041811611503362656, "288": 0.041719354689121246, "289": 0.041639894247055054,