{"0": 998.3068525791168, "1": 0.6360302418470383, "2": 2.970173954963684e-05, "3": 0.017057549208402634, "4": 0.0012396052479743958, "5": 0.0007356889545917511, "6": 0.000685427337884903, "7": 0.0006111711263656616, "8": 0.0005389638245105743, "9": 0.0004744492471218109, "10": 0.0004192069172859192, "11": 0.0003761462867259979, "12": 0.00033961981534957886, "13": 0.00029002875089645386, "14": 0.00026427581906318665, "15": 0.0002500973641872406, "16": 0.0002365410327911377, "17": 0.00022406131029129028, "18": 0.00021455064415931702, "19": 0.0002029910683631897, "20": 0.00019289925694465637, "21": 0.00018313899636268616, "22": 0.0001759156584739685, "23": 0.00016956031322479248, "24": 0.00016142427921295166, "25": 0.0001557469367980957, "26": 0.00015143677592277527, "27": 0.0001465342938899994, "28": 0.00014261901378631592, "29": 0.00013931095600128174, "30": 0.00013749860227108002, "31": 0.00013475306332111359, "32": 0.00013268180191516876, "33": 0.0001329071819782257, "34": 0.00013093091547489166, "35": 0.00012987107038497925, "36": 0.00013030506670475006, "37": 0.00013088807463645935, "38": 0.00013099424540996552, "39": 0.00013230368494987488, "40": 0.00013369321823120117, "41": 0.00013783946633338928, "42": 0.00014425069093704224, "43": 0.00014810636639595032, "44": 0.00015372037887573242, "45": 0.00015817023813724518, "46": 0.00016852840781211853, "47": 0.00017563439905643463, "48": 0.00018166564404964447, "49": 0.00019508786499500275, "50": 0.00020081177353858948, "51": 0.00021737441420555115, "52": 0.00023225322365760803, "53": 0.0002534724771976471, "54": 0.00028635747730731964, "55": 0.00031345151364803314, "56": 0.00034474581480026245, "57": 0.00038478896021842957, "58": 0.0004199910908937454, "59": 0.0004526786506175995, "60": 0.00047620758414268494, "61": 0.0004963520914316177, "62": 0.0005486104637384415, "63": 0.0005548298358917236, "64": 0.0006022918969392776, "65": 0.0004262961447238922, "66": 0.0004737488925457001, "67": 0.0004139319062232971, "68": 0.0003809519112110138, "69": 0.0003506802022457123, "70": 0.00032085180282592773, "71": 0.0003209393471479416, "72": 0.00028021447360515594, "73": 0.0003055613487958908, "74": 0.0002539902925491333, "75": 0.0002786125987768173, "76": 0.00024471618235111237, "77": 0.00023210234940052032, "78": 0.00021991506218910217, "79": 0.00020167231559753418, "80": 0.0002073235809803009, "81": 0.0001858249306678772, "82": 0.00019385665655136108, "83": 0.00017913058400154114, "84": 0.00018130242824554443, "85": 0.00017064251005649567, "86": 0.00017306581139564514, "87": 0.0001645199954509735, "88": 0.00016137585043907166, "89": 0.00015561282634735107, "90": 0.00014921091496944427, "91": 0.00014573335647583008, "92": 0.00014113262295722961, "93": 0.00014161132276058197, "94": 0.00013961456716060638, "95": 0.00013413839042186737, "96": 0.00013372395187616348, "97": 0.0001264149323105812, "98": 0.0001284787431359291, "99": 0.00011935923248529434, "100": 0.00012328103184700012, "101": 0.00011700950562953949, "102": 0.0001166854053735733, "103": 0.00011402741074562073, "104": 0.00011019781231880188, "105": 0.0001102890819311142, "106": 0.0001049339771270752, "107": 0.00010531023144721985, "108": 0.0001045428216457367, "109": 9.993184357881546e-05, "110": 0.00010208506137132645, "111": 9.736325591802597e-05, "112": 0.00010000448673963547, "113": 9.47713851928711e-05, "114": 9.569060057401657e-05, "115": 9.359419345855713e-05, "116": 9.481888264417648e-05, "117": 9.122677147388458e-05, "118": 9.112432599067688e-05, "119": 8.82614403963089e-05, "120": 9.150803089141846e-05, "121": 8.7786465883255e-05, "122": 9.092781692743301e-05, "123": 8.428189903497696e-05, "124": 8.378177881240845e-05, "125": 8.28159973025322e-05, "126": 8.514802902936935e-05, "127": 8.684955537319183e-05, "128": 8.675828576087952e-05, "129": 8.087605237960815e-05, "130": 8.244626224040985e-05, "131": 7.931608706712723e-05, "132": 7.852725684642792e-05, "133": 7.66487792134285e-05, "134": 7.805041968822479e-05, "135": 7.231812924146652e-05, "136": 7.888954132795334e-05, "137": 7.480010390281677e-05, "138": 7.857382297515869e-05, "139": 7.44648277759552e-05, "140": 6.962567567825317e-05, "141": 7.919035851955414e-05, "142": 7.244199514389038e-05, "143": 6.666593253612518e-05, "144": 7.424689829349518e-05, "145": 7.872283458709717e-05, "146": 7.219985127449036e-05, "147": 7.627066224813461e-05, "148": 7.044151425361633e-05, "149": 7.054675370454788e-05, "150": 6.405264139175415e-05, "151": 6.838515400886536e-05, "152": 7.321126759052277e-05, "153": 6.999727338552475e-05, "154": 7.314607501029968e-05, "155": 6.753113120794296e-05, "156": 7.28946179151535e-05, "157": 6.780587136745453e-05, "158": 7.138587534427643e-05, "159": 6.815046072006226e-05, "160": 6.210058927536011e-05, "161": 6.327219307422638e-05, "162": 6.606336683034897e-05, "163": 6.652995944023132e-05, "164": 6.375554949045181e-05, "165": 7.116980850696564e-05, "166": 6.774626672267914e-05, "167": 6.37909397482872e-05, "168": 5.008932203054428e-05, "169": 5.832500755786896e-05, "170": 6.442703306674957e-05, "171": 5.715712904930115e-05, "172": 6.19012862443924e-05, "173": 5.517061799764633e-05, "174": 5.871802568435669e-05, "175": 5.1569193601608276e-05, "176": 5.833059549331665e-05, "177": 5.485955625772476e-05, "178": 5.6626275181770325e-05, "179": 4.885159432888031e-05, "180": 5.503091961145401e-05, "181": 5.428120493888855e-05, "182": 5.707424134016037e-05, "183": 5.0129368901252747e-05, "184": 5.7484954595565796e-05, "185": 5.945935845375061e-05, "186": 5.6385062634944916e-05, "187": 5.409028381109238e-05, "188": 4.827417433261871e-05, "189": 5.1276758313179016e-05, "190": 5.2850693464279175e-05, "191": 5.328655242919922e-05, "192": 4.8931222409009933e-05, "193": 4.51686792075634e-05, "194": 4.4860877096652985e-05, "195": 4.8070214688777924e-05, "196": 4.8607587814331055e-05, "197": 4.870956763625145e-05, "198": 5.07822260260582e-05, "199": 4.8162881284952164e-05, "200": 4.880782216787338e-05, "201": 4.7612469643354416e-05, "202": 4.421733319759369e-05, "203": 4.73889522254467e-05, "204": 4.6039000153541565e-05, "205": 4.768837243318558e-05, "206": 4.513747990131378e-05, "207": 4.5765191316604614e-05, "208": 4.219589754939079e-05, "209": 4.441477358341217e-05, "210": 4.356680437922478e-05, "211": 4.2020343244075775e-05, "212": 4.4403597712516785e-05, "213": 3.845011815428734e-05, "214": 3.606593236327171e-05, "215": 3.514345735311508e-05, "216": 3.368128091096878e-05, "217": 3.083329647779465e-05, "218": 3.6869198083877563e-05, "219": 3.451621159911156e-05, "220": 3.0249357223510742e-05, "221": 3.770971670746803e-05, "222": 3.12095507979393e-05, "223": 3.0141323804855347e-05, "224": 3.2049138098955154e-05, "225": 3.159651532769203e-05, "226": 3.5806093364953995e-05, "227": 3.632809966802597e-05, "228": 3.725150600075722e-05, "229": 2.762163057923317e-05, "230": 2.127746120095253e-05, "231": 1.8314458429813385e-05, "232": 1.81528739631176e-05, "233": 2.185208722949028e-05, "234": 1.683877781033516e-05, "235": 1.6607344150543213e-05, "236": 1.5250872820615768e-05, "237": 1.559033989906311e-05, "238": 1.4365185052156448e-05, "239": 1.9568484276533127e-05, "240": 2.0520761609077454e-05, "241": 2.0361971110105515e-05, "242": 1.1700205504894257e-05, "243": 1.0376330465078354e-05, "244": 1.0843388736248016e-05, "245": 1.0087620466947556e-05, "246": 8.142553269863129e-06, "247": 7.786788046360016e-06, "248": 7.922295480966568e-06, "249": 7.849186658859253e-06, "250": 7.6284632086753845e-06, "251": 1.3038050383329391e-05, "252": 2.094404771924019e-05, "253": 1.3113487511873245e-05, "254": 1.3072509318590164e-05, "255": 1.6162171959877014e-05, "256": 1.338217407464981e-05, "257": 2.1319836378097534e-05, "258": 1.1464115232229233e-05, "259": 1.157587394118309e-05, "260": 1.3936776667833328e-05, "261": 1.7152167856693268e-05, "262": 1.2986361980438232e-05, "263": 1.239171251654625e-05, "264": 9.686686098575592e-06, "265": 7.939524948596954e-06, "266": 7.966533303260803e-06,