{"0": 0.6931474208831787, "1": 0.1189088374376297, "2": 0.11865586787462234, "3": 0.04544016718864441, "4": 0.04456621780991554, "5": 0.04388175904750824, "6": 0.04332096502184868, "7": 0.042844850569963455, "8": 0.04244845733046532, "9": 0.04211115464568138, "10": 0.04182059317827225, "11": 0.041573427617549896, "12": 0.041357673704624176, "13": 0.04126296937465668, "14": 0.0411834791302681, "15": 0.041093870997428894, "16": 0.040998075157403946, "17": 0.04089990630745888, "18": 0.040798161178827286, "19": 0.040698327124118805, "20": 0.040599897503852844, "21": 0.04050060361623764, "22": 0.04040161147713661, "23": 0.04030375927686691, "24": 0.04020451754331589, "25": 0.040105633437633514, "26": 0.040003105998039246, "27": 0.039895184338092804, "28": 0.039780646562576294, "29": 0.039650723338127136, "30": 0.03950592130422592, "31": 0.039314478635787964, "32": 0.03908838331699371, "33": 0.03876958042383194, "34": 0.03797770291566849, "35": 0.037663113325834274, "36": 0.03748331964015961, "37": 0.03733997046947479, "38": 0.03723138943314552, "39": 0.03710976988077164, "40": 0.036961376667022705, "41": 0.036793772131204605, "42": 0.03666078671813011, "43": 0.03652707859873772, "44": 0.03641027957201004, "45": 0.03630637004971504, "46": 0.03618442267179489, "47": 0.03587660938501358, "48": 0.03542704880237579, "49": 0.03500790521502495, "50": 0.03456716984510422, "51": 0.034176066517829895, "52": 0.03376702219247818, "53": 0.03312636911869049, "54": 0.03263890743255615, "55": 0.03215092793107033, "56": 0.03157094120979309, "57": 0.031161591410636902, "58": 0.030768774449825287, "59": 0.030255988240242004, "60": 0.02995505928993225, "61": 0.029719550162553787, "62": 0.029530663043260574, "63": 0.029327820986509323, "64": 0.029144644737243652, "65": 0.02900778129696846, "66": 0.02891344204545021, "67": 0.028836600482463837, "68": 0.02875932678580284, "69": 0.028683869168162346, "70": 0.028611507266759872, "71": 0.02854110673069954, "72": 0.028411399573087692, "73": 0.028282538056373596, "74": 0.02816706895828247, "75": 0.028057275339961052, "76": 0.027913011610507965, "77": 0.027819907292723656, "78": 0.02765299379825592, "79": 0.027576595544815063, "80": 0.02749761939048767, "81": 0.027389293536543846, "82": 0.02732638269662857, "83": 0.027267800644040108, "84": 0.02718508429825306, "85": 0.027138039469718933, "86": 0.02709704264998436, "87": 0.027058927342295647, "88": 0.02702762931585312, "89": 0.027000345289707184, "90": 0.02697736769914627, "91": 0.026955876499414444, "92": 0.026935866102576256, "93": 0.02691717818379402, "94": 0.026900596916675568, "95": 0.026885416358709335, "96": 0.026868917047977448, "97": 0.026853131130337715, "98": 0.026839762926101685, "99": 0.026820922270417213, "100": 0.026797184720635414, "101": 0.026778940111398697, "102": 0.026755277067422867, "103": 0.0267382450401783, "104": 0.026712626218795776, "105": 0.02669765055179596, "106": 0.02666606567800045, "107": 0.02665303274989128, "108": 0.02663305774331093, "109": 0.02662099339067936, "110": 0.026604849845170975, "111": 0.02659488096833229, "112": 0.026583492755889893, "113": 0.02657385542988777, "114": 0.026563238352537155, "115": 0.02655383199453354, "116": 0.02653360366821289, "117": 0.026514869183301926, "118": 0.026500998064875603, "119": 0.026484735310077667, "120": 0.026470420882105827, "121": 0.026451993733644485, "122": 0.026435233652591705, "123": 0.02641603723168373, "124": 0.02639961615204811, "125": 0.026383724063634872, "126": 0.026368368417024612, "127": 0.026355557143688202, "128": 0.026340745389461517, "129": 0.02632623352110386, "130": 0.02631056308746338, "131": 0.026295337826013565, "132": 0.026279641315340996, "133": 0.026264376938343048, "134": 0.026249341666698456, "135": 0.026234231889247894, "136": 0.026222748681902885, "137": 0.026210060343146324, "138": 0.026198696345090866, "139": 0.026186559349298477, "140": 0.026175811886787415, "141": 0.026164405047893524, "142": 0.026154253631830215, "143": 0.026143856346607208, "144": 0.02613542042672634, "145": 0.02612273581326008, "146": 0.026114780455827713, "147": 0.02610665187239647, "148": 0.02609824761748314, "149": 0.026090290397405624, "150": 0.026082046329975128, "151": 0.02607431262731552, "152": 0.02606629580259323, "153": 0.02605872042477131, "154": 0.02605074644088745, "155": 0.02604418247938156, "156": 0.02603663131594658, "157": 0.02602916955947876, "158": 0.026021646335721016, "159": 0.026014331728219986, "160": 0.02600701153278351, "161": 0.026000000536441803, "162": 0.025993000715970993, "163": 0.025986334308981895, "164": 0.02598000504076481, "165": 0.025974635034799576, "166": 0.025969497859477997, "167": 0.025964468717575073, "168": 0.025959402322769165, "169": 0.025954388082027435, "170": 0.02594936452805996, "171": 0.025944415479898453, "172": 0.025939375162124634, "173": 0.025934740900993347, "174": 0.025930255651474, "175": 0.02592587284743786, "176": 0.025921594351530075, "177": 0.02591738849878311, "178": 0.02591327764093876, "179": 0.02590930089354515, "180": 0.025905486196279526, "181": 0.025901436805725098, "182": 0.025897540152072906, "183": 0.025893747806549072, "184": 0.025890087708830833, "185": 0.025886479765176773, "186": 0.0258829053491354, "187": 0.025879375636577606, "188": 0.02587592974305153, "189": 0.025872595608234406, "190": 0.025869417935609818, "191": 0.02586638182401657, "192": 0.025863345712423325, "193": 0.025860346853733063, "194": 0.02585744485259056, "195": 0.025854557752609253, "196": 0.025851711630821228, "197": 0.025848882272839546, "198": 0.02584608644247055, "199": 0.025843333452939987, "200": 0.025840643793344498, "201": 0.025838017463684082, "202": 0.025835370644927025, "203": 0.025832757353782654, "204": 0.025830155238509178, "205": 0.025827551260590553, "206": 0.02582504227757454, "207": 0.025822527706623077, "208": 0.025820035487413406, "209": 0.02581753581762314, "210": 0.025814207270741463, "211": 0.025810997933149338, "212": 0.025807900354266167, "213": 0.02580489218235016, "214": 0.025802001357078552, "215": 0.025799188762903214, "216": 0.02579648233950138, "217": 0.02579382061958313, "218": 0.02579120174050331, "219": 0.02578844130039215, "220": 0.02578573487699032, "221": 0.02578303962945938, "222": 0.02578032948076725, "223": 0.02577761933207512, "224": 0.025774924084544182, "225": 0.025772199034690857, "226": 0.025769896805286407, "227": 0.025768637657165527, "228": 0.02576763555407524, "229": 0.025766713544726372}