{"0": 0.6931474208831787, "1": 0.050835367292165756, "2": 0.050819627940654755, "3": 0.04135718569159508, "4": 0.03957461565732956, "5": 0.03849676251411438, "6": 0.03757011145353317, "7": 0.03675797954201698, "8": 0.036060869693756104, "9": 0.03545594960451126, "10": 0.034921497106552124, "11": 0.03444085642695427, "12": 0.03400754556059837, "13": 0.03362010791897774, "14": 0.03326363116502762, "15": 0.032930996268987656, "16": 0.032620519399642944, "17": 0.03232700005173683, "18": 0.032046012580394745, "19": 0.03177761286497116, "20": 0.03152131661772728, "21": 0.03127395361661911, "22": 0.031037181615829468, "23": 0.030809596180915833, "24": 0.030587954446673393, "25": 0.030372513458132744, "26": 0.030164968222379684, "27": 0.02995934709906578, "28": 0.029757263138890266, "29": 0.02956072799861431, "30": 0.029367191717028618, "31": 0.02917761169373989, "32": 0.028989549726247787, "33": 0.028802543878555298, "34": 0.028614776208996773, "35": 0.0284260381013155, "36": 0.028236592188477516, "37": 0.028044937178492546, "38": 0.027855155989527702, "39": 0.027659377083182335, "40": 0.027461279183626175, "41": 0.027260825037956238, "42": 0.027056274935603142, "43": 0.026844745501875877, "44": 0.026625458151102066, "45": 0.026402240619063377, "46": 0.026157837361097336, "47": 0.025907520204782486, "48": 0.025651121512055397, "49": 0.025375161319971085, "50": 0.025090940296649933, "51": 0.02479715086519718, "52": 0.02449062094092369, "53": 0.024158526211977005, "54": 0.023805245757102966, "55": 0.02342100441455841, "56": 0.023011650890111923, "57": 0.022577418014407158, "58": 0.022118911147117615, "59": 0.021645020693540573, "60": 0.021167509257793427, "61": 0.020678037777543068, "62": 0.0201239176094532, "63": 0.019739173352718353, "64": 0.01929730735719204, "65": 0.018884234130382538, "66": 0.018477939069271088, "67": 0.01812184602022171, "68": 0.01776173524558544, "69": 0.01744857244193554, "70": 0.017127199098467827, "71": 0.01685475930571556, "72": 0.01655903086066246, "73": 0.01627861149609089, "74": 0.016044873744249344, "75": 0.015802575275301933, "76": 0.015595432370901108, "77": 0.015383876860141754, "78": 0.015193846076726913, "79": 0.015003825537860394, "80": 0.014821507036685944, "81": 0.01464790664613247, "82": 0.014470871537923813, "83": 0.014304636046290398, "84": 0.01412813737988472, "85": 0.013965313322842121, "86": 0.013805262744426727, "87": 0.01365387812256813, "88": 0.013505330309271812, "89": 0.013362537138164043, "90": 0.013224385678768158, "91": 0.013088978826999664, "92": 0.012958464212715626, "93": 0.012828494422137737, "94": 0.012702060863375664, "95": 0.012573564425110817, "96": 0.012450951151549816, "97": 0.01232546754181385, "98": 0.012207865715026855, "99": 0.012089531868696213, "100": 0.011976877227425575, "101": 0.01186443492770195, "102": 0.011756492778658867, "103": 0.011648193001747131, "104": 0.011542756110429764, "105": 0.011437281966209412, "106": 0.011333024129271507, "107": 0.011227697134017944, "108": 0.011126963421702385, "109": 0.011025751009583473, "110": 0.01093022245913744, "111": 0.010833685286343098, "112": 0.010742126032710075, "113": 0.010651087388396263, "114": 0.010561942122876644, "115": 0.01047380268573761, "116": 0.01038616057485342, "117": 0.010300285182893276, "118": 0.01021633855998516, "119": 0.010132497176527977, "120": 0.010049032978713512, "121": 0.009966457262635231, "122": 0.009887032210826874, "123": 0.009808199480175972, "124": 0.009732450358569622, "125": 0.009655709378421307, "126": 0.009581688791513443, "127": 0.009505543857812881, "128": 0.009432950988411903, "129": 0.009358366951346397, "130": 0.009287756867706776, "131": 0.009213661774992943, "132": 0.009143965318799019, "133": 0.009071465581655502, "134": 0.009003452956676483, "135": 0.008934596553444862, "136": 0.008868963457643986, "137": 0.008801710791885853, "138": 0.008736327290534973, "139": 0.008672358468174934, "140": 0.008609279990196228, "141": 0.00854693353176117, "142": 0.008482486009597778, "143": 0.008418402634561062, "144": 0.0083560049533844, "145": 0.00829196535050869, "146": 0.008230951614677906, "147": 0.00816798210144043, "148": 0.008107392117381096, "149": 0.008045237511396408, "150": 0.007985906675457954, "151": 0.007924173027276993, "152": 0.007864637300372124, "153": 0.0078035518527030945, "154": 0.00774378003552556, "155": 0.007683862932026386, "156": 0.007627582177519798, "157": 0.007569693960249424, "158": 0.007514453958719969, "159": 0.007459821179509163, "160": 0.007405560463666916, "161": 0.007350855506956577, "162": 0.007295568473637104, "163": 0.007242081221193075, "164": 0.007189209572970867, "165": 0.007136907894164324, "166": 0.007082006894052029, "167": 0.007030694745481014, "168": 0.006979717873036861, "169": 0.0069290753453969955, "170": 0.006883255671709776, "171": 0.0068372320383787155, "172": 0.006792733445763588, "173": 0.006746906787157059, "174": 0.006702566985040903, "175": 0.0066562434658408165, "176": 0.00661278935149312, "177": 0.006565776653587818, "178": 0.006520054768770933, "179": 0.006472864653915167, "180": 0.006428888067603111, "181": 0.0063834344036877155, "182": 0.006339459680020809, "183": 0.0062927864491939545, "184": 0.00624696072191, "185": 0.006200673058629036, "186": 0.006155858747661114, "187": 0.006112189032137394, "188": 0.006065675988793373, "189": 0.006024425849318504, "190": 0.005976938642561436, "191": 0.005936698988080025, "192": 0.005899129435420036, "193": 0.005856205243617296, "194": 0.005810335278511047, "195": 0.005769889801740646, "196": 0.005734253209084272, "197": 0.005689780227839947, "198": 0.005643749609589577, "199": 0.005600227974355221, "200": 0.005563516169786453, "201": 0.0055203684605658054, "202": 0.005475940182805061, "203": 0.005433488637208939, "204": 0.00538985151797533, "205": 0.0053443219512701035, "206": 0.005301939323544502, "207": 0.005267084110528231, "208": 0.005225459113717079, "209": 0.005183178000152111, "210": 0.005143234506249428, "211": 0.005104733165353537, "212": 0.005062202922999859, "213": 0.005024878308176994, "214": 0.004989176988601685, "215": 0.004949586000293493, "216": 0.0049115861766040325, "217": 0.004876998718827963, "218": 0.004843949805945158, "219": 0.004814052954316139, "220": 0.004782491363584995, "221": 0.004747908096760511, "222": 0.00471296114847064, "223": 0.004683076869696379, "224": 0.004653302486985922, "225": 0.0046213604509830475, "226": 0.0045876107178628445, "227": 0.0045530227944254875, "228": 0.004519753623753786, "229": 0.0044906241819262505, "230": 0.004465864039957523, "231": 0.00443942379206419, "232": 0.0044089555740356445, "233": 0.004381630569696426, "234": 0.00435001403093338, "235": 0.004320693202316761, "236": 0.004286696668714285, "237": 0.004257624037563801, "238": 0.004224919248372316, "239": 0.004197940230369568, "240": 0.004171369131654501, "241": 0.004144746344536543, "242": 0.00411654356867075, "243": 0.004089985974133015, "244": 0.004063669126480818, "245": 0.00403946079313755, "246": 0.004012882709503174, "247": 0.003987974487245083, "248": 0.0039629703387618065, "249": 0.003936823457479477, "250": 0.003911222331225872, "251": 0.0038840840570628643, "252": 0.003861556062474847, "253": 0.003840432735159993, "254": 0.0038183508440852165, "255": 0.003797507844865322, "256": 0.003776619443669915, "257": 0.0037539151962846518, "258": 0.003732352051883936, "259": 0.0037117842584848404, "260": 0.0036941105499863625, "261": 0.0036769709549844265, "262": 0.0036617270670831203, "263": 0.003642648458480835, "264": 0.00362933287397027, "265": 0.0036093397065997124, "266": 0.003594093956053257, "267": 0.0035781485494226217, "268": 0.003561695571988821, "269": 0.003544297069311142, "270": 0.003531043417751789, "271": 0.003506166860461235, "272": 0.0034826912451535463, "273": 0.0034644072875380516, "274": 0.0034351530484855175, "275": 0.0034276857040822506, "276": 0.00342005118727684, "277": 0.003411070676520467, "278": 0.003402590984478593, "279": 0.0033939178101718426,