{"0": 998.3068525791168, "1": 0.450283482670784, "2": 0.0001560002565383911, "3": 0.05106574296951294, "4": 0.018045663833618164, "5": 0.00667235255241394, "6": 0.004559546709060669, "7": 0.0038637667894363403, "8": 0.003390893340110779, "9": 0.0030161887407302856, "10": 0.0027379393577575684, "11": 0.0025109946727752686, "12": 0.002312079071998596, "13": 0.002088114619255066, "14": 0.0019239932298660278, "15": 0.001804441213607788, "16": 0.001698806881904602, "17": 0.0016089528799057007, "18": 0.0015259087085723877, "19": 0.0014468282461166382, "20": 0.0013976991176605225, "21": 0.0013372451066970825, "22": 0.0012947767972946167, "23": 0.001255139708518982, "24": 0.0012103915214538574, "25": 0.0011783614754676819, "26": 0.0011394843459129333, "27": 0.0011087656021118164, "28": 0.001079358160495758, "29": 0.0010529756546020508, "30": 0.0010268911719322205, "31": 0.0010012909770011902, "32": 0.0009787455201148987, "33": 0.0009559094905853271, "34": 0.0009340569376945496, "35": 0.0009079426527023315, "36": 0.0008895918726921082, "37": 0.0008697956800460815, "38": 0.0008468851447105408, "39": 0.0008238554000854492, "40": 0.0008043199777603149, "41": 0.000784650444984436, "42": 0.0007659941911697388, "43": 0.0007448643445968628, "44": 0.0007238909602165222, "45": 0.0007053762674331665, "46": 0.0006877034902572632, "47": 0.000670120120048523, "48": 0.0006513819098472595, "49": 0.0006339699029922485, "50": 0.0006170272827148438, "51": 0.000600568950176239, "52": 0.0005847066640853882, "53": 0.0005691647529602051, "54": 0.000554405152797699, "55": 0.0005413442850112915, "56": 0.0005282610654830933, "57": 0.0005179792642593384, "58": 0.0005048587918281555, "59": 0.0004921704530715942, "60": 0.0004803463816642761, "61": 0.00046972185373306274, "62": 0.0004597604274749756, "63": 0.00045002996921539307, "64": 0.00044348835945129395, "65": 0.0004376620054244995, "66": 0.0004329010844230652, "67": 0.00042863190174102783, "68": 0.00042410194873809814, "69": 0.00041987746953964233, "70": 0.00041653960943222046, "71": 0.00041509419679641724, "72": 0.0004156827926635742, "73": 0.00042400509119033813, "74": 0.0004342272877693176, "75": 0.000443972647190094, "76": 0.0004656687378883362, "77": 0.0004897788166999817, "78": 0.0005258694291114807, "79": 0.0005687177181243896, "80": 0.0006294697523117065, "81": 0.0007209330797195435, "82": 0.0008377358317375183, "83": 0.0009907931089401245, "84": 0.0010632574558258057, "85": 0.0010209381580352783, "86": 0.0010786056518554688, "87": 0.0010288208723068237, "88": 0.0010533183813095093, "89": 0.001025184988975525, "90": 0.0010043084621429443, "91": 0.001002669334411621, "92": 0.0009654238820075989, "93": 0.000997789204120636, "94": 0.0009261667728424072, "95": 0.0009238123893737793, "96": 0.00088510662317276, "97": 0.0008691921830177307, "98": 0.0008435621857643127, "99": 0.000797465443611145, "100": 0.0008236542344093323, "101": 0.0007801875472068787, "102": 0.0007818415760993958, "103": 0.0007413849234580994, "104": 0.0007739737629890442, "105": 0.0007204636931419373, "106": 0.0007153823971748352, "107": 0.000682733952999115, "108": 0.0006780028343200684, "109": 0.000662483274936676, "110": 0.0006405040621757507, "111": 0.0006172843277454376, "112": 0.0006209798157215118, "113": 0.0006040036678314209, "114": 0.0005987733602523804, "115": 0.000581793487071991, "116": 0.0005755946040153503, "117": 0.0005537942051887512, "118": 0.0005502328276634216, "119": 0.0005334652960300446, "120": 0.0005332715809345245, "121": 0.000509507954120636, "122": 0.0005085505545139313, "123": 0.0004931725561618805, "124": 0.0004960522055625916, "125": 0.0004826672375202179, "126": 0.0004838034510612488, "127": 0.00047015026211738586, "128": 0.0004689842462539673, "129": 0.0004400908946990967, "130": 0.00046280398964881897, "131": 0.0004443340003490448, "132": 0.00044248998165130615, "133": 0.0004278011620044708, "134": 0.00042186304926872253, "135": 0.00041653960943222046, "136": 0.00041316449642181396, "137": 0.00039829686284065247, "138": 0.0004068911075592041, "139": 0.0003977753221988678, "140": 0.0003902651369571686, "141": 0.00037730857729911804, "142": 0.0003756508231163025, "143": 0.0003599599003791809, "144": 0.0003670044243335724, "145": 0.0003498569130897522, "146": 0.00035915523767471313, "147": 0.0003425590693950653, "148": 0.0003440864384174347, "149": 0.00033190473914146423, "150": 0.00033500418066978455, "151": 0.000317644327878952, "152": 0.00032779574394226074, "153": 0.0003135204315185547, "154": 0.0003161989152431488, "155": 0.000304393470287323, "156": 0.0003065057098865509, "157": 0.00029747188091278076, "158": 0.00029840320348739624, "159": 0.00029024481773376465, "160": 0.0002938993275165558, "161": 0.0002827085554599762, "162": 0.00028559938073158264, "163": 0.00026781484484672546, "164": 0.00029034167528152466, "165": 0.00027042999863624573, "166": 0.0002822466194629669, "167": 0.00026524439454078674, "168": 0.000272311270236969, "169": 0.0002597533166408539, "170": 0.00026468560099601746, "171": 0.00025595352053642273, "172": 0.00025808438658714294, "173": 0.0002541877329349518, "174": 0.0002459697425365448, "175": 0.00024303048849105835, "176": 0.0002387315034866333, "177": 0.00023546814918518066, "178": 0.00023445859551429749, "179": 0.00022226199507713318, "180": 0.0002362579107284546, "181": 0.0002232380211353302, "182": 0.00023685768246650696, "183": 0.00022161006927490234, "184": 0.00023172050714492798, "185": 0.00021774694323539734, "186": 0.0002215057611465454, "187": 0.00021233409643173218, "188": 0.00021535158157348633, "189": 0.0002089962363243103, "190": 0.00020601972937583923, "191": 0.00020482763648033142, "192": 0.00020004808902740479, "193": 0.00018381327390670776, "194": 0.0002047605812549591, "195": 0.00019297003746032715, "196": 0.00020101666450500488, "197": 0.00018900632858276367, "198": 0.00019559264183044434, "199": 0.0001865103840827942, "200": 0.0001917816698551178, "201": 0.00018073245882987976, "202": 0.00018805265426635742, "203": 0.0001791045069694519, "204": 0.0001744590699672699, "205": 0.00016647204756736755, "206": 0.0001629069447517395, "207": 0.00015297532081604004, "208": 0.00016945041716098785, "209": 0.000161757692694664, "210": 0.0001626424491405487, "211": 0.00015644915401935577, "212": 0.00015997886657714844, "213": 0.00015408359467983246, "214": 0.00015691295266151428, "215": 0.0001429133117198944, "216": 0.00015584006905555725, "217": 0.00014719553291797638, "218": 0.00014289282262325287, "219": 0.00014259107410907745, "220": 0.00013911910355091095, "221": 0.00013495050370693207, "222": 0.00014047510921955109, "223": 0.0001323837786912918, "224": 0.0001490022987127304, "225": 0.00013964250683784485, "226": 0.000140313059091568, "227": 0.00013457238674163818, "228": 0.00013704225420951843, "229": 0.0001320764422416687, "230": 0.0001354217529296875, "231": 0.00013064593076705933, "232": 0.00013266131281852722, "233": 0.0001290924847126007, "234": 0.000125199556350708, "235": 0.00012168474495410919, "236": 0.00012070871889591217, "237": 0.00011947751045227051, "238": 0.0001217816025018692, "239": 0.00011209025979042053, "240": 0.00012499652802944183, "241": 0.00011340528726577759, "242": 0.00011787191033363342, "243": 0.00010798685252666473, "244": 0.00010918267071247101, "245": 0.000104561448097229, "246": 0.00010577589273452759, "247": 0.00010623782873153687, "248": 0.00010263174772262573, "249": 0.00010664388537406921, "250": 0.00010199286043643951, "251": 9.593181312084198e-05, "252": 0.00011254660785198212, "253": 0.00010134279727935791, "254": 0.00010189041495323181, "255": 0.00010034069418907166, "256": 0.00010138191282749176, "257": 9.45068895816803e-05, "258": 0.0001032799482345581, "259": 9.372085332870483e-05, "260": 9.974278509616852e-05, "261": 9.207986295223236e-05, "262": 8.338689804077148e-05, "263": 8.576922118663788e-05, "264": 8.083507418632507e-05, "265": 0.0001039411872625351, "266": 8.456036448478699e-05, "267": 8.093565702438354e-05,