{"0": 998.3068525791168, "1": 0.4424532949924469, "2": 0.00018462538719177246, "3": 0.06003805994987488, "4": 0.01651044189929962, "5": 0.006139442324638367, "6": 0.004397720098495483, "7": 0.003787428140640259, "8": 0.003327101469039917, "9": 0.002956479787826538, "10": 0.002665787935256958, "11": 0.002422720193862915, "12": 0.00221407413482666, "13": 0.002002999186515808, "14": 0.0018312186002731323, "15": 0.0017178058624267578, "16": 0.0016094446182250977, "17": 0.0015259385108947754, "18": 0.0014477074146270752, "19": 0.0013761669397354126, "20": 0.0013151317834854126, "21": 0.001255914568901062, "22": 0.0012139230966567993, "23": 0.001166999340057373, "24": 0.0011318624019622803, "25": 0.0010896772146224976, "26": 0.0010537803173065186, "27": 0.0010298490524291992, "28": 0.0009987354278564453, "29": 0.000972449779510498, "30": 0.000948593020439148, "31": 0.0009252279996871948, "32": 0.0009049326181411743, "33": 0.0008831620216369629, "34": 0.0008619725704193115, "35": 0.00083962082862854, "36": 0.0008207410573959351, "37": 0.0008015185594558716, "38": 0.0007825419306755066, "39": 0.000764206051826477, "40": 0.0007452592253684998, "41": 0.0007281452417373657, "42": 0.0007120072841644287, "43": 0.0006897151470184326, "44": 0.0006785616278648376, "45": 0.0006646960973739624, "46": 0.0006459057331085205, "47": 0.000630505383014679, "48": 0.0006137862801551819, "49": 0.0005996376276016235, "50": 0.000585898756980896, "51": 0.0005708932876586914, "52": 0.0005557835102081299, "53": 0.0005436688661575317, "54": 0.000531509518623352, "55": 0.0005201399326324463, "56": 0.000508919358253479, "57": 0.0004976987838745117, "58": 0.0004868730902671814, "59": 0.00047609955072402954, "60": 0.00046516209840774536, "61": 0.0004546046257019043, "62": 0.00044451653957366943, "63": 0.0004357248544692993, "64": 0.0004294365644454956, "65": 0.0004230588674545288, "66": 0.00041694194078445435, "67": 0.00041091442108154297, "68": 0.00040534883737564087, "69": 0.00040105730295181274, "70": 0.00039653480052948, "71": 0.00039348751306533813, "72": 0.0003916248679161072, "73": 0.00039471685886383057, "74": 0.00039968639612197876, "75": 0.0004066154360771179, "76": 0.0004135891795158386, "77": 0.0004237815737724304, "78": 0.00044298917055130005, "79": 0.00046946853399276733, "80": 0.0004999414086341858, "81": 0.0005453675985336304, "82": 0.0006165280938148499, "83": 0.0007163286209106445, "84": 0.0008419007062911987, "85": 0.0011291801929473877, "86": 0.0013239234685897827, "87": 0.0011379718780517578, "88": 0.0012409165501594543, "89": 0.0011774227023124695, "90": 0.0011262446641921997, "91": 0.0011223331093788147, "92": 0.0010313093662261963, "93": 0.0010737478733062744, "94": 0.0009713172912597656, "95": 0.0009661167860031128, "96": 0.0009099096059799194, "97": 0.0009473040699958801, "98": 0.0008802339434623718, "99": 0.0008369088172912598, "100": 0.0008875429630279541, "101": 0.0008112937211990356, "102": 0.0008625611662864685, "103": 0.0007694736123085022, "104": 0.0008198246359825134, "105": 0.0007409527897834778, "106": 0.0007332414388656616, "107": 0.0007054358720779419, "108": 0.0006861463189125061, "109": 0.0006982013583183289, "110": 0.0006391257047653198, "111": 0.000611327588558197, "112": 0.0006671249866485596, "113": 0.0007024854421615601, "114": 0.0007161274552345276, "115": 0.0007116347551345825, "116": 0.0006216391921043396, "117": 0.000607173889875412, "118": 0.000585164874792099, "119": 0.0005500577390193939, "120": 0.0005705058574676514, "121": 0.0005427412688732147, "122": 0.0005111843347549438, "123": 0.0004985928535461426, "124": 0.0005265623331069946, "125": 0.0004749223589897156, "126": 0.00046236440539360046, "127": 0.0005006678402423859, "128": 0.0004622712731361389, "129": 0.0004987642168998718, "130": 0.0004498809576034546, "131": 0.0004814937710762024, "132": 0.00044355541467666626, "133": 0.00043968483805656433, "134": 0.00042390450835227966, "135": 0.0004221424460411072, "136": 0.00041135773062705994, "137": 0.00039693713188171387, "138": 0.00039256736636161804, "139": 0.0003907009959220886, "140": 0.000390809029340744, "141": 0.00038373470306396484, "142": 0.0003737695515155792, "143": 0.00038269907236099243, "144": 0.00035991519689559937, "145": 0.00036957114934921265, "146": 0.0003469213843345642, "147": 0.00036035478115081787, "148": 0.00033501535654067993, "149": 0.0003407709300518036, "150": 0.0003256164491176605, "151": 0.00033364444971084595, "152": 0.00032040104269981384, "153": 0.0003253743052482605, "154": 0.00029935315251350403, "155": 0.00033372268080711365, "156": 0.0003117769956588745, "157": 0.000319797545671463, "158": 0.0003058388829231262, "159": 0.0003100186586380005, "160": 0.0002959445118904114, "161": 0.00029014796018600464, "162": 0.00028390809893608093, "163": 0.00028113648295402527, "164": 0.0002785399556159973, "165": 0.0002724453806877136, "166": 0.0002540014684200287, "167": 0.00027647241950035095, "168": 0.0002580471336841583, "169": 0.00026467815041542053, "170": 0.00024202466011047363, "171": 0.00024863705039024353, "172": 0.0002339296042919159, "173": 0.00024390965700149536, "174": 0.0002244226634502411, "175": 0.00023600086569786072, "176": 0.00022469088435173035, "177": 0.00022014230489730835, "178": 0.00021079182624816895, "179": 0.00021368637681007385, "180": 0.0002090856432914734, "181": 0.00020814687013626099, "182": 0.0001895800232887268, "183": 0.00023114681243896484, "184": 0.0002443678677082062, "185": 0.00022172555327415466, "186": 0.00020671263337135315, "187": 0.00020870938897132874, "188": 0.00018867850303649902, "189": 0.00021814554929733276, "190": 0.00023085251450538635, "191": 0.00021151825785636902, "192": 0.00019811838865280151, "193": 0.00019459426403045654, "194": 0.0001820400357246399, "195": 0.000180073082447052, "196": 0.00018709897994995117, "197": 0.0001833997666835785, "198": 0.0001617223024368286, "199": 0.0002006441354751587, "200": 0.00016712769865989685, "201": 0.00021106377243995667, "202": 0.00017340481281280518, "203": 0.0001489482820034027, "204": 0.00016828253865242004, "205": 0.00014533475041389465, "206": 0.0001779124140739441, "207": 0.00014570727944374084, "208": 0.00013316422700881958, "209": 0.00015525147318840027, "210": 0.00012978911399841309, "211": 0.00017154216766357422, "212": 0.00012598931789398193, "213": 0.00012296438217163086, "214": 0.0001526959240436554, "215": 0.00011874362826347351, "216": 0.00011597201228141785, "217": 0.00013031437993049622, "218": 0.00011362135410308838, "219": 0.0001123771071434021, "220": 0.00014886632561683655, "221": 0.0001084543764591217, "222": 0.00010823085904121399, "223": 0.00011381879448890686, "224": 0.00010734051465988159, "225": 0.00011411681771278381, "226": 0.00010523572564125061, "227": 0.00014254078269004822, "228": 0.00010189786553382874, "229": 0.0001019015908241272, "230": 0.00010866671800613403, "231": 0.00010597333312034607, "232": 0.00011555477976799011, "233": 0.00010532140731811523, "234": 0.00010878965258598328, "235": 0.00013480335474014282, "236": 9.712576866149902e-05, "237": 9.537860751152039e-05, "238": 9.31229442358017e-05, "239": 9.598024189472198e-05, "240": 9.456649422645569e-05, "241": 9.066611528396606e-05, "242": 0.00010921061038970947, "243": 8.865073323249817e-05, "244": 8.73468816280365e-05, "245": 0.00012569688260555267, "246": 8.659623563289642e-05, "247": 8.715316653251648e-05, "248": 8.485652506351471e-05, "249": 0.00010305829346179962, "250": 8.352100849151611e-05, "251": 8.164532482624054e-05, "252": 9.820051491260529e-05, "253": 7.712095975875854e-05, "254": 7.567182183265686e-05, "255": 8.177012205123901e-05, "256": 7.381290197372437e-05, "257": 7.282942533493042e-05, "258": 7.578358054161072e-05, "259": 6.965175271034241e-05, "260": 6.872601807117462e-05, "261": 0.00010518170893192291, "262": 6.3382089138031e-05, "263": 6.39595091342926e-05, "264": 6.2575563788414e-05, "265": 7.021427154541016e-05, "266": 6.051361560821533e-05, "267": 6.655789911746979e-05,