{"0": 0.6931474208831787, "1": 0.3958016633987427, "2": 0.39473623037338257, "3": 0.23057176172733307, "4": 0.21481694281101227, "5": 0.2045443058013916, "6": 0.19719329476356506, "7": 0.19180670380592346, "8": 0.18768128752708435, "9": 0.18442833423614502, "10": 0.18162116408348083, "11": 0.1792258620262146, "12": 0.17717045545578003, "13": 0.1755187213420868, "14": 0.1740913838148117, "15": 0.17277343571186066, "16": 0.17157918214797974, "17": 0.17047777771949768, "18": 0.16947680711746216, "19": 0.16852997243404388, "20": 0.16764213144779205, "21": 0.16680815815925598, "22": 0.16600927710533142, "23": 0.16524392366409302, "24": 0.16451287269592285, "25": 0.16381016373634338, "26": 0.16315582394599915, "27": 0.16254641115665436, "28": 0.16196000576019287, "29": 0.1614079773426056, "30": 0.16087451577186584, "31": 0.16036175191402435, "32": 0.1598646342754364, "33": 0.15938477218151093, "34": 0.15893876552581787, "35": 0.15851804614067078, "36": 0.15810447931289673, "37": 0.1576967090368271, "38": 0.15730750560760498, "39": 0.15693891048431396, "40": 0.1565830409526825, "41": 0.15624424815177917, "42": 0.15592338144779205, "43": 0.15562255680561066, "44": 0.15532216429710388, "45": 0.15503542125225067, "46": 0.1547555774450302, "47": 0.15449148416519165, "48": 0.1542401760816574, "49": 0.15399883687496185, "50": 0.15376870334148407, "51": 0.15354430675506592, "52": 0.15333549678325653, "53": 0.15312926471233368, "54": 0.15293067693710327, "55": 0.15273411571979523, "56": 0.1525430530309677, "57": 0.1523568034172058, "58": 0.15218348801136017, "59": 0.1520116776227951, "60": 0.1518459916114807, "61": 0.15169204771518707, "62": 0.15153498947620392, "63": 0.15139073133468628, "64": 0.1512536108493805, "65": 0.15111002326011658, "66": 0.15097162127494812, "67": 0.1508382260799408, "68": 0.1507101058959961, "69": 0.15058737993240356, "70": 0.1504632979631424, "71": 0.15033984184265137, "72": 0.15021829307079315, "73": 0.15009641647338867, "74": 0.14997367560863495, "75": 0.1498578041791916, "76": 0.1497488021850586, "77": 0.14964106678962708, "78": 0.1495356410741806, "79": 0.1494324654340744, "80": 0.1493326723575592, "81": 0.14923538267612457, "82": 0.1491413116455078, "83": 0.14905066788196564, "84": 0.14896170794963837, "85": 0.14887326955795288, "86": 0.14878502488136292, "87": 0.14870169758796692, "88": 0.14862029254436493, "89": 0.14854124188423157, "90": 0.14846357703208923, "91": 0.1483905166387558, "92": 0.1483205407857895, "93": 0.14824995398521423, "94": 0.14818353950977325, "95": 0.14811424911022186, "96": 0.14804553985595703, "97": 0.14797769486904144, "98": 0.1479087620973587, "99": 0.1478446125984192, "100": 0.1477777063846588, "101": 0.14771059155464172, "102": 0.1476445496082306, "103": 0.1475839614868164, "104": 0.14751987159252167, "105": 0.14745649695396423, "106": 0.14739391207695007, "107": 0.14732809364795685, "108": 0.14726054668426514, "109": 0.14719025790691376, "110": 0.14712023735046387, "111": 0.1470521241426468, "112": 0.1469774842262268, "113": 0.14690151810646057, "114": 0.1468236744403839, "115": 0.14674237370491028, "116": 0.1466558575630188, "117": 0.14656515419483185, "118": 0.1464730203151703, "119": 0.14637261629104614, "120": 0.146265909075737, "121": 0.1461477428674698, "122": 0.14602412283420563, "123": 0.14587369561195374, "124": 0.14569053053855896, "125": 0.14544746279716492, "126": 0.14510861039161682, "127": 0.14461451768875122, "128": 0.14401155710220337, "129": 0.14338156580924988, "130": 0.1427227407693863, "131": 0.14207309484481812, "132": 0.14154407382011414, "133": 0.141037255525589, "134": 0.14050504565238953, "135": 0.14001575112342834, "136": 0.1395118534564972, "137": 0.13899700343608856, "138": 0.13844959437847137, "139": 0.13788920640945435, "140": 0.13732123374938965, "141": 0.13678328692913055, "142": 0.13621585071086884, "143": 0.13557714223861694, "144": 0.13498884439468384, "145": 0.13439691066741943, "146": 0.13383150100708008, "147": 0.13347268104553223, "148": 0.13305921852588654, "149": 0.13268068432807922, "150": 0.13226447999477386, "151": 0.1318645179271698, "152": 0.13145753741264343, "153": 0.13105955719947815, "154": 0.13066348433494568, "155": 0.13027642667293549, "156": 0.12997403740882874, "157": 0.12964768707752228, "158": 0.1293695569038391, "159": 0.1290939748287201, "160": 0.1288313865661621, "161": 0.12857452034950256, "162": 0.12832733988761902, "163": 0.1280851662158966, "164": 0.12783752381801605, "165": 0.12759724259376526, "166": 0.12733909487724304, "167": 0.1270936131477356, "168": 0.12684138119220734, "169": 0.12666167318820953, "170": 0.12647059559822083, "171": 0.12628555297851562, "172": 0.12607254087924957, "173": 0.12585489451885223, "174": 0.1256379336118698, "175": 0.1254364252090454, "176": 0.1252308487892151, "177": 0.12502920627593994, "178": 0.12485842406749725, "179": 0.12466796487569809, "180": 0.12448633462190628, "181": 0.12433505058288574, "182": 0.12417182326316833, "183": 0.12393053621053696, "184": 0.12370613217353821, "185": 0.12350381910800934, "186": 0.12330611050128937, "187": 0.12308769673109055, "188": 0.12292570620775223, "189": 0.12276681512594223, "190": 0.12259082496166229, "191": 0.12240654230117798, "192": 0.12222188711166382, "193": 0.12205611169338226, "194": 0.12186302989721298, "195": 0.12151689827442169, "196": 0.1212882474064827, "197": 0.12106729298830032, "198": 0.12089410424232483, "199": 0.12059247493743896, "200": 0.12040255963802338, "201": 0.12021444737911224, "202": 0.12000076472759247, "203": 0.11980658769607544, "204": 0.11958958953619003, "205": 0.1194063127040863, "206": 0.11922603845596313, "207": 0.11904974281787872, "208": 0.11886059492826462, "209": 0.11870220303535461, "210": 0.1185525506734848, "211": 0.11841847747564316, "212": 0.1182420551776886, "213": 0.11807584017515182, "214": 0.1179434061050415, "215": 0.11780823767185211, "216": 0.11750787496566772, "217": 0.11738855391740799, "218": 0.11720895767211914, "219": 0.1171112209558487, "220": 0.11696070432662964, "221": 0.116828553378582, "222": 0.11668594181537628, "223": 0.11658802628517151, "224": 0.11648906767368317, "225": 0.11625923961400986, "226": 0.11606483906507492, "227": 0.11601126939058304, "228": 0.1159609854221344, "229": 0.11589518189430237, "230": 0.11584986001253128, "231": 0.11580117046833038, "232": 0.11570829153060913, "233": 0.11564744263887405, "234": 0.11558122932910919, "235": 0.11551586538553238, "236": 0.11544547230005264, "237": 0.11537256836891174, "238": 0.1152837872505188, "239": 0.11520382016897202, "240": 0.11511998623609543, "241": 0.11503414064645767, "242": 0.11494939029216766, "243": 0.11483444273471832, "244": 0.11477816104888916, "245": 0.11472778022289276, "246": 0.1146911233663559, "247": 0.11464834213256836, "248": 0.11460466682910919, "249": 0.11455879360437393, "250": 0.11451300233602524, "251": 0.11446631699800491, "252": 0.11447007209062576, "253": 0.11440126597881317, "254": 0.1143525242805481, "255": 0.11432114243507385, "256": 0.1142958477139473, "257": 0.11427664756774902, "258": 0.11426475644111633, "259": 0.11425302922725677, "260": 0.11424104869365692, "261": 0.11422629654407501, "262": 0.11421302706003189, "263": 0.11419932544231415, "264": 0.11417077481746674, "265": 0.11415445059537888, "266": 0.11413592100143433, "267": 0.11411620676517487, "268": 0.11407475173473358, "269": 0.11403723061084747, "270": 0.114017054438591, "271": 0.11400501430034637, "272": 0.11399389803409576, "273": 0.11398336291313171, "274": 0.11397349834442139, "275": 0.11396516859531403, "276": 0.11395439505577087, "277": 0.11394044756889343, "278": 0.1139257401227951, "279": 0.11390964686870575, "280": 0.11389487981796265, "281": 0.11387684941291809, "282": 0.11385735869407654, "283": 0.11383746564388275, "284": 0.11382008343935013, "285": 0.11380206048488617, "286": 0.11377055943012238, "287": 0.11375361680984497, "288": 0.11373569071292877, "289": 0.1137135922908783, "290": 0.11369447410106659, "291": 0.11366040259599686,