{"0": 0.6931474208831787, "1": 0.3476753234863281, "2": 0.34689638018608093, "3": 0.19748413562774658, "4": 0.18674151599407196, "5": 0.1805199682712555, "6": 0.17552973330020905, "7": 0.171478733420372, "8": 0.16821400821208954, "9": 0.1654958873987198, "10": 0.16311770677566528, "11": 0.16112101078033447, "12": 0.15935635566711426, "13": 0.15804746747016907, "14": 0.1569404900074005, "15": 0.15590064227581024, "16": 0.1549413502216339, "17": 0.15404897928237915, "18": 0.15319783985614777, "19": 0.1524035632610321, "20": 0.15164311230182648, "21": 0.15090693533420563, "22": 0.1502062827348709, "23": 0.14955101907253265, "24": 0.14893826842308044, "25": 0.1483442187309265, "26": 0.14778263866901398, "27": 0.14724689722061157, "28": 0.14674070477485657, "29": 0.14626000821590424, "30": 0.145798921585083, "31": 0.14535100758075714, "32": 0.14492225646972656, "33": 0.14450913667678833, "34": 0.1441105604171753, "35": 0.14372286200523376, "36": 0.14334779977798462, "37": 0.1429816484451294, "38": 0.14263051748275757, "39": 0.14228416979312897, "40": 0.14194899797439575, "41": 0.14162418246269226, "42": 0.14130985736846924, "43": 0.14100776612758636, "44": 0.14071373641490936, "45": 0.14042232930660248, "46": 0.14013659954071045, "47": 0.13985894620418549, "48": 0.13958798348903656, "49": 0.13932937383651733, "50": 0.1390881985425949, "51": 0.13884425163269043, "52": 0.13861340284347534, "53": 0.13838820159435272, "54": 0.13816744089126587, "55": 0.1379510909318924, "56": 0.13774238526821136, "57": 0.1375408172607422, "58": 0.13734066486358643, "59": 0.13714160025119781, "60": 0.13694852590560913, "61": 0.13676011562347412, "62": 0.13657841086387634, "63": 0.13639995455741882, "64": 0.1362256109714508, "65": 0.13605161011219025, "66": 0.1358836144208908, "67": 0.13572201132774353, "68": 0.1355624943971634, "69": 0.13541179895401, "70": 0.1352618932723999, "71": 0.135112464427948, "72": 0.13496685028076172, "73": 0.13482001423835754, "74": 0.1346704214811325, "75": 0.13451705873012543, "76": 0.13436830043792725, "77": 0.13421879708766937, "78": 0.13407082855701447, "79": 0.13391929864883423, "80": 0.13376758992671967, "81": 0.13362044095993042, "82": 0.13347527384757996, "83": 0.13332723081111908, "84": 0.13317692279815674, "85": 0.13302218914031982, "86": 0.13286542892456055, "87": 0.13270540535449982, "88": 0.13253730535507202, "89": 0.13236472010612488, "90": 0.13219445943832397, "91": 0.13202659785747528, "92": 0.13185487687587738, "93": 0.13167411088943481, "94": 0.13147862255573273, "95": 0.13126668334007263, "96": 0.1310473084449768, "97": 0.13081872463226318, "98": 0.13058163225650787, "99": 0.13033293187618256, "100": 0.13005591928958893, "101": 0.12975937128067017, "102": 0.12944094836711884, "103": 0.1290787309408188, "104": 0.12866337597370148, "105": 0.1281917244195938, "106": 0.12765362858772278, "107": 0.12699292600154877, "108": 0.12600405514240265, "109": 0.12533646821975708, "110": 0.12439359724521637, "111": 0.1234898567199707, "112": 0.12264701724052429, "113": 0.12191367149353027, "114": 0.12107435613870621, "115": 0.12032106518745422, "116": 0.11962467432022095, "117": 0.11900351941585541, "118": 0.11820320785045624, "119": 0.11759454756975174, "120": 0.11697739362716675, "121": 0.11642251908779144, "122": 0.11569982022047043, "123": 0.11515077948570251, "124": 0.11450191587209702, "125": 0.1139870434999466, "126": 0.11333220452070236, "127": 0.11278967559337616, "128": 0.1123446598649025, "129": 0.1117090955376625, "130": 0.11112724244594574, "131": 0.11051492393016815, "132": 0.11000437289476395, "133": 0.10957684367895126, "134": 0.10908335447311401, "135": 0.10862492769956589, "136": 0.1081889271736145, "137": 0.10776512324810028, "138": 0.10722891241312027, "139": 0.10677599906921387, "140": 0.10636091232299805, "141": 0.10595226287841797, "142": 0.10542047768831253, "143": 0.10491841286420822, "144": 0.10448738932609558, "145": 0.10400590300559998, "146": 0.10357002913951874, "147": 0.10316033661365509, "148": 0.1026483029127121, "149": 0.10222411900758743, "150": 0.10171344876289368, "151": 0.1012810468673706, "152": 0.10087215900421143, "153": 0.1004355400800705, "154": 0.09994123876094818, "155": 0.09953342378139496, "156": 0.09906148910522461, "157": 0.09866045415401459, "158": 0.0982339009642601, "159": 0.09786353260278702, "160": 0.09740876406431198, "161": 0.09696538746356964, "162": 0.09648671746253967, "163": 0.09613087773323059, "164": 0.09580609947443008, "165": 0.09546497464179993, "166": 0.09518711268901825, "167": 0.09489642083644867, "168": 0.09456358850002289, "169": 0.09424613416194916, "170": 0.09390632808208466, "171": 0.09358789026737213, "172": 0.0932905450463295, "173": 0.09291698783636093, "174": 0.09263259917497635, "175": 0.092384472489357, "176": 0.09205567836761475, "177": 0.09179023653268814, "178": 0.09147527813911438, "179": 0.09121571481227875, "180": 0.09090033173561096, "181": 0.09065153449773788, "182": 0.09040065109729767, "183": 0.09015936404466629, "184": 0.08992482721805573, "185": 0.08966583013534546, "186": 0.08940327167510986, "187": 0.08916952461004257, "188": 0.08891806751489639, "189": 0.08871196955442429, "190": 0.08849215507507324, "191": 0.08827755600214005, "192": 0.08810003846883774, "193": 0.08788953721523285, "194": 0.08768197894096375, "195": 0.08750861138105392, "196": 0.08731716871261597, "197": 0.08714627474546432, "198": 0.08697455376386642, "199": 0.08678241074085236, "200": 0.08658553659915924, "201": 0.08644181489944458, "202": 0.08629110455513, "203": 0.08614127337932587, "204": 0.08599809557199478, "205": 0.08584405481815338, "206": 0.08569931983947754, "207": 0.08555629104375839, "208": 0.08541956543922424, "209": 0.08529375493526459, "210": 0.08516561985015869, "211": 0.08504337072372437, "212": 0.08489415794610977, "213": 0.08476600050926208, "214": 0.08464330434799194, "215": 0.08449011296033859, "216": 0.08433213829994202, "217": 0.08415785431861877, "218": 0.08399319648742676, "219": 0.08384435623884201, "220": 0.08368289470672607, "221": 0.08351917564868927, "222": 0.0833558589220047, "223": 0.08322323858737946, "224": 0.0831141248345375, "225": 0.08303947746753693, "226": 0.08296562731266022, "227": 0.0828901082277298, "228": 0.08273693919181824, "229": 0.08264568448066711, "230": 0.08253517746925354, "231": 0.08248593658208847, "232": 0.08240251243114471, "233": 0.08235646784305573, "234": 0.08230035752058029, "235": 0.08225052058696747, "236": 0.08220677077770233, "237": 0.08214911818504333, "238": 0.0820980817079544, "239": 0.0820484459400177, "240": 0.08199891448020935, "241": 0.08195362240076065, "242": 0.08190855383872986, "243": 0.08186489343643188, "244": 0.08181774616241455, "245": 0.0817774087190628, "246": 0.08167443424463272, "247": 0.08162252604961395, "248": 0.08158896863460541, "249": 0.08155488967895508, "250": 0.08152203261852264, "251": 0.0814889594912529, "252": 0.08145572990179062, "253": 0.08140912652015686, "254": 0.08136988431215286, "255": 0.08133083581924438, "256": 0.08128535747528076, "257": 0.08124686777591705, "258": 0.0812067836523056, "259": 0.08116268366575241, "260": 0.08112628757953644, "261": 0.08108837157487869, "262": 0.0810525119304657, "263": 0.08102022111415863, "264": 0.08099860697984695, "265": 0.0809747576713562, "266": 0.08095282316207886, "267": 0.0809335708618164, "268": 0.08091612905263901, "269": 0.08089891076087952, "270": 0.0808839499950409, "271": 0.08086924254894257, "272": 0.08085468411445618, "273": 0.08083949238061905, "274": 0.08082342147827148, "275": 0.08080466091632843, "276": 0.08079101145267487, "277": 0.08077661693096161, "278": 0.08076159656047821, "279": 0.08073847740888596, "280": 0.0807185098528862, "281": 0.08068497478961945, "282": 0.08065950870513916, "283": 0.08063213527202606, "284": 0.08060437440872192, "285": 0.08056406676769257, "286": 0.08053675293922424, "287": 0.08051268756389618, "288": 0.08049724996089935, "289": 0.08047699928283691, "290": 0.08045355975627899,