{"0": 0.6931474208831787, "1": 0.6934624910354614, "2": 0.6920807361602783, "3": 0.5288546681404114, "4": 0.45915699005126953, "5": 0.433108389377594, "6": 0.4152493178844452, "7": 0.399681031703949, "8": 0.3856644332408905, "9": 0.37271255254745483, "10": 0.36085766553878784, "11": 0.3501349091529846, "12": 0.34021952748298645, "13": 0.33126455545425415, "14": 0.323116272687912, "15": 0.3155149221420288, "16": 0.3084575831890106, "17": 0.3018190264701843, "18": 0.29556259512901306, "19": 0.28964778780937195, "20": 0.2841061055660248, "21": 0.27882394194602966, "22": 0.2738322615623474, "23": 0.26908862590789795, "24": 0.26458510756492615, "25": 0.2602942883968353, "26": 0.2562136650085449, "27": 0.25231626629829407, "28": 0.2485944628715515, "29": 0.24504083395004272, "30": 0.2416413575410843, "31": 0.23838038742542267, "32": 0.23525521159172058, "33": 0.2322484701871872, "34": 0.2293529212474823, "35": 0.2265641689300537, "36": 0.2238720953464508, "37": 0.22127190232276917, "38": 0.21875987946987152, "39": 0.21633121371269226, "40": 0.21398036181926727, "41": 0.21170486509799957, "42": 0.20949983596801758, "43": 0.20736221969127655, "44": 0.20528769493103027, "45": 0.20327326655387878, "46": 0.2013154923915863, "47": 0.19941188395023346, "48": 0.19756068289279938, "49": 0.19576001167297363, "50": 0.1940089464187622, "51": 0.1923052817583084, "52": 0.190647155046463, "53": 0.18903258442878723, "54": 0.18745970726013184, "55": 0.18592795729637146, "56": 0.18443632125854492, "57": 0.1829831749200821, "58": 0.18156710267066956, "59": 0.18018688261508942, "60": 0.17884127795696259, "61": 0.1775292456150055, "62": 0.17624935507774353, "63": 0.1750003695487976, "64": 0.1737809032201767, "65": 0.17259091138839722, "66": 0.1714288592338562, "67": 0.17029373347759247, "68": 0.16918368637561798, "69": 0.16809774935245514, "70": 0.16703569889068604, "71": 0.1659967005252838, "72": 0.1649794727563858, "73": 0.16398267447948456, "74": 0.16300463676452637, "75": 0.1620446890592575, "76": 0.16110259294509888, "77": 0.16017688810825348, "78": 0.1592666357755661, "79": 0.1583719253540039, "80": 0.1574927717447281, "81": 0.15662682056427002, "82": 0.15577322244644165, "83": 0.15493114292621613, "84": 0.1540984809398651, "85": 0.15327292680740356, "86": 0.15245218575000763, "87": 0.15163655579090118, "88": 0.15082508325576782, "89": 0.15001411736011505, "90": 0.14919893443584442, "91": 0.1483643651008606, "92": 0.147499680519104, "93": 0.1465887874364853, "94": 0.1456296592950821, "95": 0.1446208655834198, "96": 0.1435757875442505, "97": 0.14254042506217957, "98": 0.1414802223443985, "99": 0.1402936428785324, "100": 0.1391507387161255, "101": 0.13799288868904114, "102": 0.1367824226617813, "103": 0.13562197983264923, "104": 0.13440680503845215, "105": 0.13325317203998566, "106": 0.13201969861984253, "107": 0.13085484504699707, "108": 0.129738450050354, "109": 0.12867309153079987, "110": 0.1275520920753479, "111": 0.12645000219345093, "112": 0.1253623068332672, "113": 0.12426436692476273, "114": 0.12318631261587143, "115": 0.12205608934164047, "116": 0.1208631843328476, "117": 0.11979755759239197, "118": 0.11870858818292618, "119": 0.11773635447025299, "120": 0.11676714569330215, "121": 0.1158413365483284, "122": 0.11488469690084457, "123": 0.11394408345222473, "124": 0.11298219859600067, "125": 0.11203354597091675, "126": 0.1110786572098732, "127": 0.11009394377470016, "128": 0.10903068631887436, "129": 0.10806544125080109, "130": 0.10713659971952438, "131": 0.10627183318138123, "132": 0.10541387647390366, "133": 0.10458835959434509, "134": 0.10374823212623596, "135": 0.10293352603912354, "136": 0.10209259390830994, "137": 0.10127074271440506, "138": 0.10043126344680786, "139": 0.0995330736041069, "140": 0.0986369326710701, "141": 0.0978212058544159, "142": 0.09701494127511978, "143": 0.09625933319330215, "144": 0.09550581127405167, "145": 0.09478255361318588, "146": 0.09404967725276947, "147": 0.09334117919206619, "148": 0.09261389076709747, "149": 0.09190516918897629, "150": 0.09115253388881683, "151": 0.09040803462266922, "152": 0.08967535942792892, "153": 0.08897008746862411, "154": 0.08827990293502808, "155": 0.08761376887559891, "156": 0.08695593476295471, "157": 0.08631288260221481, "158": 0.08567151427268982, "159": 0.08504099398851395, "160": 0.08440612256526947, "161": 0.0837666317820549, "162": 0.08311405032873154, "163": 0.08247232437133789, "164": 0.08184262365102768, "165": 0.08123251795768738, "166": 0.08062677830457687, "167": 0.08004443347454071, "168": 0.07946106046438217, "169": 0.07889745384454727, "170": 0.07832836359739304, "171": 0.07777749001979828, "172": 0.07722008228302002, "173": 0.07667312026023865, "174": 0.07610362023115158, "175": 0.07555747032165527, "176": 0.07501029223203659, "177": 0.07448101788759232, "178": 0.07396187633275986, "179": 0.07345253974199295, "180": 0.07294639199972153, "181": 0.0724487379193306, "182": 0.07195036113262177, "183": 0.07146226614713669, "184": 0.07097094506025314, "185": 0.07048201560974121, "186": 0.06999257951974869, "187": 0.06951293349266052, "188": 0.06903230398893356, "189": 0.06857264041900635, "190": 0.06811671704053879, "191": 0.06767231971025467, "192": 0.06723038107156754, "193": 0.06679392606019974, "194": 0.06635748594999313, "195": 0.065927654504776, "196": 0.06550107151269913, "197": 0.06507375091314316, "198": 0.06464491039514542, "199": 0.06422428041696548, "200": 0.06380976736545563, "201": 0.06340902298688889, "202": 0.06300591677427292, "203": 0.06261278688907623, "204": 0.06221458688378334, "205": 0.061833787709474564, "206": 0.06144831329584122, "207": 0.06108160689473152, "208": 0.06070419400930405, "209": 0.06034049764275551, "210": 0.059963494539260864, "211": 0.05960211530327797, "212": 0.059250686317682266, "213": 0.05890444293618202, "214": 0.058559954166412354, "215": 0.058217816054821014, "216": 0.05787907913327217, "217": 0.05754449963569641, "218": 0.05721699073910713, "219": 0.05689094588160515, "220": 0.05656880885362625, "221": 0.0562434121966362, "222": 0.055920496582984924, "223": 0.05560970678925514, "224": 0.05530065670609474, "225": 0.05500176176428795, "226": 0.05469944700598717, "227": 0.05440361052751541, "228": 0.054102569818496704, "229": 0.053812503814697266, "230": 0.05351938307285309, "231": 0.05323156714439392, "232": 0.05296264588832855, "233": 0.05266966670751572, "234": 0.052367568016052246, "235": 0.05207056552171707, "236": 0.05177189037203789, "237": 0.05148712173104286, "238": 0.051201485097408295, "239": 0.050922781229019165, "240": 0.05064801126718521, "241": 0.05037203058600426, "242": 0.05008770152926445, "243": 0.04982965439558029, "244": 0.04958825558423996, "245": 0.04933576658368111, "246": 0.04907653480768204, "247": 0.04882268235087395, "248": 0.048572517931461334, "249": 0.04832658916711807, "250": 0.04808609560132027, "251": 0.04785121977329254, "252": 0.04761061072349548, "253": 0.04736854508519173, "254": 0.04713192954659462, "255": 0.04691462591290474, "256": 0.0467013381421566, "257": 0.0464923195540905, "258": 0.0462808683514595, "259": 0.04607395455241203, "260": 0.04586886987090111, "261": 0.04566343128681183, "262": 0.04545935243368149, "263": 0.045253392308950424, "264": 0.04504501074552536, "265": 0.04484308138489723, "266": 0.04464566707611084, "267": 0.04445697367191315, "268": 0.04427018389105797, "269": 0.044089969247579575, "270": 0.043909214437007904, "271": 0.0437331423163414, "272": 0.043556537479162216, "273": 0.04338264465332031, "274": 0.043207116425037384, "275": 0.04303096607327461, "276": 0.04286239296197891, "277": 0.0426899753510952, "278": 0.042519710958004, "279": 0.04235515743494034, "280": 0.04219045862555504, "281": 0.04203131049871445, "282": 0.04187212139368057, "283": 0.0417172834277153, "284": 0.04155948758125305, "285": 0.041404370218515396, "286": 0.04124588519334793, "287": 0.04109527915716171, "288": 0.04094799980521202, "289": 0.040794454514980316, "290": 0.04064434766769409,