{"0": 998.3068525791168, "1": -0.05694437026977539, "2": 0.0022506117820739746, "3": 0.1522875428199768, "4": 0.06906354427337646, "5": 0.034081459045410156, "6": 0.023571640253067017, "7": 0.01819053292274475, "8": 0.015027940273284912, "9": 0.012448400259017944, "10": 0.010565698146820068, "11": 0.00927761197090149, "12": 0.008083850145339966, "13": 0.0072393715381622314, "14": 0.0064272284507751465, "15": 0.005927324295043945, "16": 0.005471259355545044, "17": 0.005142420530319214, "18": 0.00475001335144043, "19": 0.004416853189468384, "20": 0.004230201244354248, "21": 0.003938436508178711, "22": 0.003784269094467163, "23": 0.003611326217651367, "24": 0.003437817096710205, "25": 0.0032566189765930176, "26": 0.0030895769596099854, "27": 0.0029327571392059326, "28": 0.002822667360305786, "29": 0.0027340054512023926, "30": 0.002647876739501953, "31": 0.002557903528213501, "32": 0.002449542284011841, "33": 0.0023907721042633057, "34": 0.002299487590789795, "35": 0.002234160900115967, "36": 0.0021770894527435303, "37": 0.0021211206912994385, "38": 0.0020500123500823975, "39": 0.0019881725311279297, "40": 0.0019220709800720215, "41": 0.001889944076538086, "42": 0.0018493831157684326, "43": 0.0018062889575958252, "44": 0.0017678439617156982, "45": 0.0017267465591430664, "46": 0.0016863346099853516, "47": 0.0016452372074127197, "48": 0.0015936493873596191, "49": 0.0015641450881958008, "50": 0.0015058815479278564, "51": 0.0014842748641967773, "52": 0.0014579594135284424, "53": 0.001421600580215454, "54": 0.0013977289199829102, "55": 0.0013844072818756104, "56": 0.0013370513916015625, "57": 0.0013097822666168213, "58": 0.001293092966079712, "59": 0.001262068748474121, "60": 0.0012440681457519531, "61": 0.0012282133102416992, "62": 0.0012045800685882568, "63": 0.0011796653270721436, "64": 0.0011591613292694092, "65": 0.0011335015296936035, "66": 0.0011113286018371582, "67": 0.0010807216167449951, "68": 0.0010562539100646973, "69": 0.001041501760482788, "70": 0.0010238885879516602, "71": 0.0010107159614562988, "72": 0.0010025501251220703, "73": 0.000998854637145996, "74": 0.0009819269180297852, "75": 0.0009676814079284668, "76": 0.0009519904851913452, "77": 0.0009311884641647339, "78": 0.0009109228849411011, "79": 0.0009004920721054077, "80": 0.0008949190378189087, "81": 0.0008904188871383667, "82": 0.0008881688117980957, "83": 0.0008743405342102051, "84": 0.0008578449487686157, "85": 0.0008497387170791626, "86": 0.0008493214845657349, "87": 0.0008288919925689697, "88": 0.0008311569690704346, "89": 0.0008309781551361084, "90": 0.000821426510810852, "91": 0.000817418098449707, "92": 0.000809401273727417, "93": 0.0007994323968887329, "94": 0.0008021742105484009, "95": 0.0008008480072021484, "96": 0.0007863640785217285, "97": 0.0007871389389038086, "98": 0.0007997453212738037, "99": 0.0007918179035186768, "100": 0.0007769465446472168, "101": 0.0007755011320114136, "102": 0.0007887035608291626, "103": 0.0008048713207244873, "104": 0.0008293390274047852, "105": 0.0008657574653625488, "106": 0.0009278655052185059, "107": 0.001072317361831665, "108": 0.0012226998805999756, "109": 0.001268148422241211, "110": 0.0010906904935836792, "111": 0.0010582655668258667, "112": 0.0009842067956924438, "113": 0.0009669512510299683, "114": 0.0009775012731552124, "115": 0.000998571515083313, "116": 0.000972062349319458, "117": 0.001021057367324829, "118": 0.000981360673904419, "119": 0.0008911788463592529, "120": 0.0008457601070404053, "121": 0.0007390230894088745, "122": 0.0006144344806671143, "123": 0.0006822347640991211, "124": 0.0007521063089370728, "125": 0.0007679760456085205, "126": 0.0007555633783340454, "127": 0.000814095139503479, "128": 0.0007358193397521973, "129": 0.000711396336555481, "130": 0.0006156712770462036, "131": 0.0006549358367919922, "132": 0.0007365196943283081, "133": 0.0005362778902053833, "134": 0.0005966722965240479, "135": 0.0006035268306732178, "136": 0.0006084442138671875, "137": 0.0005931556224822998, "138": 0.0005990117788314819, "139": 0.0005960315465927124, "140": 0.000573277473449707, "141": 0.0005706846714019775, "142": 0.0005382299423217773, "143": 0.0005292296409606934, "144": 0.0004850625991821289, "145": 0.0003962665796279907, "146": 0.0003821849822998047, "147": 0.0003972947597503662, "148": 0.00045399367809295654, "149": 0.00045894086360931396, "150": 0.0004359632730484009, "151": 0.00044211745262145996, "152": 0.0004341602325439453, "153": 0.00045239925384521484, "154": 0.0005052089691162109, "155": 0.0004069507122039795, "156": 0.00035375356674194336, "157": 0.00028361380100250244, "158": 0.0002805441617965698, "159": 0.00029909610748291016, "160": 0.0002543330192565918, "161": 0.0002853870391845703, "162": 0.0002474486827850342, "163": 0.0002974867820739746, "164": 0.00025516748428344727, "165": 0.0002739131450653076, "166": 0.00027295947074890137, "167": 0.00023448467254638672, "168": 0.0002592504024505615, "169": 0.00021895766258239746, "170": 0.0002466440200805664, "171": 0.0002680867910385132, "172": 0.0002789348363876343, "173": 0.0002041459083557129, "174": 0.00020590424537658691, "175": 0.0001856088638305664, "176": 0.0001735687255859375, "177": 0.00018465518951416016, "178": 0.00020301342010498047, "179": 0.00017157196998596191, "180": 0.0001872032880783081, "181": 0.00017400085926055908, "182": 0.00016379356384277344, "183": 0.00017455220222473145, "184": 0.00017502903938293457, "185": 0.00017975270748138428, "186": 0.00018133223056793213, "187": 0.00018352270126342773, "188": 0.00017881393432617188, "189": 0.0001824796199798584, "190": 0.00018510222434997559, "191": 0.00016751885414123535, "192": 0.00019162893295288086, "193": 0.00020226836204528809, "194": 0.0001780092716217041, "195": 0.00016513466835021973, "196": 0.0001936405897140503, "197": 0.00015710294246673584, "198": 0.00014400482177734375, "199": 0.00014382600784301758, "200": 0.00013333559036254883, "201": 0.00014960765838623047, "202": 0.00016734004020690918, "203": 0.0001766979694366455, "204": 0.00019249320030212402, "205": 0.00017893314361572266, "206": 0.00016236305236816406, "207": 0.0001455247402191162, "208": 0.00015094876289367676, "209": 0.00015211105346679688, "210": 0.00016561150550842285, "211": 0.0001958012580871582, "212": 0.0001576840877532959, "213": 0.0001316070556640625, "214": 0.00011682510375976562, "215": 0.00012043118476867676, "216": 0.00010257959365844727, "217": 0.00012803077697753906, "218": 0.00011396408081054688, "219": 0.0001112520694732666, "220": 0.0001318901777267456, "221": 0.00018559396266937256, "222": 0.0001271367073059082, "223": 0.00012157857418060303, "224": 0.0001204460859298706, "225": 0.00015106797218322754, "226": 0.00014224648475646973, "227": 0.00016310811042785645, "228": 0.0001366734504699707, "229": 0.00013819336891174316, "230": 0.00013822317123413086, "231": 0.00013577938079833984, "232": 0.00011835992336273193, "233": 0.00010816752910614014, "234": 0.00011864304542541504, "235": 0.0001761317253112793, "236": 0.0001195073127746582, "237": 0.00011546909809112549, "238": 0.00013530254364013672, "239": 0.00010704994201660156, "240": 9.463727474212646e-05, "241": 8.282065391540527e-05, "242": 9.211897850036621e-05, "243": 6.595253944396973e-05, "244": 6.511807441711426e-05, "245": 6.511807441711426e-05, "246": 6.520748138427734e-05, "247": 6.818771362304688e-05, "248": 9.369850158691406e-05, "249": 6.669759750366211e-05, "250": 7.425248622894287e-05, "251": 9.177625179290771e-05, "252": 7.489323616027832e-05, "253": 7.838010787963867e-05, "254": 8.38935375213623e-05, "255": 8.109211921691895e-05, "256": 8.100271224975586e-05, "257": 8.180737495422363e-05, "258": 9.472668170928955e-05, "259": 0.0001242309808731079, "260": 0.00010713934898376465, "261": 0.00010125339031219482, "262": 8.550286293029785e-05, "263": 6.866455078125e-05, "264": 4.8667192459106445e-05, "265": 3.3602118492126465e-05, "266": 3.49879264831543e-05, "267": 3.364682197570801e-05, "268": 3.084540367126465e-05, "269": 3.2067298889160156e-05,