{"0": 998.3068525791168, "1": -0.00031507015228271484, "2": 0.0013817548751831055, "3": 0.16322606801986694, "4": 0.06969767808914185, "5": 0.026048600673675537, "6": 0.017859071493148804, "7": 0.015568286180496216, "8": 0.014016598463058472, "9": 0.012951880693435669, "10": 0.011854887008666992, "11": 0.010722756385803223, "12": 0.009915381669998169, "13": 0.0089549720287323, "14": 0.008148282766342163, "15": 0.007601350545883179, "16": 0.0070573389530181885, "17": 0.006638556718826294, "18": 0.006256431341171265, "19": 0.005914807319641113, "20": 0.005541682243347168, "21": 0.005282163619995117, "22": 0.004991680383682251, "23": 0.004743635654449463, "24": 0.004503518342971802, "25": 0.00429081916809082, "26": 0.004080623388290405, "27": 0.0038973987102508545, "28": 0.0037218034267425537, "29": 0.003553628921508789, "30": 0.003399476408958435, "31": 0.003260970115661621, "32": 0.0031251758337020874, "33": 0.0030067414045333862, "34": 0.002895548939704895, "35": 0.002788752317428589, "36": 0.0026920735836029053, "37": 0.0026001930236816406, "38": 0.002512022852897644, "39": 0.0024286657571792603, "40": 0.002350851893424988, "41": 0.0022754967212677, "42": 0.0022050291299819946, "43": 0.002137616276741028, "44": 0.002074524760246277, "45": 0.0020144283771514893, "46": 0.0019577741622924805, "47": 0.0019036084413528442, "48": 0.001851201057434082, "49": 0.0018006712198257446, "50": 0.0017510652542114258, "51": 0.0017036646604537964, "52": 0.001658126711845398, "53": 0.0016145706176757812, "54": 0.0015728771686553955, "55": 0.001531749963760376, "56": 0.001491636037826538, "57": 0.0014531463384628296, "58": 0.0014160722494125366, "59": 0.0013802200555801392, "60": 0.001345604658126831, "61": 0.0013120323419570923, "62": 0.0012798905372619629, "63": 0.0012489855289459229, "64": 0.0012194663286209106, "65": 0.00118999183177948, "66": 0.0011620521545410156, "67": 0.001135125756263733, "68": 0.0011100471019744873, "69": 0.0010859370231628418, "70": 0.001062050461769104, "71": 0.0010389983654022217, "72": 0.0010172277688980103, "73": 0.0009967982769012451, "74": 0.000978037714958191, "75": 0.0009599477052688599, "76": 0.0009420961141586304, "77": 0.000925704836845398, "78": 0.0009102523326873779, "79": 0.0008947104215621948, "80": 0.0008791536092758179, "81": 0.0008659511804580688, "82": 0.0008535981178283691, "83": 0.0008420795202255249, "84": 0.0008326619863510132, "85": 0.0008255541324615479, "86": 0.0008207410573959351, "87": 0.0008156299591064453, "88": 0.0008114725351333618, "89": 0.000810965895652771, "90": 0.0008151829242706299, "91": 0.0008345693349838257, "92": 0.0008646845817565918, "93": 0.0009108930826187134, "94": 0.0009591281414031982, "95": 0.0010087937116622925, "96": 0.0010450780391693115, "97": 0.0010353624820709229, "98": 0.001060202717781067, "99": 0.0011865794658660889, "100": 0.0011429041624069214, "101": 0.0011578500270843506, "102": 0.0012104660272598267, "103": 0.00116044282913208, "104": 0.0012151747941970825, "105": 0.0011536329984664917, "106": 0.0012334734201431274, "107": 0.001164853572845459, "108": 0.0011163949966430664, "109": 0.0010653585195541382, "110": 0.0011209994554519653, "111": 0.0011020898818969727, "112": 0.0010876953601837158, "113": 0.001097939908504486, "114": 0.0010780543088912964, "115": 0.001130223274230957, "116": 0.0011929050087928772, "117": 0.0010656267404556274, "118": 0.0010889694094657898, "119": 0.0009722337126731873, "120": 0.0009692087769508362, "121": 0.0009258091449737549, "122": 0.0009566396474838257, "123": 0.0009406134486198425, "124": 0.0009618848562240601, "125": 0.0009486526250839233, "126": 0.0009548887610435486, "127": 0.0009847134351730347, "128": 0.0010632574558258057, "129": 0.0009652450680732727, "130": 0.0009288415312767029, "131": 0.000864766538143158, "132": 0.0008579567074775696, "133": 0.0008255168795585632, "134": 0.0008401274681091309, "135": 0.0008147060871124268, "136": 0.0008409321308135986, "137": 0.0008218511939048767, "138": 0.0008394792675971985, "139": 0.0008981898427009583, "140": 0.0008961409330368042, "141": 0.0008157268166542053, "142": 0.0008062645792961121, "143": 0.000755608081817627, "144": 0.0007535219192504883, "145": 0.0007232576608657837, "146": 0.0007328763604164124, "147": 0.0007084980607032776, "148": 0.0007272884249687195, "149": 0.0007087215781211853, "150": 0.0007526353001594543, "151": 0.0007444992661476135, "152": 0.0007326751947402954, "153": 0.0007052719593048096, "154": 0.0006901845335960388, "155": 0.0006661340594291687, "156": 0.0006578341126441956, "157": 0.0006430521607398987, "158": 0.0006413683295249939, "159": 0.0006305202841758728, "160": 0.0006348714232444763, "161": 0.0006394907832145691, "162": 0.0006525814533233643, "163": 0.0006417259573936462, "164": 0.0006297007203102112, "165": 0.0006101056933403015, "166": 0.0006057396531105042, "167": 0.0005823448300361633, "168": 0.0005833730101585388, "169": 0.0005636066198348999, "170": 0.0005690902471542358, "171": 0.0005508735775947571, "172": 0.0005574077367782593, "173": 0.0005469620227813721, "174": 0.0005695000290870667, "175": 0.0005461499094963074, "176": 0.0005471780896186829, "177": 0.0005292743444442749, "178": 0.0005191415548324585, "179": 0.0005093365907669067, "180": 0.0005061477422714233, "181": 0.0004976540803909302, "182": 0.0004983767867088318, "183": 0.0004880949854850769, "184": 0.0004913210868835449, "185": 0.0004889294505119324, "186": 0.0004894360899925232, "187": 0.0004796460270881653, "188": 0.00048062950372695923, "189": 0.0004596635699272156, "190": 0.0004559233784675598, "191": 0.00044439733028411865, "192": 0.0004419386386871338, "193": 0.00043645501136779785, "194": 0.000436440110206604, "195": 0.00042983144521713257, "196": 0.0004265829920768738, "197": 0.00042732059955596924, "198": 0.0004288405179977417, "199": 0.00042062997817993164, "200": 0.0004145130515098572, "201": 0.00040074437856674194, "202": 0.0004031062126159668, "203": 0.0003931298851966858, "204": 0.00039820000529289246, "205": 0.00038079917430877686, "206": 0.00038547441363334656, "207": 0.00036670640110969543, "208": 0.000377412885427475, "209": 0.0003636963665485382, "210": 0.00037700310349464417, "211": 0.0003613792359828949, "212": 0.0003514289855957031, "213": 0.00034624338150024414, "214": 0.0003444887697696686, "215": 0.0003421381115913391, "216": 0.0003387369215488434, "217": 0.0003345794975757599, "218": 0.0003275088965892792, "219": 0.00032604485750198364, "220": 0.0003221370279788971, "221": 0.00032539665699005127, "222": 0.00032291561365127563, "223": 0.0003107897937297821, "224": 0.0003090500831604004, "225": 0.0002988949418067932, "226": 0.00030231475830078125, "227": 0.000295836478471756, "228": 0.0003010407090187073, "229": 0.0002900660037994385, "230": 0.00029312074184417725, "231": 0.0002878159284591675, "232": 0.00026892125606536865, "233": 0.0002929791808128357, "234": 0.00030209869146347046, "235": 0.00029700249433517456, "236": 0.00029867514967918396, "237": 0.00028476864099502563, "238": 0.00028563663363456726, "239": 0.00027870386838912964, "240": 0.00027476996183395386, "241": 0.000275980681180954, "242": 0.00028432905673980713, "243": 0.0002580471336841583, "244": 0.00024139881134033203, "245": 0.00025248900055885315, "246": 0.0002592317759990692, "247": 0.0002538524568080902, "248": 0.0002501644194126129, "249": 0.0002459287643432617, "250": 0.00024049356579780579, "251": 0.00023487582802772522, "252": 0.0002406090497970581, "253": 0.00024206563830375671, "254": 0.00023661553859710693, "255": 0.00021730363368988037, "256": 0.00021328777074813843, "257": 0.00020901858806610107, "258": 0.0002114512026309967, "259": 0.0002069137990474701, "260": 0.0002050846815109253, "261": 0.00020543858408927917, "262": 0.00020407885313034058, "263": 0.00020596012473106384, "264": 0.0002083815634250641, "265": 0.00020192936062812805, "266": 0.0001974143087863922, "267": 0.00018869340419769287, "268": 0.00018678978085517883, "269": 0.00018021464347839355, "270": 0.00018075481057167053,