{"0": 998.3068525791168, "1": 0.40893617272377014, "2": 0.0009064078330993652, "3": 0.1570778787136078, "4": 0.006441012024879456, "5": 0.005483373999595642, "6": 0.003478996455669403, "7": 0.0024698972702026367, "8": 0.0017950311303138733, "9": 0.0015151500701904297, "10": 0.0012417435646057129, "11": 0.0010755807161331177, "12": 0.0009580105543136597, "13": 0.0007190555334091187, "14": 0.0005430728197097778, "15": 0.0004934072494506836, "16": 0.000466957688331604, "17": 0.00043711066246032715, "18": 0.0004209950566291809, "19": 0.0003915950655937195, "20": 0.0003738701343536377, "21": 0.00036585330963134766, "22": 0.0003580451011657715, "23": 0.00031591951847076416, "24": 0.0003000497817993164, "25": 0.0002820342779159546, "26": 0.0002636462450027466, "27": 0.0002525597810745239, "28": 0.00024918466806411743, "29": 0.0002451390027999878, "30": 0.00023339688777923584, "31": 0.00022479146718978882, "32": 0.00021254271268844604, "33": 0.0001836046576499939, "34": 0.000177726149559021, "35": 0.00016957521438598633, "36": 0.00016326457262039185, "37": 0.00015238672494888306, "38": 0.00015109777450561523, "39": 0.00014229118824005127, "40": 0.00012820959091186523, "41": 0.00012821704149246216, "42": 0.00012498348951339722, "43": 0.00012069195508956909, "44": 0.00012011080980300903, "45": 0.00011760741472244263, "46": 0.0001028403639793396, "47": 0.00010801106691360474, "48": 0.0001029670238494873, "49": 9.963661432266235e-05, "50": 9.381771087646484e-05, "51": 8.952617645263672e-05, "52": 8.954852819442749e-05, "53": 8.672475814819336e-05, "54": 8.18893313407898e-05, "55": 7.475912570953369e-05, "56": 6.933510303497314e-05, "57": 6.753206253051758e-05, "58": 6.704777479171753e-05, "59": 6.205588579177856e-05, "60": 5.953013896942139e-05, "61": 5.8084726333618164e-05, "62": 5.4813921451568604e-05, "63": 5.146116018295288e-05, "64": 5.0202012062072754e-05, "65": 4.7594308853149414e-05, "66": 4.565715789794922e-05, "67": 4.7340989112854004e-05, "68": 4.6722590923309326e-05, "69": 4.64022159576416e-05, "70": 4.334747791290283e-05, "71": 3.7692487239837646e-05, "72": 3.844499588012695e-05, "73": 3.482401371002197e-05, "74": 3.357231616973877e-05, "75": 3.376603126525879e-05, "76": 3.463029861450195e-05, "77": 3.4183263778686523e-05, "78": 3.3736228942871094e-05, "79": 3.347545862197876e-05, "80": 3.0994415283203125e-05, "81": 3.364682197570801e-05, "82": 3.317743539810181e-05, "83": 3.275275230407715e-05, "84": 3.0316412448883057e-05, "85": 3.071129322052002e-05, "86": 3.144890069961548e-05, "87": 2.9712915420532227e-05, "88": 2.9832124710083008e-05, "89": 3.0435621738433838e-05, "90": 3.237277269363403e-05, "91": 3.267824649810791e-05, "92": 3.081560134887695e-05, "93": 3.267824649810791e-05, "94": 3.553926944732666e-05, "95": 3.479421138763428e-05, "96": 3.9458274841308594e-05, "97": 3.93986701965332e-05, "98": 4.4994056224823e-05, "99": 4.676729440689087e-05, "100": 5.375593900680542e-05, "101": 5.5223703384399414e-05, "102": 6.465613842010498e-05, "103": 7.218122482299805e-05, "104": 8.26120376586914e-05, "105": 0.00016523152589797974, "106": 0.0002950727939605713, "107": 0.00047050416469573975, "108": 0.00023624300956726074, "109": 0.00014221668243408203, "110": 0.00010780245065689087, "111": 7.92965292930603e-05, "112": 6.901472806930542e-05, "113": 6.233900785446167e-05, "114": 8.484721183776855e-05, "115": 0.00016438215970993042, "116": 0.00012467056512832642, "117": 9.629130363464355e-05, "118": 8.505582809448242e-05, "119": 8.457154035568237e-05, "120": 7.95125961303711e-05, "121": 0.00013462454080581665, "122": 0.00033655762672424316, "123": 0.00022945553064346313, "124": 0.00017645210027694702, "125": 0.0001721009612083435, "126": 0.0001744776964187622, "127": 0.00017986446619033813, "128": 0.00017282366752624512, "129": 0.00021457672119140625, "130": 0.0005772039294242859, "131": 0.00037551671266555786, "132": 0.0003184601664543152, "133": 0.0003099516034126282, "134": 0.00030759721994400024, "135": 0.0004292130470275879, "136": 0.0003999844193458557, "137": 0.0004105567932128906, "138": 0.00041066110134124756, "139": 0.00041728466749191284, "140": 0.00041469186544418335, "141": 0.00040899962186813354, "142": 0.00039470940828323364, "143": 0.0004713907837867737, "144": 0.00030065327882766724, "145": 0.00022839009761810303, "146": 0.00022070109844207764, "147": 0.0002089366316795349, "148": 0.00017566978931427002, "149": 0.0001404210925102234, "150": 0.00011077523231506348, "151": 6.194412708282471e-05, "152": 7.152557373046875e-05, "153": 6.269663572311401e-05, "154": 4.874914884567261e-05, "155": 5.245208740234375e-05, "156": 5.5596232414245605e-05, "157": 5.3063035011291504e-05, "158": 5.251169204711914e-05, "159": 4.7460198402404785e-05, "160": 5.023181438446045e-05, "161": 5.968660116195679e-05, "162": 0.0001337304711341858, "163": 0.00010676681995391846, "164": 8.718669414520264e-05, "165": 8.176267147064209e-05, "166": 5.2385032176971436e-05, "167": 4.5143067836761475e-05, "168": 3.9555132389068604e-05, "169": 4.5783817768096924e-05, "170": 6.121397018432617e-05, "171": 6.434321403503418e-05, "172": 4.2885541915893555e-05, "173": 5.298107862472534e-05, "174": 5.3219497203826904e-05, "175": 2.6576220989227295e-05, "176": 1.583993434906006e-05, "177": 1.7561018466949463e-05, "178": 1.3314187526702881e-05, "179": 1.2531876564025879e-05, "180": 1.6130506992340088e-05, "181": 1.2576580047607422e-05, "182": 9.119510650634766e-06, "183": 1.265108585357666e-05, "184": 1.3843178749084473e-05, "185": 1.8052756786346436e-05, "186": 2.5257468223571777e-05, "187": 1.4521181583404541e-05, "188": 1.7836689949035645e-05, "189": 2.3074448108673096e-05, "190": 3.118067979812622e-05, "191": 2.6598572731018066e-05, "192": 4.095584154129028e-05, "193": 2.483278512954712e-05, "194": 2.68593430519104e-05, "195": 2.8155744075775146e-05, "196": 1.5951693058013916e-05, "197": 1.605600118637085e-05, "198": 1.0654330253601074e-06, "199": 8.866190910339355e-07}