{"0": 0.6931474208831787, "1": 0.11204654723405838, "2": 0.11200301349163055, "3": 0.09210838377475739, "4": 0.08575446903705597, "5": 0.08270346373319626, "6": 0.08041836321353912, "7": 0.07845112681388855, "8": 0.07672746479511261, "9": 0.07520298659801483, "10": 0.07385263592004776, "11": 0.0726349800825119, "12": 0.07152514159679413, "13": 0.07052628695964813, "14": 0.06960432976484299, "15": 0.06874889880418777, "16": 0.06794407963752747, "17": 0.06718301773071289, "18": 0.06646491587162018, "19": 0.06577883660793304, "20": 0.06512729078531265, "21": 0.0645088255405426, "22": 0.06391637027263641, "23": 0.06334823369979858, "24": 0.06280293315649033, "25": 0.062279313802719116, "26": 0.061776600778102875, "27": 0.0612918846309185, "28": 0.06082431599497795, "29": 0.06037360057234764, "30": 0.05993838608264923, "31": 0.05951765179634094, "32": 0.0591091550886631, "33": 0.058714527636766434, "34": 0.058333322405815125, "35": 0.05796307697892189, "36": 0.05760388821363449, "37": 0.057253237813711166, "38": 0.05691169947385788, "39": 0.056579023599624634, "40": 0.056253593415021896, "41": 0.05593607574701309, "42": 0.05562704801559448, "43": 0.055326204746961594, "44": 0.05503217130899429, "45": 0.054743584245443344, "46": 0.05446091666817665, "47": 0.05418221279978752, "48": 0.053907979279756546, "49": 0.05363807454705238, "50": 0.053372129797935486, "51": 0.0531090684235096, "52": 0.0528501532971859, "53": 0.05259520560503006, "54": 0.05234350636601448, "55": 0.05209539085626602, "56": 0.05185045674443245, "57": 0.051607996225357056, "58": 0.05136781930923462, "59": 0.05112925544381142, "60": 0.05089164525270462, "61": 0.05065540969371796, "62": 0.05042015016078949, "63": 0.05018501728773117, "64": 0.049949176609516144, "65": 0.04971269518136978, "66": 0.049475863575935364, "67": 0.04923754557967186, "68": 0.0489976704120636, "69": 0.0487542524933815, "70": 0.04849816858768463, "71": 0.04822440445423126, "72": 0.0479324609041214, "73": 0.04761658236384392, "74": 0.047270286828279495, "75": 0.04689398407936096, "76": 0.04648661985993385, "77": 0.04604329913854599, "78": 0.04555456340312958, "79": 0.04494161158800125, "80": 0.04407402500510216, "81": 0.04314218834042549, "82": 0.042251504957675934, "83": 0.04152052104473114, "84": 0.04079151526093483, "85": 0.040114227682352066, "86": 0.03947047144174576, "87": 0.03884153813123703, "88": 0.038259487599134445, "89": 0.037673987448215485, "90": 0.037151455879211426, "91": 0.036577314138412476, "92": 0.03607804700732231, "93": 0.03558392450213432, "94": 0.03511107712984085, "95": 0.03465653955936432, "96": 0.034209560602903366, "97": 0.033792126923799515, "98": 0.03336720913648605, "99": 0.0329766608774662, "100": 0.03257575258612633, "101": 0.032209090888500214, "102": 0.03182858228683472, "103": 0.03147253766655922, "104": 0.03112875670194626, "105": 0.03079291246831417, "106": 0.030471108853816986, "107": 0.030150048434734344, "108": 0.029847586527466774, "109": 0.029535777866840363, "110": 0.029247546568512917, "111": 0.028958581387996674, "112": 0.028679538518190384, "113": 0.028402764350175858, "114": 0.02813275158405304, "115": 0.02786651998758316, "116": 0.027602696791291237, "117": 0.027348387986421585, "118": 0.027091657742857933, "119": 0.026848405599594116, "120": 0.026598719879984856, "121": 0.02636468969285488, "122": 0.026129305362701416, "123": 0.025903090834617615, "124": 0.025677965953946114, "125": 0.025458812713623047, "126": 0.025243185460567474, "127": 0.025030504912137985, "128": 0.024824535474181175, "129": 0.024620134383440018, "130": 0.02442060224711895, "131": 0.024219272658228874, "132": 0.02402515895664692, "133": 0.023833833634853363, "134": 0.023644302040338516, "135": 0.0234596598893404, "136": 0.023275503888726234, "137": 0.02309776470065117, "138": 0.02291552908718586, "139": 0.022743431851267815, "140": 0.022565698251128197, "141": 0.022399039939045906, "142": 0.022226538509130478, "143": 0.02206307277083397, "144": 0.021899551153182983, "145": 0.021740397438406944, "146": 0.02158280648291111, "147": 0.021428311243653297, "148": 0.021276578307151794, "149": 0.021124782040715218, "150": 0.020978456363081932, "151": 0.02083010971546173, "152": 0.020686183124780655, "153": 0.020542439073324203, "154": 0.02039833553135395, "155": 0.020259704440832138, "156": 0.020117977634072304, "157": 0.01998240314424038, "158": 0.019843731075525284, "159": 0.019712449982762337, "160": 0.01957670785486698, "161": 0.019447244703769684, "162": 0.019313739612698555, "163": 0.019187038764357567, "164": 0.01905824989080429, "165": 0.0189368799328804, "166": 0.018816683441400528, "167": 0.018698230385780334, "168": 0.018582813441753387, "169": 0.018469471484422684, "170": 0.018359003588557243, "171": 0.018250105902552605, "172": 0.01814267598092556, "173": 0.01803562417626381, "174": 0.017930801957845688, "175": 0.017826218158006668, "176": 0.017722146585583687, "177": 0.017620230093598366, "178": 0.01751704514026642, "179": 0.01741774193942547, "180": 0.01731586456298828, "181": 0.01721937209367752, "182": 0.01712064817547798, "183": 0.01702689751982689, "184": 0.01693006046116352, "185": 0.01683928072452545, "186": 0.016742615029215813, "187": 0.016654029488563538, "188": 0.01656205579638481, "189": 0.01647370494902134, "190": 0.016385963186621666, "191": 0.01629934459924698, "192": 0.016215359792113304, "193": 0.01612960733473301, "194": 0.016049182042479515, "195": 0.015960590913891792, "196": 0.015879832208156586, "197": 0.0157981775701046, "198": 0.01571756601333618, "199": 0.015639252960681915, "200": 0.015561243519186974, "201": 0.015484857372939587, "202": 0.015404917299747467, "203": 0.015333650633692741, "204": 0.015252991579473019, "205": 0.015183504670858383, "206": 0.015100672841072083, "207": 0.015027966350317001, "208": 0.014950068667531013, "209": 0.014878455549478531, "210": 0.014806324616074562, "211": 0.014734633266925812, "212": 0.014664677903056145, "213": 0.014591922983527184, "214": 0.014525767415761948, "215": 0.014453936368227005, "216": 0.0143867377191782, "217": 0.014320503920316696, "218": 0.014253919012844563, "219": 0.014190582558512688, "220": 0.014124561101198196, "221": 0.014062950387597084, "222": 0.013999060727655888, "223": 0.013942630030214787, "224": 0.013879803940653801, "225": 0.01382353063672781, "226": 0.013758422806859016, "227": 0.01369678508490324, "228": 0.013640876859426498, "229": 0.013577308505773544, "230": 0.01352024171501398, "231": 0.013464003801345825, "232": 0.013408048078417778, "233": 0.013353877700865269, "234": 0.013302774168550968, "235": 0.013247858732938766, "236": 0.013191089034080505, "237": 0.013139419257640839, "238": 0.013081550598144531, "239": 0.01303190179169178, "240": 0.01298295333981514, "241": 0.012932879850268364, "242": 0.012876543216407299, "243": 0.012826832942664623, "244": 0.012776454910635948, "245": 0.012731398455798626, "246": 0.012684966437518597, "247": 0.012637392617762089, "248": 0.012593365274369717, "249": 0.012546866200864315, "250": 0.012504760175943375, "251": 0.012464610859751701, "252": 0.012426706030964851, "253": 0.012386184185743332, "254": 0.012348589487373829, "255": 0.012308730743825436, "256": 0.012273455038666725, "257": 0.012233162298798561, "258": 0.012193555943667889, "259": 0.012153650633990765, "260": 0.012117234990000725, "261": 0.012081196531653404, "262": 0.012046163901686668, "263": 0.012012030929327011, "264": 0.011977890506386757, "265": 0.011946525424718857, "266": 0.011910681612789631, "267": 0.011876413598656654, "268": 0.011842455714941025, "269": 0.011808536015450954, "270": 0.011773111298680305, "271": 0.011736350134015083, "272": 0.011699626222252846, "273": 0.011670604348182678, "274": 0.011641599237918854, "275": 0.011611614376306534, "276": 0.011582383885979652, "277": 0.011550207622349262, "278": 0.01152251660823822, "279": 0.01149531826376915, "280": 0.01146250031888485, "281": 0.011438723653554916, "282": 0.011416958644986153, "283": 0.011390491388738155,