{"0": 0.6931474208831787, "1": 0.11090627312660217, "2": 0.11085428297519684, "3": 0.08471637219190598, "4": 0.0783127099275589, "5": 0.07505765557289124, "6": 0.07235603034496307, "7": 0.06998972594738007, "8": 0.06793411821126938, "9": 0.0660424754023552, "10": 0.06432320922613144, "11": 0.0627581849694252, "12": 0.0613250695168972, "13": 0.06002592667937279, "14": 0.05883701518177986, "15": 0.05770687386393547, "16": 0.05662284791469574, "17": 0.05558835715055466, "18": 0.054592717438936234, "19": 0.05363824591040611, "20": 0.05272669345140457, "21": 0.051855504512786865, "22": 0.05101530998945236, "23": 0.05020822957158089, "24": 0.04943397268652916, "25": 0.04868171364068985, "26": 0.04795359820127487, "27": 0.047249577939510345, "28": 0.04656941816210747, "29": 0.04591139033436775, "30": 0.04527277499437332, "31": 0.044654298573732376, "32": 0.04405439272522926, "33": 0.04347223788499832, "34": 0.04290812835097313, "35": 0.042355235666036606, "36": 0.041814565658569336, "37": 0.04128392040729523, "38": 0.040762484073638916, "39": 0.040250904858112335, "40": 0.03974847495555878, "41": 0.03925398364663124, "42": 0.03876654803752899, "43": 0.038289111107587814, "44": 0.0378141812980175, "45": 0.03733786195516586, "46": 0.03685742989182472, "47": 0.036372069269418716, "48": 0.03587843477725983, "49": 0.035378552973270416, "50": 0.03487139940261841, "51": 0.03435850888490677, "52": 0.033843688666820526, "53": 0.0333235003054142, "54": 0.032799988985061646, "55": 0.032278284430503845, "56": 0.031772200018167496, "57": 0.03123251534998417, "58": 0.03071640431880951, "59": 0.03019515611231327, "60": 0.029648927971720695, "61": 0.029058299958705902, "62": 0.028587691485881805, "63": 0.028117792680859566, "64": 0.027645789086818695, "65": 0.027184372767806053, "66": 0.02675141766667366, "67": 0.02633456513285637, "68": 0.02593269944190979, "69": 0.025556230917572975, "70": 0.025212880223989487, "71": 0.02487495355308056, "72": 0.024528564885258675, "73": 0.024221310392022133, "74": 0.02392040565609932, "75": 0.0236261747777462, "76": 0.02334010601043701, "77": 0.023055976256728172, "78": 0.02278124913573265, "79": 0.02251022309064865, "80": 0.02224755473434925, "81": 0.02199101820588112, "82": 0.021737199276685715, "83": 0.021476661786437035, "84": 0.021231621503829956, "85": 0.021000541746616364, "86": 0.0207693912088871, "87": 0.020545409992337227, "88": 0.020321642979979515, "89": 0.02010433003306389, "90": 0.01988505944609642, "91": 0.01967417262494564, "92": 0.019465371966362, "93": 0.019260765984654427, "94": 0.01905462145805359, "95": 0.018855605274438858, "96": 0.018662894144654274, "97": 0.018476970493793488, "98": 0.018293026834726334, "99": 0.018112648278474808, "100": 0.0179347675293684, "101": 0.017759252339601517, "102": 0.01758400723338127, "103": 0.017410721629858017, "104": 0.017240511253476143, "105": 0.017069604247808456, "106": 0.01690279319882393, "107": 0.016740981489419937, "108": 0.016582544893026352, "109": 0.016426993533968925, "110": 0.016273703426122665, "111": 0.016121242195367813, "112": 0.015968022868037224, "113": 0.015815235674381256, "114": 0.015662962570786476, "115": 0.015510950237512589, "116": 0.015363100916147232, "117": 0.015214876271784306, "118": 0.015071554109454155, "119": 0.014931992627680302, "120": 0.01480070874094963, "121": 0.014669688418507576, "122": 0.01453915610909462, "123": 0.014408769086003304, "124": 0.014280281960964203, "125": 0.014151237905025482, "126": 0.014024099335074425, "127": 0.013895425945520401, "128": 0.01377174910157919, "129": 0.013646675273776054, "130": 0.013526921160519123, "131": 0.01340879499912262, "132": 0.013295385986566544, "133": 0.013180631212890148, "134": 0.01306789368391037, "135": 0.012953098863363266, "136": 0.012839723378419876, "137": 0.01272697001695633, "138": 0.012619882822036743, "139": 0.012511098757386208, "140": 0.012407802045345306, "141": 0.012304002419114113, "142": 0.01220707781612873, "143": 0.012108433060348034, "144": 0.012012671679258347, "145": 0.01191379502415657, "146": 0.011818375438451767, "147": 0.01172272115945816, "148": 0.011628566309809685, "149": 0.011534737423062325, "150": 0.011442521587014198, "151": 0.011349473148584366, "152": 0.011258818209171295, "153": 0.011171831749379635, "154": 0.01108800619840622, "155": 0.011003689840435982, "156": 0.010919922962784767, "157": 0.010835700668394566, "158": 0.010752510279417038, "159": 0.010667156428098679, "160": 0.010584268718957901, "161": 0.01049890462309122, "162": 0.010416378267109394, "163": 0.010331936180591583, "164": 0.010254185646772385, "165": 0.010177161544561386, "166": 0.010101895779371262, "167": 0.01002423744648695, "168": 0.009947769343852997, "169": 0.009871374815702438, "170": 0.009796557016670704, "171": 0.009724263101816177, "172": 0.009653454646468163, "173": 0.009582693688571453, "174": 0.009512116201221943, "175": 0.009443235583603382, "176": 0.009377198293805122, "177": 0.009311658330261707, "178": 0.009249254129827023, "179": 0.009184295311570168, "180": 0.009122831746935844, "181": 0.009058273397386074, "182": 0.008997060358524323, "183": 0.008932685479521751, "184": 0.008871510624885559, "185": 0.008806910365819931, "186": 0.008748123422265053, "187": 0.008687442168593407, "188": 0.008626999333500862, "189": 0.008566398173570633, "190": 0.008511576801538467, "191": 0.008455652743577957, "192": 0.00840031448751688, "193": 0.008345168083906174, "194": 0.008291251957416534, "195": 0.008237314410507679, "196": 0.008182678371667862, "197": 0.008129088208079338, "198": 0.008075332269072533, "199": 0.008018549531698227, "200": 0.00796231348067522, "201": 0.007905280217528343, "202": 0.007852330803871155, "203": 0.007798655889928341, "204": 0.00774790346622467, "205": 0.007694021798670292, "206": 0.0076391310431063175, "207": 0.007582768797874451, "208": 0.007528575137257576, "209": 0.007474219426512718, "210": 0.007420524023473263, "211": 0.00737104844301939, "212": 0.007325838319957256, "213": 0.007280332967638969, "214": 0.0072361319325864315, "215": 0.007195594720542431, "216": 0.007153480313718319, "217": 0.007110489998012781, "218": 0.007069936953485012, "219": 0.007028881460428238, "220": 0.00699269212782383, "221": 0.006955849938094616, "222": 0.006918742321431637, "223": 0.006881832145154476, "224": 0.006846706382930279, "225": 0.006814831867814064, "226": 0.006783426273614168, "227": 0.006750923581421375, "228": 0.006717922631651163, "229": 0.006686047650873661, "230": 0.006655164994299412, "231": 0.006621906533837318, "232": 0.0065898532047867775, "233": 0.006558354943990707, "234": 0.006531385239213705, "235": 0.006501021794974804, "236": 0.006472005508840084, "237": 0.006443067919462919, "238": 0.006416940130293369, "239": 0.006389489863067865, "240": 0.00636211596429348, "241": 0.0063361297361552715, "242": 0.006311750039458275, "243": 0.006287851370871067, "244": 0.006265115924179554, "245": 0.006242384668439627, "246": 0.00622022058814764, "247": 0.006199057213962078, "248": 0.006176348775625229, "249": 0.006153760943561792, "250": 0.006130822468549013, "251": 0.00610725162550807, "252": 0.006085092667490244, "253": 0.00606292812153697, "254": 0.006040328647941351, "255": 0.006017025094479322, "256": 0.0059933895245194435, "257": 0.005967824719846249, "258": 0.005943369586020708, "259": 0.0059194606728851795, "260": 0.0058939335867762566, "261": 0.005869023501873016, "262": 0.005845950450748205, "263": 0.005819719284772873, "264": 0.005797578953206539, "265": 0.00577649287879467, "266": 0.005756562575697899, "267": 0.005737681407481432, "268": 0.005715823732316494, "269": 0.005697384476661682, "270": 0.005680575501173735, "271": 0.005663990043103695, "272": 0.005650423467159271, "273": 0.005636309739202261, "274": 0.005622687749564648, "275": 0.005606759339570999, "276": 0.0055926404893398285, "277": 0.0055780792608857155, "278": 0.005562223494052887, "279": 0.005546259228140116, "280": 0.0055196238681674, "281": 0.005505817010998726,