{"0": 998.3068525791168, "1": 0.5881398916244507, "2": 3.8720667362213135e-05, "3": 0.01933145523071289, "4": 0.007396586239337921, "5": 0.0038024112582206726, "6": 0.00300675630569458, "7": 0.0025946274399757385, "8": 0.002332337200641632, "9": 0.002119392156600952, "10": 0.0019481144845485687, "11": 0.0017952807247638702, "12": 0.0016533248126506805, "13": 0.0015077665448188782, "14": 0.0013944245874881744, "15": 0.0013151764869689941, "16": 0.0012550875544548035, "17": 0.001191895455121994, "18": 0.0011455416679382324, "19": 0.001089397817850113, "20": 0.0010446161031723022, "21": 0.0009996779263019562, "22": 0.0009521022439002991, "23": 0.0009078793227672577, "24": 0.0008738003671169281, "25": 0.000837620347738266, "26": 0.0008075535297393799, "27": 0.0007764808833599091, "28": 0.0007458999752998352, "29": 0.0007164627313613892, "30": 0.0006957501173019409, "31": 0.0006664171814918518, "32": 0.0006413422524929047, "33": 0.0006191246211528778, "34": 0.0005985796451568604, "35": 0.0005819238722324371, "36": 0.0005660243332386017, "37": 0.0005522109568119049, "38": 0.0005395896732807159, "39": 0.0005280785262584686, "40": 0.0005171149969100952, "41": 0.0005061477422714233, "42": 0.0004950165748596191, "43": 0.0004836916923522949, "44": 0.0004787035286426544, "45": 0.0004779919981956482, "46": 0.00047959014773368835, "47": 0.0004815198481082916, "48": 0.0004863254725933075, "49": 0.0004907809197902679, "50": 0.0004920586943626404, "51": 0.000490974634885788, "52": 0.0004883967339992523, "53": 0.0004831254482269287, "54": 0.00047471560537815094, "55": 0.00045283883810043335, "56": 0.00042602047324180603, "57": 0.0004490558058023453, "58": 0.0004610605537891388, "59": 0.0005195476114749908, "60": 0.0004591662436723709, "61": 0.0004006084054708481, "62": 0.0003838762640953064, "63": 0.00038409605622291565, "64": 0.0003776419907808304, "65": 0.00036638975143432617, "66": 0.0003550387918949127, "67": 0.0003441274166107178, "68": 0.0003288332372903824, "69": 0.0003319494426250458, "70": 0.00031795352697372437, "71": 0.00034452788531780243, "72": 0.0003097951412200928, "73": 0.0002572443336248398, "74": 0.00026164576411247253, "75": 0.00025088898837566376, "76": 0.0002531725913286209, "77": 0.00024343468248844147, "78": 0.0002460945397615433, "79": 0.00023790821433067322, "80": 0.0002373475581407547, "81": 0.00023387931287288666, "82": 0.00024693459272384644, "83": 0.00023495778441429138, "84": 0.00022102147340774536, "85": 0.00020375847816467285, "86": 0.00020285136997699738, "87": 0.00019590742886066437, "88": 0.00019755028188228607, "89": 0.00019130297005176544, "90": 0.00019307807087898254, "91": 0.00018784776329994202, "92": 0.0001899711787700653, "93": 0.00019389577209949493, "94": 0.00019616447389125824, "95": 0.0001809820532798767, "96": 0.00017676874995231628, "97": 0.00016599148511886597, "98": 0.00016653724014759064, "99": 0.00015959236770868301, "100": 0.0001618172973394394, "101": 0.00015691202133893967, "102": 0.00015951134264469147, "103": 0.00015578418970108032, "104": 0.0001592487096786499, "105": 0.00016159750521183014, "106": 0.0001586340367794037, "107": 0.00014767423272132874, "108": 0.0001452118158340454, "109": 0.00013939570635557175, "110": 0.00013906974345445633, "111": 0.00013594888150691986, "112": 0.00013761967420578003, "113": 0.00013517029583454132, "114": 0.00013493932783603668, "115": 0.00013265572488307953, "116": 0.00013465993106365204, "117": 0.00013398192822933197, "118": 0.0001278640702366829, "119": 0.00012204330414533615, "120": 0.00012055132538080215, "121": 0.00011806655675172806, "122": 0.00011806562542915344, "123": 0.00011586025357246399, "124": 0.00011635851114988327, "125": 0.00011461321264505386, "126": 0.0001143086701631546, "127": 0.00011380203068256378, "128": 0.0001149643212556839, "129": 0.00011327490210533142, "130": 0.00011046230792999268, "131": 0.00010709837079048157, "132": 0.00010594632476568222, "133": 0.00010415073484182358, "134": 0.00010440405458211899, "135": 0.0001031709834933281, "136": 0.0001033637672662735, "137": 0.00010282453149557114, "138": 0.000102936290204525, "139": 0.00010067224502563477, "140": 9.996164590120316e-05, "141": 9.619910269975662e-05, "142": 9.261909872293472e-05, "143": 8.941162377595901e-05, "144": 8.848309516906738e-05, "145": 8.698180317878723e-05, "146": 8.73226672410965e-05, "147": 8.631870150566101e-05, "148": 8.753221482038498e-05, "149": 8.639786392450333e-05, "150": 8.703581988811493e-05, "151": 8.665584027767181e-05, "152": 8.306838572025299e-05, "153": 7.97472894191742e-05, "154": 7.757823914289474e-05, "155": 7.575564086437225e-05, "156": 7.580313831567764e-05, "157": 7.58664682507515e-05, "158": 7.586274296045303e-05, "159": 7.432233542203903e-05, "160": 7.320474833250046e-05, "161": 7.299333810806274e-05, "162": 7.267855107784271e-05, "163": 7.361266762018204e-05, "164": 6.958190351724625e-05, "165": 6.829481571912766e-05, "166": 6.614532321691513e-05, "167": 6.64321705698967e-05, "168": 6.649922579526901e-05, "169": 6.675906479358673e-05, "170": 6.697140634059906e-05, "171": 6.664777174592018e-05, "172": 6.604800000786781e-05, "173": 6.636790931224823e-05, "174": 6.607780233025551e-05, "175": 6.531691178679466e-05, "176": 6.275437772274017e-05, "177": 6.134901195764542e-05, "178": 5.8924779295921326e-05, "179": 5.945377051830292e-05, "180": 5.875248461961746e-05, "181": 6.034504622220993e-05, "182": 6.001954898238182e-05, "183": 5.9106387197971344e-05, "184": 5.8064237236976624e-05, "185": 5.982164293527603e-05, "186": 5.7538971304893494e-05, "187": 5.737924948334694e-05, "188": 5.401298403739929e-05, "189": 5.275104194879532e-05, "190": 5.089910700917244e-05, "191": 5.169631913304329e-05, "192": 5.131075158715248e-05, "193": 5.22504560649395e-05, "194": 5.0961971282958984e-05, "195": 5.102483555674553e-05, "196": 4.92599792778492e-05, "197": 4.974193871021271e-05, "198": 4.642084240913391e-05, "199": 4.638638347387314e-05, "200": 4.370836541056633e-05, "201": 4.4321175664663315e-05, "202": 4.327436909079552e-05, "203": 4.4272281229496e-05, "204": 4.445202648639679e-05, "205": 4.503270611166954e-05, "206": 4.2756088078022e-05, "207": 4.429556429386139e-05, "208": 4.408694803714752e-05, "209": 4.460383206605911e-05, "210": 4.155375063419342e-05, "211": 4.0271319448947906e-05, "212": 3.8543716073036194e-05, "213": 3.857584670186043e-05, "214": 3.847712650895119e-05, "215": 3.9849430322647095e-05, "216": 4.071276634931564e-05, "217": 4.102475941181183e-05, "218": 4.115235060453415e-05, "219": 4.0057580918073654e-05, "220": 3.9093662053346634e-05, "221": 3.76054085791111e-05, "222": 3.642356023192406e-05, "223": 3.397231921553612e-05, "224": 3.4586526453495026e-05, "225": 3.3288728445768356e-05, "226": 3.5744160413742065e-05, "227": 3.3532269299030304e-05, "228": 3.5610049962997437e-05, "229": 3.461446613073349e-05, "230": 3.4296419471502304e-05, "231": 3.4003984183073044e-05, "232": 3.378605470061302e-05, "233": 3.547919914126396e-05, "234": 3.008684143424034e-05, "235": 2.9962975531816483e-05, "236": 3.059767186641693e-05, "237": 3.1040050089359283e-05, "238": 3.05958092212677e-05, "239": 2.9801856726408005e-05, "240": 2.9449816793203354e-05, "241": 3.007054328918457e-05, "242": 3.046635538339615e-05, "243": 3.082025796175003e-05, "244": 3.07401642203331e-05, "245": 3.017578274011612e-05, "246": 2.561323344707489e-05, "247": 2.5344081223011017e-05, "248": 2.4948734790086746e-05, "249": 2.7362722903490067e-05, "250": 2.5498680770397186e-05, "251": 2.711452543735504e-05, "252": 2.6328489184379578e-05, "253": 2.779066562652588e-05, "254": 2.6509631425142288e-05, "255": 2.7741771191358566e-05, "256": 2.592196688055992e-05, "257": 2.508983016014099e-05, "258": 2.4755019694566727e-05, "259": 2.247840166091919e-05, "260": 2.389121800661087e-05, "261": 2.118665724992752e-05, "262": 2.2856052964925766e-05, "263": 2.2592023015022278e-05, "264": 2.222461625933647e-05, "265": 2.064509317278862e-05, "266": 2.112472429871559e-05, "267": 2.1045096218585968e-05,