{"0": 998.3068525791168, "1": 0.6414229720830917, "2": 2.8401613235473633e-05, "3": 0.016157709062099457, "4": 0.001053493469953537, "5": 0.0006589293479919434, "6": 0.0006528943777084351, "7": 0.000628691166639328, "8": 0.0005929321050643921, "9": 0.0005304776132106781, "10": 0.0004924032837152481, "11": 0.0004489142447710037, "12": 0.0004136767238378525, "13": 0.0003749411553144455, "14": 0.0003552231937646866, "15": 0.00034945830702781677, "16": 0.0003369860351085663, "17": 0.00033282116055488586, "18": 0.0003230925649404526, "19": 0.0003160610795021057, "20": 0.0003077685832977295, "21": 0.00029951706528663635, "22": 0.00028931163251399994, "23": 0.0002847835421562195, "24": 0.0002782698720693588, "25": 0.00027623772621154785, "26": 0.0002716481685638428, "27": 0.0002708602696657181, "28": 0.0002703089267015457, "29": 0.00026804953813552856, "30": 0.00026326440274715424, "31": 0.0002601034939289093, "32": 0.0002553090453147888, "33": 0.00025385431945323944, "34": 0.0002539530396461487, "35": 0.00025406479835510254, "36": 0.0002536103129386902, "37": 0.000257173553109169, "38": 0.0002601649612188339, "39": 0.0002627763897180557, "40": 0.00026459619402885437, "41": 0.0002683233469724655, "42": 0.0002748444676399231, "43": 0.00028475187718868256, "44": 0.0002994909882545471, "45": 0.0003158021718263626, "46": 0.00034202635288238525, "47": 0.00035545043647289276, "48": 0.00035838037729263306, "49": 0.00043610669672489166, "50": 0.0003196839243173599, "51": 0.00035449303686618805, "52": 0.0003655441105365753, "53": 0.0003412347286939621, "54": 0.00032954663038253784, "55": 0.0003119856119155884, "56": 0.00029391422867774963, "57": 0.0002808496356010437, "58": 0.0002509169280529022, "59": 0.0002541597932577133, "60": 0.0002625100314617157, "61": 0.00022160448133945465, "62": 0.00021700933575630188, "63": 0.00020057708024978638, "64": 0.00019620917737483978, "65": 0.00019115954637527466, "66": 0.00018599443137645721, "67": 0.00018168147653341293, "68": 0.00017457641661167145, "69": 0.00017152074724435806, "70": 0.0001667812466621399, "71": 0.0001658610999584198, "72": 0.0001610955223441124, "73": 0.00015408825129270554, "74": 0.00014987308531999588, "75": 0.00014657806605100632, "76": 0.00014600809663534164, "77": 0.00014190655201673508, "78": 0.00014088209718465805, "79": 0.00013576075434684753, "80": 0.00013387296348810196, "81": 0.00012813694775104523, "82": 0.00013093464076519012, "83": 0.00012484285980463028, "84": 0.00012428872287273407, "85": 0.00011783372610807419, "86": 0.00011813640594482422, "87": 0.00011381413787603378, "88": 0.00011522602289915085, "89": 0.00011188257485628128, "90": 0.0001138513907790184, "91": 0.00010797753930091858, "92": 0.00010737776756286621, "93": 0.00010364409536123276, "94": 0.00010451581329107285, "95": 9.902380406856537e-05, "96": 9.651482105255127e-05, "97": 9.27075743675232e-05, "98": 9.545497596263885e-05, "99": 9.307451546192169e-05, "100": 9.451434016227722e-05, "101": 9.116344153881073e-05, "102": 9.318068623542786e-05, "103": 8.765887469053268e-05, "104": 8.741486817598343e-05, "105": 8.547678589820862e-05, "106": 8.75815749168396e-05, "107": 8.385907858610153e-05, "108": 8.408911526203156e-05, "109": 7.950235158205032e-05, "110": 8.050724864006042e-05, "111": 8.078385144472122e-05, "112": 8.010771125555038e-05, "113": 7.535889744758606e-05, "114": 7.858686149120331e-05, "115": 7.578730583190918e-05, "116": 7.836706936359406e-05, "117": 7.334910333156586e-05, "118": 7.117446511983871e-05, "119": 7.072370499372482e-05, "120": 6.76959753036499e-05, "121": 6.580911576747894e-05, "122": 6.845314055681229e-05, "123": 6.77919015288353e-05, "124": 6.742868572473526e-05, "125": 6.681587547063828e-05, "126": 6.581563502550125e-05, "127": 6.4103864133358e-05, "128": 6.295554339885712e-05, "129": 6.036832928657532e-05, "130": 6.245076656341553e-05, "131": 6.042607128620148e-05, "132": 6.092386320233345e-05, "133": 6.033899262547493e-05, "134": 6.0945749282836914e-05, "135": 6.111618131399155e-05, "136": 6.34174793958664e-05, "137": 6.07343390583992e-05, "138": 6.103515625e-05, "139": 5.971826612949371e-05, "140": 5.77680766582489e-05, "141": 5.8232806622982025e-05, "142": 5.9085898101329803e-05, "143": 5.404790863394737e-05, "144": 5.406467244029045e-05, "145": 5.377456545829773e-05, "146": 5.43203204870224e-05, "147": 5.2659772336483e-05, "148": 5.554035305976868e-05, "149": 5.39892353117466e-05, "150": 5.49941323697567e-05, "151": 4.986347630620003e-05, "152": 5.251215770840645e-05, "153": 5.2181072533130646e-05, "154": 5.254009738564491e-05, "155": 4.956871271133423e-05, "156": 5.16548752784729e-05, "157": 5.200738087296486e-05, "158": 4.9413181841373444e-05, "159": 5.177920684218407e-05, "160": 5.04637137055397e-05, "161": 4.599615931510925e-05, "162": 4.273839294910431e-05, "163": 4.52226959168911e-05, "164": 4.5550987124443054e-05, "165": 4.360079765319824e-05, "166": 4.20878641307354e-05, "167": 4.066573455929756e-05, "168": 4.381313920021057e-05, "169": 3.98736447095871e-05, "170": 4.1591934859752655e-05, "171": 4.076724871993065e-05, "172": 3.950437530875206e-05, "173": 3.914162516593933e-05, "174": 3.8263387978076935e-05, "175": 3.620423376560211e-05, "176": 3.5258010029792786e-05, "177": 3.469130024313927e-05, "178": 3.3534131944179535e-05, "179": 3.1463801860809326e-05, "180": 3.132736310362816e-05, "181": 3.132037818431854e-05, "182": 3.0371826142072678e-05, "183": 3.064470365643501e-05, "184": 3.216555342078209e-05, "185": 3.1952280551195145e-05, "186": 3.093574196100235e-05, "187": 2.9083341360092163e-05, "188": 3.0376948416233063e-05, "189": 3.0339695513248444e-05, "190": 2.977624535560608e-05, "191": 2.9181595891714096e-05, "192": 2.945493906736374e-05, "193": 2.6483088731765747e-05, "194": 2.5231391191482544e-05, "195": 2.555130049586296e-05, "196": 2.4782493710517883e-05, "197": 2.3632310330867767e-05, "198": 2.2765714675188065e-05, "199": 2.2310297936201096e-05, "200": 2.0242296159267426e-05, "201": 2.2242311388254166e-05, "202": 2.164626494050026e-05, "203": 2.1440908312797546e-05, "204": 1.9958242774009705e-05, "205": 2.0890962332487106e-05, "206": 2.0062550902366638e-05, "207": 1.981062814593315e-05, "208": 1.979246735572815e-05, "209": 1.8304679542779922e-05, "210": 1.810537651181221e-05, "211": 1.7444603145122528e-05, "212": 1.813238486647606e-05, "213": 1.7430167645215988e-05, "214": 1.6490928828716278e-05, "215": 1.8437393009662628e-05, "216": 1.9323080778121948e-05, "217": 1.8678605556488037e-05, "218": 1.763179898262024e-05, "219": 1.523597165942192e-05, "220": 1.6025733202695847e-05, "221": 1.5268102288246155e-05, "222": 1.5555880963802338e-05, "223": 1.451093703508377e-05, "224": 1.440383493900299e-05, "225": 1.4717690646648407e-05, "226": 1.4289282262325287e-05, "227": 1.3651791960000992e-05, "228": 1.0961666703224182e-05, "229": 1.296820119023323e-05, "230": 1.1903233826160431e-05, "231": 1.2520235031843185e-05, "232": 1.1642463505268097e-05, "233": 1.2813601642847061e-05, "234": 1.2685544788837433e-05, "235": 1.1686701327562332e-05, "236": 1.2042932212352753e-05, "237": 1.3162381947040558e-05, "238": 1.3845507055521011e-05, "239": 1.1200550943613052e-05, "240": 1.2959819287061691e-05, "241": 1.1602882295846939e-05, "242": 1.4224555343389511e-05, "243": 1.0292977094650269e-05, "244": 7.879920303821564e-06, "245": 6.493646651506424e-06, "246": 6.550922989845276e-06, "247": 6.485264748334885e-06, "248": 6.254762411117554e-06, "249": 6.084330379962921e-06, "250": 5.584210157394409e-06, "251": 5.6549906730651855e-06, "252": 5.60050830245018e-06, "253": 6.45732507109642e-06, "254": 7.791444659233093e-06, "255": 6.217975169420242e-06, "256": 6.791669875383377e-06, "257": 6.738118827342987e-06, "258": 6.920658051967621e-06, "259": 1.0218936949968338e-05, "260": 1.0069925338029861e-05, "261": 1.919083297252655e-05, "262": 1.000240445137024e-05, "263": 1.069018617272377e-05, "264": 1.0673422366380692e-05, "265": 9.095761924982071e-06, "266": 9.831972420215607e-06,