,Lambda,Feature_no,Odds_ratio,P-value
0,0.014677992676220709,10,631.6037735849056,3.2451119123823735e-12
0,0.0316227766016838,10,631.6037735849056,3.2451119123823735e-12
0,0.006812920690579613,14,656.3333333333334,1.0802816498713282e-16
0,0.003162277660168382,19,486.8218181818182,3.59951181024466e-18
0,0.0014677992676220694,22,382.4685714285714,1.516821911228135e-17
0,0.0006812920690579617,31,279.3339517625232,1.4112817744210334e-18
0,0.00031622776601683783,49,178.63782051282053,8.225560497870962e-19
