,Lambda,Feature_no,Odds_ratio,P-value
0,0.0316227766016838,14,717.6214285714286,6.785987111239233e-15
0,0.014677992676220709,24,405.46712802768167,8.098950107815748e-16
0,0.006812920690579613,50,229.5,5.73409634063056e-18
0,0.003162277660168382,105,113.41935483870968,6.02579008500014e-17
0,0.0014677992676220694,201,82.26006838905775,1.3211683217388098e-19
0,0.0006812920690579617,404,54.61278350515464,1.144549345940522e-20
0,0.00031622776601683783,575,51.16734793982995,3.605463982267786e-23
