,Lambda,Feature_no,Odds_ratio,P-value
0,0.0316227766016838,13,676.8282828282828,2.0185315997869293e-10
0,0.014677992676220709,19,569.6938775510204,2.1480764305752363e-12
0,0.006812920690579613,23,992.5037037037036,1.917378483377757e-20
0,0.003162277660168382,39,590.8588235294118,4.419728770134295e-21
0,0.0014677992676220694,79,360.67058823529413,4.495965353849145e-23
0,0.0006812920690579617,187,163.28326530612244,5.694986680817211e-21
0,0.00031622776601683783,480,113.95862068965518,1.1255107800246744e-23
