,Lambda,Feature_no,Odds_ratio,P-value
0,0.0316227766016838,11,664.3849206349206,1.992295955060962e-12
0,0.014677992676220709,21,326.59512195121954,2.9032910189594827e-13
0,0.006812920690579613,25,257.80744544287546,9.435732412159444e-13
0,0.003162277660168382,35,209.14375,4.34004556895372e-14
0,0.0014677992676220694,44,226.39398496240602,6.3076222312411594e-18
0,0.0006812920690579617,54,176.03157894736842,4.683495217238577e-17
0,0.00031622776601683783,102,143.49834765366822,1.1118027188316774e-22
