,Lambda,Feature_no,Odds_ratio,P-value
0,0.0316227766016838,15,527.8105263157895,9.163869705504109e-20
0,0.014677992676220709,19,316.6484210526316,1.6742018674851282e-18
0,0.006812920690579613,29,187.09406494960805,1.0052012937740821e-18
0,0.003162277660168382,50,101.28067273228564,4.995227567949122e-18
0,0.0014677992676220694,106,79.31131078224101,1.1544124154209174e-26
0,0.0006812920690579617,214,55.66438952514902,1.5001064438678283e-32
0,0.00031622776601683783,497,30.043153624551707,8.010964327353874e-32
