,Lambda,Feature_no,Odds_ratio,P-value
0,0.0316227766016838,16,394.26262626262627,1.939299163988182e-15
0,0.014677992676220709,24,379.26303854875283,2.4012169917862836e-21
0,0.006812920690579613,33,230.79365079365078,1.1159411427006616e-19
0,0.003162277660168382,40,305.1799217731421,3.155029124836954e-28
0,0.0014677992676220694,72,242.4746008708273,9.360055307754827e-38
0,0.0006812920690579617,112,247.26666666666668,1.2761800217023471e-51
0,0.00031622776601683783,159,218.29107142857143,3.1241761033789087e-58
