{"0": 998.3068524599075, "1": -0.13889330625534058, "2": 0.0027361512184143066, "3": 0.04103231430053711, "4": 0.04092282056808472, "5": 0.03559082746505737, "6": 0.030521869659423828, "7": 0.02630770206451416, "8": 0.022768080234527588, "9": 0.01984536647796631, "10": 0.017215490341186523, "11": 0.01540297269821167, "12": 0.013683319091796875, "13": 0.012347996234893799, "14": 0.01124417781829834, "15": 0.010371029376983643, "16": 0.009610176086425781, "17": 0.009073019027709961, "18": 0.008539021015167236, "19": 0.008014678955078125, "20": 0.0075647830963134766, "21": 0.007174462080001831, "22": 0.006883531808853149, "23": 0.006522148847579956, "24": 0.0062486231327056885, "25": 0.005956470966339111, "26": 0.005693405866622925, "27": 0.005497843027114868, "28": 0.005261361598968506, "29": 0.005065649747848511, "30": 0.004862576723098755, "31": 0.004694253206253052, "32": 0.004531949758529663, "33": 0.004363447427749634, "34": 0.004230111837387085, "35": 0.004089772701263428, "36": 0.00396004319190979, "37": 0.0038440823554992676, "38": 0.003734290599822998, "39": 0.0036353468894958496, "40": 0.0035377144813537598, "41": 0.0034385323524475098, "42": 0.00334736704826355, "43": 0.0032646358013153076, "44": 0.0031854212284088135, "45": 0.0030986666679382324, "46": 0.0030316710472106934, "47": 0.0029603242874145508, "48": 0.0028825700283050537, "49": 0.0028291642665863037, "50": 0.0027713775634765625, "51": 0.0027139782905578613, "52": 0.002659827470779419, "53": 0.0026033520698547363, "54": 0.0025466084480285645, "55": 0.002497851848602295, "56": 0.002447158098220825, "57": 0.0024019181728363037, "58": 0.0023544132709503174, "59": 0.00231286883354187, "60": 0.0022681057453155518, "61": 0.0022223293781280518, "62": 0.0021748244762420654, "63": 0.0021302998065948486, "64": 0.002087622880935669, "65": 0.0020457208156585693, "66": 0.002010524272918701, "67": 0.0019739270210266113, "68": 0.0019387304782867432, "69": 0.0019005239009857178, "70": 0.0018648803234100342, "71": 0.0018313825130462646, "72": 0.0017988383769989014, "73": 0.0017653107643127441, "74": 0.0017313063144683838, "75": 0.0017022192478179932, "76": 0.0016756951808929443, "77": 0.0016483664512634277, "78": 0.0016194581985473633, "79": 0.0015967786312103271, "80": 0.001571744680404663, "81": 0.0015446245670318604, "82": 0.0015203356742858887, "83": 0.0014916062355041504, "84": 0.0014648139476776123, "85": 0.0014393329620361328, "86": 0.001416623592376709, "87": 0.0013909339904785156, "88": 0.0013712048530578613, "89": 0.0013534128665924072, "90": 0.0013316571712493896, "91": 0.0013177692890167236, "92": 0.0013064146041870117, "93": 0.0012917816638946533, "94": 0.0012775957584381104, "95": 0.0012664496898651123, "96": 0.0012623071670532227, "97": 0.0012752413749694824, "98": 0.0012980103492736816, "99": 0.0013386905193328857, "100": 0.001401364803314209, "101": 0.001473844051361084, "102": 0.0015385746955871582, "103": 0.0016141831874847412, "104": 0.0016937553882598877, "105": 0.0019252896308898926, "106": 0.0021917521953582764, "107": 0.0020834803581237793, "108": 0.0021881163120269775, "109": 0.0022505521774291992, "110": 0.0019836127758026123, "111": 0.0020664632320404053, "112": 0.00202140212059021, "113": 0.002130955457687378, "114": 0.0019142180681228638, "115": 0.0019494891166687012, "116": 0.0020294636487960815, "117": 0.0018429756164550781, "118": 0.0018637925386428833, "119": 0.0019395500421524048, "120": 0.0018753856420516968, "121": 0.0015013515949249268, "122": 0.0015339255332946777, "123": 0.001535564661026001, "124": 0.001491829752922058, "125": 0.0015412569046020508, "126": 0.001536741852760315, "127": 0.0013928860425949097, "128": 0.0014383196830749512, "129": 0.0013674646615982056, "130": 0.0014326870441436768, "131": 0.0014381259679794312, "132": 0.0014350712299346924, "133": 0.0012837052345275879, "134": 0.0013296306133270264, "135": 0.0012701451778411865, "136": 0.001366153359413147, "137": 0.0013350099325180054, "138": 0.0013488233089447021, "139": 0.0012715160846710205, "140": 0.0013178735971450806, "141": 0.0012707561254501343, "142": 0.0013163834810256958, "143": 0.0012593716382980347, "144": 0.0012315809726715088, "145": 0.0011771321296691895, "146": 0.0011732876300811768, "147": 0.0012265443801879883, "148": 0.001222372055053711, "149": 0.0012709498405456543, "150": 0.0012629032135009766, "151": 0.0012474656105041504, "152": 0.0012218654155731201, "153": 0.001171201467514038, "154": 0.0011450350284576416, "155": 0.001074865460395813, "156": 0.0011132210493087769, "157": 0.0010174065828323364, "158": 0.0011146217584609985, "159": 0.0010627657175064087, "160": 0.001118302345275879, "161": 0.001099810004234314, "162": 0.0011515170335769653, "163": 0.0010908246040344238, "164": 0.0011503398418426514, "165": 0.0010523051023483276, "166": 0.001069188117980957, "167": 0.0010762512683868408, "168": 0.0010116398334503174, "169": 0.0009570121765136719, "170": 0.0009277760982513428, "171": 0.0009504258632659912, "172": 0.0009939074516296387, "173": 0.0010172277688980103, "174": 0.0009751766920089722, "175": 0.0009825825691223145, "176": 0.0008401274681091309, "177": 0.0008215904235839844, "178": 0.0008372664451599121, "179": 0.000818103551864624, "180": 0.0007922649383544922, "181": 0.0007046014070510864, "182": 0.0008697360754013062, "183": 0.000861436128616333, "184": 0.0007886737585067749, "185": 0.000700637698173523, "186": 0.0007800757884979248, "187": 0.000788271427154541, "188": 0.0008180737495422363, "189": 0.000652804970741272, "190": 0.0007096827030181885, "191": 0.0007409602403640747, "192": 0.0006435513496398926, "193": 0.0006880313158035278, "194": 0.0006320923566818237, "195": 0.0006409585475921631, "196": 0.0006417334079742432, "197": 0.0007395148277282715, "198": 0.0007213950157165527, "199": 0.0007457435131072998, "200": 0.000633925199508667, "201": 0.0005864500999450684, "202": 0.00060996413230896, "203": 0.0005826801061630249, "204": 0.0005797445774078369, "205": 0.0005106925964355469, "206": 0.00045865774154663086, "207": 0.000499233603477478, "208": 0.0005266070365905762, "209": 0.00045171380043029785, "210": 0.0004998445510864258, "211": 0.0005058646202087402, "212": 0.0003971308469772339, "213": 0.0004144012928009033, "214": 0.00041441619396209717, "215": 0.00038054585456848145, "216": 0.00038905441761016846, "217": 0.0004110783338546753, "218": 0.000372081995010376, "219": 0.0004017353057861328, "220": 0.00039653480052948, "221": 0.0003578066825866699, "222": 0.00039640069007873535, "223": 0.0003841668367385864, "224": 0.00033470988273620605, "225": 0.0003606081008911133, "226": 0.0003228485584259033, "227": 0.0003528296947479248, "228": 0.0003619641065597534, "229": 0.0003524869680404663, "230": 0.0003196299076080322, "231": 0.0002982914447784424, "232": 0.0003161430358886719, "233": 0.0003129243850708008, "234": 0.0003160238265991211, "235": 0.0002613663673400879, "236": 0.00031438469886779785, "237": 0.0002624243497848511, "238": 0.00028739869594573975, "239": 0.00025801360607147217, "240": 0.00021904706954956055, "241": 0.0002241283655166626, "242": 0.00022560358047485352, "243": 0.00027951598167419434, "244": 0.00021891295909881592, "245": 0.00019310414791107178, "246": 0.00019696354866027832, "247": 0.0002246946096420288, "248": 0.00026650726795196533, "249": 0.00020360946655273438, "250": 0.00016598403453826904, "251": 0.00016473233699798584, "252": 0.0002237558364868164, "253": 0.00014039874076843262, "254": 0.00013689696788787842, "255": 0.00023156404495239258, "256": 0.0001360476016998291, "257": 0.00013284385204315186, "258": 0.00012961030006408691, "259": 0.00012877583503723145, "260": 0.00023224949836730957, "261": 0.0001327618956565857, "262": 0.0001320093870162964, "263": 0.00013191252946853638, "264": 0.000246979296207428, "265": 0.00013266503810882568, "266": 0.0001285448670387268, "267": 0.00012449920177459717, "268": 0.00011942535638809204, "269": 0.0001149401068687439, "270": 0.00011648982763290405, "271": 0.00010636448860168457,