{"0": 998.3068524599075, "1": 0.058665931224823, "2": 0.0010774731636047363, "3": 0.09060710668563843, "4": 0.05886495113372803, "5": 0.03036433458328247, "6": 0.020009160041809082, "7": 0.015327990055084229, "8": 0.012435823678970337, "9": 0.0104103684425354, "10": 0.00887271761894226, "11": 0.007800012826919556, "12": 0.006913542747497559, "13": 0.006174743175506592, "14": 0.005577117204666138, "15": 0.0050871968269348145, "16": 0.0046752989292144775, "17": 0.004306167364120483, "18": 0.004014521837234497, "19": 0.0037343502044677734, "20": 0.00351068377494812, "21": 0.0032875239849090576, "22": 0.0030905306339263916, "23": 0.0029349327087402344, "24": 0.0027972757816314697, "25": 0.0026439428329467773, "26": 0.00253140926361084, "27": 0.002425938844680786, "28": 0.002326488494873047, "29": 0.002224266529083252, "30": 0.0021372437477111816, "31": 0.0020488500595092773, "32": 0.0019789934158325195, "33": 0.0019105076789855957, "34": 0.0018472075462341309, "35": 0.0017805695533752441, "36": 0.0017199516296386719, "37": 0.0016783475875854492, "38": 0.001621156930923462, "39": 0.0015737712383270264, "40": 0.00152665376663208, "41": 0.0014802813529968262, "42": 0.0014448761940002441, "43": 0.0014081001281738281, "44": 0.001372307538986206, "45": 0.001336425542831421, "46": 0.0013029277324676514, "47": 0.0012698471546173096, "48": 0.0012385845184326172, "49": 0.0012063980102539062, "50": 0.0011820495128631592, "51": 0.0011563599109649658, "52": 0.0011292099952697754, "53": 0.0011053085327148438, "54": 0.0010828077793121338, "55": 0.001056969165802002, "56": 0.0010385513305664062, "57": 0.0010163187980651855, "58": 0.0009946227073669434, "59": 0.0009737312793731689, "60": 0.0009506046772003174, "61": 0.0009309053421020508, "62": 0.0009155571460723877, "63": 0.000898897647857666, "64": 0.0008774995803833008, "65": 0.0008656084537506104, "66": 0.0008484125137329102, "67": 0.0008330047130584717, "68": 0.00081595778465271, "69": 0.0007994472980499268, "70": 0.0007846355438232422, "71": 0.0007706582546234131, "72": 0.000757366418838501, "73": 0.0007430613040924072, "74": 0.0007333457469940186, "75": 0.0007191300392150879, "76": 0.0007062554359436035, "77": 0.0006926655769348145, "78": 0.0006797611713409424, "79": 0.000665813684463501, "80": 0.0006531178951263428, "81": 0.0006409883499145508, "82": 0.0006294101476669312, "83": 0.0006202757358551025, "84": 0.0006101727485656738, "85": 0.0006004124879837036, "86": 0.0005896985530853271, "87": 0.0005794167518615723, "88": 0.0005695819854736328, "89": 0.0005606710910797119, "90": 0.0005514770746231079, "91": 0.0005421638488769531, "92": 0.00053367018699646, "93": 0.0005258023738861084, "94": 0.0005198866128921509, "95": 0.0005130618810653687, "96": 0.0005087107419967651, "97": 0.0005041211843490601, "98": 0.0004994720220565796, "99": 0.0004948824644088745, "100": 0.0004914999008178711, "101": 0.0004900246858596802, "102": 0.0004931092262268066, "103": 0.0004956424236297607, "104": 0.0004998892545700073, "105": 0.0005064010620117188, "106": 0.000517040491104126, "107": 0.000547260046005249, "108": 0.0005848407745361328, "109": 0.0006274282932281494, "110": 0.000674322247505188, "111": 0.0007628053426742554, "112": 0.0009002536535263062, "113": 0.0010903775691986084, "114": 0.0015631765127182007, "115": 0.001662030816078186, "116": 0.0015429407358169556, "117": 0.0016093999147415161, "118": 0.0015074759721755981, "119": 0.0015455931425094604, "120": 0.0014830231666564941, "121": 0.0014519095420837402, "122": 0.0014315992593765259, "123": 0.001308336853981018, "124": 0.0013143569231033325, "125": 0.0012486577033996582, "126": 0.0013038218021392822, "127": 0.0012236833572387695, "128": 0.0011921674013137817, "129": 0.001301988959312439, "130": 0.001253962516784668, "131": 0.001216098666191101, "132": 0.0011459290981292725, "133": 0.0012973695993423462, "134": 0.0011468380689620972, "135": 0.0011617094278335571, "136": 0.0011357665061950684, "137": 0.0011000484228134155, "138": 0.0011326372623443604, "139": 0.0010210275650024414, "140": 0.0009672343730926514, "141": 0.0011900067329406738, "142": 0.0010747015476226807, "143": 0.0010430365800857544, "144": 0.001056671142578125, "145": 0.0009952336549758911, "146": 0.0010151267051696777, "147": 0.0009818822145462036, "148": 0.0009702593088150024, "149": 0.0010191798210144043, "150": 0.0009616166353225708, "151": 0.0008536279201507568, "152": 0.001086413860321045, "153": 0.0009070783853530884, "154": 0.0009078234434127808, "155": 0.0009232908487319946, "156": 0.000937730073928833, "157": 0.0008869916200637817, "158": 0.0008546113967895508, "159": 0.0010092705488204956, "160": 0.0010112226009368896, "161": 0.0009422898292541504, "162": 0.0008026808500289917, "163": 0.0010331273078918457, "164": 0.0008287727832794189, "165": 0.0008101612329483032, "166": 0.0010502338409423828, "167": 0.000813603401184082, "168": 0.0007773786783218384, "169": 0.0009086728096008301, "170": 0.0007679611444473267, "171": 0.0008111149072647095, "172": 0.0009029805660247803, "173": 0.000783577561378479, "174": 0.0008212625980377197, "175": 0.0009540915489196777, "176": 0.0007433444261550903, "177": 0.0006817132234573364, "178": 0.0007449835538864136, "179": 0.0006672292947769165, "180": 0.000834926962852478, "181": 0.0006584525108337402, "182": 0.0006425380706787109, "183": 0.0009076148271560669, "184": 0.0006297528743743896, "185": 0.0006268918514251709, "186": 0.0006970912218093872, "187": 0.0006080567836761475, "188": 0.0006015598773956299, "189": 0.0006278306245803833, "190": 0.0005884468555450439, "191": 0.0005813539028167725, "192": 0.0005735903978347778, "193": 0.0007835477590560913, "194": 0.0005621612071990967, "195": 0.00055694580078125, "196": 0.0005430430173873901, "197": 0.0005324035882949829, "198": 0.0005209147930145264, "199": 0.000551179051399231, "200": 0.0005124062299728394, "201": 0.0005009323358535767, "202": 0.0004890710115432739, "203": 0.0007324516773223877, "204": 0.00047782063484191895, "205": 0.00046785175800323486, "206": 0.0004573017358779907, "207": 0.00044929981231689453, "208": 0.0004413127899169922, "209": 0.0004367232322692871, "210": 0.00042973458766937256, "211": 0.0004819333553314209, "212": 0.0004351586103439331, "213": 0.0004238337278366089, "214": 0.0004137307405471802, "215": 0.00040978193283081055, "216": 0.0004031062126159668, "217": 0.0004239976406097412, "218": 0.0005722343921661377, "219": 0.0004209280014038086, "220": 0.00041504204273223877, "221": 0.0005171597003936768, "222": 0.0004345327615737915, "223": 0.0004208683967590332, "224": 0.0004521012306213379, "225": 0.0004471242427825928, "226": 0.0004515647888183594, "227": 0.00044482946395874023, "228": 0.0005214512348175049, "229": 0.0004696846008300781, "230": 0.00042828917503356934, "231": 0.00039508938789367676, "232": 0.0003961920738220215, "233": 0.0003971010446548462, "234": 0.0003768056631088257, "235": 0.0004844069480895996, "236": 0.00040033459663391113, "237": 0.00037254393100738525, "238": 0.0003962218761444092, "239": 0.00033690035343170166, "240": 0.00033174455165863037, "241": 0.0003442317247390747, "242": 0.00032529234886169434, "243": 0.00033961236476898193, "244": 0.0003521144390106201, "245": 0.0003372877836227417, "246": 0.00033167004585266113, "247": 0.0003202706575393677, "248": 0.00030112266540527344, "249": 0.000347137451171875, "250": 0.0003137737512588501, "251": 0.00025041401386260986, "252": 0.0003084242343902588, "253": 0.0002582371234893799, "254": 0.0003019869327545166, "255": 0.00022388994693756104, "256": 0.00021944940090179443, "257": 0.0002170652151107788, "258": 0.00022286176681518555, "259": 0.00020930171012878418, "260": 0.00021304190158843994, "261": 0.00020603835582733154, "262": 0.0003110170364379883, "263": 0.00020512938499450684, "264": 0.00019536912441253662, "265": 0.0001934841275215149, "266": 0.00019124895334243774, "267": 0.00018668174743652344, "268": 0.00020171701908111572, "269": 0.00018183887004852295, "270": 0.00018236786127090454,