{"0": 998.3068526983261, "1": 0.5071301758289337, "2": 0.00017087161540985107, "3": 0.015100017189979553, "4": 0.0043891966342926025, "5": 0.0040803104639053345, "6": 0.0003874152898788452, "7": 0.003033190965652466, "8": 0.00038351118564605713, "9": 0.0004512220621109009, "10": 0.000447005033493042, "11": 0.00040602684020996094, "12": 0.0005459040403366089, "13": 0.000586196780204773, "14": 0.000651434063911438, "15": 0.0005225986242294312, "16": 0.0003757774829864502, "17": 0.00041894614696502686, "18": 0.00031273066997528076, "19": 0.0004158318042755127, "20": 0.0005013346672058105, "21": 0.0004909336566925049, "22": 0.00037282705307006836, "23": 0.00037097930908203125, "24": 0.00030231475830078125, "25": 0.0004868507385253906, "26": 0.0004631727933883667, "27": 0.0004367828369140625, "28": 0.0003644227981567383, "29": 0.0004801154136657715, "30": 0.00039304792881011963, "31": 0.0004492849111557007, "32": 0.0003376901149749756, "33": 0.00037960708141326904, "34": 0.00037032365798950195, "35": 0.0004296302795410156, "36": 0.0003968924283981323, "37": 0.00032463669776916504, "38": 0.0004913955926895142, "39": 0.00041937828063964844, "40": 0.0004955828189849854, "41": 0.0003763437271118164, "42": 0.000513911247253418, "43": 0.0004441589117050171, "44": 0.0003691762685775757, "45": 0.00040175020694732666, "46": 0.00046296417713165283, "47": 0.0005870461463928223, "48": 0.0005687326192855835, "49": 0.0006000995635986328, "50": 0.00043129920959472656, "51": 0.0005738884210586548, "52": 0.0004989206790924072, "53": 0.0004816204309463501, "54": 0.000418737530708313, "55": 0.00026214122772216797, "56": 0.0003147423267364502, "57": 0.00028017163276672363, "58": 0.00026829540729522705, "59": 0.00027541816234588623, "60": 0.0002757459878921509, "61": 0.0003059655427932739, "62": 0.0003477632999420166, "63": 0.0003375709056854248, "64": 0.0002848803997039795, "65": 0.00034108757972717285, "66": 0.0002626478672027588, "67": 0.000231817364692688, "68": 0.00031797587871551514, "69": 0.0003138333559036255, "70": 0.00024484097957611084, "71": 0.0002700984477996826, "72": 0.0002785027027130127, "73": 0.00030569732189178467, "74": 0.0002530813217163086, "75": 0.0002755075693130493, "76": 0.0002624392509460449, "77": 0.0002957284450531006, "78": 0.00028102099895477295, "79": 0.00024512410163879395, "80": 0.000248149037361145, "81": 0.00022926926612854004, "82": 0.00023239850997924805, "83": 0.00020772218704223633, "84": 0.0002094358205795288, "85": 0.00019703805446624756, "86": 0.00019153952598571777, "87": 0.0001347362995147705, "88": 0.0001577436923980713, "89": 0.00018762052059173584, "90": 0.00017404556274414062, "91": 0.00016054511070251465, "92": 0.00015658140182495117, "93": 0.0001474320888519287, "94": 0.0001525282859802246, "95": 0.00015087425708770752, "96": 9.88692045211792e-05, "97": 0.00014594197273254395, "98": 0.00017651915550231934, "99": 0.0001700669527053833, "100": 0.0001658797264099121, "101": 0.00013309717178344727, "102": 0.00011366605758666992, "103": 0.00011563301086425781, "104": 0.00013147294521331787, "105": 0.00011664628982543945, "106": 0.0001112818717956543, "107": 0.00010944902896881104, "108": 0.00010132789611816406, "109": 0.00010474026203155518, "110": 0.0001052170991897583, "111": 0.0001036524772644043, "112": 9.450316429138184e-05, "113": 9.700655937194824e-05, "114": 9.530782699584961e-05, "115": 9.271502494812012e-05, "116": 9.669363498687744e-05, "117": 8.751451969146729e-05, "118": 9.393692016601562e-05, "119": 8.86768102645874e-05, "120": 9.062886238098145e-05, "121": 8.781999349594116e-05, "122": 9.028613567352295e-05, "123": 8.682906627655029e-05, "124": 8.814036846160889e-05, "125": 8.518248796463013e-05, "126": 8.283555507659912e-05, "127": 8.028745651245117e-05, "128": 8.012354373931885e-05, "129": 5.955994129180908e-05, "130": 5.482137203216553e-05, "131": 5.926191806793213e-05, "132": 5.798041820526123e-05, "133": 5.9120357036590576e-05, "134": 5.8807432651519775e-05, "135": 5.782395601272583e-05, "136": 5.770474672317505e-05, "137": 6.0908496379852295e-05, "138": 5.5477023124694824e-05, "139": 4.1775405406951904e-05, "140": 5.0440430641174316e-05, "141": 5.214661359786987e-05, "142": 5.43743371963501e-05, "143": 5.0395727157592773e-05, "144": 3.752857446670532e-05, "145": 3.6269426345825195e-05, "146": 3.238022327423096e-05, "147": 3.0994415283203125e-05, "148": 2.753734588623047e-05, "149": 2.7686357498168945e-05, "150": 2.9161572456359863e-05, "151": 2.8818845748901367e-05, "152": 1.9341707229614258e-05, "153": 2.1941959857940674e-05, "154": 1.9900500774383545e-05, "155": 2.969801425933838e-05, "156": 1.9155442714691162e-05, "157": 1.9513070583343506e-05, "158": 2.602487802505493e-05, "159": 2.635270357131958e-05, "160": 2.088397741317749e-05, "161": 1.8715858459472656e-05, "162": 2.031773328781128e-05, "163": 1.8849968910217285e-05, "164": 1.8849968910217285e-05, "165": 1.7181038856506348e-05, "166": 2.0265579223632812e-05, "167": 2.7298927307128906e-05, "168": 3.151595592498779e-05, "169": 2.000480890274048e-05, "170": 2.197176218032837e-05, "171": 1.8678605556488037e-05, "172": 3.0308961868286133e-05, "173": 1.8067657947540283e-05, "174": 2.508610486984253e-05, "175": 2.0056962966918945e-05, "176": 2.0138919353485107e-05, "177": 1.955777406692505e-05, "178": 1.9155442714691162e-05, "179": 1.8730759620666504e-05, "180": 1.8134713172912598e-05, "181": 1.835078001022339e-05, "182": 1.7337501049041748e-05, "183": 2.4750828742980957e-05, "184": 2.1785497665405273e-05, "185": 1.4483928680419922e-05, "186": 2.7105212211608887e-05, "187": 1.6927719116210938e-05, "188": 1.7337501049041748e-05, "189": 1.6637146472930908e-05, "190": 1.833587884902954e-05, "191": 1.6286969184875488e-05, "192": 2.454221248626709e-05, "193": 1.5892088413238525e-05, "194": 1.558661460876465e-05, "195": 1.5437602996826172e-05, "196": 2.0757317543029785e-05, "197": 1.5057623386383057e-05, "198": 1.648813486099243e-05, "199": 1.4707446098327637e-05, "200": 2.1979212760925293e-05, "201": 1.4275312423706055e-05, "202": 1.3820827007293701e-05, "203": 1.376122236251831e-05, "204": 2.2396445274353027e-05, "205": 1.35079026222229e-05, "206": 1.2986361980438232e-05, "207": 1.3232231140136719e-05, "208": 1.2785196304321289e-05, "209": 1.3336539268493652e-05, "210": 1.255422830581665e-05, "211": 1.3552606105804443e-05, "212": 1.2174248695373535e-05, "213": 2.0131468772888184e-05, "214": 1.1481344699859619e-05, "215": 1.1138617992401123e-05, "216": 1.16005539894104e-05, "217": 1.1242926120758057e-05, "218": 1.4215707778930664e-05, "219": 1.0952353477478027e-05, "220": 1.3127923011779785e-05, "221": 1.068413257598877e-05, "222": 1.0453164577484131e-05, "223": 1.0341405868530273e-05, "224": 1.0214745998382568e-05, "225": 1.0207295417785645e-05, "226": 9.88692045211792e-06, "227": 1.0751187801361084e-05, "228": 9.611248970031738e-06, "229": 1.265108585357666e-05, "230": 8.940696716308594e-06, "231": 8.650124073028564e-06, "232": 8.560717105865479e-06, "233": 1.2986361980438232e-05, "234": 8.188188076019287e-06, "235": 8.925795555114746e-06, "236": 6.794929504394531e-06, "237": 2.1010637283325195e-06, "238": 2.3245811462402344e-06, "239": 1.862645149230957e-06, "240": 1.2069940567016602e-06, "241": 1.1622905731201172e-06, "242": 1.1175870895385742e-06, "243": 1.0505318641662598e-06, "244": 1.0505318641662598e-06, "245": 1.043081283569336e-06, "246": 1.1026859283447266e-06, "247": 9.238719940185547e-07}