{"0": 0.6931473016738892, "1": 0.18601712584495544, "2": 0.1858462542295456, "3": 0.17074623703956604, "4": 0.16635704040527344, "5": 0.1622767299413681, "6": 0.16188931465148926, "7": 0.1588561236858368, "8": 0.15847261250019073, "9": 0.15802139043807983, "10": 0.1575743854045868, "11": 0.15716835856437683, "12": 0.15662245452404022, "13": 0.15603625774383545, "14": 0.155384823679924, "15": 0.15486222505569458, "16": 0.15448644757270813, "17": 0.1540675014257431, "18": 0.15375477075576782, "19": 0.1533389389514923, "20": 0.1528376042842865, "21": 0.152346670627594, "22": 0.15197384357452393, "23": 0.1516028642654419, "24": 0.1513005495071411, "25": 0.15081369876861572, "26": 0.15035052597522736, "27": 0.1499137431383133, "28": 0.14954932034015656, "29": 0.14906920492649078, "30": 0.14867615699768066, "31": 0.14822687208652496, "32": 0.14788918197155, "33": 0.14750957489013672, "34": 0.14713925123214722, "35": 0.1467096209526062, "36": 0.14631272852420807, "37": 0.1459880918264389, "38": 0.1454966962337494, "39": 0.14507731795310974, "40": 0.14458173513412476, "41": 0.14420539140701294, "42": 0.14369148015975952, "43": 0.1432473212480545, "44": 0.14287814497947693, "45": 0.1424763947725296, "46": 0.14201343059539795, "47": 0.14142638444900513, "48": 0.14085765182971954, "49": 0.1402575522661209, "50": 0.13982625305652618, "51": 0.13925236463546753, "52": 0.13875344395637512, "53": 0.13827182352542877, "54": 0.13785308599472046, "55": 0.1375909447669983, "56": 0.13727620244026184, "57": 0.13699603080749512, "58": 0.1367277354001999, "59": 0.136452317237854, "60": 0.13617657124996185, "61": 0.13587060570716858, "62": 0.13552284240722656, "63": 0.13518527150154114, "64": 0.13490039110183716, "65": 0.13455930352210999, "66": 0.13429665565490723, "67": 0.13406483829021454, "68": 0.13374686241149902, "69": 0.1334330290555954, "70": 0.1331881880760193, "71": 0.1329180896282196, "72": 0.1326395869255066, "73": 0.1323338896036148, "74": 0.1320808082818985, "75": 0.13180530071258545, "76": 0.1315428614616394, "77": 0.1312471330165863, "78": 0.13096611201763153, "79": 0.13072098791599274, "80": 0.1304728388786316, "81": 0.13024356961250305, "82": 0.1300111711025238, "83": 0.12980344891548157, "84": 0.12959401309490204, "85": 0.1293969750404358, "86": 0.12920543551445007, "87": 0.1290706992149353, "88": 0.12891295552253723, "89": 0.1287253350019455, "90": 0.12855128943920135, "91": 0.12839074432849884, "92": 0.1282341629266739, "93": 0.12808673083782196, "94": 0.12793420255184174, "95": 0.12778332829475403, "96": 0.12768445909023285, "97": 0.1275385171175003, "98": 0.12736199796199799, "99": 0.1271919310092926, "100": 0.1270260512828827, "101": 0.12689295411109924, "102": 0.12677928805351257, "103": 0.12666365504264832, "104": 0.126532182097435, "105": 0.12641553580760956, "106": 0.1263042539358139, "107": 0.1261948049068451, "108": 0.12609347701072693, "109": 0.12598873674869537, "110": 0.12588351964950562, "111": 0.1257798671722412, "112": 0.12568536400794983, "113": 0.12558835744857788, "114": 0.12549304962158203, "115": 0.1254003345966339, "116": 0.12530364096164703, "117": 0.12521612644195557, "118": 0.12512218952178955, "119": 0.12503351271152496, "120": 0.12494288384914398, "121": 0.12485506385564804, "122": 0.12476477771997452, "123": 0.12467794865369797, "124": 0.12458980828523636, "125": 0.12450462579727173, "126": 0.12442179024219513, "127": 0.12434150278568268, "128": 0.12426137924194336, "129": 0.12420181930065155, "130": 0.12414699792861938, "131": 0.12408773601055145, "132": 0.12402975559234619, "133": 0.1239706352353096, "134": 0.12391182780265808, "135": 0.12385400384664536, "136": 0.12379629909992218, "137": 0.12373539060354233, "138": 0.12367991358041763, "139": 0.12363813817501068, "140": 0.1235876977443695, "141": 0.12353555113077164, "142": 0.12348117679357529, "143": 0.1234307810664177, "144": 0.12339325249195099, "145": 0.12335698306560516, "146": 0.12332460284233093, "147": 0.12329360842704773, "148": 0.1232660710811615, "149": 0.12323838472366333, "150": 0.12320922315120697, "151": 0.12318040430545807, "152": 0.12316106259822845, "153": 0.12313912063837051, "154": 0.12311922013759613, "155": 0.12308952212333679, "156": 0.1230703666806221, "157": 0.12305085361003876, "158": 0.1230248287320137, "159": 0.12299847602844238, "160": 0.1229775920510292, "161": 0.12295887619256973, "162": 0.12293855845928192, "163": 0.1229197084903717, "164": 0.12290085852146149, "165": 0.12288367748260498, "166": 0.12286341190338135, "167": 0.12283611297607422, "168": 0.12280459702014923, "169": 0.12278459221124649, "170": 0.12276262044906616, "171": 0.12274394184350967, "172": 0.12271363288164139, "173": 0.12269556522369385, "174": 0.122670479118824, "175": 0.12265042215585709, "176": 0.1226302832365036, "177": 0.12261072546243668, "178": 0.12259157001972198, "179": 0.12257283926010132, "180": 0.1225547045469284, "181": 0.12253635376691818, "182": 0.12251901626586914, "183": 0.12249426543712616, "184": 0.12247247993946075, "185": 0.12245799601078033, "186": 0.12243089079856873, "187": 0.12241396307945251, "188": 0.12239662557840347, "189": 0.12237998843193054, "190": 0.12236165255308151, "191": 0.12234536558389664, "192": 0.12232082337141037, "193": 0.12230493128299713, "194": 0.12228934466838837, "195": 0.12227390706539154, "196": 0.12225314974784851, "197": 0.12223809212446213, "198": 0.12222160398960114, "199": 0.12220689654350281, "200": 0.12218491733074188, "201": 0.12217064201831818, "202": 0.12215682119131088, "203": 0.12214305996894836, "204": 0.12212066352367401, "205": 0.12210715562105179, "206": 0.12209416925907135, "207": 0.12208093702793121, "208": 0.12206815183162689, "209": 0.1220548152923584, "210": 0.12204226106405258, "211": 0.12202870845794678, "212": 0.1220165342092514, "213": 0.12199640274047852, "214": 0.12198492139577866, "215": 0.12197378277778625, "216": 0.12196218222379684, "217": 0.12195093929767609, "218": 0.12193672358989716, "219": 0.12192577123641968, "220": 0.1219126433134079, "221": 0.12190195918083191, "222": 0.12189150601625443, "223": 0.1218811646103859, "224": 0.12187094986438751, "225": 0.12186074256896973, "226": 0.12185085564851761, "227": 0.12184010446071625, "228": 0.12183049321174622, "229": 0.12181784212589264, "230": 0.12180890142917633, "231": 0.1218002513051033, "232": 0.12179169058799744, "233": 0.121778704226017, "234": 0.12177051603794098, "235": 0.12176159024238586, "236": 0.12175479531288147, "237": 0.12175269424915314, "238": 0.1217503696680069, "239": 0.12174850702285767, "240": 0.12174730002880096, "241": 0.12174613773822784, "242": 0.1217450201511383, "243": 0.12174396961927414, "244": 0.12174291908740997, "245": 0.1217418760061264, "246": 0.12174077332019806, "247": 0.12173984944820404}