{"B": 0.006812920690579613, "CD4_T": 0.0010000000000000002, "CD8_T": 0.004641588833612781, "DC": 0.0010000000000000002, "Mono": 0.006812920690579613, "NK": 0.004641588833612781, "other": 0.003162277660168382, "other_T": 0.0010000000000000002}