{"0": 0.6931474208831787, "1": 0.4684489369392395, "2": 0.46840226650238037, "3": 0.4682183265686035, "4": 0.4679044187068939, "5": 0.46748194098472595, "6": 0.4670049548149109, "7": 0.4665012061595917, "8": 0.46598711609840393, "9": 0.4654775857925415, "10": 0.4649566113948822, "11": 0.46443384885787964, "12": 0.46391332149505615, "13": 0.4633817970752716, "14": 0.4628250002861023, "15": 0.46228960156440735, "16": 0.4617657959461212, "17": 0.4611104428768158, "18": 0.4603394567966461, "19": 0.4594642221927643, "20": 0.4585173726081848, "21": 0.45748135447502136, "22": 0.45636430382728577, "23": 0.4551549553871155, "24": 0.4538547396659851, "25": 0.45252424478530884, "26": 0.4510609805583954, "27": 0.44930127263069153, "28": 0.4471009075641632, "29": 0.44436779618263245, "30": 0.441275954246521, "31": 0.4384147822856903, "32": 0.43505409359931946, "33": 0.43194642663002014, "34": 0.4288422167301178, "35": 0.42575573921203613, "36": 0.4226635992527008, "37": 0.4195743203163147, "38": 0.4165761172771454, "39": 0.41353878378868103, "40": 0.4105609059333801, "41": 0.4074956476688385, "42": 0.40458446741104126, "43": 0.40156006813049316, "44": 0.3987123668193817, "45": 0.39590585231781006, "46": 0.3931921124458313, "47": 0.3904922306537628, "48": 0.3878394663333893, "49": 0.3852159380912781, "50": 0.3826528787612915, "51": 0.38011014461517334, "52": 0.37761491537094116, "53": 0.3751162588596344, "54": 0.3726370632648468, "55": 0.3702051639556885, "56": 0.36782217025756836, "57": 0.36547935009002686, "58": 0.36318087577819824, "59": 0.3609100878238678, "60": 0.3586800694465637, "61": 0.35648003220558167, "62": 0.3543128967285156, "63": 0.3521786630153656, "64": 0.35005638003349304, "65": 0.34795960783958435, "66": 0.34588995575904846, "67": 0.34384486079216003, "68": 0.3418332636356354, "69": 0.33985549211502075, "70": 0.3379047214984894, "71": 0.3360039293766022, "72": 0.3341085612773895, "73": 0.3322611451148987, "74": 0.3303886651992798, "75": 0.32857242226600647, "76": 0.3267691135406494, "77": 0.3249867856502533, "78": 0.32324784994125366, "79": 0.3214992880821228, "80": 0.3198132812976837, "81": 0.31812113523483276, "82": 0.31648507714271545, "83": 0.31485551595687866, "84": 0.3132685720920563, "85": 0.31167909502983093, "86": 0.3101266026496887, "87": 0.3085971176624298, "88": 0.30705389380455017, "89": 0.3055676519870758, "90": 0.3040509521961212, "91": 0.30259931087493896, "92": 0.3011453449726105, "93": 0.29970782995224, "94": 0.2982989251613617, "95": 0.29689493775367737, "96": 0.29551395773887634, "97": 0.294146865606308, "98": 0.2928205728530884, "99": 0.29148155450820923, "100": 0.29019296169281006, "101": 0.2888755798339844, "102": 0.287606418132782, "103": 0.28634390234947205, "104": 0.2850944399833679, "105": 0.28387194871902466, "106": 0.2826530933380127, "107": 0.28144699335098267, "108": 0.28025496006011963, "109": 0.2790691554546356, "110": 0.27789774537086487, "111": 0.2767334282398224, "112": 0.2755800187587738, "113": 0.2744453549385071, "114": 0.2733238935470581, "115": 0.2722059488296509, "116": 0.2711103856563568, "117": 0.27001693844795227, "118": 0.26894134283065796, "119": 0.26787620782852173, "120": 0.2668120861053467, "121": 0.265763521194458, "122": 0.2647145092487335, "123": 0.26368477940559387, "124": 0.262693852186203, "125": 0.2617048919200897, "126": 0.26073572039604187, "127": 0.259765088558197, "128": 0.25881829857826233, "129": 0.25786811113357544, "130": 0.2569422721862793, "131": 0.25601041316986084, "132": 0.2550915479660034, "133": 0.25419560074806213, "134": 0.25328776240348816, "135": 0.2524227201938629, "136": 0.25158703327178955, "137": 0.2507343292236328, "138": 0.24991148710250854, "139": 0.2490813285112381, "140": 0.24826528131961823, "141": 0.24745702743530273, "142": 0.24665871262550354, "143": 0.24585571885108948, "144": 0.2450874298810959, "145": 0.2443011999130249, "146": 0.24354928731918335, "147": 0.2428264617919922, "148": 0.2420438528060913, "149": 0.2413468211889267, "150": 0.24066588282585144, "151": 0.23985746502876282, "152": 0.23918546736240387, "153": 0.23852907121181488, "154": 0.2377796769142151, "155": 0.23700715601444244, "156": 0.23630940914154053, "157": 0.23564644157886505, "158": 0.23499685525894165, "159": 0.23428314924240112, "160": 0.2336646169424057, "161": 0.23307470977306366, "162": 0.2323945164680481, "163": 0.23180325329303741, "164": 0.23109906911849976, "165": 0.23051534593105316, "166": 0.229939267039299, "167": 0.22927987575531006, "168": 0.22871646285057068, "169": 0.22820132970809937, "170": 0.22758033871650696, "171": 0.22700804471969604, "172": 0.2264777272939682, "173": 0.22594311833381653, "174": 0.2254263311624527, "175": 0.2249404788017273, "176": 0.22444015741348267, "177": 0.22386492788791656, "178": 0.22336862981319427, "179": 0.22290217876434326, "180": 0.22245430946350098, "181": 0.22195294499397278, "182": 0.22150543332099915, "183": 0.22106732428073883, "184": 0.22054316103458405, "185": 0.22009286284446716, "186": 0.21963535249233246, "187": 0.21918654441833496, "188": 0.21873575448989868, "189": 0.21823494136333466, "190": 0.21785975992679596, "191": 0.21750037372112274, "192": 0.21714597940444946, "193": 0.21676811575889587, "194": 0.2163136601448059, "195": 0.21596157550811768, "196": 0.21561318635940552, "197": 0.21514910459518433, "198": 0.21475715935230255, "199": 0.21431857347488403, "200": 0.21389329433441162, "201": 0.21354855597019196, "202": 0.21322481334209442, "203": 0.2129117250442505, "204": 0.21260343492031097, "205": 0.2122974395751953, "206": 0.21195220947265625, "207": 0.21164995431900024, "208": 0.21134330332279205, "209": 0.2109549343585968, "210": 0.21066123247146606, "211": 0.21037332713603973, "212": 0.21008121967315674, "213": 0.20978999137878418, "214": 0.20947134494781494, "215": 0.2091161012649536, "216": 0.20876950025558472, "217": 0.2084796279668808, "218": 0.20822253823280334, "219": 0.20796817541122437, "220": 0.20771756768226624, "221": 0.20746615529060364, "222": 0.20720842480659485, "223": 0.2069624960422516, "224": 0.2066614180803299, "225": 0.2064257264137268, "226": 0.20619982481002808, "227": 0.20597411692142487, "228": 0.2057558298110962, "229": 0.2055300772190094, "230": 0.20517104864120483, "231": 0.20496541261672974, "232": 0.2047673761844635, "233": 0.204568549990654, "234": 0.20437338948249817, "235": 0.20411747694015503, "236": 0.20392467081546783, "237": 0.2037343978881836, "238": 0.20354394614696503, "239": 0.20335008203983307, "240": 0.2031441479921341, "241": 0.20297318696975708, "242": 0.20278404653072357, "243": 0.2026134729385376, "244": 0.2024235725402832, "245": 0.20226982235908508, "246": 0.2021196335554123, "247": 0.20196817815303802, "248": 0.20182205736637115, "249": 0.20167462527751923, "250": 0.20152930915355682, "251": 0.20138633251190186, "252": 0.2012253999710083, "253": 0.20108559727668762, "254": 0.20093277096748352, "255": 0.2007983773946762, "256": 0.20064884424209595, "257": 0.20051707327365875, "258": 0.20038071274757385, "259": 0.20025044679641724, "260": 0.20010842382907867, "261": 0.19996502995491028, "262": 0.19983705878257751, "263": 0.19966720044612885, "264": 0.19952794909477234, "265": 0.19938375055789948, "266": 0.19923707842826843, "267": 0.1990681141614914, "268": 0.19893230497837067, "269": 0.19880826771259308, "270": 0.19864696264266968, "271": 0.1985250562429428, "272": 0.19840487837791443, "273": 0.19828471541404724, "274": 0.19814828038215637, "275": 0.1980312168598175, "276": 0.19791561365127563, "277": 0.1978011578321457, "278": 0.19768859446048737, "279": 0.19756615161895752, "280": 0.1974560171365738, "281": 0.19734790921211243, "282": 0.19722221791744232, "283": 0.19711486995220184, "284": 0.1970089077949524, "285": 0.1968967318534851, "286": 0.19679312407970428, "287": 0.1966906040906906, "288": 0.19657070934772491, "289": 0.19647245109081268, "290": 0.19637639820575714, "291": 0.1962800920009613, "292": 0.19618530571460724, "293": 0.1960880160331726,