{"0": 998.3068525791168, "1": 0.5484482198953629, "2": 0.0006691217422485352, "3": 0.0016842037439346313, "4": 0.001858249306678772, "5": 0.0020206421613693237, "6": 0.002012282609939575, "7": 0.0019341111183166504, "8": 0.0018557459115982056, "9": 0.0017557144165039062, "10": 0.0016701817512512207, "11": 0.0015850663185119629, "12": 0.0015354305505752563, "13": 0.0014815255999565125, "14": 0.001421026885509491, "15": 0.0013723671436309814, "16": 0.0013395622372627258, "17": 0.0012864619493484497, "18": 0.0012234970927238464, "19": 0.0011624693870544434, "20": 0.0011104196310043335, "21": 0.0010624304413795471, "22": 0.0010397806763648987, "23": 0.001033291220664978, "24": 0.001013629138469696, "25": 0.001008443534374237, "26": 0.0010012686252593994, "27": 0.0009848028421401978, "28": 0.0009710639715194702, "29": 0.0009663477540016174, "30": 0.0009451508522033691, "31": 0.0009354725480079651, "32": 0.0009286254644393921, "33": 0.0009196847677230835, "34": 0.0009068027138710022, "35": 0.0008917078375816345, "36": 0.0008811727166175842, "37": 0.0008741915225982666, "38": 0.0008686110377311707, "39": 0.0008634850382804871, "40": 0.0008586868643760681, "41": 0.0008518025279045105, "42": 0.0008398666977882385, "43": 0.0008207112550735474, "44": 0.0008055269718170166, "45": 0.0007866024971008301, "46": 0.000780746340751648, "47": 0.0007772818207740784, "48": 0.0007741153240203857, "49": 0.00076284259557724, "50": 0.0007513836026191711, "51": 0.0007442384958267212, "52": 0.0007321015000343323, "53": 0.0007207542657852173, "54": 0.0007091164588928223, "55": 0.0006971806287765503, "56": 0.0006809458136558533, "57": 0.0006724372506141663, "58": 0.000661797821521759, "59": 0.000655151903629303, "60": 0.0006543844938278198, "61": 0.000651046633720398, "62": 0.000646546483039856, "63": 0.0006448179483413696, "64": 0.0006409585475921631, "65": 0.0006307512521743774, "66": 0.0006168410181999207, "67": 0.0006081536412239075, "68": 0.0005940049886703491, "69": 0.0005928799510002136, "70": 0.0005845576524734497, "71": 0.0005762651562690735, "72": 0.0005735307931900024, "73": 0.0005748122930526733, "74": 0.0005733221769332886, "75": 0.0005674511194229126, "76": 0.0005665794014930725, "77": 0.0005607828497886658, "78": 0.0005537047982215881, "79": 0.0005497410893440247, "80": 0.0005394443869590759, "81": 0.0005302876234054565, "82": 0.0005258843302726746, "83": 0.0005197972059249878, "84": 0.0005197077989578247, "85": 0.0005214810371398926, "86": 0.0005240067839622498, "87": 0.0005256384611129761, "88": 0.0005276575684547424, "89": 0.0005210787057876587, "90": 0.0005143657326698303, "91": 0.0005030855536460876, "92": 0.0004865601658821106, "93": 0.0004649832844734192, "94": 0.00045418739318847656, "95": 0.00045347586274147034, "96": 0.0004496648907661438, "97": 0.00044247880578041077, "98": 0.0004313439130783081, "99": 0.00042516738176345825, "100": 0.0004206635057926178, "101": 0.0004141218960285187, "102": 0.0004059113562107086, "103": 0.0003900490701198578, "104": 0.0003853999078273773, "105": 0.000380687415599823, "106": 0.000376824289560318, "107": 0.0003738291561603546, "108": 0.00037253648042678833, "109": 0.0003692246973514557, "110": 0.0003660544753074646, "111": 0.00036288052797317505, "112": 0.00035513564944267273, "113": 0.0003543160855770111, "114": 0.00035356730222702026, "115": 0.00035362690687179565, "116": 0.0003550723195075989, "117": 0.0003567636013031006, "118": 0.0003525391221046448, "119": 0.0003460124135017395, "120": 0.0003467053174972534, "121": 0.0003456994891166687, "122": 0.000340532511472702, "123": 0.00033866986632347107, "124": 0.00033431127667427063, "125": 0.00033256039023399353, "126": 0.00033368542790412903, "127": 0.00033074989914894104, "128": 0.00032605230808258057, "129": 0.0003285929560661316, "130": 0.000328749418258667, "131": 0.00032690539956092834, "132": 0.0003193095326423645, "133": 0.00030814483761787415, "134": 0.0003024563193321228, "135": 0.000296272337436676, "136": 0.0002914033830165863, "137": 0.0002745799720287323, "138": 0.0002708248794078827, "139": 0.0002676732838153839, "140": 0.0002632066607475281, "141": 0.0002621859312057495, "142": 0.0002580508589744568, "143": 0.0002515353262424469, "144": 0.0002434365451335907, "145": 0.0002372637391090393, "146": 0.00023349374532699585, "147": 0.0002312101423740387, "148": 0.0002326183021068573, "149": 0.00023289769887924194, "150": 0.0002344660460948944, "151": 0.00023422762751579285, "152": 0.00022225826978683472, "153": 0.00021390989422798157, "154": 0.00021080300211906433, "155": 0.00020869821310043335, "156": 0.00020923465490341187, "157": 0.00021120533347129822, "158": 0.0002128109335899353, "159": 0.00021264329552650452, "160": 0.00021336227655410767, "161": 0.00021025165915489197, "162": 0.00020376965403556824, "163": 0.00020319223403930664, "164": 0.00019748881459236145, "165": 0.00019745901226997375, "166": 0.00019302219152450562, "167": 0.00019147992134094238, "168": 0.0001899227499961853, "169": 0.00018977001309394836, "170": 0.000191468745470047, "171": 0.00018893182277679443, "172": 0.0001881718635559082, "173": 0.0001849159598350525, "174": 0.000179976224899292, "175": 0.00017640739679336548, "176": 0.00016991794109344482, "177": 0.00016622990369796753, "178": 0.00016182661056518555, "179": 0.00016286969184875488, "180": 0.0001642666757106781, "181": 0.00016444548964500427, "182": 0.00015769526362419128, "183": 0.0001490376889705658, "184": 0.00014734268188476562, "185": 0.00014496594667434692, "186": 0.00014550238847732544, "187": 0.00014591217041015625, "188": 0.00014480948448181152, "189": 0.00014434754848480225, "190": 0.0001408308744430542, "191": 0.00013567134737968445, "192": 0.00013166293501853943, "193": 0.00013110041618347168, "194": 0.00012879446148872375, "195": 0.0001292489469051361, "196": 0.0001266971230506897, "197": 0.00012504681944847107, "198": 0.00012397393584251404, "199": 0.00012280791997909546, "200": 0.00012429803609848022, "201": 0.000125933438539505, "202": 0.00012581795454025269, "203": 0.00012554600834846497, "204": 0.00012749060988426208, "205": 0.00012972205877304077, "206": 0.00012908130884170532, "207": 0.00012706592679023743, "208": 0.00012350454926490784, "209": 0.00012755021452903748, "210": 0.00013052672147750854, "211": 0.00012625008821487427, "212": 0.00012290850281715393, "213": 0.00012279674410820007, "214": 0.0001200549304485321, "215": 0.00011724606156349182, "216": 0.00011639297008514404, "217": 0.00011212751269340515, "218": 0.00010569766163825989, "219": 0.00010376051068305969, "220": 0.00010200962424278259, "221": 0.00010264292359352112, "222": 0.00010475516319274902, "223": 0.00010153651237487793, "224": 9.94950532913208e-05, "225": 0.00010109692811965942, "226": 0.00010308995842933655, "227": 0.000100698322057724, "228": 9.966269135475159e-05, "229": 0.00010055303573608398, "230": 9.585916996002197e-05, "231": 9.323656558990479e-05, "232": 8.864700794219971e-05, "233": 8.835271000862122e-05, "234": 8.199363946914673e-05, "235": 7.520988583564758e-05, "236": 7.402896881103516e-05, "237": 7.253512740135193e-05, "238": 7.39656388759613e-05, "239": 7.455050945281982e-05, "240": 7.634982466697693e-05, "241": 7.725134491920471e-05, "242": 7.502362132072449e-05, "243": 7.283687591552734e-05, "244": 7.2527676820755e-05, "245": 6.653741002082825e-05, "246": 6.458349525928497e-05, "247": 6.758980453014374e-05, "248": 6.831809878349304e-05, "249": 5.7466328144073486e-05, "250": 5.807727575302124e-05, "251": 6.041675806045532e-05, "252": 6.092153489589691e-05, "253": 6.124377250671387e-05, "254": 6.542354822158813e-05, "255": 6.663613021373749e-05, "256": 7.155351340770721e-05, "257": 7.886253297328949e-05, "258": 7.903575897216797e-05, "259": 8.682906627655029e-05, "260": 0.00010054931044578552, "261": 0.00011124648153781891, "262": 0.00010051392018795013, "263": 9.856186807155609e-05, "264": 0.0001079663634300232, "265": 0.00010421685874462128, "266": 0.00011513754725456238, "267": 0.00011862069368362427,