{"0": 998.3068525791168, "1": 0.5217351317405701, "2": 0.0006590485572814941, "3": 0.0017173588275909424, "4": 0.0021831393241882324, "5": 0.0025757700204849243, "6": 0.0027893781661987305, "7": 0.0027728676795959473, "8": 0.002627447247505188, "9": 0.002371549606323242, "10": 0.002107590436935425, "11": 0.0018692165613174438, "12": 0.001782923936843872, "13": 0.0016769617795944214, "14": 0.0015744268894195557, "15": 0.0014653503894805908, "16": 0.0013931244611740112, "17": 0.001342862844467163, "18": 0.0012594908475875854, "19": 0.0011775195598602295, "20": 0.0011129677295684814, "21": 0.0010734498500823975, "22": 0.0010170787572860718, "23": 0.0009857863187789917, "24": 0.0009596198797225952, "25": 0.0009500235319137573, "26": 0.000943109393119812, "27": 0.0009344220161437988, "28": 0.0009225308895111084, "29": 0.0009177178144454956, "30": 0.0009123086929321289, "31": 0.0009042620658874512, "32": 0.0008988678455352783, "33": 0.0008825808763504028, "34": 0.0008474290370941162, "35": 0.0008194372057914734, "36": 0.0008128061890602112, "37": 0.0008087903261184692, "38": 0.000803135335445404, "39": 0.0008007809519767761, "40": 0.000796005129814148, "41": 0.0007902085781097412, "42": 0.0007832497358322144, "43": 0.0007669925689697266, "44": 0.0007425174117088318, "45": 0.0007234960794448853, "46": 0.0007207766175270081, "47": 0.0007227137684822083, "48": 0.0007238015532493591, "49": 0.0007226467132568359, "50": 0.0007232651114463806, "51": 0.0007156208157539368, "52": 0.0007023587822914124, "53": 0.0006985291838645935, "54": 0.0006831884384155273, "55": 0.0006813555955886841, "56": 0.000681661069393158, "57": 0.0006803274154663086, "58": 0.0006687119603157043, "59": 0.000657886266708374, "60": 0.0006510764360427856, "61": 0.0006485357880592346, "62": 0.0006477683782577515, "63": 0.0006426051259040833, "64": 0.000645756721496582, "65": 0.0006470829248428345, "66": 0.0006490349769592285, "67": 0.0006438493728637695, "68": 0.0006260946393013, "69": 0.0006116107106208801, "70": 0.0005873292684555054, "71": 0.0005601346492767334, "72": 0.0005566924810409546, "73": 0.0005563497543334961, "74": 0.0005583763122558594, "75": 0.0005604922771453857, "76": 0.0005535110831260681, "77": 0.0005458369851112366, "78": 0.0005442649126052856, "79": 0.0005402043461799622, "80": 0.0005235299468040466, "81": 0.0005094334483146667, "82": 0.000497959554195404, "83": 0.0004975944757461548, "84": 0.0005022808909416199, "85": 0.0005004554986953735, "86": 0.0004941597580909729, "87": 0.00046813488006591797, "88": 0.0004563331604003906, "89": 0.00045708566904067993, "90": 0.00045193731784820557, "91": 0.0004399791359901428, "92": 0.0004417598247528076, "93": 0.0004452243447303772, "94": 0.00044035911560058594, "95": 0.00042948871850967407, "96": 0.0004208609461784363, "97": 0.00041440874338150024, "98": 0.00040809810161590576, "99": 0.00040356069803237915, "100": 0.0003866925835609436, "101": 0.0003826916217803955, "102": 0.00038821250200271606, "103": 0.0003927573561668396, "104": 0.0003925114870071411, "105": 0.00039330869913101196, "106": 0.00039102882146835327, "107": 0.00039140135049819946, "108": 0.0003795623779296875, "109": 0.0003611445426940918, "110": 0.0003553032875061035, "111": 0.00035665184259414673, "112": 0.00035591423511505127, "113": 0.0003613308072090149, "114": 0.00035715848207473755, "115": 0.0003561079502105713, "116": 0.00034690648317337036, "117": 0.00033952295780181885, "118": 0.00033777207136154175, "119": 0.0003290101885795593, "120": 0.00033139437437057495, "121": 0.0003339499235153198, "122": 0.00033345818519592285, "123": 0.0003288835287094116, "124": 0.0003251805901527405, "125": 0.00032319873571395874, "126": 0.00030957162380218506, "127": 0.00029246509075164795, "128": 0.00027989596128463745, "129": 0.0002785027027130127, "130": 0.0002698153257369995, "131": 0.0002597197890281677, "132": 0.00025516748428344727, "133": 0.00025519728660583496, "134": 0.0002528727054595947, "135": 0.0002520531415939331, "136": 0.0002493560314178467, "137": 0.00024583935737609863, "138": 0.00023755431175231934, "139": 0.00023633241653442383, "140": 0.00023536384105682373, "141": 0.00023958086967468262, "142": 0.0002463608980178833, "143": 0.00024994462728500366, "144": 0.00024211406707763672, "145": 0.0002221614122390747, "146": 0.00022394955158233643, "147": 0.00021955370903015137, "148": 0.0002175644040107727, "149": 0.00021742284297943115, "150": 0.00020594149827957153, "151": 0.00019956380128860474, "152": 0.00019434094429016113, "153": 0.00019364804029464722, "154": 0.0001893937587738037, "155": 0.00019281357526779175, "156": 0.00019592046737670898, "157": 0.00019694119691848755, "158": 0.00019263476133346558, "159": 0.00017827004194259644, "160": 0.00017626583576202393, "161": 0.00017721205949783325, "162": 0.00017693638801574707, "163": 0.0001642182469367981, "164": 0.0001498088240623474, "165": 0.000147208571434021, "166": 0.0001473650336265564, "167": 0.00014134496450424194, "168": 0.00013953447341918945, "169": 0.00014030933380126953, "170": 0.00014338642358779907, "171": 0.00014188140630722046, "172": 0.0001341402530670166, "173": 0.00013086199760437012, "174": 0.0001271367073059082, "175": 0.0001289844512939453, "176": 0.00012783706188201904, "177": 0.00011847913265228271, "178": 0.00011280179023742676, "179": 0.0001145675778388977, "180": 0.00011659413576126099, "181": 0.00011581927537918091, "182": 0.00011264532804489136, "183": 0.00011351704597473145, "184": 0.00010916590690612793, "185": 0.00011149048805236816, "186": 0.00011457502841949463, "187": 0.00011437386274337769, "188": 0.00011333078145980835, "189": 0.00011675059795379639, "190": 0.0001133158802986145, "191": 0.00010707229375839233, "192": 0.00010896474123001099, "193": 0.0001056864857673645, "194": 0.00010851770639419556, "195": 0.00010823830962181091, "196": 0.00011178851127624512, "197": 0.00011571869254112244, "198": 0.00011523813009262085, "199": 0.00010467320680618286, "200": 9.820610284805298e-05, "201": 0.00010036677122116089, "202": 0.0001001209020614624, "203": 9.132921695709229e-05, "204": 9.259581565856934e-05, "205": 9.657442569732666e-05, "206": 0.00010301917791366577, "207": 0.00011038035154342651, "208": 0.00011046230792999268, "209": 0.00011296570301055908, "210": 0.00011430308222770691, "211": 0.00012656673789024353, "212": 0.00012181326746940613, "213": 0.00011534616351127625, "214": 0.00012994930148124695, "215": 0.00014703348278999329, "216": 0.0001506507396697998, "217": 0.00013262778520584106, "218": 0.00013632699847221375, "219": 0.0001386590301990509, "220": 0.00013615936040878296, "221": 0.00014276057481765747, "222": 0.00014988332986831665, "223": 0.0001504942774772644, "224": 0.00012500211596488953, "225": 0.00011908635497093201, "226": 0.00011220201849937439, "227": 0.00012460723519325256, "228": 0.00014542415738105774, "229": 0.00016034767031669617, "230": 0.00021333247423171997, "231": 0.00020910799503326416, "232": 0.0002753324806690216, "233": 0.00018942728638648987, "234": 0.00011931732296943665, "235": 0.00010919943451881409, "236": 0.0002589374780654907, "237": 0.0007241591811180115, "238": 0.00024694204330444336, "239": 0.00020562484860420227, "240": 0.00014007091522216797, "241": 0.00011118873953819275, "242": 0.0001462288200855255, "243": 0.00010649114847183228, "244": 9.320303797721863e-05, "245": 6.651133298873901e-05, "246": 7.780641317367554e-05, "247": 9.53376293182373e-05, "248": 6.919354200363159e-05, "249": 5.8807432651519775e-05, "250": 7.942318916320801e-05, "251": 8.59573483467102e-05, "252": 6.53974711894989e-05, "253": 6.343051791191101e-05, "254": 8.03135335445404e-05, "255": 0.00011110305786132812, "256": 0.0001398809254169464, "257": 7.276982069015503e-05, "258": 6.090104579925537e-05, "259": 6.633996963500977e-05, "260": 7.146969437599182e-05, "261": 5.749613046646118e-05, "262": 4.314631223678589e-05, "263": 3.955140709877014e-05, "264": 3.125891089439392e-05, "265": 2.843514084815979e-05, "266": 3.472715616226196e-05,