{"0": 0.6931474208831787, "1": 0.4187909960746765, "2": 0.4186926484107971, "3": 0.4183814227581024, "4": 0.4179112911224365, "5": 0.4173240661621094, "6": 0.4166756868362427, "7": 0.4160394072532654, "8": 0.41542625427246094, "9": 0.4148543179035187, "10": 0.4143228530883789, "11": 0.41381552815437317, "12": 0.41332218050956726, "13": 0.412842720746994, "14": 0.41237080097198486, "15": 0.4119042754173279, "16": 0.4114495813846588, "17": 0.41099053621292114, "18": 0.4105284512042999, "19": 0.41006770730018616, "20": 0.4095709025859833, "21": 0.4090532064437866, "22": 0.4085175096988678, "23": 0.4079493284225464, "24": 0.40734702348709106, "25": 0.406715989112854, "26": 0.40605345368385315, "27": 0.4053627550601959, "28": 0.4046558439731598, "29": 0.4038725197315216, "30": 0.40300503373146057, "31": 0.4020836055278778, "32": 0.4010468125343323, "33": 0.39987796545028687, "34": 0.398568332195282, "35": 0.3971115052700043, "36": 0.39547422528266907, "37": 0.393690824508667, "38": 0.3917291760444641, "39": 0.3895704746246338, "40": 0.38724014163017273, "41": 0.3846779763698578, "42": 0.3818846344947815, "43": 0.37860631942749023, "44": 0.3748108148574829, "45": 0.3703158497810364, "46": 0.3675229847431183, "47": 0.36383160948753357, "48": 0.36049386858940125, "49": 0.35690516233444214, "50": 0.35350483655929565, "51": 0.3499658405780792, "52": 0.3467313349246979, "53": 0.3432601988315582, "54": 0.3400450348854065, "55": 0.33698228001594543, "56": 0.33351370692253113, "57": 0.3300040066242218, "58": 0.3271695673465729, "59": 0.32416611909866333, "60": 0.3213980495929718, "61": 0.3186074197292328, "62": 0.31597229838371277, "63": 0.31352123618125916, "64": 0.3108319342136383, "65": 0.30825576186180115, "66": 0.3054791986942291, "67": 0.30282700061798096, "68": 0.30028462409973145, "69": 0.2978728115558624, "70": 0.2955581545829773, "71": 0.29331791400909424, "72": 0.2910252809524536, "73": 0.28878340125083923, "74": 0.28684183955192566, "75": 0.2845885455608368, "76": 0.2824682593345642, "77": 0.28021472692489624, "78": 0.2781085669994354, "79": 0.27615034580230713, "80": 0.2742045223712921, "81": 0.27234718203544617, "82": 0.2705473303794861, "83": 0.2688610255718231, "84": 0.2670119106769562, "85": 0.265280544757843, "86": 0.2636233866214752, "87": 0.2618351876735687, "88": 0.26024478673934937, "89": 0.25845760107040405, "90": 0.2568337917327881, "91": 0.25524598360061646, "92": 0.25348398089408875, "93": 0.2517886161804199, "94": 0.25030773878097534, "95": 0.24865619838237762, "96": 0.24704471230506897, "97": 0.2455921471118927, "98": 0.2441173493862152, "99": 0.24272805452346802, "100": 0.24134263396263123, "101": 0.2399996519088745, "102": 0.23867836594581604, "103": 0.2371927946805954, "104": 0.2356019914150238, "105": 0.23433879017829895, "106": 0.23322820663452148, "107": 0.2319556027650833, "108": 0.23081324994564056, "109": 0.22966767847537994, "110": 0.2285366654396057, "111": 0.22747491300106049, "112": 0.2262708842754364, "113": 0.22522443532943726, "114": 0.22396846115589142, "115": 0.22273306548595428, "116": 0.22151102125644684, "117": 0.2201707512140274, "118": 0.21896488964557648, "119": 0.21783465147018433, "120": 0.21669355034828186, "121": 0.21548296511173248, "122": 0.21436436474323273, "123": 0.21330347657203674, "124": 0.21219050884246826, "125": 0.2111421525478363, "126": 0.2100919783115387, "127": 0.2090986967086792, "128": 0.20805884897708893, "129": 0.2070772349834442, "130": 0.20615825057029724, "131": 0.20520153641700745, "132": 0.20423191785812378, "133": 0.20326893031597137, "134": 0.20230720937252045, "135": 0.20144324004650116, "136": 0.20056846737861633, "137": 0.19967351853847504, "138": 0.1987716555595398, "139": 0.19785505533218384, "140": 0.1969568431377411, "141": 0.19620530307292938, "142": 0.19538667798042297, "143": 0.19456225633621216, "144": 0.1937660127878189, "145": 0.19294317066669464, "146": 0.19226166605949402, "147": 0.19153068959712982, "148": 0.1907728910446167, "149": 0.19016298651695251, "150": 0.18952146172523499, "151": 0.18884743750095367, "152": 0.18819871544837952, "153": 0.1875770390033722, "154": 0.1869373470544815, "155": 0.18625980615615845, "156": 0.18555425107479095, "157": 0.18487505614757538, "158": 0.18418242037296295, "159": 0.18354178965091705, "160": 0.18294918537139893, "161": 0.1823093146085739, "162": 0.18165406584739685, "163": 0.18097923696041107, "164": 0.18037620186805725, "165": 0.17980647087097168, "166": 0.17920780181884766, "167": 0.17857927083969116, "168": 0.1779869943857193, "169": 0.17738077044487, "170": 0.17682291567325592, "171": 0.17629100382328033, "172": 0.17574355006217957, "173": 0.17519448697566986, "174": 0.17463092505931854, "175": 0.1741589903831482, "176": 0.17363382875919342, "177": 0.17308224737644196, "178": 0.17257091403007507, "179": 0.17210079729557037, "180": 0.1715850532054901, "181": 0.17110949754714966, "182": 0.17063048481941223, "183": 0.1701490432024002, "184": 0.1697082221508026, "185": 0.16926775872707367, "186": 0.16887862980365753, "187": 0.16847367584705353, "188": 0.16806438565254211, "189": 0.16770395636558533, "190": 0.16732510924339294, "191": 0.16695058345794678, "192": 0.16659067571163177, "193": 0.16623589396476746, "194": 0.1658957600593567, "195": 0.16553956270217896, "196": 0.16520348191261292, "197": 0.1648993045091629, "198": 0.16459104418754578, "199": 0.16428540647029877, "200": 0.16398729383945465, "201": 0.16380226612091064, "202": 0.16361045837402344, "203": 0.16343073546886444, "204": 0.16324365139007568, "205": 0.1630694717168808, "206": 0.16287632286548615, "207": 0.16270922124385834, "208": 0.16254247725009918, "209": 0.16232933104038239, "210": 0.1621660590171814, "211": 0.1620042473077774, "212": 0.1618146002292633, "213": 0.16165262460708618, "214": 0.16148793697357178, "215": 0.16133460402488708, "216": 0.1611688733100891, "217": 0.161018505692482, "218": 0.1608431339263916, "219": 0.16069501638412476, "220": 0.16054192185401917, "221": 0.16037383675575256, "222": 0.16020530462265015, "223": 0.16003817319869995, "224": 0.15988118946552277, "225": 0.15974968671798706, "226": 0.15961819887161255, "227": 0.15946006774902344, "228": 0.15932433307170868, "229": 0.159190833568573, "230": 0.15901556611061096, "231": 0.15888650715351105, "232": 0.15875454246997833, "233": 0.15862807631492615, "234": 0.15849915146827698, "235": 0.15833349525928497, "236": 0.1581840217113495, "237": 0.1580301970243454, "238": 0.15791085362434387, "239": 0.15779322385787964, "240": 0.15767982602119446, "241": 0.15756581723690033, "242": 0.15745516121387482, "243": 0.15734493732452393, "244": 0.15723127126693726, "245": 0.15711988508701324, "246": 0.15701159834861755, "247": 0.15690238773822784, "248": 0.15676631033420563, "249": 0.15663699805736542, "250": 0.15649858117103577, "251": 0.15637636184692383, "252": 0.15627875924110413, "253": 0.15617680549621582, "254": 0.15607649087905884, "255": 0.1559663712978363, "256": 0.1558704525232315, "257": 0.15577402710914612, "258": 0.1556803584098816, "259": 0.15558810532093048, "260": 0.15549904108047485, "261": 0.1554143726825714, "262": 0.15531472861766815, "263": 0.1552405208349228, "264": 0.15516412258148193, "265": 0.15508830547332764, "266": 0.15502071380615234, "267": 0.1549524962902069, "268": 0.15488861501216888, "269": 0.15482714772224426, "270": 0.15476825833320618, "271": 0.15471331775188446, "272": 0.1546516716480255, "273": 0.15459875762462616, "274": 0.1545451283454895, "275": 0.15449567139148712, "276": 0.1544467806816101, "277": 0.15437579154968262, "278": 0.15432852506637573, "279": 0.15428262948989868, "280": 0.15423616766929626, "281": 0.1541922241449356, "282": 0.15413805842399597, "283": 0.15409453213214874, "284": 0.15405318140983582, "285": 0.15401223301887512, "286": 0.15396761894226074, "287": 0.15392756462097168, "288": 0.15387290716171265, "289": 0.1538349688053131, "290": 0.1537969708442688, "291": 0.1537456214427948, "292": 0.15370342135429382,