{"0": 0.6931474208831787, "1": 0.17141228914260864, "2": 0.17075324058532715, "3": 0.1690358817577362, "4": 0.16685274243354797, "5": 0.16427697241306305, "6": 0.16148759424686432, "7": 0.15871472656726837, "8": 0.15608727931976318, "9": 0.15371572971343994, "10": 0.15160813927650452, "11": 0.14973892271518707, "12": 0.1479559987783432, "13": 0.14627903699874878, "14": 0.14470461010932922, "15": 0.14323925971984863, "16": 0.14184613525867462, "17": 0.14050327241420746, "18": 0.13924378156661987, "19": 0.13806626200675964, "20": 0.13695329427719116, "21": 0.13587984442710876, "22": 0.1348627656698227, "23": 0.1338769793510437, "24": 0.1329173594713211, "25": 0.13196733593940735, "26": 0.13102422654628754, "27": 0.13008980453014374, "28": 0.12916727364063263, "29": 0.12824955582618713, "30": 0.127337247133255, "31": 0.12643298506736755, "32": 0.12553411722183228, "33": 0.12465153634548187, "34": 0.12380410730838776, "35": 0.12298467010259628, "36": 0.12217186391353607, "37": 0.1213630735874176, "38": 0.1205599382519722, "39": 0.11975915729999542, "40": 0.11896315217018127, "41": 0.11817294359207153, "42": 0.11738969385623932, "43": 0.11662270128726959, "44": 0.11588018387556076, "45": 0.11515668779611588, "46": 0.11443591117858887, "47": 0.11371319741010666, "48": 0.1129893958568573, "49": 0.11226674914360046, "50": 0.11154348403215408, "51": 0.11082786321640015, "52": 0.11012550443410873, "53": 0.10942697525024414, "54": 0.10874378681182861, "55": 0.10806243121623993, "56": 0.10738077014684677, "57": 0.10670044273138046, "58": 0.10603173077106476, "59": 0.10537384450435638, "60": 0.1047227680683136, "61": 0.10407423228025436, "62": 0.10342646390199661, "63": 0.10278385877609253, "64": 0.10213810205459595, "65": 0.10149101912975311, "66": 0.10084198415279388, "67": 0.10019813477993011, "68": 0.09957204014062881, "69": 0.09896042943000793, "70": 0.09837310016155243, "71": 0.0978129655122757, "72": 0.09725627303123474, "73": 0.09669992327690125, "74": 0.09614154696464539, "75": 0.0955810546875, "76": 0.09502754360437393, "77": 0.0944817066192627, "78": 0.09393744170665741, "79": 0.09339723736047745, "80": 0.0928737074136734, "81": 0.09236427396535873, "82": 0.09186631441116333, "83": 0.09136871993541718, "84": 0.09086643904447556, "85": 0.09036598354578018, "86": 0.08987182378768921, "87": 0.08940368890762329, "88": 0.0889473557472229, "89": 0.08849027007818222, "90": 0.08803833276033401, "91": 0.08759835362434387, "92": 0.08715659379959106, "93": 0.08671136945486069, "94": 0.0862710103392601, "95": 0.08584152162075043, "96": 0.08542066067457199, "97": 0.08500625193119049, "98": 0.08459815382957458, "99": 0.0841945931315422, "100": 0.08380790054798126, "101": 0.08342520892620087, "102": 0.08303699642419815, "103": 0.08264423906803131, "104": 0.08225172758102417, "105": 0.08185841888189316, "106": 0.0814673900604248, "107": 0.0810759887099266, "108": 0.08069642633199692, "109": 0.08033528178930283, "110": 0.07997997850179672, "111": 0.07962332665920258, "112": 0.07926741242408752, "113": 0.07890608161687851, "114": 0.07854892313480377, "115": 0.0781928151845932, "116": 0.07784590870141983, "117": 0.07750638574361801, "118": 0.07716861367225647, "119": 0.07683960348367691, "120": 0.07650820910930634, "121": 0.07617425918579102, "122": 0.07584080100059509, "123": 0.07551191747188568, "124": 0.07518673688173294, "125": 0.07486353814601898, "126": 0.0745539665222168, "127": 0.07426150143146515, "128": 0.07398160547018051, "129": 0.0737031027674675, "130": 0.0734332874417305, "131": 0.07317356765270233, "132": 0.07291840016841888, "133": 0.07266320288181305, "134": 0.07241033017635345, "135": 0.07215827703475952, "136": 0.07190892100334167, "137": 0.07166308164596558, "138": 0.07142552733421326, "139": 0.07118919491767883, "140": 0.07095383107662201, "141": 0.07071425020694733, "142": 0.07046788930892944, "143": 0.07021794468164444, "144": 0.0699758306145668, "145": 0.06975366920232773, "146": 0.06952971965074539, "147": 0.06931016594171524, "148": 0.06909260153770447, "149": 0.06887517869472504, "150": 0.06866923719644547, "151": 0.06846967339515686, "152": 0.0682753324508667, "153": 0.06808168441057205, "154": 0.06789229065179825, "155": 0.06769947707653046, "156": 0.06750355660915375, "157": 0.06730661541223526, "158": 0.0671139806509018, "159": 0.0669357106089592, "160": 0.06675944477319717, "161": 0.06658223271369934, "162": 0.0664052963256836, "163": 0.0662410780787468, "164": 0.06609126925468445, "165": 0.06594406068325043, "166": 0.06579669564962387, "167": 0.06565535068511963, "168": 0.06551581621170044, "169": 0.06537550687789917, "170": 0.06523212045431137, "171": 0.06509023904800415, "172": 0.06495609879493713, "173": 0.06482523679733276, "174": 0.06469810009002686, "175": 0.06456911563873291, "176": 0.06444127857685089, "177": 0.06432279944419861, "178": 0.06420999765396118, "179": 0.06409543007612228, "180": 0.06397883594036102, "181": 0.06386301666498184, "182": 0.06375037133693695, "183": 0.06363685429096222, "184": 0.06352768838405609, "185": 0.06341619789600372, "186": 0.06330162286758423, "187": 0.06318724900484085, "188": 0.06307391822338104, "189": 0.06295716762542725, "190": 0.06284385174512863, "191": 0.06273677945137024, "192": 0.06262781471014023, "193": 0.06252212822437286, "194": 0.06241361051797867, "195": 0.06230537220835686, "196": 0.06219358369708061, "197": 0.06207786500453949, "198": 0.06196262687444687, "199": 0.061857953667640686, "200": 0.06175974756479263, "201": 0.06165938079357147, "202": 0.06155925989151001, "203": 0.06146793067455292, "204": 0.06137533485889435, "205": 0.06127876043319702, "206": 0.061175741255283356, "207": 0.06106536090373993, "208": 0.060954898595809937, "209": 0.06084193289279938, "210": 0.06072762981057167, "211": 0.06060106307268143, "212": 0.06047924980521202, "213": 0.060363903641700745, "214": 0.0602339543402195, "215": 0.060086920857429504, "216": 0.059936270117759705, "217": 0.059803642332553864, "218": 0.05966731533408165, "219": 0.0595286563038826, "220": 0.059392496943473816, "221": 0.05924973636865616, "222": 0.05909985303878784, "223": 0.05894935876131058, "224": 0.05882435664534569, "225": 0.058705270290374756, "226": 0.05859306827187538, "227": 0.05846846103668213, "228": 0.05832303687930107, "229": 0.058162689208984375, "230": 0.057949356734752655, "231": 0.05774024873971939, "232": 0.05746491625905037, "233": 0.05727548897266388, "234": 0.05715617164969444, "235": 0.05704697221517563, "236": 0.05678803473711014, "237": 0.056063875555992126, "238": 0.05581693351268768, "239": 0.05561130866408348, "240": 0.05547123774886131, "241": 0.05536004900932312, "242": 0.055213820189237595, "243": 0.05510732904076576, "244": 0.055014126002788544, "245": 0.054947614669799805, "246": 0.05486980825662613, "247": 0.05477447062730789, "248": 0.05470527708530426, "249": 0.05464646965265274, "250": 0.05456704646348953, "251": 0.05448108911514282, "252": 0.05441569164395332, "253": 0.05435226112604141, "254": 0.05427194759249687, "255": 0.054160844534635544, "256": 0.0540209636092186, "257": 0.05394819378852844, "258": 0.05388729274272919, "259": 0.05382095277309418, "260": 0.053749483078718185, "261": 0.053691986948251724, "262": 0.05364884063601494, "263": 0.05360928922891617, "264": 0.053578030318021774, "265": 0.053549595177173615, "266": 0.05351486802101135, "267": 0.05346899479627609, "268": 0.05337156727910042, "269": 0.05334275960922241, "270": 0.05331306904554367, "271": 0.05328746885061264, "272": 0.05326085910201073, "273": 0.05324062332510948, "274": 0.053229883313179016, "275": 0.05322033911943436, "276": 0.053211841732263565, "277": 0.05320755019783974, "278": 0.053204551339149475, "279": 0.053200863301754, "280": 0.05319374427199364, "281": 0.05318593233823776, "282": 0.05317654833197594, "283": 0.053173650056123734, "284": 0.053153686225414276, "285": 0.05313727259635925, "286": 0.053123846650123596, "287": 0.053112175315618515, "288": 0.05310101807117462, "289": 0.05309130623936653,