{"0": 998.3068525791168, "1": 0.2868225574493408, "2": 8.800625801086426e-05, "3": 0.0002365410327911377, "4": 0.0003464818000793457, "5": 0.00043722987174987793, "6": 0.0004912316799163818, "7": 0.0005295276641845703, "8": 0.0005398988723754883, "9": 0.0005276501178741455, "10": 0.0005118250846862793, "11": 0.0004942715167999268, "12": 0.0004898011684417725, "13": 0.0005004405975341797, "14": 0.0005141496658325195, "15": 0.0005338788032531738, "16": 0.0005520880222320557, "17": 0.0005608797073364258, "18": 0.0005633533000946045, "19": 0.0005615055561065674, "20": 0.0005564689636230469, "21": 0.0005498528480529785, "22": 0.0005487799644470215, "23": 0.0005443096160888672, "24": 0.0005437135696411133, "25": 0.0005423426628112793, "26": 0.0005419552326202393, "27": 0.0005379915237426758, "28": 0.0005440115928649902, "29": 0.0005514323711395264, "30": 0.0005670487880706787, "31": 0.0005952417850494385, "32": 0.0006254315376281738, "33": 0.0006650090217590332, "34": 0.0007223188877105713, "35": 0.000788271427154541, "36": 0.0008574128150939941, "37": 0.0009621381759643555, "38": 0.0010621249675750732, "39": 0.0012312233448028564, "40": 0.001417994499206543, "41": 0.0016181468963623047, "42": 0.0017813146114349365, "43": 0.002061128616333008, "44": 0.001864016056060791, "45": 0.0021077394485473633, "46": 0.0021716058254241943, "47": 0.0017614662647247314, "48": 0.0020618438720703125, "49": 0.002127617597579956, "50": 0.002137899398803711, "51": 0.001982390880584717, "52": 0.0019936561584472656, "53": 0.001979261636734009, "54": 0.0019826889038085938, "55": 0.0019114017486572266, "56": 0.0018534362316131592, "57": 0.0020423531532287598, "58": 0.001971006393432617, "59": 0.0018733739852905273, "60": 0.0018505454063415527, "61": 0.001904606819152832, "62": 0.0018197596073150635, "63": 0.0019248723983764648, "64": 0.0018491148948669434, "65": 0.0018467307090759277, "66": 0.001773148775100708, "67": 0.0016955435276031494, "68": 0.0018409192562103271, "69": 0.0017156898975372314, "70": 0.001842111349105835, "71": 0.0016825497150421143, "72": 0.0018735229969024658, "73": 0.001660078763961792, "74": 0.0018261075019836426, "75": 0.0016638636589050293, "76": 0.0017606019973754883, "77": 0.001610398292541504, "78": 0.0016310513019561768, "79": 0.0015623271465301514, "80": 0.001577913761138916, "81": 0.0015236139297485352, "82": 0.0015472769737243652, "83": 0.0015038847923278809, "84": 0.0015184283256530762, "85": 0.0014568567276000977, "86": 0.0015127062797546387, "87": 0.0014033913612365723, "88": 0.0014622509479522705, "89": 0.0013616085052490234, "90": 0.0014355778694152832, "91": 0.0013395249843597412, "92": 0.0013928115367889404, "93": 0.0013105273246765137, "94": 0.0013686716556549072, "95": 0.0012645423412322998, "96": 0.001363605260848999, "97": 0.001256316900253296, "98": 0.0013335347175598145, "99": 0.0012235939502716064, "100": 0.0012663602828979492, "101": 0.0011921525001525879, "102": 0.001240551471710205, "103": 0.0011656582355499268, "104": 0.0012173652648925781, "105": 0.0011461079120635986, "106": 0.0011855661869049072, "107": 0.0011178255081176758, "108": 0.0011651217937469482, "109": 0.001095205545425415, "110": 0.0011309981346130371, "111": 0.0010564327239990234, "112": 0.0011047720909118652, "113": 0.0010308623313903809, "114": 0.0010867714881896973, "115": 0.001012265682220459, "116": 0.0010675787925720215, "117": 0.0009933114051818848, "118": 0.001045137643814087, "119": 0.0009737312793731689, "120": 0.0010334551334381104, "121": 0.0009609460830688477, "122": 0.0010173022747039795, "123": 0.0009410977363586426, "124": 0.0009860098361968994, "125": 0.0009262263774871826, "126": 0.0009672343730926514, "127": 0.0009119212627410889, "128": 0.0009458959102630615, "129": 0.0008978843688964844, "130": 0.0009234696626663208, "131": 0.0008893758058547974, "132": 0.000906035304069519, "133": 0.0008724629878997803, "134": 0.0008871406316757202, "135": 0.0008546262979507446, "136": 0.000862613320350647, "137": 0.0008363425731658936, "138": 0.0008268356323242188, "139": 0.0007653534412384033, "140": 0.0007646530866622925, "141": 0.0007467567920684814, "142": 0.0007536113262176514, "143": 0.00073222815990448, "144": 0.0007456541061401367, "145": 0.0007077604532241821, "146": 0.0007405728101730347, "147": 0.0006859153509140015, "148": 0.0007220059633255005, "149": 0.0006712824106216431, "150": 0.0007176399230957031, "151": 0.000653579831123352, "152": 0.0007003247737884521, "153": 0.0006386339664459229, "154": 0.0007056891918182373, "155": 0.0006281733512878418, "156": 0.0006673336029052734, "157": 0.0006128102540969849, "158": 0.0006353408098220825, "159": 0.0006047338247299194, "160": 0.0006123483180999756, "161": 0.0005978941917419434, "162": 0.0005861371755599976, "163": 0.0005811452865600586, "164": 0.000563502311706543, "165": 0.0005713999271392822, "166": 0.0005444735288619995, "167": 0.0005482733249664307, "168": 0.0005321204662322998, "169": 0.0005370378494262695, "170": 0.00052623450756073, "171": 0.0005173832178115845, "172": 0.000524669885635376, "173": 0.0005041807889938354, "174": 0.0005210041999816895, "175": 0.0004907697439193726, "176": 0.0005252212285995483, "177": 0.00047785043716430664, "178": 0.0005225837230682373, "179": 0.00046253204345703125, "180": 0.0004909932613372803, "181": 0.0004574805498123169, "182": 0.0004861205816268921, "183": 0.00044795870780944824, "184": 0.00046369433403015137, "185": 0.00043998658657073975, "186": 0.0004498511552810669, "187": 0.00044046342372894287, "188": 0.00043283402919769287, "189": 0.0004392266273498535, "190": 0.00042162835597991943, "191": 0.0004191100597381592, "192": 0.0004063248634338379, "193": 0.0004044175148010254, "194": 0.0003932267427444458, "195": 0.00039242208003997803, "196": 0.0003884434700012207, "197": 0.00038495659828186035, "198": 0.00038732588291168213, "199": 0.0003776252269744873, "200": 0.0003894716501235962, "201": 0.00036665797233581543, "202": 0.0003829151391983032, "203": 0.0003547370433807373, "204": 0.0003809034824371338, "205": 0.000342443585395813, "206": 0.0003697127103805542, "207": 0.0003371387720108032, "208": 0.00034151971340179443, "209": 0.00031691789627075195, "210": 0.0003158003091812134, "211": 0.0003122389316558838, "212": 0.00031481683254241943, "213": 0.0003097951412200928, "214": 0.0003131479024887085, "215": 0.00030954182147979736, "216": 0.0003078579902648926, "217": 0.00029958784580230713, "218": 0.00029619038105010986, "219": 0.00028768181800842285, "220": 0.0002898573875427246, "221": 0.00028005242347717285, "222": 0.00028561055660247803, "223": 0.0002764016389846802, "224": 0.0002833455801010132, "225": 0.0002720654010772705, "226": 0.0002775341272354126, "227": 0.0002671480178833008, "228": 0.0002643167972564697, "229": 0.0002603381872177124, "230": 0.0002578049898147583, "231": 0.0002542734146118164, "232": 0.00025244057178497314, "233": 0.0002464503049850464, "234": 0.0002447366714477539, "235": 0.00024059414863586426, "236": 0.0002403557300567627, "237": 0.00023536384105682373, "238": 0.00024227797985076904, "239": 0.00022795796394348145, "240": 0.00023493170738220215, "241": 0.0002228766679763794, "242": 0.00021949410438537598, "243": 0.0002206861972808838, "244": 0.00021795928478240967, "245": 0.00021463632583618164, "246": 0.00021345913410186768, "247": 0.00020682811737060547, "248": 0.00020992755889892578, "249": 0.00020623207092285156, "250": 0.00020806491374969482, "251": 0.0002047717571258545, "252": 0.00020760297775268555, "253": 0.0001958012580871582, "254": 0.00019411742687225342, "255": 0.0001894533634185791, "256": 0.00018744170665740967, "257": 0.00018912553787231445, "258": 0.0001833587884902954, "259": 0.00018163025379180908, "260": 0.00018112361431121826, "261": 0.00016839802265167236, "262": 0.00016438961029052734, "263": 0.0001627802848815918, "264": 0.0001624375581741333, "265": 0.00015501677989959717, "266": 0.00015722215175628662, "267": 0.00015063583850860596, "268": 0.00015445053577423096,