{"0": 998.3068525791168, "1": 0.500673919916153, "2": 0.0004921257495880127, "3": 0.0011954456567764282, "4": 0.001437067985534668, "5": 0.0015891492366790771, "6": 0.001652553677558899, "7": 0.0016577690839767456, "8": 0.0015846937894821167, "9": 0.0015250444412231445, "10": 0.0014892518520355225, "11": 0.0014247894287109375, "12": 0.0013590306043624878, "13": 0.0012813806533813477, "14": 0.0012056678533554077, "15": 0.0011660605669021606, "16": 0.0011276304721832275, "17": 0.0010764896869659424, "18": 0.0010222792625427246, "19": 0.0009760856628417969, "20": 0.0009535998106002808, "21": 0.0009312033653259277, "22": 0.0009080618619918823, "23": 0.0008752793073654175, "24": 0.000877678394317627, "25": 0.0008833557367324829, "26": 0.0008875280618667603, "27": 0.0008848309516906738, "28": 0.0008552521467208862, "29": 0.0008402615785598755, "30": 0.0008327960968017578, "31": 0.0008219778537750244, "32": 0.0008259713649749756, "33": 0.0008346438407897949, "34": 0.000845104455947876, "35": 0.0008532106876373291, "36": 0.0008510798215866089, "37": 0.0008429437875747681, "38": 0.000850379467010498, "39": 0.0008456259965896606, "40": 0.0008400976657867432, "41": 0.0008474886417388916, "42": 0.0008535832166671753, "43": 0.0008649230003356934, "44": 0.0008782744407653809, "45": 0.0008549392223358154, "46": 0.0008462518453598022, "47": 0.0008412003517150879, "48": 0.0008419603109359741, "49": 0.0008443593978881836, "50": 0.0008516758680343628, "51": 0.0008647441864013672, "52": 0.0008777976036071777, "53": 0.0008927881717681885, "54": 0.0008949041366577148, "55": 0.0008979588747024536, "56": 0.0009099245071411133, "57": 0.0009235888719558716, "58": 0.0009350031614303589, "59": 0.0009433478116989136, "60": 0.0009448379278182983, "61": 0.0009588003158569336, "62": 0.000964432954788208, "63": 0.0009721368551254272, "64": 0.0009748190641403198, "65": 0.0009583830833435059, "66": 0.0009661763906478882, "67": 0.0009717792272567749, "68": 0.0009758472442626953, "69": 0.0009760782122612, "70": 0.0009691119194030762, "71": 0.000966288149356842, "72": 0.0009546279907226562, "73": 0.0009344965219497681, "74": 0.0009075626730918884, "75": 0.0008942559361457825, "76": 0.0008761435747146606, "77": 0.0008566901087760925, "78": 0.0008345618844032288, "79": 0.0008144453167915344, "80": 0.0007998496294021606, "81": 0.0007859990000724792, "82": 0.0007692277431488037, "83": 0.0007532387971878052, "84": 0.0007400214672088623, "85": 0.0007222294807434082, "86": 0.0006987005472183228, "87": 0.0006844401359558105, "88": 0.0006714761257171631, "89": 0.0006579756736755371, "90": 0.0006453022360801697, "91": 0.0006393268704414368, "92": 0.0006276518106460571, "93": 0.0006166920065879822, "94": 0.0006025657057762146, "95": 0.0005938932299613953, "96": 0.0005832314491271973, "97": 0.0005724206566810608, "98": 0.0005629435181617737, "99": 0.0005533173680305481, "100": 0.0005468502640724182, "101": 0.0005383267998695374, "102": 0.0005322247743606567, "103": 0.0005267485976219177, "104": 0.0005198195576667786, "105": 0.0005058720707893372, "106": 0.000490821897983551, "107": 0.00048075616359710693, "108": 0.0004784911870956421, "109": 0.00047375261783599854, "110": 0.0004774555563926697, "111": 0.00047116726636886597, "112": 0.0004710853099822998, "113": 0.0004668682813644409, "114": 0.00046212226152420044, "115": 0.00045571476221084595, "116": 0.00045677274465560913, "117": 0.00045155733823776245, "118": 0.0004497617483139038, "119": 0.0004457831382751465, "120": 0.00044242292642593384, "121": 0.0004350915551185608, "122": 0.0004286542534828186, "123": 0.0004224255681037903, "124": 0.0004186481237411499, "125": 0.00040687620639801025, "126": 0.00039499998092651367, "127": 0.0003841221332550049, "128": 0.0003814622759819031, "129": 0.0003796219825744629, "130": 0.00037366151809692383, "131": 0.0003684684634208679, "132": 0.00036725401878356934, "133": 0.0003637969493865967, "134": 0.0003609657287597656, "135": 0.00035424530506134033, "136": 0.0003485828638076782, "137": 0.0003381296992301941, "138": 0.0003311261534690857, "139": 0.00032779574394226074, "140": 0.0003250241279602051, "141": 0.00033123791217803955, "142": 0.0003225952386856079, "143": 0.0003201290965080261, "144": 0.000314958393573761, "145": 0.00031047314405441284, "146": 0.00030463188886642456, "147": 0.00029899924993515015, "148": 0.0002950802445411682, "149": 0.0002932921051979065, "150": 0.0002892836928367615, "151": 0.00028518587350845337, "152": 0.0002816542983055115, "153": 0.0002812296152114868, "154": 0.0002778470516204834, "155": 0.0002744346857070923, "156": 0.0002698451280593872, "157": 0.0002637207508087158, "158": 0.00025694817304611206, "159": 0.0002513304352760315, "160": 0.0002492964267730713, "161": 0.0002489238977432251, "162": 0.00024805963039398193, "163": 0.0002477914094924927, "164": 0.000246681272983551, "165": 0.00024140626192092896, "166": 0.0002356991171836853, "167": 0.00023394078016281128, "168": 0.00023107975721359253, "169": 0.00022795051336288452, "170": 0.00022074580192565918, "171": 0.0002215951681137085, "172": 0.0002229437232017517, "173": 0.00022164732217788696, "174": 0.00023032724857330322, "175": 0.0002239122986793518, "176": 0.00022815167903900146, "177": 0.00024064630270004272, "178": 0.00023665279150009155, "179": 0.00022990256547927856, "180": 0.0002288818359375, "181": 0.00022839009761810303, "182": 0.00022681057453155518, "183": 0.00022449344396591187, "184": 0.00022437423467636108, "185": 0.0002236887812614441, "186": 0.00022057443857192993, "187": 0.00020106136798858643, "188": 0.0002029314637184143, "189": 0.00020127743482589722, "190": 0.00021369010210037231, "191": 0.0002048686146736145, "192": 0.00019694864749908447, "193": 0.00020739436149597168, "194": 0.00020360946655273438, "195": 0.00020259618759155273, "196": 0.0001998618245124817, "197": 0.00019744783639907837, "198": 0.00019845366477966309, "199": 0.00020003318786621094, "200": 0.000199049711227417, "201": 0.00019527971744537354, "202": 0.00019297003746032715, "203": 0.00019021332263946533, "204": 0.00018419325351715088, "205": 0.00018171966075897217, "206": 0.00018637627363204956, "207": 0.00017768889665603638, "208": 0.00017239153385162354, "209": 0.000172540545463562, "210": 0.00016993284225463867, "211": 0.00016589462757110596, "212": 0.0001597180962562561, "213": 0.00015511363744735718, "214": 0.00015391409397125244, "215": 0.00015532225370407104, "216": 0.00015160441398620605, "217": 0.00013875216245651245, "218": 0.0001404285430908203, "219": 0.00014218688011169434, "220": 0.00012855231761932373, "221": 0.0001207590103149414, "222": 0.000122949481010437, "223": 0.00012034177780151367, "224": 0.00013868510723114014, "225": 0.00013433396816253662, "226": 0.0001295134425163269, "227": 0.00013096630573272705, "228": 0.0001398026943206787, "229": 0.00013685226440429688, "230": 0.00013666599988937378, "231": 0.00013821572065353394, "232": 0.00013125687837600708, "233": 0.00013290345668792725, "234": 0.00013390183448791504, "235": 0.00012974441051483154, "236": 0.00012359023094177246, "237": 0.00012834370136260986, "238": 0.00012736022472381592, "239": 0.0001364573836326599, "240": 0.0001287013292312622, "241": 0.00012411922216415405, "242": 0.00012069940567016602, "243": 0.00011597573757171631, "244": 0.00011877715587615967, "245": 0.00011602044105529785, "246": 0.00011542439460754395, "247": 0.00011675804853439331, "248": 0.00011538714170455933, "249": 0.00011543184518814087, "250": 0.00011891871690750122, "251": 0.00011844933032989502, "252": 0.00011454522609710693, "253": 0.00011793524026870728, "254": 0.00012873858213424683, "255": 0.00013154000043869019, "256": 0.0001322813332080841, "257": 0.00014229491353034973, "258": 0.00016390159726142883, "259": 0.00018552318215370178, "260": 0.00019354373216629028, "261": 0.0001935139298439026, "262": 0.0002125948667526245, "263": 0.0002632513642311096, "264": 0.0002422630786895752, "265": 0.00022690743207931519, "266": 0.00026172399520874023,