{"0": 0.6931474208831787, "1": 0.30126145482063293, "2": 0.30032357573509216, "3": 0.29780787229537964, "4": 0.29421159625053406, "5": 0.28970974683761597, "6": 0.2847595810890198, "7": 0.2794076204299927, "8": 0.27501529455184937, "9": 0.27167803049087524, "10": 0.26870501041412354, "11": 0.26585620641708374, "12": 0.2628025412559509, "13": 0.25954973697662354, "14": 0.2561916708946228, "15": 0.2527623474597931, "16": 0.2491939514875412, "17": 0.24561764299869537, "18": 0.24257737398147583, "19": 0.23980097472667694, "20": 0.2370801568031311, "21": 0.23416803777217865, "22": 0.2313210815191269, "23": 0.2286350280046463, "24": 0.2260279357433319, "25": 0.22349253296852112, "26": 0.22091704607009888, "27": 0.218330979347229, "28": 0.2157677561044693, "29": 0.21334196627140045, "30": 0.2107866108417511, "31": 0.20821508765220642, "32": 0.20595195889472961, "33": 0.2036873698234558, "34": 0.20157280564308167, "35": 0.19938087463378906, "36": 0.19718992710113525, "37": 0.19503329694271088, "38": 0.19288966059684753, "39": 0.19077351689338684, "40": 0.18854674696922302, "41": 0.1863708645105362, "42": 0.18425655364990234, "43": 0.18212959170341492, "44": 0.18011879920959473, "45": 0.17835095524787903, "46": 0.17668089270591736, "47": 0.17497935891151428, "48": 0.17342448234558105, "49": 0.17179864645004272, "50": 0.17007328569889069, "51": 0.16831547021865845, "52": 0.16645342111587524, "53": 0.1646115630865097, "54": 0.1628524214029312, "55": 0.16102030873298645, "56": 0.15902751684188843, "57": 0.15699943900108337, "58": 0.1550692766904831, "59": 0.1533036231994629, "60": 0.15169912576675415, "61": 0.1500391662120819, "62": 0.14841091632843018, "63": 0.14676973223686218, "64": 0.14496758580207825, "65": 0.14309445023536682, "66": 0.14143843948841095, "67": 0.13993485271930695, "68": 0.13857698440551758, "69": 0.13733871281147003, "70": 0.13605806231498718, "71": 0.13472333550453186, "72": 0.1333005428314209, "73": 0.13171522319316864, "74": 0.13002809882164001, "75": 0.1284613460302353, "76": 0.12712493538856506, "77": 0.12606900930404663, "78": 0.1250625103712082, "79": 0.12400320172309875, "80": 0.12303701788187027, "81": 0.12213850021362305, "82": 0.12126754224300385, "83": 0.12035523355007172, "84": 0.11943460255861282, "85": 0.11847933381795883, "86": 0.11764709651470184, "87": 0.11680136620998383, "88": 0.1158551424741745, "89": 0.11483203619718552, "90": 0.11381736397743225, "91": 0.11288665235042572, "92": 0.11197617650032043, "93": 0.11117882281541824, "94": 0.11033777892589569, "95": 0.10943608731031418, "96": 0.1085582971572876, "97": 0.10788412392139435, "98": 0.10719652473926544, "99": 0.10644423216581345, "100": 0.10566335171461105, "101": 0.10482403635978699, "102": 0.1039624959230423, "103": 0.10300754755735397, "104": 0.10195866227149963, "105": 0.10080850124359131, "106": 0.09985312819480896, "107": 0.09916531294584274, "108": 0.09853889793157578, "109": 0.09786155819892883, "110": 0.09727625548839569, "111": 0.09670644998550415, "112": 0.0960836112499237, "113": 0.09540151059627533, "114": 0.09465855360031128, "115": 0.09396905452013016, "116": 0.093433678150177, "117": 0.0929788127541542, "118": 0.0925704687833786, "119": 0.0921616181731224, "120": 0.09173955768346786, "121": 0.09132568538188934, "122": 0.09086567163467407, "123": 0.090375155210495, "124": 0.08985947072505951, "125": 0.08930952847003937, "126": 0.08879974484443665, "127": 0.0883978083729744, "128": 0.08796656131744385, "129": 0.08757360279560089, "130": 0.08726122230291367, "131": 0.08691923320293427, "132": 0.08651311695575714, "133": 0.08618858456611633, "134": 0.08598653972148895, "135": 0.08571018278598785, "136": 0.08538644760847092, "137": 0.0849246233701706, "138": 0.08234380930662155, "139": 0.07800343632698059, "140": 0.07700864225625992, "141": 0.07602345943450928, "142": 0.07504000514745712, "143": 0.07439073920249939, "144": 0.07406651973724365, "145": 0.07241524010896683, "146": 0.07148580998182297, "147": 0.06943576037883759, "148": 0.06855501979589462, "149": 0.0677669569849968, "150": 0.06707611680030823, "151": 0.06639552116394043, "152": 0.06582249701023102, "153": 0.06555743515491486, "154": 0.06534652411937714, "155": 0.06518561393022537, "156": 0.06508147716522217, "157": 0.06493975967168808, "158": 0.06452132761478424, "159": 0.06380584090948105, "160": 0.06371968984603882, "161": 0.06368040293455124, "162": 0.063646100461483, "163": 0.06361657381057739, "164": 0.06359053403139114, "165": 0.06356719881296158, "166": 0.06354466080665588, "167": 0.06345219910144806, "168": 0.06336802989244461, "169": 0.06312732398509979, "170": 0.06282274425029755, "171": 0.06258787959814072, "172": 0.06237879768013954, "173": 0.062050461769104004, "174": 0.06159263104200363, "175": 0.061284326016902924, "176": 0.06101908162236214, "177": 0.06063877046108246, "178": 0.06029735878109932, "179": 0.060107454657554626, "180": 0.06009538099169731, "181": 0.06008704751729965, "182": 0.06008117273449898, "183": 0.060076989233493805, "184": 0.06007399410009384, "185": 0.060071639716625214, "186": 0.06006829813122749, "187": 0.06006532534956932, "188": 0.06006265804171562, "189": 0.06006091460585594, "190": 0.06005973368883133, "191": 0.06005815044045448, "192": 0.06005621701478958, "193": 0.060053981840610504, "194": 0.06005147099494934, "195": 0.06004845350980759, "196": 0.06004590541124344, "197": 0.06004364788532257, "198": 0.06004156917333603, "199": 0.060039568692445755, "200": 0.060037337243556976, "201": 0.060034800320863724, "202": 0.060031868517398834, "203": 0.060028523206710815, "204": 0.06002475321292877, "205": 0.060021206736564636, "206": 0.06001801788806915, "207": 0.060015156865119934, "208": 0.06001253426074982, "209": 0.06000104919075966, "210": 0.05994855612516403, "211": 0.05989646166563034, "212": 0.059846654534339905, "213": 0.0597962886095047, "214": 0.059749193489551544, "215": 0.05969921499490738, "216": 0.05965521186590195, "217": 0.05963340401649475, "218": 0.05963141471147537, "219": 0.059629589319229126, "220": 0.05962786823511124, "221": 0.05962624028325081, "222": 0.05962467938661575, "223": 0.059623196721076965, "224": 0.05962177366018295, "225": 0.05962042137980461, "226": 0.059619076550006866, "227": 0.059617895632982254, "228": 0.059616819024086, "229": 0.05961594730615616}