{"0": 998.3068525791168, "1": -0.21400588750839233, "2": 0.0026999711990356445, "3": 0.1507863998413086, "4": 0.09012496471405029, "5": 0.044181108474731445, "6": 0.02985626459121704, "7": 0.024193167686462402, "8": 0.020585954189300537, "9": 0.01798832416534424, "10": 0.016022801399230957, "11": 0.014431238174438477, "12": 0.013139903545379639, "13": 0.011883646249771118, "14": 0.010887771844863892, "15": 0.010100394487380981, "16": 0.009430468082427979, "17": 0.008828282356262207, "18": 0.008311659097671509, "19": 0.007821887731552124, "20": 0.007451236248016357, "21": 0.007171958684921265, "22": 0.006889134645462036, "23": 0.006591320037841797, "24": 0.006357967853546143, "25": 0.0061261653900146484, "26": 0.005914419889450073, "27": 0.00568804144859314, "28": 0.00552445650100708, "29": 0.0053088366985321045, "30": 0.005229920148849487, "31": 0.005077868700027466, "32": 0.004945576190948486, "33": 0.004822582006454468, "34": 0.0046922266483306885, "35": 0.004583597183227539, "36": 0.004458725452423096, "37": 0.0043344199657440186, "38": 0.004242748022079468, "39": 0.004144489765167236, "40": 0.0040450990200042725, "41": 0.003932327032089233, "42": 0.0038753151893615723, "43": 0.003781139850616455, "44": 0.0036882758140563965, "45": 0.0035980939865112305, "46": 0.0035113394260406494, "47": 0.003429591655731201, "48": 0.0033463239669799805, "49": 0.003259003162384033, "50": 0.003198593854904175, "51": 0.0031332075595855713, "52": 0.003060847520828247, "53": 0.002988874912261963, "54": 0.0029189586639404297, "55": 0.002852320671081543, "56": 0.002784937620162964, "57": 0.0027213692665100098, "58": 0.0026609301567077637, "59": 0.0026079267263412476, "60": 0.002553403377532959, "61": 0.0025011152029037476, "62": 0.0024546384811401367, "63": 0.002409219741821289, "64": 0.002363458275794983, "65": 0.002315819263458252, "66": 0.0022688955068588257, "67": 0.002224445343017578, "68": 0.0021760165691375732, "69": 0.0021337121725082397, "70": 0.002094462513923645, "71": 0.0020570307970046997, "72": 0.002022102475166321, "73": 0.001988336443901062, "74": 0.0019547343254089355, "75": 0.0019220560789108276, "76": 0.0018938034772872925, "77": 0.0018640756607055664, "78": 0.0018347054719924927, "79": 0.001808658242225647, "80": 0.0017828494310379028, "81": 0.001757502555847168, "82": 0.0017336159944534302, "83": 0.0017140954732894897, "84": 0.0016959309577941895, "85": 0.0016796588897705078, "86": 0.0016632229089736938, "87": 0.0016486197710037231, "88": 0.0016362369060516357, "89": 0.0016246438026428223, "90": 0.0016125589609146118, "91": 0.0016005486249923706, "92": 0.0015906095504760742, "93": 0.001580938696861267, "94": 0.001574292778968811, "95": 0.0015670359134674072, "96": 0.0015618056058883667, "97": 0.0015487223863601685, "98": 0.0015314072370529175, "99": 0.001520201563835144, "100": 0.001506611704826355, "101": 0.0014969855546951294, "102": 0.0014973878860473633, "103": 0.0015114545822143555, "104": 0.001522555947303772, "105": 0.0015326738357543945, "106": 0.001530379056930542, "107": 0.0015779286623001099, "108": 0.001578599214553833, "109": 0.001643165946006775, "110": 0.001543089747428894, "111": 0.0018902868032455444, "112": 0.0015976279973983765, "113": 0.001616165041923523, "114": 0.0016732662916183472, "115": 0.0016650855541229248, "116": 0.0016426295042037964, "117": 0.0016032606363296509, "118": 0.001551300287246704, "119": 0.0014843940734863281, "120": 0.001499667763710022, "121": 0.0014437437057495117, "122": 0.0014439225196838379, "123": 0.0015581101179122925, "124": 0.0016031414270401, "125": 0.000948980450630188, "126": 0.0011388510465621948, "127": 0.0011533498764038086, "128": 0.001209355890750885, "129": 0.0012287348508834839, "130": 0.0012051090598106384, "131": 0.0011876672506332397, "132": 0.0011687353253364563, "133": 0.0011477619409561157, "134": 0.001126028597354889, "135": 0.0011722147464752197, "136": 0.0013263821601867676, "137": 0.000866234302520752, "138": 0.0008817911148071289, "139": 0.0009458288550376892, "140": 0.000864468514919281, "141": 0.0009983927011489868, "142": 0.0009151846170425415, "143": 0.0009632706642150879, "144": 0.0009595751762390137, "145": 0.0009902268648147583, "146": 0.0009634867310523987, "147": 0.0009535104036331177, "148": 0.0009369403123855591, "149": 0.0007620751857757568, "150": 0.0008029118180274963, "151": 0.0008258521556854248, "152": 0.0007751882076263428, "153": 0.0008262544870376587, "154": 0.0007856190204620361, "155": 0.0008677244186401367, "156": 0.0008491948246955872, "157": 0.0008613839745521545, "158": 0.0008343756198883057, "159": 0.0007574856281280518, "160": 0.0007995516061782837, "161": 0.0006760209798812866, "162": 0.0007350072264671326, "163": 0.0006892532110214233, "164": 0.0007191374897956848, "165": 0.0007188916206359863, "166": 0.0007587224245071411, "167": 0.0007584691047668457, "168": 0.0007828325033187866, "169": 0.0007287561893463135, "170": 0.0007828325033187866, "171": 0.0006992518901824951, "172": 0.000728510320186615, "173": 0.0006309673190116882, "174": 0.0005910694599151611, "175": 0.0005689412355422974, "176": 0.0005837827920913696, "177": 0.0006205365061759949, "178": 0.0005983635783195496, "179": 0.0005783736705780029, "180": 0.0006231814622879028, "181": 0.0005557164549827576, "182": 0.0006267651915550232, "183": 0.0005154907703399658, "184": 0.000616513192653656, "185": 0.0005222633481025696, "186": 0.000576704740524292, "187": 0.0005106478929519653, "188": 0.0005553439259529114, "189": 0.0005306899547576904, "190": 0.0005049183964729309, "191": 0.0005237609148025513, "192": 0.0005019158124923706, "193": 0.0005417913198471069, "194": 0.0005204081535339355, "195": 0.0004825294017791748, "196": 0.0005069524049758911, "197": 0.00046166032552719116, "198": 0.00047847628593444824, "199": 0.0004481896758079529, "200": 0.0004699602723121643, "201": 0.0004250630736351013, "202": 0.0004498511552810669, "203": 0.00042970478534698486, "204": 0.00047241151332855225, "205": 0.00042325258255004883, "206": 0.0004530400037765503, "207": 0.00040596723556518555, "208": 0.0004792213439941406, "209": 0.0004198700189590454, "210": 0.000476643443107605, "211": 0.00042875856161117554, "212": 0.00045938044786453247, "213": 0.0004124157130718231, "214": 0.00046037137508392334, "215": 0.0003907345235347748, "216": 0.00045609474182128906, "217": 0.0003785379230976105, "218": 0.0004154890775680542, "219": 0.00035375356674194336, "220": 0.00041064992547035217, "221": 0.00035860762000083923, "222": 0.00043227896094322205, "223": 0.0003747604787349701, "224": 0.00039954110980033875, "225": 0.000390663743019104, "226": 0.00039755553007125854, "227": 0.000439964234828949, "228": 0.0003769993782043457, "229": 0.00038292258977890015, "230": 0.00036638230085372925, "231": 0.0003683939576148987, "232": 0.00037857890129089355, "233": 0.00031719356775283813, "234": 0.0004273951053619385, "235": 0.0003253556787967682, "236": 0.0004071183502674103, "237": 0.0003146454691886902, "238": 0.0004082806408405304, "239": 0.0003185980021953583, "240": 0.0003304481506347656, "241": 0.0003058500587940216, "242": 0.00036114826798439026, "243": 0.00032811984419822693, "244": 0.000345524400472641, "245": 0.00033395737409591675, "246": 0.0003240928053855896, "247": 0.00033924728631973267, "248": 0.0003123842179775238, "249": 0.0003247372806072235, "250": 0.00033955276012420654, "251": 0.00027698278427124023, "252": 0.00032765790820121765, "253": 0.0002544708549976349, "254": 0.00028432905673980713, "255": 0.00022740662097930908, "256": 0.00024102628231048584, "257": 0.000215969979763031, "258": 0.0002229250967502594, "259": 0.0002116672694683075, "260": 0.0002056024968624115, "261": 0.00021086260676383972, "262": 0.00017917156219482422, "263": 0.00020165741443634033, "264": 0.00017146393656730652, "265": 0.00020067021250724792, "266": 0.00019428879022598267, "267": 0.00017739832401275635, "268": 0.00020668655633926392, "269": 0.00018992647528648376, "270": 0.00020975619554519653, "271": 0.0001869387924671173,