{"0": 998.3068525791168, "1": -0.1807854175567627, "2": 0.003159046173095703, "3": 0.07577955722808838, "4": 0.06886935234069824, "5": 0.0515286922454834, "6": 0.040553152561187744, "7": 0.034119486808776855, "8": 0.02925783395767212, "9": 0.025460481643676758, "10": 0.02231752872467041, "11": 0.0191802978515625, "12": 0.017127156257629395, "13": 0.015497684478759766, "14": 0.013951629400253296, "15": 0.012751489877700806, "16": 0.011692285537719727, "17": 0.01089775562286377, "18": 0.01010596752166748, "19": 0.009499311447143555, "20": 0.00889432430267334, "21": 0.008349776268005371, "22": 0.007857978343963623, "23": 0.00741228461265564, "24": 0.007001042366027832, "25": 0.006642788648605347, "26": 0.006310164928436279, "27": 0.006004691123962402, "28": 0.005724668502807617, "29": 0.005467712879180908, "30": 0.005222797393798828, "31": 0.00500333309173584, "32": 0.004797786474227905, "33": 0.004609137773513794, "34": 0.0044321417808532715, "35": 0.004266083240509033, "36": 0.004108309745788574, "37": 0.00396120548248291, "38": 0.003824591636657715, "39": 0.003695458173751831, "40": 0.0035742223262786865, "41": 0.00345727801322937, "42": 0.003348618745803833, "43": 0.0032477378845214844, "44": 0.003150433301925659, "45": 0.0030585527420043945, "46": 0.0029672086238861084, "47": 0.00288429856300354, "48": 0.0028021037578582764, "49": 0.002727031707763672, "50": 0.0026550889015197754, "51": 0.0025843679904937744, "52": 0.002517104148864746, "53": 0.00245116651058197, "54": 0.0023826658725738525, "55": 0.002319425344467163, "56": 0.0022613704204559326, "57": 0.002204582095146179, "58": 0.0021507591009140015, "59": 0.002096027135848999, "60": 0.0020444542169570923, "61": 0.0019949525594711304, "62": 0.0019469112157821655, "63": 0.0019012689590454102, "64": 0.0018580853939056396, "65": 0.0018151402473449707, "66": 0.0017734020948410034, "67": 0.0017340034246444702, "68": 0.001693829894065857, "69": 0.001654013991355896, "70": 0.001617342233657837, "71": 0.0015827268362045288, "72": 0.0015483945608139038, "73": 0.0015108585357666016, "74": 0.0014744848012924194, "75": 0.0014431625604629517, "76": 0.0014132857322692871, "77": 0.0013825297355651855, "78": 0.001353427767753601, "79": 0.0013257414102554321, "80": 0.001299142837524414, "81": 0.001271560788154602, "82": 0.0012466013431549072, "83": 0.0012222975492477417, "84": 0.001198112964630127, "85": 0.0011730343103408813, "86": 0.001144707202911377, "87": 0.0011225193738937378, "88": 0.0011005997657775879, "89": 0.0010758042335510254, "90": 0.0010543614625930786, "91": 0.0010330229997634888, "92": 0.0010125041007995605, "93": 0.000992894172668457, "94": 0.0009745955467224121, "95": 0.000955924391746521, "96": 0.0009387284517288208, "97": 0.0009214580059051514, "98": 0.0009039640426635742, "99": 0.000885695219039917, "100": 0.0008693933486938477, "101": 0.000852733850479126, "102": 0.000837177038192749, "103": 0.000822216272354126, "104": 0.0008075088262557983, "105": 0.0007935613393783569, "106": 0.0007790327072143555, "107": 0.0007639825344085693, "108": 0.0007495284080505371, "109": 0.000736534595489502, "110": 0.0007235407829284668, "111": 0.0007113516330718994, "112": 0.0007006525993347168, "113": 0.0006895959377288818, "114": 0.0006798803806304932, "115": 0.0006693899631500244, "116": 0.0006589293479919434, "117": 0.0006490647792816162, "118": 0.0006391257047653198, "119": 0.0006307661533355713, "120": 0.0006230771541595459, "121": 0.00061778724193573, "122": 0.0006149113178253174, "123": 0.0006142407655715942, "124": 0.0006135702133178711, "125": 0.0006171315908432007, "126": 0.0006263405084609985, "127": 0.0006372630596160889, "128": 0.0006457418203353882, "129": 0.0006590187549591064, "130": 0.0006812214851379395, "131": 0.0007089823484420776, "132": 0.0007455796003341675, "133": 0.0007782876491546631, "134": 0.0008048266172409058, "135": 0.0008275359869003296, "136": 0.0008528232574462891, "137": 0.0009001195430755615, "138": 0.0009316205978393555, "139": 0.0009625256061553955, "140": 0.0009629577398300171, "141": 0.0010431855916976929, "142": 0.0011829137802124023, "143": 0.0008286237716674805, "144": 0.000916898250579834, "145": 0.0009437203407287598, "146": 0.0009652823209762573, "147": 0.000979885458946228, "148": 0.0009932368993759155, "149": 0.0009989142417907715, "150": 0.0010068267583847046, "151": 0.001005798578262329, "152": 0.000979393720626831, "153": 0.0010654181241989136, "154": 0.0008971244096755981, "155": 0.0007719844579696655, "156": 0.00083141028881073, "157": 0.0007520467042922974, "158": 0.000823974609375, "159": 0.0007706433534622192, "160": 0.0008175522089004517, "161": 0.0007674992084503174, "162": 0.0007936805486679077, "163": 0.0007330179214477539, "164": 0.0007272660732269287, "165": 0.0007258951663970947, "166": 0.0006427913904190063, "167": 0.0006460398435592651, "168": 0.0006221011281013489, "169": 0.0006336495280265808, "170": 0.0006231218576431274, "171": 0.0006414279341697693, "172": 0.0006182566285133362, "173": 0.0006252527236938477, "174": 0.0006210729479789734, "175": 0.0006437152624130249, "176": 0.000599689781665802, "177": 0.000586293637752533, "178": 0.0005435720086097717, "179": 0.000535815954208374, "180": 0.0005380362272262573, "181": 0.0005262047052383423, "182": 0.000543937087059021, "183": 0.0005309134721755981, "184": 0.0005401894450187683, "185": 0.0005400925874710083, "186": 0.0005407407879829407, "187": 0.0005828216671943665, "188": 0.0005244389176368713, "189": 0.0005218684673309326, "190": 0.0004777759313583374, "191": 0.0004889965057373047, "192": 0.00047229230403900146, "193": 0.000485442578792572, "194": 0.000488869845867157, "195": 0.0004976987838745117, "196": 0.0005059689283370972, "197": 0.0005028098821640015, "198": 0.000492393970489502, "199": 0.0005140528082847595, "200": 0.0004584565758705139, "201": 0.0004442930221557617, "202": 0.000418931245803833, "203": 0.00042591989040374756, "204": 0.00043044984340667725, "205": 0.0004362836480140686, "206": 0.00043310225009918213, "207": 0.000447787344455719, "208": 0.0004448443651199341, "209": 0.0004490464925765991, "210": 0.00042392313480377197, "211": 0.0004485324025154114, "212": 0.0003681853413581848, "213": 0.0003710240125656128, "214": 0.0003405362367630005, "215": 0.0003548264503479004, "216": 0.00034961849451065063, "217": 0.000359363853931427, "218": 0.0003719329833984375, "219": 0.00037623196840286255, "220": 0.0003609582781791687, "221": 0.00035231560468673706, "222": 0.00035209208726882935, "223": 0.0003492385149002075, "224": 0.00029778480529785156, "225": 0.0003014206886291504, "226": 0.0002945363521575928, "227": 0.00029148906469345093, "228": 0.00028903037309646606, "229": 0.00029650330543518066, "230": 0.00030484050512313843, "231": 0.00031016767024993896, "232": 0.00030769407749176025, "233": 0.0003232881426811218, "234": 0.0003113746643066406, "235": 0.0002708137035369873, "236": 0.0002518892288208008, "237": 0.00022576749324798584, "238": 0.00023536384105682373, "239": 0.00022105127573013306, "240": 0.0002468898892402649, "241": 0.00024287402629852295, "242": 0.0002535879611968994, "243": 0.00025391578674316406, "244": 0.0002441778779029846, "245": 0.0002525225281715393, "246": 0.0002485737204551697, "247": 0.000262431800365448, "248": 0.0001884251832962036, "249": 0.0002161562442779541, "250": 0.00021836906671524048, "251": 0.00022453069686889648, "252": 0.0002236887812614441, "253": 0.0002262890338897705, "254": 0.00022868067026138306, "255": 0.00022457540035247803, "256": 0.00021277368068695068, "257": 0.00020688772201538086, "258": 0.00022218376398086548, "259": 0.0002097785472869873, "260": 0.00016866624355316162, "261": 0.00017599761486053467, "262": 0.00018946826457977295, "263": 0.00021441280841827393, "264": 0.00020025670528411865, "265": 0.00019199401140213013, "266": 0.00019329041242599487, "267": 0.00017848610877990723, "268": 0.0001725032925605774, "269": 0.00018170475959777832, "270": 0.00015722960233688354, "271": 0.00013681501150131226,