{"0": 998.3068525791168, "1": -0.0006816387176513672, "2": 0.001317739486694336, "3": 0.1481146216392517, "4": 0.0630497932434082, "5": 0.02281329035758972, "6": 0.014831215143203735, "7": 0.012206465005874634, "8": 0.010559171438217163, "9": 0.00934833288192749, "10": 0.008245646953582764, "11": 0.00753098726272583, "12": 0.006847113370895386, "13": 0.006267130374908447, "14": 0.005790829658508301, "15": 0.0053827762603759766, "16": 0.005013167858123779, "17": 0.004698127508163452, "18": 0.004420667886734009, "19": 0.004186153411865234, "20": 0.003965407609939575, "21": 0.0037566721439361572, "22": 0.003588646650314331, "23": 0.003439396619796753, "24": 0.0032747387886047363, "25": 0.00317227840423584, "26": 0.0030459165573120117, "27": 0.0029312968254089355, "28": 0.0028409361839294434, "29": 0.0027308762073516846, "30": 0.002632707357406616, "31": 0.002566993236541748, "32": 0.0024907588958740234, "33": 0.0024202466011047363, "34": 0.002343595027923584, "35": 0.002293825149536133, "36": 0.002219587564468384, "37": 0.0021715164184570312, "38": 0.002108544111251831, "39": 0.0020480751991271973, "40": 0.0019903182983398438, "41": 0.001931697130203247, "42": 0.0018796920776367188, "43": 0.0018272101879119873, "44": 0.0017775893211364746, "45": 0.001728355884552002, "46": 0.0016768276691436768, "47": 0.0016301870346069336, "48": 0.0015894770622253418, "49": 0.0015457868576049805, "50": 0.0015003681182861328, "51": 0.0014542043209075928, "52": 0.0014210045337677002, "53": 0.0013815462589263916, "54": 0.0013426244258880615, "55": 0.0013072788715362549, "56": 0.0012729465961456299, "57": 0.001240760087966919, "58": 0.0012096166610717773, "59": 0.0011785626411437988, "60": 0.0011501610279083252, "61": 0.001123875379562378, "62": 0.0010961592197418213, "63": 0.00106889009475708, "64": 0.0010425448417663574, "65": 0.0010166168212890625, "66": 0.0009916722774505615, "67": 0.0009677708148956299, "68": 0.0009455978870391846, "69": 0.0009255111217498779, "70": 0.0009064376354217529, "71": 0.000887751579284668, "72": 0.0008684098720550537, "73": 0.0008489787578582764, "74": 0.0008296370506286621, "75": 0.0008103847503662109, "76": 0.0007912814617156982, "77": 0.0007739663124084473, "78": 0.0007572770118713379, "79": 0.0007415413856506348, "80": 0.0007262974977493286, "81": 0.0007115602493286133, "82": 0.0006976574659347534, "83": 0.0006838589906692505, "84": 0.0006704181432723999, "85": 0.0006566941738128662, "86": 0.0006434917449951172, "87": 0.0006304085254669189, "88": 0.0006178021430969238, "89": 0.0006062537431716919, "90": 0.0005954951047897339, "91": 0.0005851089954376221, "92": 0.0005759298801422119, "93": 0.0005676001310348511, "94": 0.000559493899345398, "95": 0.0005525201559066772, "96": 0.0005477368831634521, "97": 0.0005441904067993164, "98": 0.0005416572093963623, "99": 0.000539630651473999, "100": 0.0005406439304351807, "101": 0.0005430877208709717, "102": 0.0005474388599395752, "103": 0.0005583763122558594, "104": 0.0005719959735870361, "105": 0.0005907416343688965, "106": 0.0006172209978103638, "107": 0.000668063759803772, "108": 0.0007298439741134644, "109": 0.0007998049259185791, "110": 0.000929608941078186, "111": 0.001074478030204773, "112": 0.001405760645866394, "113": 0.0017959773540496826, "114": 0.0013970881700515747, "115": 0.0017421841621398926, "116": 0.0017680823802947998, "117": 0.0017639100551605225, "118": 0.0016291141510009766, "119": 0.0016859471797943115, "120": 0.001506611704826355, "121": 0.00159396231174469, "122": 0.001408413052558899, "123": 0.0013686567544937134, "124": 0.0015287995338439941, "125": 0.0013416111469268799, "126": 0.001455351710319519, "127": 0.0013494640588760376, "128": 0.0013996362686157227, "129": 0.0013149082660675049, "130": 0.0013694912195205688, "131": 0.0012946277856826782, "132": 0.0013134777545928955, "133": 0.0012647956609725952, "134": 0.001246631145477295, "135": 0.0012579411268234253, "136": 0.0012033134698867798, "137": 0.0011520236730575562, "138": 0.001222163438796997, "139": 0.001228824257850647, "140": 0.001203775405883789, "141": 0.0011744052171707153, "142": 0.001187250018119812, "143": 0.0011181086301803589, "144": 0.001202121376991272, "145": 0.0012022554874420166, "146": 0.0011955052614212036, "147": 0.0011349916458129883, "148": 0.0011307597160339355, "149": 0.0011136680841445923, "150": 0.0011086612939834595, "151": 0.0010531693696975708, "152": 0.001099422574043274, "153": 0.0010982006788253784, "154": 0.0010637491941452026, "155": 0.0009925365447998047, "156": 0.0011019408702850342, "157": 0.0011473745107650757, "158": 0.0010537952184677124, "159": 0.0009963959455490112, "160": 0.0010576099157333374, "161": 0.001009628176689148, "162": 0.0010078996419906616, "163": 0.0009816288948059082, "164": 0.0010150521993637085, "165": 0.000998169183731079, "166": 0.0009685754776000977, "167": 0.0009025931358337402, "168": 0.0009997934103012085, "169": 0.0009568929672241211, "170": 0.0009400546550750732, "171": 0.0009360760450363159, "172": 0.0009220093488693237, "173": 0.0008936077356338501, "174": 0.0008953660726547241, "175": 0.0008706152439117432, "176": 0.0009046196937561035, "177": 0.0008830428123474121, "178": 0.0008592158555984497, "179": 0.0008351951837539673, "180": 0.0008310973644256592, "181": 0.0007861703634262085, "182": 0.0008344501256942749, "183": 0.0007956027984619141, "184": 0.0008075535297393799, "185": 0.0007879287004470825, "186": 0.0007868856191635132, "187": 0.0007801651954650879, "188": 0.0007799267768859863, "189": 0.0007561147212982178, "190": 0.0007676780223846436, "191": 0.000742986798286438, "192": 0.000726059079170227, "193": 0.000708460807800293, "194": 0.0007043033838272095, "195": 0.0006841272115707397, "196": 0.0006967484951019287, "197": 0.0006694048643112183, "198": 0.0006894022226333618, "199": 0.0006583184003829956, "200": 0.0006757378578186035, "201": 0.000652015209197998, "202": 0.0006537288427352905, "203": 0.0006336569786071777, "204": 0.0006284117698669434, "205": 0.0006189346313476562, "206": 0.0006065815687179565, "207": 0.0005964040756225586, "208": 0.0005885511636734009, "209": 0.0005443617701530457, "210": 0.0006836503744125366, "211": 0.0005737394094467163, "212": 0.0005617812275886536, "213": 0.000642821192741394, "214": 0.0005995854735374451, "215": 0.0005950927734375, "216": 0.000582084059715271, "217": 0.000569559633731842, "218": 0.000574946403503418, "219": 0.0005613043904304504, "220": 0.00048067420721054077, "221": 0.0004669874906539917, "222": 0.0004982426762580872, "223": 0.00045693665742874146, "224": 0.0004592090845108032, "225": 0.00046566128730773926, "226": 0.0004596039652824402, "227": 0.000485055148601532, "228": 0.00042907148599624634, "229": 0.0004296526312828064, "230": 0.0004799365997314453, "231": 0.00047194957733154297, "232": 0.0004322528839111328, "233": 0.0004515424370765686, "234": 0.0004347264766693115, "235": 0.0003987327218055725, "236": 0.0003970712423324585, "237": 0.00039467960596084595, "238": 0.0004306808114051819, "239": 0.00039570778608322144, "240": 0.0004126355051994324, "241": 0.00039615482091903687, "242": 0.00040249526500701904, "243": 0.00039521604776382446, "244": 0.00039345771074295044, "245": 0.0004503503441810608, "246": 0.00037698447704315186, "247": 0.0003297179937362671, "248": 0.0003543347120285034, "249": 0.0003273189067840576, "250": 0.00032366812229156494, "251": 0.0004288703203201294, "252": 0.0003194659948348999, "253": 0.00032006949186325073, "254": 0.0003112107515335083, "255": 0.0003693029284477234, "256": 0.00031238794326782227, "257": 0.0003072470426559448, "258": 0.0003024190664291382, "259": 0.00034533441066741943, "260": 0.0002900063991546631, "261": 0.0002900063991546631, "262": 0.0002850666642189026, "263": 0.0002804696559906006, "264": 0.0002771839499473572, "265": 0.0003182739019393921, "266": 0.0002734661102294922, "267": 0.0002698376774787903, "268": 0.0002694949507713318, "269": 0.0002671852707862854, "270": 0.00026350468397140503, "271": 0.0003099888563156128,