{"ASDC": 0.00014677992676220703, "B_intermediate": 0.0021544346900318864, "B_memory": 0.0010000000000000002, "B_naive": 0.0006812920690579617, "CD14_Mono": 0.010000000000000004, "CD16_Mono": 0.0004641588833612784, "CD4_CTL": 0.0003162277660168384, "CD4_Naive": 0.0021544346900318864, "CD4_Proliferating": 0.0002154434690031884, "CD4_TCM": 0.0021544346900318864, "CD4_TEM": 0.0014677992676220707, "CD8_Naive": 0.0014677992676220707, "CD8_Proliferating": 0.0002154434690031884, "CD8_TCM": 0.010000000000000004, "CD8_TEM": 0.0021544346900318864, "Doublet": 0.0004641588833612784, "Eryth": 0.0003162277660168384, "HSPC": 0.0021544346900318864, "ILC": 0.0003162277660168384, "MAIT": 0.0021544346900318864, "NK": 0.0021544346900318864, "NK_CD56bright": 0.0006812920690579617, "NK_Proliferating": 0.0006812920690579617, "Plasmablast": 0.0006812920690579617, "Platelet": 0.003162277660168382, "Treg": 0.010000000000000004, "cDC1": 0.0003162277660168384, "cDC2": 0.0021544346900318864, "dnT": 0.0003162277660168384, "gdT": 0.0014677992676220707, "pDC": 0.0010000000000000002}